timestamp,window,key
2025-11-13 19:09:07.043,Windows PowerShell,[cmd]
2025-11-13 19:09:07.744,Search,t
2025-11-13 19:09:07.991,Search,a
2025-11-13 19:09:08.133,Search,s
2025-11-13 19:09:08.571,Search,k
2025-11-13 19:09:09.089,Search,[enter]
2025-11-13 19:09:28.682,Windows PowerShell,[cmd]
2025-11-13 19:09:29.124,Search,t
2025-11-13 19:09:30.488,Search,[enter]
2025-11-13 19:09:41.146,*dfghjkkkkkkkkkkkkkkkkkkkkkkkkkkkkkk - Notepad,f
2025-11-13 19:09:41.219,*dfghjkkkkkkkkkkkkkkkkkkkkkkkkkkkkkk - Notepad,g
2025-11-13 19:09:41.248,*dfghjkkkkkkkkkkkkkkkkkkkkkkkkkkkkkk - Notepad,h
2025-11-13 19:09:41.279,*dfghjkkkkkkkkkkkkkkkkkkkkkkkkkkkkkk - Notepad,j
2025-11-13 19:09:41.315,*dfghjkkkkkkkkkkkkkkkkkkkkkkkkkkkkkk - Notepad,k
2025-11-13 19:09:41.369,*dfghjkkkkkkkkkkkkkkkkkkkkkkkkkkkkkk - Notepad,m
2025-11-13 19:09:41.398,*dfghjkkkkkkkkkkkkkkkkkkkkkkkkkkkkkk - Notepad,n
2025-11-13 19:09:41.433,*dfghjkkkkkkkkkkkkkkkkkkkkkkkkkkkkkk - Notepad,b
2025-11-13 19:09:41.497,*dfghjkkkkkkkkkkkkkkkkkkkkkkkkkkkkkk - Notepad,g
2025-11-13 19:09:41.528,*dfghjkkkkkkkkkkkkkkkkkkkkkkkkkkkkkk - Notepad,h
2025-11-13 19:09:41.547,*dfghjkkkkkkkkkkkkkkkkkkkkkkkkkkkkkk - Notepad,y
2025-11-13 19:09:41.561,*dfghjkkkkkkkkkkkkkkkkkkkkkkkkkkkkkk - Notepad,u
2025-11-13 19:09:41.595,*dfghjkkkkkkkkkkkkkkkkkkkkkkkkkkkkkk - Notepad,i
2025-11-13 19:09:41.655,*dfghjkkkkkkkkkkkkkkkkkkkkkkkkkkkkkk - Notepad,k
2025-11-13 19:09:41.689,*dfghjkkkkkkkkkkkkkkkkkkkkkkkkkkkkkk - Notepad,j
2025-11-13 19:09:41.722,*dfghjkkkkkkkkkkkkkkkkkkkkkkkkkkkkkk - Notepad,n
2025-11-13 19:09:41.738,*dfghjkkkkkkkkkkkkkkkkkkkkkkkkkkkkkk - Notepad,b
2025-11-13 19:09:41.773,*dfghjkkkkkkkkkkkkkkkkkkkkkkkkkkkkkk - Notepad,v
2025-11-13 19:09:41.790,*dfghjkkkkkkkkkkkkkkkkkkkkkkkkkkkkkk - Notepad,g
2025-11-13 19:09:41.861,*dfghjkkkkkkkkkkkkkkkkkkkkkkkkkkkkkk - Notepad,y
2025-11-13 19:09:41.888,*dfghjkkkkkkkkkkkkkkkkkkkkkkkkkkkkkk - Notepad,u
2025-11-13 19:09:41.918,*dfghjkkkkkkkkkkkkkkkkkkkkkkkkkkkkkk - Notepad,i
2025-11-13 19:09:41.986,*dfghjkkkkkkkkkkkkkkkkkkkkkkkkkkkkkk - Notepad,k
2025-11-13 19:09:42.024,*dfghjkkkkkkkkkkkkkkkkkkkkkkkkkkkkkk - Notepad,j
2025-11-13 19:09:42.049,*dfghjkkkkkkkkkkkkkkkkkkkkkkkkkkkkkk - Notepad,n
2025-11-13 19:09:42.070,*dfghjkkkkkkkkkkkkkkkkkkkkkkkkkkkkkk - Notepad,b
2025-11-13 19:09:42.104,*dfghjkkkkkkkkkkkkkkkkkkkkkkkkkkkkkk - Notepad,g
2025-11-13 19:09:42.174,*dfghjkkkkkkkkkkkkkkkkkkkkkkkkkkkkkk - Notepad,t
2025-11-13 19:09:42.194,*dfghjkkkkkkkkkkkkkkkkkkkkkkkkkkkkkk - Notepad,y
2025-11-13 19:09:42.228,*dfghjkkkkkkkkkkkkkkkkkkkkkkkkkkkkkk - Notepad,u
2025-11-13 19:09:42.268,*dfghjkkkkkkkkkkkkkkkkkkkkkkkkkkkkkk - Notepad,i
2025-11-13 19:09:42.331,*dfghjkkkkkkkkkkkkkkkkkkkkkkkkkkkkkk - Notepad,k
2025-11-13 19:09:42.338,*dfghjkkkkkkkkkkkkkkkkkkkkkkkkkkkkkk - Notepad,j
2025-11-13 19:09:42.375,*dfghjkkkkkkkkkkkkkkkkkkkkkkkkkkkkkk - Notepad,h
2025-11-13 19:09:42.398,*dfghjkkkkkkkkkkkkkkkkkkkkkkkkkkkkkk - Notepad,b
2025-11-13 19:09:42.419,*dfghjkkkkkkkkkkkkkkkkkkkkkkkkkkkkkk - Notepad,g
2025-11-13 19:09:42.489,*dfghjkkkkkkkkkkkkkkkkkkkkkkkkkkkkkk - Notepad,t
2025-11-13 19:09:42.508,*dfghjkkkkkkkkkkkkkkkkkkkkkkkkkkkkkk - Notepad,y
2025-11-13 19:09:42.539,*dfghjkkkkkkkkkkkkkkkkkkkkkkkkkkkkkk - Notepad,u
2025-11-13 19:09:42.565,*dfghjkkkkkkkkkkkkkkkkkkkkkkkkkkkkkk - Notepad,i
2025-11-13 19:09:42.606,*dfghjkkkkkkkkkkkkkkkkkkkkkkkkkkkkkk - Notepad,o
2025-11-13 19:09:42.639,*dfghjkkkkkkkkkkkkkkkkkkkkkkkkkkkkkk - Notepad,k
2025-11-13 19:09:42.673,*dfghjkkkkkkkkkkkkkkkkkkkkkkkkkkkkkk - Notepad,j
2025-11-13 19:09:42.696,*dfghjkkkkkkkkkkkkkkkkkkkkkkkkkkkkkk - Notepad,n
2025-11-13 19:09:42.713,*dfghjkkkkkkkkkkkkkkkkkkkkkkkkkkkkkk - Notepad,b
2025-11-13 19:09:42.750,*dfghjkkkkkkkkkkkkkkkkkkkkkkkkkkkkkk - Notepad,v
2025-11-13 19:09:42.764,*dfghjkkkkkkkkkkkkkkkkkkkkkkkkkkkkkk - Notepad,g
2025-11-13 19:09:42.822,*dfghjkkkkkkkkkkkkkkkkkkkkkkkkkkkkkk - Notepad,t
2025-11-13 19:09:42.835,*dfghjkkkkkkkkkkkkkkkkkkkkkkkkkkkkkk - Notepad,y
2025-11-13 19:09:42.862,*dfghjkkkkkkkkkkkkkkkkkkkkkkkkkkkkkk - Notepad,u
2025-11-13 19:09:42.892,*dfghjkkkkkkkkkkkkkkkkkkkkkkkkkkkkkk - Notepad,i
2025-11-13 19:09:42.929,*dfghjkkkkkkkkkkkkkkkkkkkkkkkkkkkkkk - Notepad,o
2025-11-13 19:09:42.973,*dfghjkkkkkkkkkkkkkkkkkkkkkkkkkkkkkk - Notepad,k
2025-11-13 19:09:42.996,*dfghjkkkkkkkkkkkkkkkkkkkkkkkkkkkkkk - Notepad,j
2025-11-13 19:09:43.021,*dfghjkkkkkkkkkkkkkkkkkkkkkkkkkkkkkk - Notepad,n
2025-11-13 19:09:43.034,*dfghjkkkkkkkkkkkkkkkkkkkkkkkkkkkkkk - Notepad,b
2025-11-13 19:09:43.068,*dfghjkkkkkkkkkkkkkkkkkkkkkkkkkkkkkk - Notepad,v
2025-11-13 19:09:43.108,*dfghjkkkkkkkkkkkkkkkkkkkkkkkkkkkkkk - Notepad,g
2025-11-13 19:09:43.165,*dfghjkkkkkkkkkkkkkkkkkkkkkkkkkkkkkk - Notepad,y
2025-11-13 19:09:43.188,*dfghjkkkkkkkkkkkkkkkkkkkkkkkkkkkkkk - Notepad,u
2025-11-13 19:09:43.218,*dfghjkkkkkkkkkkkkkkkkkkkkkkkkkkkkkk - Notepad,i
2025-11-13 19:09:43.258,*dfghjkkkkkkkkkkkkkkkkkkkkkkkkkkkkkk - Notepad,k
2025-11-13 19:09:43.300,*dfghjkkkkkkkkkkkkkkkkkkkkkkkkkkkkkk - Notepad,j
2025-11-13 19:09:43.330,*dfghjkkkkkkkkkkkkkkkkkkkkkkkkkkkkkk - Notepad,n
2025-11-13 19:09:43.340,*dfghjkkkkkkkkkkkkkkkkkkkkkkkkkkkkkk - Notepad,h
2025-11-13 19:09:43.354,*dfghjkkkkkkkkkkkkkkkkkkkkkkkkkkkkkk - Notepad,b
2025-11-13 19:09:43.381,*dfghjkkkkkkkkkkkkkkkkkkkkkkkkkkkkkk - Notepad,g
2025-11-13 19:09:43.481,*dfghjkkkkkkkkkkkkkkkkkkkkkkkkkkkkkk - Notepad,y
2025-11-13 19:09:43.508,*dfghjkkkkkkkkkkkkkkkkkkkkkkkkkkkkkk - Notepad,u
2025-11-13 19:09:43.551,*dfghjkkkkkkkkkkkkkkkkkkkkkkkkkkkkkk - Notepad,i
2025-11-13 19:09:43.582,*dfghjkkkkkkkkkkkkkkkkkkkkkkkkkkkkkk - Notepad,j
2025-11-13 19:09:43.625,*dfghjkkkkkkkkkkkkkkkkkkkkkkkkkkkkkk - Notepad,n
2025-11-13 19:09:43.635,*dfghjkkkkkkkkkkkkkkkkkkkkkkkkkkkkkk - Notepad,b
2025-11-13 19:09:43.662,*dfghjkkkkkkkkkkkkkkkkkkkkkkkkkkkkkk - Notepad,v
2025-11-13 19:09:43.693,*dfghjkkkkkkkkkkkkkkkkkkkkkkkkkkkkkk - Notepad,c
2025-11-13 19:09:43.716,*dfghjkkkkkkkkkkkkkkkkkkkkkkkkkkkkkk - Notepad,f
2025-11-13 19:09:43.733,*dfghjkkkkkkkkkkkkkkkkkkkkkkkkkkkkkk - Notepad,d
2025-11-13 19:09:43.768,*dfghjkkkkkkkkkkkkkkkkkkkkkkkkkkkkkk - Notepad,r
2025-11-13 19:09:43.787,*dfghjkkkkkkkkkkkkkkkkkkkkkkkkkkkkkk - Notepad,t
2025-11-13 19:09:43.813,*dfghjkkkkkkkkkkkkkkkkkkkkkkkkkkkkkk - Notepad,y
2025-11-13 19:09:43.845,*dfghjkkkkkkkkkkkkkkkkkkkkkkkkkkkkkk - Notepad,u
2025-11-13 19:09:43.901,*dfghjkkkkkkkkkkkkkkkkkkkkkkkkkkkkkk - Notepad,j
2025-11-13 19:09:43.944,*dfghjkkkkkkkkkkkkkkkkkkkkkkkkkkkkkk - Notepad,n
2025-11-13 19:09:43.964,*dfghjkkkkkkkkkkkkkkkkkkkkkkkkkkkkkk - Notepad,b
2025-11-13 19:09:44.001,*dfghjkkkkkkkkkkkkkkkkkkkkkkkkkkkkkk - Notepad,v
2025-11-13 19:09:44.041,*dfghjkkkkkkkkkkkkkkkkkkkkkkkkkkkkkk - Notepad,c
2025-11-13 19:09:44.075,*dfghjkkkkkkkkkkkkkkkkkkkkkkkkkkkkkk - Notepad,f
2025-11-13 19:09:44.112,*dfghjkkkkkkkkkkkkkkkkkkkkkkkkkkkkkk - Notepad,g
2025-11-13 19:09:44.119,*dfghjkkkkkkkkkkkkkkkkkkkkkkkkkkkkkk - Notepad,t
2025-11-13 19:09:44.136,*dfghjkkkkkkkkkkkkkkkkkkkkkkkkkkkkkk - Notepad,y
2025-11-13 19:09:44.160,*dfghjkkkkkkkkkkkkkkkkkkkkkkkkkkkkkk - Notepad,u
2025-11-13 19:09:44.193,*dfghjkkkkkkkkkkkkkkkkkkkkkkkkkkkkkk - Notepad,i
2025-11-13 19:09:44.230,*dfghjkkkkkkkkkkkkkkkkkkkkkkkkkkkkkk - Notepad,k
2025-11-13 19:09:44.243,*dfghjkkkkkkkkkkkkkkkkkkkkkkkkkkkkkk - Notepad,j
2025-11-13 19:09:44.284,*dfghjkkkkkkkkkkkkkkkkkkkkkkkkkkkkkk - Notepad,n
2025-11-13 19:09:44.304,*dfghjkkkkkkkkkkkkkkkkkkkkkkkkkkkkkk - Notepad,b
2025-11-13 19:09:44.341,*dfghjkkkkkkkkkkkkkkkkkkkkkkkkkkkkkk - Notepad,v
2025-11-13 19:09:44.392,*dfghjkkkkkkkkkkkkkkkkkkkkkkkkkkkkkk - Notepad,g
2025-11-13 19:09:44.448,*dfghjkkkkkkkkkkkkkkkkkkkkkkkkkkkkkk - Notepad,y
2025-11-13 19:09:44.470,*dfghjkkkkkkkkkkkkkkkkkkkkkkkkkkkkkk - Notepad,u
2025-11-13 19:09:44.508,*dfghjkkkkkkkkkkkkkkkkkkkkkkkkkkkkkk - Notepad,i
2025-11-13 19:09:44.544,*dfghjkkkkkkkkkkkkkkkkkkkkkkkkkkkkkk - Notepad,j
2025-11-13 19:09:44.548,*dfghjkkkkkkkkkkkkkkkkkkkkkkkkkkkkkk - Notepad,k
2025-11-13 19:09:44.594,*dfghjkkkkkkkkkkkkkkkkkkkkkkkkkkkkkk - Notepad,n
2025-11-13 19:09:44.621,*dfghjkkkkkkkkkkkkkkkkkkkkkkkkkkkkkk - Notepad,b
2025-11-13 19:09:44.698,*dfghjkkkkkkkkkkkkkkkkkkkkkkkkkkkkkk - Notepad,g
2025-11-13 19:09:44.715,*dfghjkkkkkkkkkkkkkkkkkkkkkkkkkkkkkk - Notepad,h
2025-11-13 19:09:44.771,*dfghjkkkkkkkkkkkkkkkkkkkkkkkkkkkkkk - Notepad,j
2025-11-13 19:09:44.834,*dfghjkkkkkkkkkkkkkkkkkkkkkkkkkkkkkk - Notepad,k
2025-11-13 19:09:44.891,*dfghjkkkkkkkkkkkkkkkkkkkkkkkkkkkkkk - Notepad,n
2025-11-13 19:09:44.917,*dfghjkkkkkkkkkkkkkkkkkkkkkkkkkkkkkk - Notepad,b
2025-11-13 19:09:44.954,*dfghjkkkkkkkkkkkkkkkkkkkkkkkkkkkkkk - Notepad,v
2025-11-13 19:09:45.014,*dfghjkkkkkkkkkkkkkkkkkkkkkkkkkkkkkk - Notepad,f
2025-11-13 19:09:45.078,*dfghjkkkkkkkkkkkkkkkkkkkkkkkkkkkkkk - Notepad,t
2025-11-13 19:09:45.096,*dfghjkkkkkkkkkkkkkkkkkkkkkkkkkkkkkk - Notepad,y
2025-11-13 19:09:45.130,*dfghjkkkkkkkkkkkkkkkkkkkkkkkkkkkkkk - Notepad,u
2025-11-13 19:09:45.190,*dfghjkkkkkkkkkkkkkkkkkkkkkkkkkkkkkk - Notepad,j
2025-11-13 19:09:45.261,*dfghjkkkkkkkkkkkkkkkkkkkkkkkkkkkkkk - Notepad,n
2025-11-13 19:09:45.287,*dfghjkkkkkkkkkkkkkkkkkkkkkkkkkkkkkk - Notepad,b
2025-11-13 19:09:45.328,*dfghjkkkkkkkkkkkkkkkkkkkkkkkkkkkkkk - Notepad,v
2025-11-13 19:09:45.375,*dfghjkkkkkkkkkkkkkkkkkkkkkkkkkkkkkk - Notepad,c
2025-11-13 19:09:45.397,*dfghjkkkkkkkkkkkkkkkkkkkkkkkkkkkkkk - Notepad,f
2025-11-13 19:09:45.471,*dfghjkkkkkkkkkkkkkkkkkkkkkkkkkkkkkk - Notepad,t
2025-11-13 19:09:45.497,*dfghjkkkkkkkkkkkkkkkkkkkkkkkkkkkkkk - Notepad,y
2025-11-13 19:09:45.537,*dfghjkkkkkkkkkkkkkkkkkkkkkkkkkkkkkk - Notepad,u
2025-11-13 19:09:45.620,*dfghjkkkkkkkkkkkkkkkkkkkkkkkkkkkkkk - Notepad,j
2025-11-13 19:09:45.690,*dfghjkkkkkkkkkkkkkkkkkkkkkkkkkkkkkk - Notepad,n
2025-11-13 19:09:45.723,*dfghjkkkkkkkkkkkkkkkkkkkkkkkkkkkkkk - Notepad,b
2025-11-13 19:09:45.766,*dfghjkkkkkkkkkkkkkkkkkkkkkkkkkkkkkk - Notepad,v
2025-11-13 19:09:45.813,*dfghjkkkkkkkkkkkkkkkkkkkkkkkkkkkkkk - Notepad,f
2025-11-13 19:09:45.903,*dfghjkkkkkkkkkkkkkkkkkkkkkkkkkkkkkk - Notepad,t
2025-11-13 19:09:45.939,*dfghjkkkkkkkkkkkkkkkkkkkkkkkkkkkkkk - Notepad,y
2025-11-13 19:09:45.983,*dfghjkkkkkkkkkkkkkkkkkkkkkkkkkkkkkk - Notepad,u
2025-11-13 19:09:46.033,*dfghjkkkkkkkkkkkkkkkkkkkkkkkkkkkkkk - Notepad,j
2025-11-13 19:09:46.092,*dfghjkkkkkkkkkkkkkkkkkkkkkkkkkkkkkk - Notepad,h
2025-11-13 19:09:46.116,*dfghjkkkkkkkkkkkkkkkkkkkkkkkkkkkkkk - Notepad,b
2025-11-13 19:09:46.157,*dfghjkkkkkkkkkkkkkkkkkkkkkkkkkkkkkk - Notepad,v
2025-11-13 19:09:46.811,*dfghjkkkkkkkkkkkkkkkkkkkkkkkkkkkkkk - Notepad,[shift]
2025-11-13 19:09:47.002,*dfghjkkkkkkkkkkkkkkkkkkkkkkkkkkkkkk - Notepad,@
2025-11-13 19:09:47.503,*dfghjkkkkkkkkkkkkkkkkkkkkkkkkkkkkkk - Notepad,@
2025-11-13 19:09:47.536,*dfghjkkkkkkkkkkkkkkkkkkkkkkkkkkkkkk - Notepad,@
2025-11-13 19:09:47.570,*dfghjkkkkkkkkkkkkkkkkkkkkkkkkkkkkkk - Notepad,@
2025-11-13 19:09:47.604,*dfghjkkkkkkkkkkkkkkkkkkkkkkkkkkkkkk - Notepad,@
2025-11-13 19:09:47.637,*dfghjkkkkkkkkkkkkkkkkkkkkkkkkkkkkkk - Notepad,@
2025-11-13 19:09:47.670,*dfghjkkkkkkkkkkkkkkkkkkkkkkkkkkkkkk - Notepad,@
2025-11-13 19:09:47.703,*dfghjkkkkkkkkkkkkkkkkkkkkkkkkkkkkkk - Notepad,@
2025-11-13 19:09:47.737,*dfghjkkkkkkkkkkkkkkkkkkkkkkkkkkkkkk - Notepad,@
2025-11-13 19:09:47.770,*dfghjkkkkkkkkkkkkkkkkkkkkkkkkkkkkkk - Notepad,@
2025-11-13 19:09:47.804,*dfghjkkkkkkkkkkkkkkkkkkkkkkkkkkkkkk - Notepad,@
2025-11-13 19:09:47.837,*dfghjkkkkkkkkkkkkkkkkkkkkkkkkkkkkkk - Notepad,@
2025-11-13 19:09:47.871,*dfghjkkkkkkkkkkkkkkkkkkkkkkkkkkkkkk - Notepad,@
2025-11-13 19:09:47.904,*dfghjkkkkkkkkkkkkkkkkkkkkkkkkkkkkkk - Notepad,@
2025-11-13 19:09:47.938,*dfghjkkkkkkkkkkkkkkkkkkkkkkkkkkkkkk - Notepad,@
2025-11-13 19:09:47.972,*dfghjkkkkkkkkkkkkkkkkkkkkkkkkkkkkkk - Notepad,@
2025-11-13 19:09:48.005,*dfghjkkkkkkkkkkkkkkkkkkkkkkkkkkkkkk - Notepad,@
2025-11-13 19:09:48.038,*dfghjkkkkkkkkkkkkkkkkkkkkkkkkkkkkkk - Notepad,@
2025-11-13 19:09:48.071,*dfghjkkkkkkkkkkkkkkkkkkkkkkkkkkkkkk - Notepad,@
2025-11-13 19:09:48.104,*dfghjkkkkkkkkkkkkkkkkkkkkkkkkkkkkkk - Notepad,@
2025-11-13 19:09:48.138,*dfghjkkkkkkkkkkkkkkkkkkkkkkkkkkkkkk - Notepad,@
2025-11-13 19:09:48.172,*dfghjkkkkkkkkkkkkkkkkkkkkkkkkkkkkkk - Notepad,@
2025-11-13 19:09:48.205,*dfghjkkkkkkkkkkkkkkkkkkkkkkkkkkkkkk - Notepad,@
2025-11-13 19:09:48.238,*dfghjkkkkkkkkkkkkkkkkkkkkkkkkkkkkkk - Notepad,@
2025-11-13 19:09:48.271,*dfghjkkkkkkkkkkkkkkkkkkkkkkkkkkkkkk - Notepad,@
2025-11-13 19:09:48.304,*dfghjkkkkkkkkkkkkkkkkkkkkkkkkkkkkkk - Notepad,@
2025-11-13 19:09:48.338,*dfghjkkkkkkkkkkkkkkkkkkkkkkkkkkkkkk - Notepad,@
2025-11-13 19:09:48.371,*dfghjkkkkkkkkkkkkkkkkkkkkkkkkkkkkkk - Notepad,@
2025-11-13 19:09:48.404,*dfghjkkkkkkkkkkkkkkkkkkkkkkkkkkkkkk - Notepad,@
2025-11-13 19:09:48.438,*dfghjkkkkkkkkkkkkkkkkkkkkkkkkkkkkkk - Notepad,@
2025-11-13 19:09:48.471,*dfghjkkkkkkkkkkkkkkkkkkkkkkkkkkkkkk - Notepad,@
2025-11-13 19:09:48.505,*dfghjkkkkkkkkkkkkkkkkkkkkkkkkkkkkkk - Notepad,@
2025-11-13 19:09:48.539,*dfghjkkkkkkkkkkkkkkkkkkkkkkkkkkkkkk - Notepad,@
2025-11-13 19:09:48.572,*dfghjkkkkkkkkkkkkkkkkkkkkkkkkkkkkkk - Notepad,@
2025-11-13 19:09:48.605,*dfghjkkkkkkkkkkkkkkkkkkkkkkkkkkkkkk - Notepad,@
2025-11-13 19:09:48.639,*dfghjkkkkkkkkkkkkkkkkkkkkkkkkkkkkkk - Notepad,@
2025-11-13 19:09:48.672,*dfghjkkkkkkkkkkkkkkkkkkkkkkkkkkkkkk - Notepad,@
2025-11-13 19:09:48.705,*dfghjkkkkkkkkkkkkkkkkkkkkkkkkkkkkkk - Notepad,@
2025-11-13 19:09:48.739,*dfghjkkkkkkkkkkkkkkkkkkkkkkkkkkkkkk - Notepad,@
2025-11-13 19:09:48.772,*dfghjkkkkkkkkkkkkkkkkkkkkkkkkkkkkkk - Notepad,@
2025-11-13 19:09:48.805,*dfghjkkkkkkkkkkkkkkkkkkkkkkkkkkkkkk - Notepad,@
2025-11-13 19:09:48.839,*dfghjkkkkkkkkkkkkkkkkkkkkkkkkkkkkkk - Notepad,@
2025-11-13 19:09:48.872,*dfghjkkkkkkkkkkkkkkkkkkkkkkkkkkkkkk - Notepad,@
2025-11-13 19:09:48.906,*dfghjkkkkkkkkkkkkkkkkkkkkkkkkkkkkkk - Notepad,@
2025-11-13 19:09:48.939,*dfghjkkkkkkkkkkkkkkkkkkkkkkkkkkkkkk - Notepad,@
2025-11-13 19:09:48.973,*dfghjkkkkkkkkkkkkkkkkkkkkkkkkkkkkkk - Notepad,@
2025-11-13 19:09:49.007,*dfghjkkkkkkkkkkkkkkkkkkkkkkkkkkkkkk - Notepad,@
2025-11-13 19:09:49.039,*dfghjkkkkkkkkkkkkkkkkkkkkkkkkkkkkkk - Notepad,@
2025-11-13 19:09:49.073,*dfghjkkkkkkkkkkkkkkkkkkkkkkkkkkkkkk - Notepad,@
2025-11-13 19:09:49.106,*dfghjkkkkkkkkkkkkkkkkkkkkkkkkkkkkkk - Notepad,@
2025-11-13 19:09:49.139,*dfghjkkkkkkkkkkkkkkkkkkkkkkkkkkkkkk - Notepad,@
2025-11-13 19:09:49.172,*dfghjkkkkkkkkkkkkkkkkkkkkkkkkkkkkkk - Notepad,@
2025-11-13 19:09:49.205,*dfghjkkkkkkkkkkkkkkkkkkkkkkkkkkkkkk - Notepad,@
2025-11-13 19:09:49.239,*dfghjkkkkkkkkkkkkkkkkkkkkkkkkkkkkkk - Notepad,@
2025-11-13 19:09:49.272,*dfghjkkkkkkkkkkkkkkkkkkkkkkkkkkkkkk - Notepad,@
2025-11-13 19:09:49.288,*dfghjkkkkkkkkkkkkkkkkkkkkkkkkkkkkkk - Notepad,#
2025-11-13 19:09:49.402,*dfghjkkkkkkkkkkkkkkkkkkkkkkkkkkkkkk - Notepad,$
2025-11-13 19:09:49.578,*dfghjkkkkkkkkkkkkkkkkkkkkkkkkkkkkkk - Notepad,%
2025-11-13 19:09:50.079,*dfghjkkkkkkkkkkkkkkkkkkkkkkkkkkkkkk - Notepad,%
2025-11-13 19:09:50.113,*dfghjkkkkkkkkkkkkkkkkkkkkkkkkkkkkkk - Notepad,%
2025-11-13 19:09:50.147,*dfghjkkkkkkkkkkkkkkkkkkkkkkkkkkkkkk - Notepad,%
2025-11-13 19:09:50.180,*dfghjkkkkkkkkkkkkkkkkkkkkkkkkkkkkkk - Notepad,%
2025-11-13 19:09:50.213,*dfghjkkkkkkkkkkkkkkkkkkkkkkkkkkkkkk - Notepad,%
2025-11-13 19:09:50.247,*dfghjkkkkkkkkkkkkkkkkkkkkkkkkkkkkkk - Notepad,%
2025-11-13 19:09:50.280,*dfghjkkkkkkkkkkkkkkkkkkkkkkkkkkkkkk - Notepad,%
2025-11-13 19:09:50.314,*dfghjkkkkkkkkkkkkkkkkkkkkkkkkkkkkkk - Notepad,%
2025-11-13 19:09:50.346,*dfghjkkkkkkkkkkkkkkkkkkkkkkkkkkkkkk - Notepad,%
2025-11-13 19:09:50.380,*dfghjkkkkkkkkkkkkkkkkkkkkkkkkkkkkkk - Notepad,%
2025-11-13 19:09:50.413,*dfghjkkkkkkkkkkkkkkkkkkkkkkkkkkkkkk - Notepad,%
2025-11-13 19:09:50.446,*dfghjkkkkkkkkkkkkkkkkkkkkkkkkkkkkkk - Notepad,%
2025-11-13 19:09:50.480,*dfghjkkkkkkkkkkkkkkkkkkkkkkkkkkkkkk - Notepad,%
2025-11-13 19:09:50.513,*dfghjkkkkkkkkkkkkkkkkkkkkkkkkkkkkkk - Notepad,%
2025-11-13 19:09:50.546,*dfghjkkkkkkkkkkkkkkkkkkkkkkkkkkkkkk - Notepad,%
2025-11-13 19:09:50.580,*dfghjkkkkkkkkkkkkkkkkkkkkkkkkkkkkkk - Notepad,%
2025-11-13 19:09:50.613,*dfghjkkkkkkkkkkkkkkkkkkkkkkkkkkkkkk - Notepad,%
2025-11-13 19:09:50.647,*dfghjkkkkkkkkkkkkkkkkkkkkkkkkkkkkkk - Notepad,%
2025-11-13 19:09:50.680,*dfghjkkkkkkkkkkkkkkkkkkkkkkkkkkkkkk - Notepad,%
2025-11-13 19:09:50.714,*dfghjkkkkkkkkkkkkkkkkkkkkkkkkkkkkkk - Notepad,%
2025-11-13 19:09:50.749,*dfghjkkkkkkkkkkkkkkkkkkkkkkkkkkkkkk - Notepad,%
2025-11-13 19:09:50.782,*dfghjkkkkkkkkkkkkkkkkkkkkkkkkkkkkkk - Notepad,%
2025-11-13 19:09:50.815,*dfghjkkkkkkkkkkkkkkkkkkkkkkkkkkkkkk - Notepad,%
2025-11-13 19:09:50.848,*dfghjkkkkkkkkkkkkkkkkkkkkkkkkkkkkkk - Notepad,%
2025-11-13 19:09:50.881,*dfghjkkkkkkkkkkkkkkkkkkkkkkkkkkkkkk - Notepad,%
2025-11-13 19:09:50.915,*dfghjkkkkkkkkkkkkkkkkkkkkkkkkkkkkkk - Notepad,%
2025-11-13 19:09:50.948,*dfghjkkkkkkkkkkkkkkkkkkkkkkkkkkkkkk - Notepad,%
2025-11-13 19:09:50.981,*dfghjkkkkkkkkkkkkkkkkkkkkkkkkkkkkkk - Notepad,%
2025-11-13 19:09:51.015,*dfghjkkkkkkkkkkkkkkkkkkkkkkkkkkkkkk - Notepad,%
2025-11-13 19:09:51.048,*dfghjkkkkkkkkkkkkkkkkkkkkkkkkkkkkkk - Notepad,%
2025-11-13 19:09:51.082,*dfghjkkkkkkkkkkkkkkkkkkkkkkkkkkkkkk - Notepad,%
2025-11-13 19:09:51.115,*dfghjkkkkkkkkkkkkkkkkkkkkkkkkkkkkkk - Notepad,%
2025-11-13 19:09:51.148,*dfghjkkkkkkkkkkkkkkkkkkkkkkkkkkkkkk - Notepad,%
2025-11-13 19:09:51.181,*dfghjkkkkkkkkkkkkkkkkkkkkkkkkkkkkkk - Notepad,%
2025-11-13 19:09:51.214,*dfghjkkkkkkkkkkkkkkkkkkkkkkkkkkkkkk - Notepad,%
2025-11-13 19:09:51.247,*dfghjkkkkkkkkkkkkkkkkkkkkkkkkkkkkkk - Notepad,%
2025-11-13 19:09:51.281,*dfghjkkkkkkkkkkkkkkkkkkkkkkkkkkkkkk - Notepad,%
2025-11-13 19:09:51.315,*dfghjkkkkkkkkkkkkkkkkkkkkkkkkkkkkkk - Notepad,%
2025-11-13 19:09:51.348,*dfghjkkkkkkkkkkkkkkkkkkkkkkkkkkkkkk - Notepad,%
2025-11-13 19:09:51.381,*dfghjkkkkkkkkkkkkkkkkkkkkkkkkkkkkkk - Notepad,%
2025-11-13 19:09:51.414,*dfghjkkkkkkkkkkkkkkkkkkkkkkkkkkkkkk - Notepad,%
2025-11-13 19:09:51.448,*dfghjkkkkkkkkkkkkkkkkkkkkkkkkkkkkkk - Notepad,%
2025-11-13 19:09:51.482,*dfghjkkkkkkkkkkkkkkkkkkkkkkkkkkkkkk - Notepad,%
2025-11-13 19:09:51.516,*dfghjkkkkkkkkkkkkkkkkkkkkkkkkkkkkkk - Notepad,%
2025-11-13 19:09:51.549,*dfghjkkkkkkkkkkkkkkkkkkkkkkkkkkkkkk - Notepad,%
2025-11-13 19:09:51.583,*dfghjkkkkkkkkkkkkkkkkkkkkkkkkkkkkkk - Notepad,%
2025-11-13 19:09:51.617,*dfghjkkkkkkkkkkkkkkkkkkkkkkkkkkkkkk - Notepad,%
2025-11-13 19:09:51.650,*dfghjkkkkkkkkkkkkkkkkkkkkkkkkkkkkkk - Notepad,%
2025-11-13 19:09:51.685,*dfghjkkkkkkkkkkkkkkkkkkkkkkkkkkkkkk - Notepad,%
2025-11-13 19:09:51.718,*dfghjkkkkkkkkkkkkkkkkkkkkkkkkkkkkkk - Notepad,%
2025-11-13 19:09:51.752,*dfghjkkkkkkkkkkkkkkkkkkkkkkkkkkkkkk - Notepad,%
2025-11-13 19:09:51.786,*dfghjkkkkkkkkkkkkkkkkkkkkkkkkkkkkkk - Notepad,%
2025-11-13 19:09:51.819,*dfghjkkkkkkkkkkkkkkkkkkkkkkkkkkkkkk - Notepad,%
2025-11-13 19:09:51.853,*dfghjkkkkkkkkkkkkkkkkkkkkkkkkkkkkkk - Notepad,%
2025-11-13 19:09:51.886,*dfghjkkkkkkkkkkkkkkkkkkkkkkkkkkkkkk - Notepad,%
2025-11-13 19:09:51.919,*dfghjkkkkkkkkkkkkkkkkkkkkkkkkkkkkkk - Notepad,%
2025-11-13 19:09:51.952,*dfghjkkkkkkkkkkkkkkkkkkkkkkkkkkkkkk - Notepad,%
2025-11-13 19:09:51.986,*dfghjkkkkkkkkkkkkkkkkkkkkkkkkkkkkkk - Notepad,%
2025-11-13 19:09:52.019,*dfghjkkkkkkkkkkkkkkkkkkkkkkkkkkkkkk - Notepad,%
2025-11-13 19:09:52.022,*dfghjkkkkkkkkkkkkkkkkkkkkkkkkkkkkkk - Notepad,^
2025-11-13 19:09:52.523,*dfghjkkkkkkkkkkkkkkkkkkkkkkkkkkkkkk - Notepad,^
2025-11-13 19:09:52.555,*dfghjkkkkkkkkkkkkkkkkkkkkkkkkkkkkkk - Notepad,^
2025-11-13 19:09:52.588,*dfghjkkkkkkkkkkkkkkkkkkkkkkkkkkkkkk - Notepad,^
2025-11-13 19:09:52.621,*dfghjkkkkkkkkkkkkkkkkkkkkkkkkkkkkkk - Notepad,^
2025-11-13 19:09:52.655,*dfghjkkkkkkkkkkkkkkkkkkkkkkkkkkkkkk - Notepad,^
2025-11-13 19:09:52.688,*dfghjkkkkkkkkkkkkkkkkkkkkkkkkkkkkkk - Notepad,^
2025-11-13 19:09:52.722,*dfghjkkkkkkkkkkkkkkkkkkkkkkkkkkkkkk - Notepad,^
2025-11-13 19:09:52.755,*dfghjkkkkkkkkkkkkkkkkkkkkkkkkkkkkkk - Notepad,^
2025-11-13 19:09:52.789,*dfghjkkkkkkkkkkkkkkkkkkkkkkkkkkkkkk - Notepad,^
2025-11-13 19:09:52.822,*dfghjkkkkkkkkkkkkkkkkkkkkkkkkkkkkkk - Notepad,^
2025-11-13 19:09:52.856,*dfghjkkkkkkkkkkkkkkkkkkkkkkkkkkkkkk - Notepad,^
2025-11-13 19:09:52.889,*dfghjkkkkkkkkkkkkkkkkkkkkkkkkkkkkkk - Notepad,^
2025-11-13 19:09:52.923,*dfghjkkkkkkkkkkkkkkkkkkkkkkkkkkkkkk - Notepad,^
2025-11-13 19:09:52.956,*dfghjkkkkkkkkkkkkkkkkkkkkkkkkkkkkkk - Notepad,^
2025-11-13 19:09:52.989,*dfghjkkkkkkkkkkkkkkkkkkkkkkkkkkkkkk - Notepad,^
2025-11-13 19:09:53.022,*dfghjkkkkkkkkkkkkkkkkkkkkkkkkkkkkkk - Notepad,^
2025-11-13 19:09:53.055,*dfghjkkkkkkkkkkkkkkkkkkkkkkkkkkkkkk - Notepad,^
2025-11-13 19:09:53.089,*dfghjkkkkkkkkkkkkkkkkkkkkkkkkkkkkkk - Notepad,^
2025-11-13 19:09:53.122,*dfghjkkkkkkkkkkkkkkkkkkkkkkkkkkkkkk - Notepad,^
2025-11-13 19:09:53.156,*dfghjkkkkkkkkkkkkkkkkkkkkkkkkkkkkkk - Notepad,^
2025-11-13 19:09:53.189,*dfghjkkkkkkkkkkkkkkkkkkkkkkkkkkkkkk - Notepad,^
2025-11-13 19:09:53.222,*dfghjkkkkkkkkkkkkkkkkkkkkkkkkkkkkkk - Notepad,^
2025-11-13 19:09:53.255,*dfghjkkkkkkkkkkkkkkkkkkkkkkkkkkkkkk - Notepad,^
2025-11-13 19:09:53.289,*dfghjkkkkkkkkkkkkkkkkkkkkkkkkkkkkkk - Notepad,^
2025-11-13 19:09:53.322,*dfghjkkkkkkkkkkkkkkkkkkkkkkkkkkkkkk - Notepad,^
2025-11-13 19:09:53.355,*dfghjkkkkkkkkkkkkkkkkkkkkkkkkkkkkkk - Notepad,^
2025-11-13 19:09:53.389,*dfghjkkkkkkkkkkkkkkkkkkkkkkkkkkkkkk - Notepad,^
2025-11-13 19:09:53.422,*dfghjkkkkkkkkkkkkkkkkkkkkkkkkkkkkkk - Notepad,^
2025-11-13 19:09:53.455,*dfghjkkkkkkkkkkkkkkkkkkkkkkkkkkkkkk - Notepad,^
2025-11-13 19:09:53.489,*dfghjkkkkkkkkkkkkkkkkkkkkkkkkkkkkkk - Notepad,^
2025-11-13 19:09:53.522,*dfghjkkkkkkkkkkkkkkkkkkkkkkkkkkkkkk - Notepad,^
2025-11-13 19:09:53.555,*dfghjkkkkkkkkkkkkkkkkkkkkkkkkkkkkkk - Notepad,^
2025-11-13 19:09:53.589,*dfghjkkkkkkkkkkkkkkkkkkkkkkkkkkkkkk - Notepad,^
2025-11-13 19:09:53.622,*dfghjkkkkkkkkkkkkkkkkkkkkkkkkkkkkkk - Notepad,^
2025-11-13 19:09:53.655,*dfghjkkkkkkkkkkkkkkkkkkkkkkkkkkkkkk - Notepad,^
2025-11-13 19:09:53.688,*dfghjkkkkkkkkkkkkkkkkkkkkkkkkkkkkkk - Notepad,^
2025-11-13 19:09:53.722,*dfghjkkkkkkkkkkkkkkkkkkkkkkkkkkkkkk - Notepad,^
2025-11-13 19:09:53.754,*dfghjkkkkkkkkkkkkkkkkkkkkkkkkkkkkkk - Notepad,^
2025-11-13 19:09:53.788,*dfghjkkkkkkkkkkkkkkkkkkkkkkkkkkkkkk - Notepad,^
2025-11-13 19:09:53.821,*dfghjkkkkkkkkkkkkkkkkkkkkkkkkkkkkkk - Notepad,^
2025-11-13 19:09:53.855,*dfghjkkkkkkkkkkkkkkkkkkkkkkkkkkkkkk - Notepad,^
2025-11-13 19:09:53.859,*dfghjkkkkkkkkkkkkkkkkkkkkkkkkkkkkkk - Notepad,&
2025-11-13 19:09:54.360,*dfghjkkkkkkkkkkkkkkkkkkkkkkkkkkkkkk - Notepad,&
2025-11-13 19:09:54.393,*dfghjkkkkkkkkkkkkkkkkkkkkkkkkkkkkkk - Notepad,&
2025-11-13 19:09:54.427,*dfghjkkkkkkkkkkkkkkkkkkkkkkkkkkkkkk - Notepad,&
2025-11-13 19:09:54.460,*dfghjkkkkkkkkkkkkkkkkkkkkkkkkkkkkkk - Notepad,&
2025-11-13 19:09:54.493,*dfghjkkkkkkkkkkkkkkkkkkkkkkkkkkkkkk - Notepad,&
2025-11-13 19:09:54.528,*dfghjkkkkkkkkkkkkkkkkkkkkkkkkkkkkkk - Notepad,&
2025-11-13 19:09:54.561,*dfghjkkkkkkkkkkkkkkkkkkkkkkkkkkkkkk - Notepad,&
2025-11-13 19:09:54.594,*dfghjkkkkkkkkkkkkkkkkkkkkkkkkkkkkkk - Notepad,&
2025-11-13 19:09:54.628,*dfghjkkkkkkkkkkkkkkkkkkkkkkkkkkkkkk - Notepad,&
2025-11-13 19:09:54.661,*dfghjkkkkkkkkkkkkkkkkkkkkkkkkkkkkkk - Notepad,&
2025-11-13 19:09:54.695,*dfghjkkkkkkkkkkkkkkkkkkkkkkkkkkkkkk - Notepad,&
2025-11-13 19:09:54.728,*dfghjkkkkkkkkkkkkkkkkkkkkkkkkkkkkkk - Notepad,&
2025-11-13 19:09:54.762,*dfghjkkkkkkkkkkkkkkkkkkkkkkkkkkkkkk - Notepad,&
2025-11-13 19:09:54.795,*dfghjkkkkkkkkkkkkkkkkkkkkkkkkkkkkkk - Notepad,&
2025-11-13 19:09:54.828,*dfghjkkkkkkkkkkkkkkkkkkkkkkkkkkkkkk - Notepad,&
2025-11-13 19:09:54.862,*dfghjkkkkkkkkkkkkkkkkkkkkkkkkkkkkkk - Notepad,&
2025-11-13 19:09:54.895,*dfghjkkkkkkkkkkkkkkkkkkkkkkkkkkkkkk - Notepad,&
2025-11-13 19:09:54.928,*dfghjkkkkkkkkkkkkkkkkkkkkkkkkkkkkkk - Notepad,&
2025-11-13 19:09:54.962,*dfghjkkkkkkkkkkkkkkkkkkkkkkkkkkkkkk - Notepad,&
2025-11-13 19:09:54.995,*dfghjkkkkkkkkkkkkkkkkkkkkkkkkkkkkkk - Notepad,&
2025-11-13 19:09:55.028,*dfghjkkkkkkkkkkkkkkkkkkkkkkkkkkkkkk - Notepad,&
2025-11-13 19:09:55.062,*dfghjkkkkkkkkkkkkkkkkkkkkkkkkkkkkkk - Notepad,&
2025-11-13 19:09:55.095,*dfghjkkkkkkkkkkkkkkkkkkkkkkkkkkkkkk - Notepad,&
2025-11-13 19:09:55.128,*dfghjkkkkkkkkkkkkkkkkkkkkkkkkkkkkkk - Notepad,&
2025-11-13 19:09:55.162,*dfghjkkkkkkkkkkkkkkkkkkkkkkkkkkkkkk - Notepad,&
2025-11-13 19:09:55.195,*dfghjkkkkkkkkkkkkkkkkkkkkkkkkkkkkkk - Notepad,&
2025-11-13 19:09:55.229,*dfghjkkkkkkkkkkkkkkkkkkkkkkkkkkkkkk - Notepad,&
2025-11-13 19:09:55.262,*dfghjkkkkkkkkkkkkkkkkkkkkkkkkkkkkkk - Notepad,&
2025-11-13 19:09:55.296,*dfghjkkkkkkkkkkkkkkkkkkkkkkkkkkkkkk - Notepad,&
2025-11-13 19:09:55.329,*dfghjkkkkkkkkkkkkkkkkkkkkkkkkkkkkkk - Notepad,&
2025-11-13 19:09:55.362,*dfghjkkkkkkkkkkkkkkkkkkkkkkkkkkkkkk - Notepad,&
2025-11-13 19:09:55.396,*dfghjkkkkkkkkkkkkkkkkkkkkkkkkkkkkkk - Notepad,&
2025-11-13 19:09:55.430,*dfghjkkkkkkkkkkkkkkkkkkkkkkkkkkkkkk - Notepad,&
2025-11-13 19:09:55.464,*dfghjkkkkkkkkkkkkkkkkkkkkkkkkkkkkkk - Notepad,&
2025-11-13 19:09:55.498,*dfghjkkkkkkkkkkkkkkkkkkkkkkkkkkkkkk - Notepad,&
2025-11-13 19:09:55.532,*dfghjkkkkkkkkkkkkkkkkkkkkkkkkkkkkkk - Notepad,&
2025-11-13 19:09:55.565,*dfghjkkkkkkkkkkkkkkkkkkkkkkkkkkkkkk - Notepad,&
2025-11-13 19:09:55.599,*dfghjkkkkkkkkkkkkkkkkkkkkkkkkkkkkkk - Notepad,&
2025-11-13 19:09:55.632,*dfghjkkkkkkkkkkkkkkkkkkkkkkkkkkkkkk - Notepad,&
2025-11-13 19:09:55.665,*dfghjkkkkkkkkkkkkkkkkkkkkkkkkkkkkkk - Notepad,&
2025-11-13 19:09:55.698,*dfghjkkkkkkkkkkkkkkkkkkkkkkkkkkkkkk - Notepad,&
2025-11-13 19:09:55.732,*dfghjkkkkkkkkkkkkkkkkkkkkkkkkkkkkkk - Notepad,&
2025-11-13 19:09:55.765,*dfghjkkkkkkkkkkkkkkkkkkkkkkkkkkkkkk - Notepad,&
2025-11-13 19:09:55.799,*dfghjkkkkkkkkkkkkkkkkkkkkkkkkkkkkkk - Notepad,&
2025-11-13 19:09:55.832,*dfghjkkkkkkkkkkkkkkkkkkkkkkkkkkkkkk - Notepad,&
2025-11-13 19:09:55.865,*dfghjkkkkkkkkkkkkkkkkkkkkkkkkkkkkkk - Notepad,&
2025-11-13 19:09:55.898,*dfghjkkkkkkkkkkkkkkkkkkkkkkkkkkkkkk - Notepad,&
2025-11-13 19:09:55.932,*dfghjkkkkkkkkkkkkkkkkkkkkkkkkkkkkkk - Notepad,&
2025-11-13 19:09:55.965,*dfghjkkkkkkkkkkkkkkkkkkkkkkkkkkkkkk - Notepad,&
2025-11-13 19:09:55.999,*dfghjkkkkkkkkkkkkkkkkkkkkkkkkkkkkkk - Notepad,&
2025-11-13 19:09:56.032,*dfghjkkkkkkkkkkkkkkkkkkkkkkkkkkkkkk - Notepad,&
2025-11-13 19:09:56.065,*dfghjkkkkkkkkkkkkkkkkkkkkkkkkkkkkkk - Notepad,&
2025-11-13 19:09:56.099,*dfghjkkkkkkkkkkkkkkkkkkkkkkkkkkkkkk - Notepad,&
2025-11-13 19:09:56.133,*dfghjkkkkkkkkkkkkkkkkkkkkkkkkkkkkkk - Notepad,&
2025-11-13 19:09:56.165,*dfghjkkkkkkkkkkkkkkkkkkkkkkkkkkkkkk - Notepad,&
2025-11-13 19:09:56.199,*dfghjkkkkkkkkkkkkkkkkkkkkkkkkkkkkkk - Notepad,&
2025-11-13 19:09:56.233,*dfghjkkkkkkkkkkkkkkkkkkkkkkkkkkkkkk - Notepad,&
2025-11-13 19:09:56.267,*dfghjkkkkkkkkkkkkkkkkkkkkkkkkkkkkkk - Notepad,&
2025-11-13 19:09:56.300,*dfghjkkkkkkkkkkkkkkkkkkkkkkkkkkkkkk - Notepad,&
2025-11-13 19:09:56.334,*dfghjkkkkkkkkkkkkkkkkkkkkkkkkkkkkkk - Notepad,&
2025-11-13 19:09:56.368,*dfghjkkkkkkkkkkkkkkkkkkkkkkkkkkkkkk - Notepad,&
2025-11-13 19:09:56.402,*dfghjkkkkkkkkkkkkkkkkkkkkkkkkkkkkkk - Notepad,&
2025-11-13 19:09:56.436,*dfghjkkkkkkkkkkkkkkkkkkkkkkkkkkkkkk - Notepad,&
2025-11-13 19:09:56.469,*dfghjkkkkkkkkkkkkkkkkkkkkkkkkkkkkkk - Notepad,&
2025-11-13 19:09:56.502,*dfghjkkkkkkkkkkkkkkkkkkkkkkkkkkkkkk - Notepad,&
2025-11-13 19:09:56.536,*dfghjkkkkkkkkkkkkkkkkkkkkkkkkkkkkkk - Notepad,&
2025-11-13 19:09:56.569,*dfghjkkkkkkkkkkkkkkkkkkkkkkkkkkkkkk - Notepad,&
2025-11-13 19:09:56.603,*dfghjkkkkkkkkkkkkkkkkkkkkkkkkkkkkkk - Notepad,&
2025-11-13 19:09:56.637,*dfghjkkkkkkkkkkkkkkkkkkkkkkkkkkkkkk - Notepad,&
2025-11-13 19:09:56.669,*dfghjkkkkkkkkkkkkkkkkkkkkkkkkkkkkkk - Notepad,&
2025-11-13 19:09:56.703,*dfghjkkkkkkkkkkkkkkkkkkkkkkkkkkkkkk - Notepad,&
2025-11-13 19:09:56.737,*dfghjkkkkkkkkkkkkkkkkkkkkkkkkkkkkkk - Notepad,&
2025-11-13 19:09:56.771,*dfghjkkkkkkkkkkkkkkkkkkkkkkkkkkkkkk - Notepad,&
2025-11-13 19:09:56.804,*dfghjkkkkkkkkkkkkkkkkkkkkkkkkkkkkkk - Notepad,&
2025-11-13 19:09:56.837,*dfghjkkkkkkkkkkkkkkkkkkkkkkkkkkkkkk - Notepad,&
2025-11-13 19:09:56.871,*dfghjkkkkkkkkkkkkkkkkkkkkkkkkkkkkkk - Notepad,&
2025-11-13 19:09:56.904,*dfghjkkkkkkkkkkkkkkkkkkkkkkkkkkkkkk - Notepad,&
2025-11-13 19:09:56.937,*dfghjkkkkkkkkkkkkkkkkkkkkkkkkkkkkkk - Notepad,&
2025-11-13 19:09:56.970,*dfghjkkkkkkkkkkkkkkkkkkkkkkkkkkkkkk - Notepad,&
2025-11-13 19:09:57.004,*dfghjkkkkkkkkkkkkkkkkkkkkkkkkkkkkkk - Notepad,&
2025-11-13 19:09:57.037,*dfghjkkkkkkkkkkkkkkkkkkkkkkkkkkkkkk - Notepad,&
2025-11-13 19:09:57.071,*dfghjkkkkkkkkkkkkkkkkkkkkkkkkkkkkkk - Notepad,&
2025-11-13 19:09:57.104,*dfghjkkkkkkkkkkkkkkkkkkkkkkkkkkkkkk - Notepad,&
2025-11-13 19:09:57.138,*dfghjkkkkkkkkkkkkkkkkkkkkkkkkkkkkkk - Notepad,&
2025-11-13 19:09:57.173,*dfghjkkkkkkkkkkkkkkkkkkkkkkkkkkkkkk - Notepad,&
2025-11-13 19:09:57.205,*dfghjkkkkkkkkkkkkkkkkkkkkkkkkkkkkkk - Notepad,&
2025-11-13 19:09:57.238,*dfghjkkkkkkkkkkkkkkkkkkkkkkkkkkkkkk - Notepad,&
2025-11-13 19:09:57.272,*dfghjkkkkkkkkkkkkkkkkkkkkkkkkkkkkkk - Notepad,&
2025-11-13 19:09:57.305,*dfghjkkkkkkkkkkkkkkkkkkkkkkkkkkkkkk - Notepad,&
2025-11-13 19:09:57.339,*dfghjkkkkkkkkkkkkkkkkkkkkkkkkkkkkkk - Notepad,&
2025-11-13 19:09:57.373,*dfghjkkkkkkkkkkkkkkkkkkkkkkkkkkkkkk - Notepad,&
2025-11-13 19:09:57.407,*dfghjkkkkkkkkkkkkkkkkkkkkkkkkkkkkkk - Notepad,&
2025-11-13 19:09:57.440,*dfghjkkkkkkkkkkkkkkkkkkkkkkkkkkkkkk - Notepad,&
2025-11-13 19:09:57.473,*dfghjkkkkkkkkkkkkkkkkkkkkkkkkkkkkkk - Notepad,&
2025-11-13 19:09:57.507,*dfghjkkkkkkkkkkkkkkkkkkkkkkkkkkkkkk - Notepad,&
2025-11-13 19:09:57.540,*dfghjkkkkkkkkkkkkkkkkkkkkkkkkkkkkkk - Notepad,&
2025-11-13 19:09:57.573,*dfghjkkkkkkkkkkkkkkkkkkkkkkkkkkkkkk - Notepad,&
2025-11-13 19:09:57.607,*dfghjkkkkkkkkkkkkkkkkkkkkkkkkkkkkkk - Notepad,&
2025-11-13 19:09:57.640,*dfghjkkkkkkkkkkkkkkkkkkkkkkkkkkkkkk - Notepad,&
2025-11-13 19:09:57.674,*dfghjkkkkkkkkkkkkkkkkkkkkkkkkkkkkkk - Notepad,&
2025-11-13 19:09:57.706,*dfghjkkkkkkkkkkkkkkkkkkkkkkkkkkkkkk - Notepad,&
2025-11-13 19:09:57.739,*dfghjkkkkkkkkkkkkkkkkkkkkkkkkkkkkkk - Notepad,&
2025-11-13 19:09:57.772,*dfghjkkkkkkkkkkkkkkkkkkkkkkkkkkkkkk - Notepad,&
2025-11-13 19:09:57.806,*dfghjkkkkkkkkkkkkkkkkkkkkkkkkkkkkkk - Notepad,&
2025-11-13 19:09:57.839,*dfghjkkkkkkkkkkkkkkkkkkkkkkkkkkkkkk - Notepad,&
2025-11-13 19:09:57.873,*dfghjkkkkkkkkkkkkkkkkkkkkkkkkkkkkkk - Notepad,&
2025-11-13 19:10:08.686,Windows PowerShell,[up]
2025-11-13 19:10:10.893,Windows PowerShell,[enter]
2025-11-13 19:10:14.356,Untitled - Notepad,d
2025-11-13 19:10:14.856,*d - Notepad,d
2025-11-13 19:10:14.889,*dd - Notepad,d
2025-11-13 19:10:14.922,*ddd - Notepad,d
2025-11-13 19:10:14.957,*dddd - Notepad,d
2025-11-13 19:10:14.990,*ddddd - Notepad,d
2025-11-13 19:10:15.023,*dddddd - Notepad,d
2025-11-13 19:10:15.056,*ddddddd - Notepad,d
2025-11-13 19:10:15.090,*dddddddd - Notepad,d
2025-11-13 19:10:15.123,*ddddddddd - Notepad,d
2025-11-13 19:10:15.157,*dddddddddd - Notepad,d
2025-11-13 19:10:15.190,*ddddddddddd - Notepad,d
2025-11-13 19:10:15.224,*dddddddddddd - Notepad,d
2025-11-13 19:10:15.258,*ddddddddddddd - Notepad,d
2025-11-13 19:10:15.292,*dddddddddddddd - Notepad,d
2025-11-13 19:10:15.325,*ddddddddddddddd - Notepad,d
2025-11-13 19:10:15.359,*dddddddddddddddd - Notepad,d
2025-11-13 19:10:15.393,*ddddddddddddddddd - Notepad,d
2025-11-13 19:10:15.427,*dddddddddddddddddd - Notepad,d
2025-11-13 19:10:15.460,*ddddddddddddddddddd - Notepad,d
2025-11-13 19:10:15.495,*dddddddddddddddddddd - Notepad,d
2025-11-13 19:10:15.528,*ddddddddddddddddddddd - Notepad,d
2025-11-13 19:10:15.562,*dddddddddddddddddddddd - Notepad,d
2025-11-13 19:10:15.595,*ddddddddddddddddddddddd - Notepad,d
2025-11-13 19:10:15.629,*dddddddddddddddddddddddd - Notepad,d
2025-11-13 19:10:15.662,*ddddddddddddddddddddddddd - Notepad,d
2025-11-13 19:10:15.695,*dddddddddddddddddddddddddd - Notepad,d
2025-11-13 19:10:15.728,*ddddddddddddddddddddddddddd - Notepad,d
2025-11-13 19:10:15.762,*dddddddddddddddddddddddddddd - Notepad,d
2025-11-13 19:10:15.795,*ddddddddddddddddddddddddddddd - Notepad,d
2025-11-13 19:10:15.828,*dddddddddddddddddddddddddddddd - Notepad,d
2025-11-13 19:10:15.861,*ddddddddddddddddddddddddddddddd - Notepad,d
2025-11-13 19:10:15.895,*dddddddddddddddddddddddddddddddd - Notepad,d
2025-11-13 19:10:15.928,*ddddddddddddddddddddddddddddddddd - Notepad,d
2025-11-13 19:10:15.961,*dddddddddddddddddddddddddddddddddd - Notepad,d
2025-11-13 19:10:15.994,*ddddddddddddddddddddddddddddddddddd - Notepad,d
2025-11-13 19:10:16.028,*ddddddddddddddddddddddddddddddddddd - Notepad,d
2025-11-13 19:10:16.062,*ddddddddddddddddddddddddddddddddddd - Notepad,d
2025-11-13 19:10:16.095,*ddddddddddddddddddddddddddddddddddd - Notepad,d
2025-11-13 19:10:16.128,*ddddddddddddddddddddddddddddddddddd - Notepad,d
2025-11-13 19:10:16.162,*ddddddddddddddddddddddddddddddddddd - Notepad,d
2025-11-13 19:10:16.196,*ddddddddddddddddddddddddddddddddddd - Notepad,d
2025-11-13 19:10:16.229,*ddddddddddddddddddddddddddddddddddd - Notepad,d
2025-11-13 19:10:16.262,*ddddddddddddddddddddddddddddddddddd - Notepad,d
2025-11-13 19:10:16.295,*ddddddddddddddddddddddddddddddddddd - Notepad,d
2025-11-13 19:10:16.330,*ddddddddddddddddddddddddddddddddddd - Notepad,d
2025-11-13 19:10:16.363,*ddddddddddddddddddddddddddddddddddd - Notepad,d
2025-11-13 19:10:16.396,*ddddddddddddddddddddddddddddddddddd - Notepad,d
2025-11-13 19:10:16.429,*ddddddddddddddddddddddddddddddddddd - Notepad,d
2025-11-13 19:10:16.462,*ddddddddddddddddddddddddddddddddddd - Notepad,d
2025-11-13 19:10:16.496,*ddddddddddddddddddddddddddddddddddd - Notepad,d
2025-11-13 19:10:16.529,*ddddddddddddddddddddddddddddddddddd - Notepad,d
2025-11-13 19:10:16.564,*ddddddddddddddddddddddddddddddddddd - Notepad,d
2025-11-13 19:10:16.597,*ddddddddddddddddddddddddddddddddddd - Notepad,d
2025-11-13 19:10:16.630,*ddddddddddddddddddddddddddddddddddd - Notepad,d
2025-11-13 19:10:16.664,*ddddddddddddddddddddddddddddddddddd - Notepad,d
2025-11-13 19:10:16.698,*ddddddddddddddddddddddddddddddddddd - Notepad,d
2025-11-13 19:10:16.730,*ddddddddddddddddddddddddddddddddddd - Notepad,d
2025-11-13 19:10:16.764,*ddddddddddddddddddddddddddddddddddd - Notepad,d
2025-11-13 19:10:16.796,*ddddddddddddddddddddddddddddddddddd - Notepad,d
2025-11-13 19:10:16.830,*ddddddddddddddddddddddddddddddddddd - Notepad,d
2025-11-13 19:10:16.862,*ddddddddddddddddddddddddddddddddddd - Notepad,d
2025-11-13 19:10:16.896,*ddddddddddddddddddddddddddddddddddd - Notepad,d
2025-11-13 19:10:16.929,*ddddddddddddddddddddddddddddddddddd - Notepad,d
2025-11-13 19:10:16.963,*ddddddddddddddddddddddddddddddddddd - Notepad,d
2025-11-13 19:10:16.996,*ddddddddddddddddddddddddddddddddddd - Notepad,d
2025-11-13 19:10:17.030,*ddddddddddddddddddddddddddddddddddd - Notepad,d
2025-11-13 19:10:17.065,*ddddddddddddddddddddddddddddddddddd - Notepad,d
2025-11-13 19:10:17.098,*ddddddddddddddddddddddddddddddddddd - Notepad,d
2025-11-13 19:10:17.131,*ddddddddddddddddddddddddddddddddddd - Notepad,d
2025-11-13 19:10:17.164,*ddddddddddddddddddddddddddddddddddd - Notepad,d
2025-11-13 19:10:17.198,*ddddddddddddddddddddddddddddddddddd - Notepad,d
2025-11-13 19:10:17.231,*ddddddddddddddddddddddddddddddddddd - Notepad,d
2025-11-13 19:10:17.265,*ddddddddddddddddddddddddddddddddddd - Notepad,d
2025-11-13 19:10:17.299,*ddddddddddddddddddddddddddddddddddd - Notepad,d
2025-11-13 19:10:17.332,*ddddddddddddddddddddddddddddddddddd - Notepad,d
2025-11-13 19:10:17.365,*ddddddddddddddddddddddddddddddddddd - Notepad,d
2025-11-13 19:10:17.398,*ddddddddddddddddddddddddddddddddddd - Notepad,d
2025-11-13 19:10:17.433,*ddddddddddddddddddddddddddddddddddd - Notepad,d
2025-11-13 19:10:17.465,*ddddddddddddddddddddddddddddddddddd - Notepad,d
2025-11-13 19:10:17.499,*ddddddddddddddddddddddddddddddddddd - Notepad,d
2025-11-13 19:10:17.532,*ddddddddddddddddddddddddddddddddddd - Notepad,d
2025-11-13 19:10:17.564,*ddddddddddddddddddddddddddddddddddd - Notepad,d
2025-11-13 19:10:17.598,*ddddddddddddddddddddddddddddddddddd - Notepad,d
2025-11-13 19:10:17.631,*ddddddddddddddddddddddddddddddddddd - Notepad,d
2025-11-13 19:10:17.664,*ddddddddddddddddddddddddddddddddddd - Notepad,d
2025-11-13 19:10:17.697,*ddddddddddddddddddddddddddddddddddd - Notepad,d
2025-11-13 19:10:17.731,*ddddddddddddddddddddddddddddddddddd - Notepad,d
2025-11-13 19:10:17.764,*ddddddddddddddddddddddddddddddddddd - Notepad,d
2025-11-13 19:10:17.797,*ddddddddddddddddddddddddddddddddddd - Notepad,d
2025-11-13 19:10:17.830,*ddddddddddddddddddddddddddddddddddd - Notepad,d
2025-11-13 19:10:17.864,*ddddddddddddddddddddddddddddddddddd - Notepad,d
2025-11-13 19:10:17.897,*ddddddddddddddddddddddddddddddddddd - Notepad,d
2025-11-13 19:10:17.930,*ddddddddddddddddddddddddddddddddddd - Notepad,d
2025-11-13 19:10:17.964,*ddddddddddddddddddddddddddddddddddd - Notepad,d
2025-11-13 19:10:17.998,*ddddddddddddddddddddddddddddddddddd - Notepad,d
2025-11-13 19:10:18.031,*ddddddddddddddddddddddddddddddddddd - Notepad,d
2025-11-13 19:10:18.064,*ddddddddddddddddddddddddddddddddddd - Notepad,d
2025-11-13 19:10:18.098,*ddddddddddddddddddddddddddddddddddd - Notepad,d
2025-11-13 19:10:18.131,*ddddddddddddddddddddddddddddddddddd - Notepad,d
2025-11-13 19:10:18.164,*ddddddddddddddddddddddddddddddddddd - Notepad,d
2025-11-13 19:10:18.198,*ddddddddddddddddddddddddddddddddddd - Notepad,d
2025-11-13 19:10:18.231,*ddddddddddddddddddddddddddddddddddd - Notepad,d
2025-11-13 19:10:18.265,*ddddddddddddddddddddddddddddddddddd - Notepad,d
2025-11-13 19:10:18.298,*ddddddddddddddddddddddddddddddddddd - Notepad,d
2025-11-13 19:10:18.331,*ddddddddddddddddddddddddddddddddddd - Notepad,d
2025-11-13 19:10:18.364,*ddddddddddddddddddddddddddddddddddd - Notepad,d
2025-11-13 19:10:18.398,*ddddddddddddddddddddddddddddddddddd - Notepad,d
2025-11-13 19:10:18.430,*ddddddddddddddddddddddddddddddddddd - Notepad,d
2025-11-13 19:10:18.464,*ddddddddddddddddddddddddddddddddddd - Notepad,d
2025-11-13 19:10:18.497,*ddddddddddddddddddddddddddddddddddd - Notepad,d
2025-11-13 19:10:18.531,*ddddddddddddddddddddddddddddddddddd - Notepad,d
2025-11-13 19:10:18.564,*ddddddddddddddddddddddddddddddddddd - Notepad,d
2025-11-13 19:10:18.598,*ddddddddddddddddddddddddddddddddddd - Notepad,d
2025-11-13 19:10:18.631,*ddddddddddddddddddddddddddddddddddd - Notepad,d
2025-11-13 19:10:18.665,*ddddddddddddddddddddddddddddddddddd - Notepad,d
2025-11-13 19:10:18.698,*ddddddddddddddddddddddddddddddddddd - Notepad,d
2025-11-13 19:10:18.732,*ddddddddddddddddddddddddddddddddddd - Notepad,d
2025-11-13 19:10:18.766,*ddddddddddddddddddddddddddddddddddd - Notepad,d
2025-11-13 19:10:18.799,*ddddddddddddddddddddddddddddddddddd - Notepad,d
2025-11-13 19:10:18.832,*ddddddddddddddddddddddddddddddddddd - Notepad,d
2025-11-13 19:10:18.866,*ddddddddddddddddddddddddddddddddddd - Notepad,d
2025-11-13 19:10:18.899,*ddddddddddddddddddddddddddddddddddd - Notepad,d
2025-11-13 19:10:18.903,*ddddddddddddddddddddddddddddddddddd - Notepad,e
2025-11-13 19:10:18.922,*ddddddddddddddddddddddddddddddddddd - Notepad,r
2025-11-13 19:10:18.966,*ddddddddddddddddddddddddddddddddddd - Notepad,t
2025-11-13 19:10:18.995,*ddddddddddddddddddddddddddddddddddd - Notepad,y
2025-11-13 19:10:19.029,*ddddddddddddddddddddddddddddddddddd - Notepad,u
2025-11-13 19:10:19.082,*ddddddddddddddddddddddddddddddddddd - Notepad,j
2025-11-13 19:10:19.179,*ddddddddddddddddddddddddddddddddddd - Notepad,b
2025-11-13 19:10:19.317,*ddddddddddddddddddddddddddddddddddd - Notepad,k
2025-11-13 19:10:19.327,*ddddddddddddddddddddddddddddddddddd - Notepad,w
2025-11-13 19:10:19.475,*ddddddddddddddddddddddddddddddddddd - Notepad,j
2025-11-13 19:10:19.480,*ddddddddddddddddddddddddddddddddddd - Notepad,d
2025-11-13 19:10:19.522,*ddddddddddddddddddddddddddddddddddd - Notepad,v
2025-11-13 19:10:19.532,*ddddddddddddddddddddddddddddddddddd - Notepad,b
2025-11-13 19:10:19.536,*ddddddddddddddddddddddddddddddddddd - Notepad,h
2025-11-13 19:10:19.590,*ddddddddddddddddddddddddddddddddddd - Notepad,j
2025-11-13 19:10:19.620,*ddddddddddddddddddddddddddddddddddd - Notepad,u
2025-11-13 19:10:19.627,*ddddddddddddddddddddddddddddddddddd - Notepad,i
2025-11-13 19:10:19.652,*ddddddddddddddddddddddddddddddddddd - Notepad,h
2025-11-13 19:10:19.689,*ddddddddddddddddddddddddddddddddddd - Notepad,o
2025-11-13 19:10:19.693,*ddddddddddddddddddddddddddddddddddd - Notepad,j
2025-11-13 19:10:19.815,*ddddddddddddddddddddddddddddddddddd - Notepad,h
2025-11-13 19:10:19.878,*ddddddddddddddddddddddddddddddddddd - Notepad,s
2025-11-13 19:10:19.888,*ddddddddddddddddddddddddddddddddddd - Notepad,g
2025-11-13 19:10:19.915,*ddddddddddddddddddddddddddddddddddd - Notepad,d
2025-11-13 19:10:19.929,*ddddddddddddddddddddddddddddddddddd - Notepad,u
2025-11-13 19:10:19.934,*ddddddddddddddddddddddddddddddddddd - Notepad,y
2025-11-13 19:10:20.021,*ddddddddddddddddddddddddddddddddddd - Notepad,i
2025-11-13 19:10:20.111,*ddddddddddddddddddddddddddddddddddd - Notepad,n
2025-11-13 19:10:20.124,*ddddddddddddddddddddddddddddddddddd - Notepad,j
2025-11-13 19:10:20.142,*ddddddddddddddddddddddddddddddddddd - Notepad,h
2025-11-13 19:10:20.153,*ddddddddddddddddddddddddddddddddddd - Notepad,b
2025-11-13 19:10:20.226,*ddddddddddddddddddddddddddddddddddd - Notepad,g
2025-11-13 19:10:20.263,*ddddddddddddddddddddddddddddddddddd - Notepad,s
2025-11-13 19:10:20.272,*ddddddddddddddddddddddddddddddddddd - Notepad,y
2025-11-13 19:10:20.283,*ddddddddddddddddddddddddddddddddddd - Notepad,u
2025-11-13 19:10:20.369,*ddddddddddddddddddddddddddddddddddd - Notepad,i
2025-11-13 19:10:20.402,*ddddddddddddddddddddddddddddddddddd - Notepad,d
2025-11-13 19:10:20.515,*ddddddddddddddddddddddddddddddddddd - Notepad,b
2025-11-13 19:10:20.528,*ddddddddddddddddddddddddddddddddddd - Notepad,h
2025-11-13 19:10:20.529,*ddddddddddddddddddddddddddddddddddd - Notepad,j
2025-11-13 19:10:20.602,*ddddddddddddddddddddddddddddddddddd - Notepad,g
2025-11-13 19:10:20.656,*ddddddddddddddddddddddddddddddddddd - Notepad,y
2025-11-13 19:10:20.659,*ddddddddddddddddddddddddddddddddddd - Notepad,u
2025-11-13 19:10:20.665,*ddddddddddddddddddddddddddddddddddd - Notepad,s
2025-11-13 19:10:20.712,*ddddddddddddddddddddddddddddddddddd - Notepad,i
2025-11-13 19:10:20.725,*ddddddddddddddddddddddddddddddddddd - Notepad,d
2025-11-13 19:10:20.759,*ddddddddddddddddddddddddddddddddddd - Notepad,j
2025-11-13 19:10:20.814,*ddddddddddddddddddddddddddddddddddd - Notepad,v
2025-11-13 19:10:20.855,*ddddddddddddddddddddddddddddddddddd - Notepad,h
2025-11-13 19:10:20.953,*ddddddddddddddddddddddddddddddddddd - Notepad,s
2025-11-13 19:10:20.957,*ddddddddddddddddddddddddddddddddddd - Notepad,y
2025-11-13 19:10:20.958,*ddddddddddddddddddddddddddddddddddd - Notepad,g
2025-11-13 19:10:20.961,*ddddddddddddddddddddddddddddddddddd - Notepad,u
2025-11-13 19:10:20.993,*ddddddddddddddddddddddddddddddddddd - Notepad,d
2025-11-13 19:10:21.053,*ddddddddddddddddddddddddddddddddddd - Notepad,i
2025-11-13 19:10:21.069,*ddddddddddddddddddddddddddddddddddd - Notepad,o
2025-11-13 19:10:21.107,*ddddddddddddddddddddddddddddddddddd - Notepad,j
2025-11-13 19:10:21.161,*ddddddddddddddddddddddddddddddddddd - Notepad,h
2025-11-13 19:10:21.170,*ddddddddddddddddddddddddddddddddddd - Notepad,n
2025-11-13 19:10:21.195,*ddddddddddddddddddddddddddddddddddd - Notepad,j
2025-11-13 19:10:21.244,*ddddddddddddddddddddddddddddddddddd - Notepad,s
2025-11-13 19:10:21.251,*ddddddddddddddddddddddddddddddddddd - Notepad,d
2025-11-13 19:10:21.291,*ddddddddddddddddddddddddddddddddddd - Notepad,y
2025-11-13 19:10:21.310,*ddddddddddddddddddddddddddddddddddd - Notepad,u
2025-11-13 19:10:21.419,*ddddddddddddddddddddddddddddddddddd - Notepad,i
2025-11-13 19:10:21.441,*ddddddddddddddddddddddddddddddddddd - Notepad,o
2025-11-13 19:10:21.495,*ddddddddddddddddddddddddddddddddddd - Notepad,s
2025-11-13 19:10:21.514,*ddddddddddddddddddddddddddddddddddd - Notepad,h
2025-11-13 19:10:21.518,*ddddddddddddddddddddddddddddddddddd - Notepad,k
2025-11-13 19:10:21.567,*ddddddddddddddddddddddddddddddddddd - Notepad,b
2025-11-13 19:10:21.631,*ddddddddddddddddddddddddddddddddddd - Notepad,d
2025-11-13 19:10:21.656,*ddddddddddddddddddddddddddddddddddd - Notepad,g
2025-11-13 19:10:21.657,*ddddddddddddddddddddddddddddddddddd - Notepad,v
2025-11-13 19:10:21.670,*ddddddddddddddddddddddddddddddddddd - Notepad,y
2025-11-13 19:10:21.704,*ddddddddddddddddddddddddddddddddddd - Notepad,u
2025-11-13 19:10:21.777,*ddddddddddddddddddddddddddddddddddd - Notepad,s
2025-11-13 19:10:21.790,*ddddddddddddddddddddddddddddddddddd - Notepad,o
2025-11-13 19:10:21.797,*ddddddddddddddddddddddddddddddddddd - Notepad,j
2025-11-13 19:10:21.814,*ddddddddddddddddddddddddddddddddddd - Notepad,i
2025-11-13 19:10:21.856,*ddddddddddddddddddddddddddddddddddd - Notepad,n
2025-11-13 19:10:21.860,*ddddddddddddddddddddddddddddddddddd - Notepad,d
2025-11-13 19:10:21.875,*ddddddddddddddddddddddddddddddddddd - Notepad,k
2025-11-13 19:10:21.900,*ddddddddddddddddddddddddddddddddddd - Notepad,j
2025-11-13 19:10:21.942,*ddddddddddddddddddddddddddddddddddd - Notepad,v
2025-11-13 19:10:21.950,*ddddddddddddddddddddddddddddddddddd - Notepad,[space]
2025-11-13 19:10:21.966,*ddddddddddddddddddddddddddddddddddd - Notepad,h
2025-11-13 19:10:22.036,*ddddddddddddddddddddddddddddddddddd - Notepad,g
2025-11-13 19:10:22.076,*ddddddddddddddddddddddddddddddddddd - Notepad,s
2025-11-13 19:10:22.092,*ddddddddddddddddddddddddddddddddddd - Notepad,d
2025-11-13 19:10:22.096,*ddddddddddddddddddddddddddddddddddd - Notepad,y
2025-11-13 19:10:22.126,*ddddddddddddddddddddddddddddddddddd - Notepad,u
2025-11-13 19:10:22.160,*ddddddddddddddddddddddddddddddddddd - Notepad,j
2025-11-13 19:10:22.197,*ddddddddddddddddddddddddddddddddddd - Notepad,n
2025-11-13 19:10:22.201,*ddddddddddddddddddddddddddddddddddd - Notepad,c
2025-11-13 19:10:22.225,*ddddddddddddddddddddddddddddddddddd - Notepad,k
2025-11-13 19:10:22.269,*ddddddddddddddddddddddddddddddddddd - Notepad,j
2025-11-13 19:10:22.315,*ddddddddddddddddddddddddddddddddddd - Notepad,s
2025-11-13 19:10:22.339,*ddddddddddddddddddddddddddddddddddd - Notepad,h
2025-11-13 19:10:22.362,*ddddddddddddddddddddddddddddddddddd - Notepad,g
2025-11-13 19:10:22.389,*ddddddddddddddddddddddddddddddddddd - Notepad,d
2025-11-13 19:10:22.406,*ddddddddddddddddddddddddddddddddddd - Notepad,b
2025-11-13 19:10:22.427,*ddddddddddddddddddddddddddddddddddd - Notepad,y
2025-11-13 19:10:22.447,*ddddddddddddddddddddddddddddddddddd - Notepad,c
2025-11-13 19:10:22.454,*ddddddddddddddddddddddddddddddddddd - Notepad,h
2025-11-13 19:10:22.489,*ddddddddddddddddddddddddddddddddddd - Notepad,u
2025-11-13 19:10:22.490,*ddddddddddddddddddddddddddddddddddd - Notepad,i
2025-11-13 19:10:22.504,*ddddddddddddddddddddddddddddddddddd - Notepad,o
2025-11-13 19:10:22.532,*ddddddddddddddddddddddddddddddddddd - Notepad,j
2025-11-13 19:10:22.575,*ddddddddddddddddddddddddddddddddddd - Notepad,s
2025-11-13 19:10:22.586,*ddddddddddddddddddddddddddddddddddd - Notepad,d
2025-11-13 19:10:22.613,*ddddddddddddddddddddddddddddddddddd - Notepad,k
2025-11-13 19:10:22.640,*ddddddddddddddddddddddddddddddddddd - Notepad,b
2025-11-13 19:10:22.665,*ddddddddddddddddddddddddddddddddddd - Notepad,[space]
2025-11-13 19:10:22.698,*ddddddddddddddddddddddddddddddddddd - Notepad,c
2025-11-13 19:10:22.703,*ddddddddddddddddddddddddddddddddddd - Notepad,h
2025-11-13 19:10:22.713,*ddddddddddddddddddddddddddddddddddd - Notepad,g
2025-11-13 19:10:22.757,*ddddddddddddddddddddddddddddddddddd - Notepad,b
2025-11-13 19:10:22.778,*ddddddddddddddddddddddddddddddddddd - Notepad,y
2025-11-13 19:10:22.779,*ddddddddddddddddddddddddddddddddddd - Notepad,u
2025-11-13 19:10:22.822,*ddddddddddddddddddddddddddddddddddd - Notepad,s
2025-11-13 19:10:22.835,*ddddddddddddddddddddddddddddddddddd - Notepad,d
2025-11-13 19:10:22.836,*ddddddddddddddddddddddddddddddddddd - Notepad,i
2025-11-13 19:10:22.875,*ddddddddddddddddddddddddddddddddddd - Notepad,o
2025-11-13 19:10:22.878,*ddddddddddddddddddddddddddddddddddd - Notepad,j
2025-11-13 19:10:22.957,*ddddddddddddddddddddddddddddddddddd - Notepad,c
2025-11-13 19:10:22.991,*ddddddddddddddddddddddddddddddddddd - Notepad,b
2025-11-13 19:10:22.994,*ddddddddddddddddddddddddddddddddddd - Notepad,h
2025-11-13 19:10:23.010,*ddddddddddddddddddddddddddddddddddd - Notepad,[space]
2025-11-13 19:10:23.068,*ddddddddddddddddddddddddddddddddddd - Notepad,g
2025-11-13 19:10:23.073,*ddddddddddddddddddddddddddddddddddd - Notepad,s
2025-11-13 19:10:23.115,*ddddddddddddddddddddddddddddddddddd - Notepad,d
2025-11-13 19:10:23.148,*ddddddddddddddddddddddddddddddddddd - Notepad,y
2025-11-13 19:10:23.181,*ddddddddddddddddddddddddddddddddddd - Notepad,u
2025-11-13 19:10:23.193,*ddddddddddddddddddddddddddddddddddd - Notepad,c
2025-11-13 19:10:23.220,*ddddddddddddddddddddddddddddddddddd - Notepad,i
2025-11-13 19:10:23.230,*ddddddddddddddddddddddddddddddddddd - Notepad,o
2025-11-13 19:10:23.233,*ddddddddddddddddddddddddddddddddddd - Notepad,j
2025-11-13 19:10:23.290,*ddddddddddddddddddddddddddddddddddd - Notepad,k
2025-11-13 19:10:23.297,*ddddddddddddddddddddddddddddddddddd - Notepad,s
2025-11-13 19:10:23.375,*ddddddddddddddddddddddddddddddddddd - Notepad,h
2025-11-13 19:10:23.381,*ddddddddddddddddddddddddddddddddddd - Notepad,d
2025-11-13 19:10:23.410,*ddddddddddddddddddddddddddddddddddd - Notepad,c
2025-11-13 19:10:23.417,*ddddddddddddddddddddddddddddddddddd - Notepad,g
2025-11-13 19:10:23.444,*ddddddddddddddddddddddddddddddddddd - Notepad,y
2025-11-13 19:10:23.468,*ddddddddddddddddddddddddddddddddddd - Notepad,b
2025-11-13 19:10:23.485,*ddddddddddddddddddddddddddddddddddd - Notepad,u
2025-11-13 19:10:23.536,*ddddddddddddddddddddddddddddddddddd - Notepad,s
2025-11-13 19:10:23.537,*ddddddddddddddddddddddddddddddddddd - Notepad,i
2025-11-13 19:10:23.575,*ddddddddddddddddddddddddddddddddddd - Notepad,j
2025-11-13 19:10:23.582,*ddddddddddddddddddddddddddddddddddd - Notepad,d
2025-11-13 19:10:23.673,*ddddddddddddddddddddddddddddddddddd - Notepad,c
2025-11-13 19:10:23.691,*ddddddddddddddddddddddddddddddddddd - Notepad,h
2025-11-13 19:10:23.754,*ddddddddddddddddddddddddddddddddddd - Notepad,g
2025-11-13 19:10:23.771,*ddddddddddddddddddddddddddddddddddd - Notepad,s
2025-11-13 19:10:23.803,*ddddddddddddddddddddddddddddddddddd - Notepad,y
2025-11-13 19:10:23.812,*ddddddddddddddddddddddddddddddddddd - Notepad,d
2025-11-13 19:10:23.823,*ddddddddddddddddddddddddddddddddddd - Notepad,u
2025-11-13 19:10:23.889,*ddddddddddddddddddddddddddddddddddd - Notepad,i
2025-11-13 19:10:23.891,*ddddddddddddddddddddddddddddddddddd - Notepad,c
2025-11-13 19:10:23.932,*ddddddddddddddddddddddddddddddddddd - Notepad,j
2025-11-13 19:10:23.933,*ddddddddddddddddddddddddddddddddddd - Notepad,o
2025-11-13 19:10:24.014,*ddddddddddddddddddddddddddddddddddd - Notepad,k
2025-11-13 19:10:24.021,*ddddddddddddddddddddddddddddddddddd - Notepad,s
2025-11-13 19:10:24.021,*ddddddddddddddddddddddddddddddddddd - Notepad,d
2025-11-13 19:10:24.047,*ddddddddddddddddddddddddddddddddddd - Notepad,b
2025-11-13 19:10:24.065,*ddddddddddddddddddddddddddddddddddd - Notepad,[space]
2025-11-13 19:10:24.083,*ddddddddddddddddddddddddddddddddddd - Notepad,h
2025-11-13 19:10:24.143,*ddddddddddddddddddddddddddddddddddd - Notepad,g
2025-11-13 19:10:24.152,*ddddddddddddddddddddddddddddddddddd - Notepad,c
2025-11-13 19:10:24.203,*ddddddddddddddddddddddddddddddddddd - Notepad,y
2025-11-13 19:10:24.235,*ddddddddddddddddddddddddddddddddddd - Notepad,u
2025-11-13 19:10:24.239,*ddddddddddddddddddddddddddddddddddd - Notepad,i
2025-11-13 19:10:24.245,*ddddddddddddddddddddddddddddddddddd - Notepad,s
2025-11-13 19:10:24.273,*ddddddddddddddddddddddddddddddddddd - Notepad,d
2025-11-13 19:10:24.273,*ddddddddddddddddddddddddddddddddddd - Notepad,o
2025-11-13 19:10:24.276,*ddddddddddddddddddddddddddddddddddd - Notepad,j
2025-11-13 19:10:24.368,*ddddddddddddddddddddddddddddddddddd - Notepad,c
2025-11-13 19:10:24.385,*ddddddddddddddddddddddddddddddddddd - Notepad,h
2025-11-13 19:10:24.392,*ddddddddddddddddddddddddddddddddddd - Notepad,b
2025-11-13 19:10:24.399,*ddddddddddddddddddddddddddddddddddd - Notepad,[space]
2025-11-13 19:10:24.435,*ddddddddddddddddddddddddddddddddddd - Notepad,v
2025-11-13 19:10:24.472,*ddddddddddddddddddddddddddddddddddd - Notepad,s
2025-11-13 19:10:24.486,*ddddddddddddddddddddddddddddddddddd - Notepad,g
2025-11-13 19:10:24.526,*ddddddddddddddddddddddddddddddddddd - Notepad,d
2025-11-13 19:10:24.537,*ddddddddddddddddddddddddddddddddddd - Notepad,u
2025-11-13 19:10:24.544,*ddddddddddddddddddddddddddddddddddd - Notepad,y
2025-11-13 19:10:24.587,*ddddddddddddddddddddddddddddddddddd - Notepad,i
2025-11-13 19:10:24.598,*ddddddddddddddddddddddddddddddddddd - Notepad,c
2025-11-13 19:10:24.618,*ddddddddddddddddddddddddddddddddddd - Notepad,j
2025-11-13 19:10:24.622,*ddddddddddddddddddddddddddddddddddd - Notepad,n
2025-11-13 19:10:24.705,*ddddddddddddddddddddddddddddddddddd - Notepad,j
2025-11-13 19:10:24.714,*ddddddddddddddddddddddddddddddddddd - Notepad,b
2025-11-13 19:10:24.745,*ddddddddddddddddddddddddddddddddddd - Notepad,h
2025-11-13 19:10:24.751,*ddddddddddddddddddddddddddddddddddd - Notepad,s
2025-11-13 19:10:24.756,*ddddddddddddddddddddddddddddddddddd - Notepad,d
2025-11-13 19:10:24.838,*ddddddddddddddddddddddddddddddddddd - Notepad,y
2025-11-13 19:10:24.839,*ddddddddddddddddddddddddddddddddddd - Notepad,c
2025-11-13 19:10:24.840,*ddddddddddddddddddddddddddddddddddd - Notepad,g
2025-11-13 19:10:24.867,*ddddddddddddddddddddddddddddddddddd - Notepad,u
2025-11-13 19:10:24.917,*ddddddddddddddddddddddddddddddddddd - Notepad,i
2025-11-13 19:10:24.947,*ddddddddddddddddddddddddddddddddddd - Notepad,s
2025-11-13 19:10:24.958,*ddddddddddddddddddddddddddddddddddd - Notepad,d
2025-11-13 19:10:24.997,*ddddddddddddddddddddddddddddddddddd - Notepad,k
2025-11-13 19:10:25.024,*ddddddddddddddddddddddddddddddddddd - Notepad,j
2025-11-13 19:10:25.048,*ddddddddddddddddddddddddddddddddddd - Notepad,b
2025-11-13 19:10:25.053,*ddddddddddddddddddddddddddddddddddd - Notepad,h
2025-11-13 19:10:25.063,*ddddddddddddddddddddddddddddddddddd - Notepad,c
2025-11-13 19:10:25.097,*ddddddddddddddddddddddddddddddddddd - Notepad,[space]
2025-11-13 19:10:25.101,*ddddddddddddddddddddddddddddddddddd - Notepad,v
2025-11-13 19:10:25.165,*ddddddddddddddddddddddddddddddddddd - Notepad,g
2025-11-13 19:10:25.182,*ddddddddddddddddddddddddddddddddddd - Notepad,s
2025-11-13 19:10:25.199,*ddddddddddddddddddddddddddddddddddd - Notepad,d
2025-11-13 19:10:25.229,*ddddddddddddddddddddddddddddddddddd - Notepad,h
2025-11-13 19:10:25.335,*ddddddddddddddddddddddddddddddddddd - Notepad,c
2025-11-13 19:10:25.359,*ddddddddddddddddddddddddddddddddddd - Notepad,j
2025-11-13 19:10:25.380,*ddddddddddddddddddddddddddddddddddd - Notepad,b
2025-11-13 19:10:25.385,*ddddddddddddddddddddddddddddddddddd - Notepad,h
2025-11-13 19:10:25.427,*ddddddddddddddddddddddddddddddddddd - Notepad,[space]
2025-11-13 19:10:25.441,*ddddddddddddddddddddddddddddddddddd - Notepad,v
2025-11-13 19:10:25.464,*ddddddddddddddddddddddddddddddddddd - Notepad,s
2025-11-13 19:10:25.485,*ddddddddddddddddddddddddddddddddddd - Notepad,d
2025-11-13 19:10:25.518,*ddddddddddddddddddddddddddddddddddd - Notepad,g
2025-11-13 19:10:25.519,*ddddddddddddddddddddddddddddddddddd - Notepad,y
2025-11-13 19:10:25.556,*ddddddddddddddddddddddddddddddddddd - Notepad,u
2025-11-13 19:10:25.589,*ddddddddddddddddddddddddddddddddddd - Notepad,h
2025-11-13 19:10:25.593,*ddddddddddddddddddddddddddddddddddd - Notepad,c
2025-11-13 19:10:25.627,*ddddddddddddddddddddddddddddddddddd - Notepad,k
2025-11-13 19:10:25.635,*ddddddddddddddddddddddddddddddddddd - Notepad,n
2025-11-13 19:10:25.700,*ddddddddddddddddddddddddddddddddddd - Notepad,j
2025-11-13 19:10:25.706,*ddddddddddddddddddddddddddddddddddd - Notepad,b
2025-11-13 19:10:25.722,*ddddddddddddddddddddddddddddddddddd - Notepad,s
2025-11-13 19:10:25.730,*ddddddddddddddddddddddddddddddddddd - Notepad,h
2025-11-13 19:10:25.761,*ddddddddddddddddddddddddddddddddddd - Notepad,n
2025-11-13 19:10:25.775,*ddddddddddddddddddddddddddddddddddd - Notepad,v
2025-11-13 19:10:25.789,*ddddddddddddddddddddddddddddddddddd - Notepad,[space]
2025-11-13 19:10:25.793,*ddddddddddddddddddddddddddddddddddd - Notepad,d
2025-11-13 19:10:25.868,*ddddddddddddddddddddddddddddddddddd - Notepad,g
2025-11-13 19:10:25.869,*ddddddddddddddddddddddddddddddddddd - Notepad,c
2025-11-13 19:10:25.905,*ddddddddddddddddddddddddddddddddddd - Notepad,b
2025-11-13 19:10:25.911,*ddddddddddddddddddddddddddddddddddd - Notepad,h
2025-11-13 19:10:25.956,*ddddddddddddddddddddddddddddddddddd - Notepad,k
2025-11-13 19:10:25.966,*ddddddddddddddddddddddddddddddddddd - Notepad,n
2025-11-13 19:10:25.979,*ddddddddddddddddddddddddddddddddddd - Notepad,s
2025-11-13 19:10:25.986,*ddddddddddddddddddddddddddddddddddd - Notepad,d
2025-11-13 19:10:26.037,*ddddddddddddddddddddddddddddddddddd - Notepad,j
2025-11-13 19:10:26.056,*ddddddddddddddddddddddddddddddddddd - Notepad,b
2025-11-13 19:10:26.104,*ddddddddddddddddddddddddddddddddddd - Notepad,h
2025-11-13 19:10:26.105,*ddddddddddddddddddddddddddddddddddd - Notepad,c
2025-11-13 19:10:26.144,*ddddddddddddddddddddddddddddddddddd - Notepad,g
2025-11-13 19:10:26.221,*ddddddddddddddddddddddddddddddddddd - Notepad,s
2025-11-13 19:10:26.234,*ddddddddddddddddddddddddddddddddddd - Notepad,d
2025-11-13 19:10:26.248,*ddddddddddddddddddddddddddddddddddd - Notepad,h
2025-11-13 19:10:26.346,*ddddddddddddddddddddddddddddddddddd - Notepad,j
2025-11-13 19:10:26.348,*ddddddddddddddddddddddddddddddddddd - Notepad,c
2025-11-13 19:10:26.396,*ddddddddddddddddddddddddddddddddddd - Notepad,b
2025-11-13 19:10:26.422,*ddddddddddddddddddddddddddddddddddd - Notepad,h
2025-11-13 19:10:26.460,*ddddddddddddddddddddddddddddddddddd - Notepad,s
2025-11-13 19:10:26.473,*ddddddddddddddddddddddddddddddddddd - Notepad,d
2025-11-13 19:10:26.493,*ddddddddddddddddddddddddddddddddddd - Notepad,g
2025-11-13 19:10:26.574,*ddddddddddddddddddddddddddddddddddd - Notepad,c
2025-11-13 19:10:26.588,*ddddddddddddddddddddddddddddddddddd - Notepad,h
2025-11-13 19:10:26.674,*ddddddddddddddddddddddddddddddddddd - Notepad,j
2025-11-13 19:10:26.678,*ddddddddddddddddddddddddddddddddddd - Notepad,k
2025-11-13 19:10:26.701,*ddddddddddddddddddddddddddddddddddd - Notepad,s
2025-11-13 19:10:26.711,*ddddddddddddddddddddddddddddddddddd - Notepad,d
2025-11-13 19:10:26.731,*ddddddddddddddddddddddddddddddddddd - Notepad,b
2025-11-13 19:10:26.800,*ddddddddddddddddddddddddddddddddddd - Notepad,h
2025-11-13 19:10:26.818,*ddddddddddddddddddddddddddddddddddd - Notepad,g
2025-11-13 19:10:26.825,*ddddddddddddddddddddddddddddddddddd - Notepad,c
2025-11-13 19:10:26.893,*ddddddddddddddddddddddddddddddddddd - Notepad,u
2025-11-13 19:10:26.905,*ddddddddddddddddddddddddddddddddddd - Notepad,h
2025-11-13 19:10:26.939,*ddddddddddddddddddddddddddddddddddd - Notepad,s
2025-11-13 19:10:26.950,*ddddddddddddddddddddddddddddddddddd - Notepad,d
2025-11-13 19:10:26.960,*ddddddddddddddddddddddddddddddddddd - Notepad,n
2025-11-13 19:10:26.986,*ddddddddddddddddddddddddddddddddddd - Notepad,k
2025-11-13 19:10:27.057,*ddddddddddddddddddddddddddddddddddd - Notepad,b
2025-11-13 19:10:27.076,*ddddddddddddddddddddddddddddddddddd - Notepad,j
2025-11-13 19:10:27.077,*ddddddddddddddddddddddddddddddddddd - Notepad,c
2025-11-13 19:10:27.175,*ddddddddddddddddddddddddddddddddddd - Notepad,s
2025-11-13 19:10:27.186,*ddddddddddddddddddddddddddddddddddd - Notepad,d
2025-11-13 19:10:27.189,*ddddddddddddddddddddddddddddddddddd - Notepad,g
2025-11-13 19:10:27.200,*ddddddddddddddddddddddddddddddddddd - Notepad,y
2025-11-13 19:10:27.227,*ddddddddddddddddddddddddddddddddddd - Notepad,u
2025-11-13 19:10:27.228,*ddddddddddddddddddddddddddddddddddd - Notepad,b
2025-11-13 19:10:27.291,*ddddddddddddddddddddddddddddddddddd - Notepad,c
2025-11-13 19:10:27.293,*ddddddddddddddddddddddddddddddddddd - Notepad,i
2025-11-13 19:10:27.332,*ddddddddddddddddddddddddddddddddddd - Notepad,h
2025-11-13 19:10:27.336,*ddddddddddddddddddddddddddddddddddd - Notepad,n
2025-11-13 19:10:27.349,*ddddddddddddddddddddddddddddddddddd - Notepad,k
2025-11-13 19:10:27.404,*ddddddddddddddddddddddddddddddddddd - Notepad,b
2025-11-13 19:10:27.453,*ddddddddddddddddddddddddddddddddddd - Notepad,d
2025-11-13 19:10:27.454,*ddddddddddddddddddddddddddddddddddd - Notepad,s
2025-11-13 19:10:27.473,*ddddddddddddddddddddddddddddddddddd - Notepad,g
2025-11-13 19:10:27.517,*ddddddddddddddddddddddddddddddddddd - Notepad,y
2025-11-13 19:10:27.521,*ddddddddddddddddddddddddddddddddddd - Notepad,c
2025-11-13 19:10:27.554,*ddddddddddddddddddddddddddddddddddd - Notepad,u
2025-11-13 19:10:27.615,*ddddddddddddddddddddddddddddddddddd - Notepad,i
2025-11-13 19:10:27.624,*ddddddddddddddddddddddddddddddddddd - Notepad,s
2025-11-13 19:10:27.629,*ddddddddddddddddddddddddddddddddddd - Notepad,d
2025-11-13 19:10:27.658,*ddddddddddddddddddddddddddddddddddd - Notepad,h
2025-11-13 19:10:27.672,*ddddddddddddddddddddddddddddddddddd - Notepad,n
2025-11-13 19:10:27.683,*ddddddddddddddddddddddddddddddddddd - Notepad,k
2025-11-13 19:10:27.721,*ddddddddddddddddddddddddddddddddddd - Notepad,j
2025-11-13 19:10:27.730,*ddddddddddddddddddddddddddddddddddd - Notepad,b
2025-11-13 19:10:27.735,*ddddddddddddddddddddddddddddddddddd - Notepad,c
2025-11-13 19:10:27.838,*ddddddddddddddddddddddddddddddddddd - Notepad,g
2025-11-13 19:10:27.843,*ddddddddddddddddddddddddddddddddddd - Notepad,s
2025-11-13 19:10:27.845,*ddddddddddddddddddddddddddddddddddd - Notepad,d
2025-11-13 19:10:27.848,*ddddddddddddddddddddddddddddddddddd - Notepad,y
2025-11-13 19:10:27.882,*ddddddddddddddddddddddddddddddddddd - Notepad,u
2025-11-13 19:10:27.931,*ddddddddddddddddddddddddddddddddddd - Notepad,i
2025-11-13 19:10:27.963,*ddddddddddddddddddddddddddddddddddd - Notepad,c
2025-11-13 19:10:28.020,*ddddddddddddddddddddddddddddddddddd - Notepad,h
2025-11-13 19:10:28.029,*ddddddddddddddddddddddddddddddddddd - Notepad,k
2025-11-13 19:10:28.051,*ddddddddddddddddddddddddddddddddddd - Notepad,j
2025-11-13 19:10:28.120,*ddddddddddddddddddddddddddddddddddd - Notepad,b
2025-11-13 19:10:28.128,*ddddddddddddddddddddddddddddddddddd - Notepad,d
2025-11-13 19:10:28.129,*ddddddddddddddddddddddddddddddddddd - Notepad,s
2025-11-13 19:10:28.130,*ddddddddddddddddddddddddddddddddddd - Notepad,g
2025-11-13 19:10:28.200,*ddddddddddddddddddddddddddddddddddd - Notepad,c
2025-11-13 19:10:28.226,*ddddddddddddddddddddddddddddddddddd - Notepad,y
2025-11-13 19:10:28.250,*ddddddddddddddddddddddddddddddddddd - Notepad,u
2025-11-13 19:10:28.265,*ddddddddddddddddddddddddddddddddddd - Notepad,i
2025-11-13 19:10:28.311,*ddddddddddddddddddddddddddddddddddd - Notepad,s
2025-11-13 19:10:28.313,*ddddddddddddddddddddddddddddddddddd - Notepad,d
2025-11-13 19:10:28.337,*ddddddddddddddddddddddddddddddddddd - Notepad,h
2025-11-13 19:10:28.463,*ddddddddddddddddddddddddddddddddddd - Notepad,c
2025-11-13 19:10:28.474,*ddddddddddddddddddddddddddddddddddd - Notepad,y
2025-11-13 19:10:28.475,*ddddddddddddddddddddddddddddddddddd - Notepad,g
2025-11-13 19:10:28.475,*ddddddddddddddddddddddddddddddddddd - Notepad,b
2025-11-13 19:10:28.526,*ddddddddddddddddddddddddddddddddddd - Notepad,u
2025-11-13 19:10:28.551,*ddddddddddddddddddddddddddddddddddd - Notepad,y
2025-11-13 19:10:28.580,*ddddddddddddddddddddddddddddddddddd - Notepad,i
2025-11-13 19:10:28.586,*ddddddddddddddddddddddddddddddddddd - Notepad,s
2025-11-13 19:10:28.587,*ddddddddddddddddddddddddddddddddddd - Notepad,d
2025-11-13 19:10:28.625,*ddddddddddddddddddddddddddddddddddd - Notepad,j
2025-11-13 19:10:28.712,*ddddddddddddddddddddddddddddddddddd - Notepad,h
2025-11-13 19:10:28.715,*ddddddddddddddddddddddddddddddddddd - Notepad,c
2025-11-13 19:10:28.725,*ddddddddddddddddddddddddddddddddddd - Notepad,b
2025-11-13 19:10:28.792,*ddddddddddddddddddddddddddddddddddd - Notepad,g
2025-11-13 19:10:28.801,*ddddddddddddddddddddddddddddddddddd - Notepad,y
2025-11-13 19:10:28.809,*ddddddddddddddddddddddddddddddddddd - Notepad,s
2025-11-13 19:10:28.826,*ddddddddddddddddddddddddddddddddddd - Notepad,d
2025-11-13 19:10:28.830,*ddddddddddddddddddddddddddddddddddd - Notepad,u
2025-11-13 19:10:28.900,*ddddddddddddddddddddddddddddddddddd - Notepad,i
2025-11-13 19:10:28.953,*ddddddddddddddddddddddddddddddddddd - Notepad,c
2025-11-13 19:10:28.954,*ddddddddddddddddddddddddddddddddddd - Notepad,j
2025-11-13 19:10:28.955,*ddddddddddddddddddddddddddddddddddd - Notepad,n
2025-11-13 19:10:28.970,*ddddddddddddddddddddddddddddddddddd - Notepad,k
2025-11-13 19:10:29.011,*ddddddddddddddddddddddddddddddddddd - Notepad,h
2025-11-13 19:10:29.098,*ddddddddddddddddddddddddddddddddddd - Notepad,g
2025-11-13 19:10:29.099,*ddddddddddddddddddddddddddddddddddd - Notepad,s
2025-11-13 19:10:29.102,*ddddddddddddddddddddddddddddddddddd - Notepad,d
2025-11-13 19:10:29.124,*ddddddddddddddddddddddddddddddddddd - Notepad,b
2025-11-13 19:10:29.134,*ddddddddddddddddddddddddddddddddddd - Notepad,y
2025-11-13 19:10:29.173,*ddddddddddddddddddddddddddddddddddd - Notepad,u
2025-11-13 19:10:29.181,*ddddddddddddddddddddddddddddddddddd - Notepad,c
2025-11-13 19:10:29.219,*ddddddddddddddddddddddddddddddddddd - Notepad,i
2025-11-13 19:10:29.272,*ddddddddddddddddddddddddddddddddddd - Notepad,j
2025-11-13 19:10:29.288,*ddddddddddddddddddddddddddddddddddd - Notepad,s
2025-11-13 19:10:29.333,*ddddddddddddddddddddddddddddddddddd - Notepad,d
2025-11-13 19:10:29.362,*ddddddddddddddddddddddddddddddddddd - Notepad,b
2025-11-13 19:10:29.412,*ddddddddddddddddddddddddddddddddddd - Notepad,c
2025-11-13 19:10:29.448,*ddddddddddddddddddddddddddddddddddd - Notepad,g
2025-11-13 19:10:29.503,*ddddddddddddddddddddddddddddddddddd - Notepad,u
2025-11-13 19:10:29.508,*ddddddddddddddddddddddddddddddddddd - Notepad,s
2025-11-13 19:10:29.519,*ddddddddddddddddddddddddddddddddddd - Notepad,h
2025-11-13 19:10:29.533,*ddddddddddddddddddddddddddddddddddd - Notepad,i
2025-11-13 19:10:29.536,*ddddddddddddddddddddddddddddddddddd - Notepad,d
2025-11-13 19:10:29.564,*ddddddddddddddddddddddddddddddddddd - Notepad,j
2025-11-13 19:10:29.615,*ddddddddddddddddddddddddddddddddddd - Notepad,c
2025-11-13 19:10:29.616,*ddddddddddddddddddddddddddddddddddd - Notepad,k
2025-11-13 19:10:29.663,*ddddddddddddddddddddddddddddddddddd - Notepad,h
2025-11-13 19:10:29.716,*ddddddddddddddddddddddddddddddddddd - Notepad,s
2025-11-13 19:10:29.729,*ddddddddddddddddddddddddddddddddddd - Notepad,g
2025-11-13 19:10:29.733,*ddddddddddddddddddddddddddddddddddd - Notepad,d
2025-11-13 19:10:29.834,*ddddddddddddddddddddddddddddddddddd - Notepad,c
2025-11-13 19:10:29.845,*ddddddddddddddddddddddddddddddddddd - Notepad,u
2025-11-13 19:10:29.854,*ddddddddddddddddddddddddddddddddddd - Notepad,i
2025-11-13 19:10:29.899,*ddddddddddddddddddddddddddddddddddd - Notepad,k
2025-11-13 19:10:29.912,*ddddddddddddddddddddddddddddddddddd - Notepad,h
2025-11-13 19:10:29.943,*ddddddddddddddddddddddddddddddddddd - Notepad,n
2025-11-13 19:10:30.006,*ddddddddddddddddddddddddddddddddddd - Notepad,d
2025-11-13 19:10:30.007,*ddddddddddddddddddddddddddddddddddd - Notepad,s
2025-11-13 19:10:30.033,*ddddddddddddddddddddddddddddddddddd - Notepad,g
2025-11-13 19:10:30.086,*ddddddddddddddddddddddddddddddddddd - Notepad,c
2025-11-13 19:10:30.087,*ddddddddddddddddddddddddddddddddddd - Notepad,b
2025-11-13 19:10:30.107,*ddddddddddddddddddddddddddddddddddd - Notepad,y
2025-11-13 19:10:30.119,*ddddddddddddddddddddddddddddddddddd - Notepad,u
2025-11-13 19:10:30.129,*ddddddddddddddddddddddddddddddddddd - Notepad,h
2025-11-13 19:10:30.202,*ddddddddddddddddddddddddddddddddddd - Notepad,s
2025-11-13 19:10:30.211,*ddddddddddddddddddddddddddddddddddd - Notepad,d
2025-11-13 19:10:30.225,*ddddddddddddddddddddddddddddddddddd - Notepad,h
2025-11-13 19:10:30.278,*ddddddddddddddddddddddddddddddddddd - Notepad,b
2025-11-13 19:10:30.322,*ddddddddddddddddddddddddddddddddddd - Notepad,c
2025-11-13 19:10:30.389,*ddddddddddddddddddddddddddddddddddd - Notepad,g
2025-11-13 19:10:30.432,*ddddddddddddddddddddddddddddddddddd - Notepad,h
2025-11-13 19:10:30.438,*ddddddddddddddddddddddddddddddddddd - Notepad,s
2025-11-13 19:10:30.443,*ddddddddddddddddddddddddddddddddddd - Notepad,d
2025-11-13 19:10:30.533,*ddddddddddddddddddddddddddddddddddd - Notepad,c
2025-11-13 19:10:30.543,*ddddddddddddddddddddddddddddddddddd - Notepad,h
2025-11-13 19:10:30.550,*ddddddddddddddddddddddddddddddddddd - Notepad,j
2025-11-13 19:10:30.587,*ddddddddddddddddddddddddddddddddddd - Notepad,b
2025-11-13 19:10:30.650,*ddddddddddddddddddddddddddddddddddd - Notepad,s
2025-11-13 19:10:30.655,*ddddddddddddddddddddddddddddddddddd - Notepad,d
2025-11-13 19:10:30.695,*ddddddddddddddddddddddddddddddddddd - Notepad,g
2025-11-13 19:10:30.759,*ddddddddddddddddddddddddddddddddddd - Notepad,c
2025-11-13 19:10:30.865,*ddddddddddddddddddddddddddddddddddd - Notepad,s
2025-11-13 19:10:30.875,*ddddddddddddddddddddddddddddddddddd - Notepad,d
2025-11-13 19:10:30.901,*ddddddddddddddddddddddddddddddddddd - Notepad,b
2025-11-13 19:10:30.908,*ddddddddddddddddddddddddddddddddddd - Notepad,h
2025-11-13 19:10:30.931,*ddddddddddddddddddddddddddddddddddd - Notepad,[space]
2025-11-13 19:10:30.969,*ddddddddddddddddddddddddddddddddddd - Notepad,c
2025-11-13 19:10:31.014,*ddddddddddddddddddddddddddddddddddd - Notepad,g
2025-11-13 19:10:31.055,*ddddddddddddddddddddddddddddddddddd - Notepad,h
2025-11-13 19:10:31.089,*ddddddddddddddddddddddddddddddddddd - Notepad,s
2025-11-13 19:10:31.092,*ddddddddddddddddddddddddddddddddddd - Notepad,n
2025-11-13 19:10:31.099,*ddddddddddddddddddddddddddddddddddd - Notepad,d
2025-11-13 19:10:31.119,*ddddddddddddddddddddddddddddddddddd - Notepad,k
2025-11-13 19:10:31.171,*ddddddddddddddddddddddddddddddddddd - Notepad,j
2025-11-13 19:10:31.190,*ddddddddddddddddddddddddddddddddddd - Notepad,b
2025-11-13 19:10:31.212,*ddddddddddddddddddddddddddddddddddd - Notepad,c
2025-11-13 19:10:31.306,*ddddddddddddddddddddddddddddddddddd - Notepad,s
2025-11-13 19:10:31.339,*ddddddddddddddddddddddddddddddddddd - Notepad,d
2025-11-13 19:10:31.356,*ddddddddddddddddddddddddddddddddddd - Notepad,h
2025-11-13 19:10:31.370,*ddddddddddddddddddddddddddddddddddd - Notepad,u
2025-11-13 19:10:31.378,*ddddddddddddddddddddddddddddddddddd - Notepad,k
2025-11-13 19:10:31.385,*ddddddddddddddddddddddddddddddddddd - Notepad,n
2025-11-13 19:10:31.450,*ddddddddddddddddddddddddddddddddddd - Notepad,c
2025-11-13 19:10:31.500,*ddddddddddddddddddddddddddddddddddd - Notepad,j
2025-11-13 19:10:31.501,*ddddddddddddddddddddddddddddddddddd - Notepad,b
2025-11-13 19:10:31.623,*ddddddddddddddddddddddddddddddddddd - Notepad,d
2025-11-13 19:10:31.626,*ddddddddddddddddddddddddddddddddddd - Notepad,s
2025-11-13 19:10:31.680,*ddddddddddddddddddddddddddddddddddd - Notepad,h
2025-11-13 19:10:31.682,*ddddddddddddddddddddddddddddddddddd - Notepad,u
2025-11-13 19:10:31.684,*ddddddddddddddddddddddddddddddddddd - Notepad,c
2025-11-13 19:10:31.694,*ddddddddddddddddddddddddddddddddddd - Notepad,k
2025-11-13 19:10:31.732,*ddddddddddddddddddddddddddddddddddd - Notepad,n
2025-11-13 19:10:31.774,*ddddddddddddddddddddddddddddddddddd - Notepad,j
2025-11-13 19:10:31.794,*ddddddddddddddddddddddddddddddddddd - Notepad,b
2025-11-13 19:10:31.805,*ddddddddddddddddddddddddddddddddddd - Notepad,s
2025-11-13 19:10:31.826,*ddddddddddddddddddddddddddddddddddd - Notepad,d
2025-11-13 19:10:31.830,*ddddddddddddddddddddddddddddddddddd - Notepad,n
2025-11-13 19:10:31.850,*ddddddddddddddddddddddddddddddddddd - Notepad,v
2025-11-13 19:10:31.938,*ddddddddddddddddddddddddddddddddddd - Notepad,g
2025-11-13 19:10:31.941,*ddddddddddddddddddddddddddddddddddd - Notepad,c
2025-11-13 19:10:31.971,*ddddddddddddddddddddddddddddddddddd - Notepad,h
2025-11-13 19:10:32.019,*ddddddddddddddddddddddddddddddddddd - Notepad,j
2025-11-13 19:10:32.082,*ddddddddddddddddddddddddddddddddddd - Notepad,b
2025-11-13 19:10:32.083,*ddddddddddddddddddddddddddddddddddd - Notepad,s
2025-11-13 19:10:32.084,*ddddddddddddddddddddddddddddddddddd - Notepad,d
2025-11-13 19:10:32.112,*ddddddddddddddddddddddddddddddddddd - Notepad,h
2025-11-13 19:10:32.162,*ddddddddddddddddddddddddddddddddddd - Notepad,n
2025-11-13 19:10:32.202,*ddddddddddddddddddddddddddddddddddd - Notepad,c
2025-11-13 19:10:32.235,*ddddddddddddddddddddddddddddddddddd - Notepad,b
2025-11-13 19:10:32.241,*ddddddddddddddddddddddddddddddddddd - Notepad,j
2025-11-13 19:10:32.378,*ddddddddddddddddddddddddddddddddddd - Notepad,s
2025-11-13 19:10:32.379,*ddddddddddddddddddddddddddddddddddd - Notepad,d
2025-11-13 19:10:32.381,*ddddddddddddddddddddddddddddddddddd - Notepad,j
2025-11-13 19:10:32.383,*ddddddddddddddddddddddddddddddddddd - Notepad,b
2025-11-13 19:10:32.407,*ddddddddddddddddddddddddddddddddddd - Notepad,h
2025-11-13 19:10:32.431,*ddddddddddddddddddddddddddddddddddd - Notepad,n
2025-11-13 19:10:32.438,*ddddddddddddddddddddddddddddddddddd - Notepad,c
2025-11-13 19:10:32.559,*ddddddddddddddddddddddddddddddddddd - Notepad,s
2025-11-13 19:10:32.564,*ddddddddddddddddddddddddddddddddddd - Notepad,d
2025-11-13 19:10:32.566,*ddddddddddddddddddddddddddddddddddd - Notepad,h
2025-11-13 19:10:32.580,*ddddddddddddddddddddddddddddddddddd - Notepad,n
2025-11-13 19:10:32.673,*ddddddddddddddddddddddddddddddddddd - Notepad,b
2025-11-13 19:10:32.694,*ddddddddddddddddddddddddddddddddddd - Notepad,c
2025-11-13 19:10:32.830,*ddddddddddddddddddddddddddddddddddd - Notepad,s
2025-11-13 19:10:32.847,*ddddddddddddddddddddddddddddddddddd - Notepad,d
2025-11-13 19:10:32.850,*ddddddddddddddddddddddddddddddddddd - Notepad,h
2025-11-13 19:10:32.861,*ddddddddddddddddddddddddddddddddddd - Notepad,n
2025-11-13 19:10:32.937,*ddddddddddddddddddddddddddddddddddd - Notepad,c
2025-11-13 19:10:32.952,*ddddddddddddddddddddddddddddddddddd - Notepad,j
2025-11-13 19:10:32.964,*ddddddddddddddddddddddddddddddddddd - Notepad,b
2025-11-13 19:10:33.028,*ddddddddddddddddddddddddddddddddddd - Notepad,n
2025-11-13 19:10:33.064,*ddddddddddddddddddddddddddddddddddd - Notepad,s
2025-11-13 19:10:33.101,*ddddddddddddddddddddddddddddddddddd - Notepad,b
2025-11-13 19:10:33.115,*ddddddddddddddddddddddddddddddddddd - Notepad,c
2025-11-13 19:10:33.188,*ddddddddddddddddddddddddddddddddddd - Notepad,n
2025-11-13 19:10:33.235,*ddddddddddddddddddddddddddddddddddd - Notepad,j
2025-11-13 19:10:33.252,*ddddddddddddddddddddddddddddddddddd - Notepad,b
2025-11-13 19:10:33.302,*ddddddddddddddddddddddddddddddddddd - Notepad,n
2025-11-13 19:10:33.325,*ddddddddddddddddddddddddddddddddddd - Notepad,s
2025-11-13 19:10:33.326,*ddddddddddddddddddddddddddddddddddd - Notepad,d
2025-11-13 19:10:33.406,*ddddddddddddddddddddddddddddddddddd - Notepad,c
2025-11-13 19:10:33.462,*ddddddddddddddddddddddddddddddddddd - Notepad,j
2025-11-13 19:10:33.467,*ddddddddddddddddddddddddddddddddddd - Notepad,h
2025-11-13 19:10:33.505,*ddddddddddddddddddddddddddddddddddd - Notepad,n
2025-11-13 19:10:33.533,*ddddddddddddddddddddddddddddddddddd - Notepad,b
2025-11-13 19:10:33.554,*ddddddddddddddddddddddddddddddddddd - Notepad,d
2025-11-13 19:10:33.558,*ddddddddddddddddddddddddddddddddddd - Notepad,c
2025-11-13 19:10:33.567,*ddddddddddddddddddddddddddddddddddd - Notepad,h
2025-11-13 19:10:33.731,*ddddddddddddddddddddddddddddddddddd - Notepad,b
2025-11-13 19:10:33.747,*ddddddddddddddddddddddddddddddddddd - Notepad,h
2025-11-13 19:10:33.765,*ddddddddddddddddddddddddddddddddddd - Notepad,j
2025-11-13 19:10:33.798,*ddddddddddddddddddddddddddddddddddd - Notepad,s
2025-11-13 19:10:33.803,*ddddddddddddddddddddddddddddddddddd - Notepad,d
2025-11-13 19:10:33.825,*ddddddddddddddddddddddddddddddddddd - Notepad,b
2025-11-13 19:10:33.875,*ddddddddddddddddddddddddddddddddddd - Notepad,h
2025-11-13 19:10:33.893,*ddddddddddddddddddddddddddddddddddd - Notepad,n
2025-11-13 19:10:33.918,*ddddddddddddddddddddddddddddddddddd - Notepad,c
2025-11-13 19:10:34.037,*ddddddddddddddddddddddddddddddddddd - Notepad,h
2025-11-13 19:10:34.047,*ddddddddddddddddddddddddddddddddddd - Notepad,c
2025-11-13 19:10:34.051,*ddddddddddddddddddddddddddddddddddd - Notepad,j
2025-11-13 19:10:34.126,*ddddddddddddddddddddddddddddddddddd - Notepad,b
2025-11-13 19:10:34.184,*ddddddddddddddddddddddddddddddddddd - Notepad,n
2025-11-13 19:10:34.286,*ddddddddddddddddddddddddddddddddddd - Notepad,h
2025-11-13 19:10:34.297,*ddddddddddddddddddddddddddddddddddd - Notepad,s
2025-11-13 19:10:34.297,*ddddddddddddddddddddddddddddddddddd - Notepad,b
2025-11-13 19:10:34.409,*ddddddddddddddddddddddddddddddddddd - Notepad,c
2025-11-13 19:10:34.424,*ddddddddddddddddddddddddddddddddddd - Notepad,b
2025-11-13 19:10:34.425,*ddddddddddddddddddddddddddddddddddd - Notepad,j
2025-11-13 19:10:34.472,*ddddddddddddddddddddddddddddddddddd - Notepad,n
2025-11-13 19:10:34.532,*ddddddddddddddddddddddddddddddddddd - Notepad,[space]
2025-11-13 19:10:34.541,*ddddddddddddddddddddddddddddddddddd - Notepad,s
2025-11-13 19:10:34.563,*ddddddddddddddddddddddddddddddddddd - Notepad,h
2025-11-13 19:10:34.637,*ddddddddddddddddddddddddddddddddddd - Notepad,c
2025-11-13 19:10:34.644,*ddddddddddddddddddddddddddddddddddd - Notepad,h
2025-11-13 19:10:34.718,*ddddddddddddddddddddddddddddddddddd - Notepad,j
2025-11-13 19:10:34.735,*ddddddddddddddddddddddddddddddddddd - Notepad,b
2025-11-13 19:10:34.755,*ddddddddddddddddddddddddddddddddddd - Notepad,d
2025-11-13 19:10:34.853,*ddddddddddddddddddddddddddddddddddd - Notepad,c
2025-11-13 19:10:34.864,*ddddddddddddddddddddddddddddddddddd - Notepad,h
2025-11-13 19:10:34.886,*ddddddddddddddddddddddddddddddddddd - Notepad,b
2025-11-13 19:10:34.937,*ddddddddddddddddddddddddddddddddddd - Notepad,h
2025-11-13 19:10:35.035,*ddddddddddddddddddddddddddddddddddd - Notepad,b
2025-11-13 19:10:35.060,*ddddddddddddddddddddddddddddddddddd - Notepad,c
2025-11-13 19:10:35.094,*ddddddddddddddddddddddddddddddddddd - Notepad,n
2025-11-13 19:10:35.183,*ddddddddddddddddddddddddddddddddddd - Notepad,d
2025-11-13 19:10:35.234,*ddddddddddddddddddddddddddddddddddd - Notepad,b
2025-11-13 19:10:35.273,*ddddddddddddddddddddddddddddddddddd - Notepad,j
2025-11-13 19:10:35.278,*ddddddddddddddddddddddddddddddddddd - Notepad,h
2025-11-13 19:10:35.279,*ddddddddddddddddddddddddddddddddddd - Notepad,c
2025-11-13 19:10:35.333,*ddddddddddddddddddddddddddddddddddd - Notepad,b
2025-11-13 19:10:35.406,*ddddddddddddddddddddddddddddddddddd - Notepad,s
2025-11-13 19:10:35.407,*ddddddddddddddddddddddddddddddddddd - Notepad,n
2025-11-13 19:10:35.411,*ddddddddddddddddddddddddddddddddddd - Notepad,d
2025-11-13 19:10:35.435,*ddddddddddddddddddddddddddddddddddd - Notepad,[space]
2025-11-13 19:10:35.497,*ddddddddddddddddddddddddddddddddddd - Notepad,c
2025-11-13 19:10:35.561,*ddddddddddddddddddddddddddddddddddd - Notepad,h
2025-11-13 19:10:35.569,*ddddddddddddddddddddddddddddddddddd - Notepad,b
2025-11-13 19:10:35.574,*ddddddddddddddddddddddddddddddddddd - Notepad,j
2025-11-13 19:10:35.655,*ddddddddddddddddddddddddddddddddddd - Notepad,h
2025-11-13 19:10:35.694,*ddddddddddddddddddddddddddddddddddd - Notepad,n
2025-11-13 19:10:35.719,*ddddddddddddddddddddddddddddddddddd - Notepad,c
2025-11-13 19:10:35.822,*ddddddddddddddddddddddddddddddddddd - Notepad,b
2025-11-13 19:10:35.842,*ddddddddddddddddddddddddddddddddddd - Notepad,h
2025-11-13 19:10:35.930,*ddddddddddddddddddddddddddddddddddd - Notepad,b
2025-11-13 19:10:35.943,*ddddddddddddddddddddddddddddddddddd - Notepad,c
2025-11-13 19:10:35.992,*ddddddddddddddddddddddddddddddddddd - Notepad,n
2025-11-13 19:10:36.065,*ddddddddddddddddddddddddddddddddddd - Notepad,s
2025-11-13 19:10:36.160,*ddddddddddddddddddddddddddddddddddd - Notepad,c
2025-11-13 19:10:36.226,*ddddddddddddddddddddddddddddddddddd - Notepad,j
2025-11-13 19:10:36.240,*ddddddddddddddddddddddddddddddddddd - Notepad,b
2025-11-13 19:10:36.297,*ddddddddddddddddddddddddddddddddddd - Notepad,h
2025-11-13 19:10:36.443,*ddddddddddddddddddddddddddddddddddd - Notepad,h
2025-11-13 19:10:36.471,*ddddddddddddddddddddddddddddddddddd - Notepad,j
2025-11-13 19:10:36.474,*ddddddddddddddddddddddddddddddddddd - Notepad,c
2025-11-13 19:10:36.546,*ddddddddddddddddddddddddddddddddddd - Notepad,b
2025-11-13 19:10:36.587,*ddddddddddddddddddddddddddddddddddd - Notepad,h
2025-11-13 19:10:36.754,*ddddddddddddddddddddddddddddddddddd - Notepad,h
2025-11-13 19:10:36.780,*ddddddddddddddddddddddddddddddddddd - Notepad,c
2025-11-13 19:10:36.787,*ddddddddddddddddddddddddddddddddddd - Notepad,j
2025-11-13 19:10:36.837,*ddddddddddddddddddddddddddddddddddd - Notepad,b
2025-11-13 19:10:36.868,*ddddddddddddddddddddddddddddddddddd - Notepad,h
2025-11-13 19:10:36.907,*ddddddddddddddddddddddddddddddddddd - Notepad,d
2025-11-13 19:10:36.987,*ddddddddddddddddddddddddddddddddddd - Notepad,c
2025-11-13 19:10:37.022,*ddddddddddddddddddddddddddddddddddd - Notepad,h
2025-11-13 19:10:37.039,*ddddddddddddddddddddddddddddddddddd - Notepad,j
2025-11-13 19:10:37.122,*ddddddddddddddddddddddddddddddddddd - Notepad,b
2025-11-13 19:10:37.154,*ddddddddddddddddddddddddddddddddddd - Notepad,h
2025-11-13 19:10:37.211,*ddddddddddddddddddddddddddddddddddd - Notepad,c
2025-11-13 19:10:37.406,*ddddddddddddddddddddddddddddddddddd - Notepad,b
2025-11-13 19:10:37.421,*ddddddddddddddddddddddddddddddddddd - Notepad,c
2025-11-13 19:10:37.431,*ddddddddddddddddddddddddddddddddddd - Notepad,h
2025-11-13 19:10:37.465,*ddddddddddddddddddddddddddddddddddd - Notepad,n
2025-11-13 19:10:37.531,*ddddddddddddddddddddddddddddddddddd - Notepad,d
2025-11-13 19:10:37.539,*ddddddddddddddddddddddddddddddddddd - Notepad,h
2025-11-13 19:10:37.590,*ddddddddddddddddddddddddddddddddddd - Notepad,b
2025-11-13 19:10:37.608,*ddddddddddddddddddddddddddddddddddd - Notepad,s
2025-11-13 19:10:37.612,*ddddddddddddddddddddddddddddddddddd - Notepad,c
2025-11-13 19:10:37.613,*ddddddddddddddddddddddddddddddddddd - Notepad,h
2025-11-13 19:10:37.626,*ddddddddddddddddddddddddddddddddddd - Notepad,j
2025-11-13 19:10:37.760,*ddddddddddddddddddddddddddddddddddd - Notepad,d
2025-11-13 19:10:37.761,*ddddddddddddddddddddddddddddddddddd - Notepad,c
2025-11-13 19:10:37.770,*ddddddddddddddddddddddddddddddddddd - Notepad,n
2025-11-13 19:10:37.834,*ddddddddddddddddddddddddddddddddddd - Notepad,h
2025-11-13 19:10:37.920,*ddddddddddddddddddddddddddddddddddd - Notepad,h
2025-11-13 19:10:37.953,*ddddddddddddddddddddddddddddddddddd - Notepad,j
2025-11-13 19:10:37.975,*ddddddddddddddddddddddddddddddddddd - Notepad,b
2025-11-13 19:10:38.049,*ddddddddddddddddddddddddddddddddddd - Notepad,n
2025-11-13 19:10:38.165,*ddddddddddddddddddddddddddddddddddd - Notepad,b
2025-11-13 19:10:38.172,*ddddddddddddddddddddddddddddddddddd - Notepad,d
2025-11-13 19:10:38.201,*ddddddddddddddddddddddddddddddddddd - Notepad,h
2025-11-13 19:10:38.263,*ddddddddddddddddddddddddddddddddddd - Notepad,c
2025-11-13 19:10:38.406,*ddddddddddddddddddddddddddddddddddd - Notepad,h
2025-11-13 19:10:38.480,*ddddddddddddddddddddddddddddddddddd - Notepad,h
2025-11-13 19:10:38.481,*ddddddddddddddddddddddddddddddddddd - Notepad,c
2025-11-13 19:10:38.493,*ddddddddddddddddddddddddddddddddddd - Notepad,j
2025-11-13 19:10:38.563,*ddddddddddddddddddddddddddddddddddd - Notepad,b
2025-11-13 19:10:38.603,*ddddddddddddddddddddddddddddddddddd - Notepad,d
2025-11-13 19:10:38.681,*ddddddddddddddddddddddddddddddddddd - Notepad,c
2025-11-13 19:10:38.764,*ddddddddddddddddddddddddddddddddddd - Notepad,h
2025-11-13 19:10:38.778,*ddddddddddddddddddddddddddddddddddd - Notepad,j
2025-11-13 19:10:38.801,*ddddddddddddddddddddddddddddddddddd - Notepad,d
2025-11-13 19:10:38.805,*ddddddddddddddddddddddddddddddddddd - Notepad,s
2025-11-13 19:10:38.816,*ddddddddddddddddddddddddddddddddddd - Notepad,b
2025-11-13 19:10:38.890,*ddddddddddddddddddddddddddddddddddd - Notepad,c
2025-11-13 19:10:38.936,*ddddddddddddddddddddddddddddddddddd - Notepad,[space]
2025-11-13 19:10:39.008,*ddddddddddddddddddddddddddddddddddd - Notepad,d
2025-11-13 19:10:39.018,*ddddddddddddddddddddddddddddddddddd - Notepad,b
2025-11-13 19:10:39.109,*ddddddddddddddddddddddddddddddddddd - Notepad,c
2025-11-13 19:10:39.132,*ddddddddddddddddddddddddddddddddddd - Notepad,n
2025-11-13 19:10:39.236,*ddddddddddddddddddddddddddddddddddd - Notepad,d
2025-11-13 19:10:39.295,*ddddddddddddddddddddddddddddddddddd - Notepad,b
2025-11-13 19:10:39.343,*ddddddddddddddddddddddddddddddddddd - Notepad,c
2025-11-13 19:10:39.396,*ddddddddddddddddddddddddddddddddddd - Notepad,n
2025-11-13 19:10:39.450,*ddddddddddddddddddddddddddddddddddd - Notepad,c
2025-11-13 19:10:39.532,*ddddddddddddddddddddddddddddddddddd - Notepad,d
2025-11-13 19:10:39.658,*ddddddddddddddddddddddddddddddddddd - Notepad,b
2025-11-13 19:10:39.663,*ddddddddddddddddddddddddddddddddddd - Notepad,d
2025-11-13 19:10:39.665,*ddddddddddddddddddddddddddddddddddd - Notepad,c
2025-11-13 19:10:39.688,*ddddddddddddddddddddddddddddddddddd - Notepad,n
2025-11-13 19:10:39.878,*ddddddddddddddddddddddddddddddddddd - Notepad,d
2025-11-13 19:10:39.882,*ddddddddddddddddddddddddddddddddddd - Notepad,s
2025-11-13 19:10:39.915,*ddddddddddddddddddddddddddddddddddd - Notepad,b
2025-11-13 19:10:39.962,*ddddddddddddddddddddddddddddddddddd - Notepad,n
2025-11-13 19:10:39.971,*ddddddddddddddddddddddddddddddddddd - Notepad,c
2025-11-13 19:10:40.069,*ddddddddddddddddddddddddddddddddddd - Notepad,s
2025-11-13 19:10:40.079,*ddddddddddddddddddddddddddddddddddd - Notepad,d
2025-11-13 19:10:40.163,*ddddddddddddddddddddddddddddddddddd - Notepad,c
2025-11-13 19:10:40.179,*ddddddddddddddddddddddddddddddddddd - Notepad,n
2025-11-13 19:10:40.265,*ddddddddddddddddddddddddddddddddddd - Notepad,n
2025-11-13 19:10:40.276,*ddddddddddddddddddddddddddddddddddd - Notepad,b
2025-11-13 19:10:40.299,*ddddddddddddddddddddddddddddddddddd - Notepad,[space]
2025-11-13 19:10:40.358,*ddddddddddddddddddddddddddddddddddd - Notepad,c
2025-11-13 19:10:40.472,*ddddddddddddddddddddddddddddddddddd - Notepad,d
2025-11-13 19:10:40.479,*ddddddddddddddddddddddddddddddddddd - Notepad,n
2025-11-13 19:10:40.579,*ddddddddddddddddddddddddddddddddddd - Notepad,b
2025-11-13 19:10:40.584,*ddddddddddddddddddddddddddddddddddd - Notepad,n
2025-11-13 19:10:40.687,*ddddddddddddddddddddddddddddddddddd - Notepad,c
2025-11-13 19:10:40.692,*ddddddddddddddddddddddddddddddddddd - Notepad,d
2025-11-13 19:10:40.756,*ddddddddddddddddddddddddddddddddddd - Notepad,h
2025-11-13 19:10:40.770,*ddddddddddddddddddddddddddddddddddd - Notepad,n
2025-11-13 19:10:40.797,*ddddddddddddddddddddddddddddddddddd - Notepad,b
2025-11-13 19:10:40.848,*ddddddddddddddddddddddddddddddddddd - Notepad,n
2025-11-13 19:10:40.877,*ddddddddddddddddddddddddddddddddddd - Notepad,s
2025-11-13 19:10:40.976,*ddddddddddddddddddddddddddddddddddd - Notepad,c
2025-11-13 19:10:40.999,*ddddddddddddddddddddddddddddddddddd - Notepad,h
2025-11-13 19:10:41.055,*ddddddddddddddddddddddddddddddddddd - Notepad,n
2025-11-13 19:10:41.081,*ddddddddddddddddddddddddddddddddddd - Notepad,b
2025-11-13 19:10:41.083,*ddddddddddddddddddddddddddddddddddd - Notepad,d
2025-11-13 19:10:41.166,*ddddddddddddddddddddddddddddddddddd - Notepad,c
2025-11-13 19:10:41.219,*ddddddddddddddddddddddddddddddddddd - Notepad,b
2025-11-13 19:10:41.235,*ddddddddddddddddddddddddddddddddddd - Notepad,h
2025-11-13 19:10:41.288,*ddddddddddddddddddddddddddddddddddd - Notepad,d
2025-11-13 19:10:41.371,*ddddddddddddddddddddddddddddddddddd - Notepad,b
2025-11-13 19:10:41.411,*ddddddddddddddddddddddddddddddddddd - Notepad,c
2025-11-13 19:10:41.494,*ddddddddddddddddddddddddddddddddddd - Notepad,h
2025-11-13 19:10:41.495,*ddddddddddddddddddddddddddddddddddd - Notepad,j
2025-11-13 19:10:41.527,*ddddddddddddddddddddddddddddddddddd - Notepad,d
2025-11-13 19:10:41.629,*ddddddddddddddddddddddddddddddddddd - Notepad,c
2025-11-13 19:10:41.634,*ddddddddddddddddddddddddddddddddddd - Notepad,j
2025-11-13 19:10:41.640,*ddddddddddddddddddddddddddddddddddd - Notepad,b
2025-11-13 19:10:41.651,*ddddddddddddddddddddddddddddddddddd - Notepad,h
2025-11-13 19:10:41.729,*ddddddddddddddddddddddddddddddddddd - Notepad,d
2025-11-13 19:10:41.745,*ddddddddddddddddddddddddddddddddddd - Notepad,g
2025-11-13 19:10:41.829,*ddddddddddddddddddddddddddddddddddd - Notepad,c
2025-11-13 19:10:41.903,*ddddddddddddddddddddddddddddddddddd - Notepad,j
2025-11-13 19:10:41.925,*ddddddddddddddddddddddddddddddddddd - Notepad,b
2025-11-13 19:10:41.941,*ddddddddddddddddddddddddddddddddddd - Notepad,h
2025-11-13 19:10:41.951,*ddddddddddddddddddddddddddddddddddd - Notepad,d
2025-11-13 19:10:41.952,*ddddddddddddddddddddddddddddddddddd - Notepad,c
2025-11-13 19:10:42.096,*ddddddddddddddddddddddddddddddddddd - Notepad,h
2025-11-13 19:10:42.189,*ddddddddddddddddddddddddddddddddddd - Notepad,b
2025-11-13 19:10:42.231,*ddddddddddddddddddddddddddddddddddd - Notepad,s
2025-11-13 19:10:42.239,*ddddddddddddddddddddddddddddddddddd - Notepad,c
2025-11-13 19:10:42.340,*ddddddddddddddddddddddddddddddddddd - Notepad,d
2025-11-13 19:10:42.467,*ddddddddddddddddddddddddddddddddddd - Notepad,b
2025-11-13 19:10:42.468,*ddddddddddddddddddddddddddddddddddd - Notepad,c
2025-11-13 19:10:42.474,*ddddddddddddddddddddddddddddddddddd - Notepad,h
2025-11-13 19:10:42.475,*ddddddddddddddddddddddddddddddddddd - Notepad,j
2025-11-13 19:10:42.573,*ddddddddddddddddddddddddddddddddddd - Notepad,s
2025-11-13 19:10:42.590,*ddddddddddddddddddddddddddddddddddd - Notepad,d
2025-11-13 19:10:42.659,*ddddddddddddddddddddddddddddddddddd - Notepad,c
2025-11-13 19:10:42.733,*ddddddddddddddddddddddddddddddddddd - Notepad,j
2025-11-13 19:10:42.756,*ddddddddddddddddddddddddddddddddddd - Notepad,b
2025-11-13 19:10:42.912,*ddddddddddddddddddddddddddddddddddd - Notepad,d
2025-11-13 19:10:42.923,*ddddddddddddddddddddddddddddddddddd - Notepad,s
2025-11-13 19:10:43.015,*ddddddddddddddddddddddddddddddddddd - Notepad,b
2025-11-13 19:10:43.022,*ddddddddddddddddddddddddddddddddddd - Notepad,c
2025-11-13 19:10:43.137,*ddddddddddddddddddddddddddddddddddd - Notepad,d
2025-11-13 19:10:43.296,*ddddddddddddddddddddddddddddddddddd - Notepad,j
2025-11-13 19:10:43.303,*ddddddddddddddddddddddddddddddddddd - Notepad,b
2025-11-13 19:10:43.400,*ddddddddddddddddddddddddddddddddddd - Notepad,c
2025-11-13 19:10:43.505,*ddddddddddddddddddddddddddddddddddd - Notepad,d
2025-11-13 19:10:43.539,*ddddddddddddddddddddddddddddddddddd - Notepad,n
2025-11-13 19:10:43.574,*ddddddddddddddddddddddddddddddddddd - Notepad,b
2025-11-13 19:10:43.602,*ddddddddddddddddddddddddddddddddddd - Notepad,h
2025-11-13 19:10:43.624,*ddddddddddddddddddddddddddddddddddd - Notepad,s
2025-11-13 19:10:43.672,*ddddddddddddddddddddddddddddddddddd - Notepad,j
2025-11-13 19:10:43.729,*ddddddddddddddddddddddddddddddddddd - Notepad,d
2025-11-13 19:10:43.836,*ddddddddddddddddddddddddddddddddddd - Notepad,c
2025-11-13 19:10:43.851,*ddddddddddddddddddddddddddddddddddd - Notepad,j
2025-11-13 19:10:43.861,*ddddddddddddddddddddddddddddddddddd - Notepad,b
2025-11-13 19:10:43.874,*ddddddddddddddddddddddddddddddddddd - Notepad,h
2025-11-13 19:10:43.953,*ddddddddddddddddddddddddddddddddddd - Notepad,s
2025-11-13 19:10:43.962,*ddddddddddddddddddddddddddddddddddd - Notepad,d
2025-11-13 19:10:44.059,*ddddddddddddddddddddddddddddddddddd - Notepad,n
2025-11-13 19:10:44.147,*ddddddddddddddddddddddddddddddddddd - Notepad,b
2025-11-13 19:10:44.228,*ddddddddddddddddddddddddddddddddddd - Notepad,j
2025-11-13 19:10:44.314,*ddddddddddddddddddddddddddddddddddd - Notepad,d
2025-11-13 19:10:44.321,*ddddddddddddddddddddddddddddddddddd - Notepad,c
2025-11-13 19:10:44.334,*ddddddddddddddddddddddddddddddddddd - Notepad,n
2025-11-13 19:10:44.346,*ddddddddddddddddddddddddddddddddddd - Notepad,h
2025-11-13 19:10:44.435,*ddddddddddddddddddddddddddddddddddd - Notepad,j
2025-11-13 19:10:44.459,*ddddddddddddddddddddddddddddddddddd - Notepad,b
2025-11-13 19:10:44.587,*ddddddddddddddddddddddddddddddddddd - Notepad,h
2025-11-13 19:10:44.605,*ddddddddddddddddddddddddddddddddddd - Notepad,s
2025-11-13 19:10:44.702,*ddddddddddddddddddddddddddddddddddd - Notepad,j
2025-11-13 19:10:44.707,*ddddddddddddddddddddddddddddddddddd - Notepad,c
2025-11-13 19:10:44.726,*ddddddddddddddddddddddddddddddddddd - Notepad,b
2025-11-13 19:10:44.815,*ddddddddddddddddddddddddddddddddddd - Notepad,g
2025-11-13 19:10:44.895,*ddddddddddddddddddddddddddddddddddd - Notepad,s
2025-11-13 19:10:44.897,*ddddddddddddddddddddddddddddddddddd - Notepad,d
2025-11-13 19:10:44.996,*ddddddddddddddddddddddddddddddddddd - Notepad,j
2025-11-13 19:10:45.010,*ddddddddddddddddddddddddddddddddddd - Notepad,h
2025-11-13 19:10:45.017,*ddddddddddddddddddddddddddddddddddd - Notepad,b
2025-11-13 19:10:45.141,*ddddddddddddddddddddddddddddddddddd - Notepad,c
2025-11-13 19:10:45.271,*ddddddddddddddddddddddddddddddddddd - Notepad,h
2025-11-13 19:10:45.281,*ddddddddddddddddddddddddddddddddddd - Notepad,j
2025-11-13 19:10:45.357,*ddddddddddddddddddddddddddddddddddd - Notepad,s
2025-11-13 19:10:45.430,*ddddddddddddddddddddddddddddddddddd - Notepad,c
2025-11-13 19:10:45.512,*ddddddddddddddddddddddddddddddddddd - Notepad,h
2025-11-13 19:10:45.534,*ddddddddddddddddddddddddddddddddddd - Notepad,d
2025-11-13 19:10:45.586,*ddddddddddddddddddddddddddddddddddd - Notepad,b
2025-11-13 19:10:45.638,*ddddddddddddddddddddddddddddddddddd - Notepad,j
2025-11-13 19:10:45.757,*ddddddddddddddddddddddddddddddddddd - Notepad,h
2025-11-13 19:10:45.772,*ddddddddddddddddddddddddddddddddddd - Notepad,n
2025-11-13 19:10:45.854,*ddddddddddddddddddddddddddddddddddd - Notepad,j
2025-11-13 19:10:46.214,*ddddddddddddddddddddddddddddddddddd - Notepad,[shift]
2025-11-13 19:10:46.347,*ddddddddddddddddddddddddddddddddddd - Notepad,$
2025-11-13 19:10:46.847,*ddddddddddddddddddddddddddddddddddd - Notepad,$
2025-11-13 19:10:46.881,*ddddddddddddddddddddddddddddddddddd - Notepad,$
2025-11-13 19:10:46.914,*ddddddddddddddddddddddddddddddddddd - Notepad,$
2025-11-13 19:10:46.947,*ddddddddddddddddddddddddddddddddddd - Notepad,$
2025-11-13 19:10:46.983,*ddddddddddddddddddddddddddddddddddd - Notepad,$
2025-11-13 19:10:47.015,*ddddddddddddddddddddddddddddddddddd - Notepad,$
2025-11-13 19:10:47.048,*ddddddddddddddddddddddddddddddddddd - Notepad,$
2025-11-13 19:10:47.082,*ddddddddddddddddddddddddddddddddddd - Notepad,$
2025-11-13 19:10:47.115,*ddddddddddddddddddddddddddddddddddd - Notepad,$
2025-11-13 19:10:47.148,*ddddddddddddddddddddddddddddddddddd - Notepad,$
2025-11-13 19:10:47.181,*ddddddddddddddddddddddddddddddddddd - Notepad,$
2025-11-13 19:10:47.215,*ddddddddddddddddddddddddddddddddddd - Notepad,$
2025-11-13 19:10:47.248,*ddddddddddddddddddddddddddddddddddd - Notepad,$
2025-11-13 19:10:47.281,*ddddddddddddddddddddddddddddddddddd - Notepad,$
2025-11-13 19:10:47.315,*ddddddddddddddddddddddddddddddddddd - Notepad,$
2025-11-13 19:10:47.349,*ddddddddddddddddddddddddddddddddddd - Notepad,$
2025-11-13 19:10:47.382,*ddddddddddddddddddddddddddddddddddd - Notepad,$
2025-11-13 19:10:47.417,*ddddddddddddddddddddddddddddddddddd - Notepad,$
2025-11-13 19:10:47.450,*ddddddddddddddddddddddddddddddddddd - Notepad,$
2025-11-13 19:10:47.484,*ddddddddddddddddddddddddddddddddddd - Notepad,$
2025-11-13 19:10:47.517,*ddddddddddddddddddddddddddddddddddd - Notepad,$
2025-11-13 19:10:47.551,*ddddddddddddddddddddddddddddddddddd - Notepad,$
2025-11-13 19:10:47.585,*ddddddddddddddddddddddddddddddddddd - Notepad,$
2025-11-13 19:10:47.619,*ddddddddddddddddddddddddddddddddddd - Notepad,$
2025-11-13 19:10:47.652,*ddddddddddddddddddddddddddddddddddd - Notepad,$
2025-11-13 19:10:47.685,*ddddddddddddddddddddddddddddddddddd - Notepad,$
2025-11-13 19:10:47.718,*ddddddddddddddddddddddddddddddddddd - Notepad,$
2025-11-13 19:10:47.751,*ddddddddddddddddddddddddddddddddddd - Notepad,$
2025-11-13 19:10:47.785,*ddddddddddddddddddddddddddddddddddd - Notepad,$
2025-11-13 19:10:47.818,*ddddddddddddddddddddddddddddddddddd - Notepad,$
2025-11-13 19:10:47.853,*ddddddddddddddddddddddddddddddddddd - Notepad,$
2025-11-13 19:10:47.887,*ddddddddddddddddddddddddddddddddddd - Notepad,$
2025-11-13 19:10:47.921,*ddddddddddddddddddddddddddddddddddd - Notepad,$
2025-11-13 19:10:47.954,*ddddddddddddddddddddddddddddddddddd - Notepad,$
2025-11-13 19:10:47.987,*ddddddddddddddddddddddddddddddddddd - Notepad,$
2025-11-13 19:10:48.021,*ddddddddddddddddddddddddddddddddddd - Notepad,$
2025-11-13 19:10:48.055,*ddddddddddddddddddddddddddddddddddd - Notepad,$
2025-11-13 19:10:48.088,*ddddddddddddddddddddddddddddddddddd - Notepad,$
2025-11-13 19:10:48.122,*ddddddddddddddddddddddddddddddddddd - Notepad,$
2025-11-13 19:10:48.155,*ddddddddddddddddddddddddddddddddddd - Notepad,$
2025-11-13 19:10:48.188,*ddddddddddddddddddddddddddddddddddd - Notepad,$
2025-11-13 19:10:48.221,*ddddddddddddddddddddddddddddddddddd - Notepad,$
2025-11-13 19:10:48.254,*ddddddddddddddddddddddddddddddddddd - Notepad,$
2025-11-13 19:10:48.288,*ddddddddddddddddddddddddddddddddddd - Notepad,$
2025-11-13 19:10:48.321,*ddddddddddddddddddddddddddddddddddd - Notepad,$
2025-11-13 19:10:48.355,*ddddddddddddddddddddddddddddddddddd - Notepad,$
2025-11-13 19:10:48.388,*ddddddddddddddddddddddddddddddddddd - Notepad,$
2025-11-13 19:10:48.421,*ddddddddddddddddddddddddddddddddddd - Notepad,$
2025-11-13 19:10:48.454,*ddddddddddddddddddddddddddddddddddd - Notepad,$
2025-11-13 19:10:48.488,*ddddddddddddddddddddddddddddddddddd - Notepad,$
2025-11-13 19:10:48.521,*ddddddddddddddddddddddddddddddddddd - Notepad,$
2025-11-13 19:10:48.554,*ddddddddddddddddddddddddddddddddddd - Notepad,$
2025-11-13 19:10:48.588,*ddddddddddddddddddddddddddddddddddd - Notepad,$
2025-11-13 19:10:48.622,*ddddddddddddddddddddddddddddddddddd - Notepad,$
2025-11-13 19:10:48.655,*ddddddddddddddddddddddddddddddddddd - Notepad,$
2025-11-13 19:10:48.689,*ddddddddddddddddddddddddddddddddddd - Notepad,$
2025-11-13 19:10:48.723,*ddddddddddddddddddddddddddddddddddd - Notepad,$
2025-11-13 19:10:48.757,*ddddddddddddddddddddddddddddddddddd - Notepad,$
2025-11-13 19:10:48.789,*ddddddddddddddddddddddddddddddddddd - Notepad,$
2025-11-13 19:10:48.823,*ddddddddddddddddddddddddddddddddddd - Notepad,$
2025-11-13 19:10:48.856,*ddddddddddddddddddddddddddddddddddd - Notepad,$
2025-11-13 19:10:48.890,*ddddddddddddddddddddddddddddddddddd - Notepad,$
2025-11-13 19:10:48.924,*ddddddddddddddddddddddddddddddddddd - Notepad,$
2025-11-13 19:10:48.957,*ddddddddddddddddddddddddddddddddddd - Notepad,$
2025-11-13 19:10:48.990,*ddddddddddddddddddddddddddddddddddd - Notepad,$
2025-11-13 19:10:49.024,*ddddddddddddddddddddddddddddddddddd - Notepad,$
2025-11-13 19:10:49.057,*ddddddddddddddddddddddddddddddddddd - Notepad,$
2025-11-13 19:10:49.091,*ddddddddddddddddddddddddddddddddddd - Notepad,$
2025-11-13 19:10:49.124,*ddddddddddddddddddddddddddddddddddd - Notepad,$
2025-11-13 19:10:49.157,*ddddddddddddddddddddddddddddddddddd - Notepad,$
2025-11-13 19:10:49.190,*ddddddddddddddddddddddddddddddddddd - Notepad,$
2025-11-13 19:10:49.224,*ddddddddddddddddddddddddddddddddddd - Notepad,$
2025-11-13 19:10:49.256,*ddddddddddddddddddddddddddddddddddd - Notepad,$
2025-11-13 19:10:49.291,*ddddddddddddddddddddddddddddddddddd - Notepad,$
2025-11-13 19:10:49.325,*ddddddddddddddddddddddddddddddddddd - Notepad,$
2025-11-13 19:10:49.358,*ddddddddddddddddddddddddddddddddddd - Notepad,$
2025-11-13 19:10:49.392,*ddddddddddddddddddddddddddddddddddd - Notepad,$
2025-11-13 19:10:49.425,*ddddddddddddddddddddddddddddddddddd - Notepad,$
2025-11-13 19:10:49.459,*ddddddddddddddddddddddddddddddddddd - Notepad,$
2025-11-13 19:10:49.493,*ddddddddddddddddddddddddddddddddddd - Notepad,$
2025-11-13 19:10:49.527,*ddddddddddddddddddddddddddddddddddd - Notepad,$
2025-11-13 19:10:49.560,*ddddddddddddddddddddddddddddddddddd - Notepad,$
2025-11-13 19:10:49.594,*ddddddddddddddddddddddddddddddddddd - Notepad,$
2025-11-13 19:10:49.627,*ddddddddddddddddddddddddddddddddddd - Notepad,$
2025-11-13 19:10:49.660,*ddddddddddddddddddddddddddddddddddd - Notepad,$
2025-11-13 19:10:49.693,*ddddddddddddddddddddddddddddddddddd - Notepad,$
2025-11-13 19:10:49.726,*ddddddddddddddddddddddddddddddddddd - Notepad,$
2025-11-13 19:10:49.760,*ddddddddddddddddddddddddddddddddddd - Notepad,$
2025-11-13 19:10:49.794,*ddddddddddddddddddddddddddddddddddd - Notepad,$
2025-11-13 19:10:49.827,*ddddddddddddddddddddddddddddddddddd - Notepad,$
2025-11-13 19:10:49.860,*ddddddddddddddddddddddddddddddddddd - Notepad,$
2025-11-13 19:10:49.894,*ddddddddddddddddddddddddddddddddddd - Notepad,$
2025-11-13 19:10:49.928,*ddddddddddddddddddddddddddddddddddd - Notepad,$
2025-11-13 19:10:49.962,*ddddddddddddddddddddddddddddddddddd - Notepad,$
2025-11-13 19:10:49.995,*ddddddddddddddddddddddddddddddddddd - Notepad,$
2025-11-13 19:10:50.027,*ddddddddddddddddddddddddddddddddddd - Notepad,$
2025-11-13 19:10:50.061,*ddddddddddddddddddddddddddddddddddd - Notepad,$
2025-11-13 19:10:50.095,*ddddddddddddddddddddddddddddddddddd - Notepad,$
2025-11-13 19:10:50.128,*ddddddddddddddddddddddddddddddddddd - Notepad,$
2025-11-13 19:10:50.161,*ddddddddddddddddddddddddddddddddddd - Notepad,$
2025-11-13 19:10:50.196,*ddddddddddddddddddddddddddddddddddd - Notepad,$
2025-11-13 19:10:50.229,*ddddddddddddddddddddddddddddddddddd - Notepad,$
2025-11-13 19:10:50.262,*ddddddddddddddddddddddddddddddddddd - Notepad,$
2025-11-13 19:10:50.296,*ddddddddddddddddddddddddddddddddddd - Notepad,$
2025-11-13 19:10:50.329,*ddddddddddddddddddddddddddddddddddd - Notepad,$
2025-11-13 19:10:50.362,*ddddddddddddddddddddddddddddddddddd - Notepad,$
2025-11-13 19:10:50.395,*ddddddddddddddddddddddddddddddddddd - Notepad,$
2025-11-13 19:10:50.428,*ddddddddddddddddddddddddddddddddddd - Notepad,$
2025-11-13 19:10:50.461,*ddddddddddddddddddddddddddddddddddd - Notepad,$
2025-11-13 19:10:50.495,*ddddddddddddddddddddddddddddddddddd - Notepad,$
2025-11-13 19:10:50.528,*ddddddddddddddddddddddddddddddddddd - Notepad,$
2025-11-13 19:10:50.562,*ddddddddddddddddddddddddddddddddddd - Notepad,$
2025-11-13 19:10:50.596,*ddddddddddddddddddddddddddddddddddd - Notepad,$
2025-11-13 19:10:50.630,*ddddddddddddddddddddddddddddddddddd - Notepad,$
2025-11-13 19:10:50.663,*ddddddddddddddddddddddddddddddddddd - Notepad,$
2025-11-13 19:10:50.696,*ddddddddddddddddddddddddddddddddddd - Notepad,$
2025-11-13 19:10:50.730,*ddddddddddddddddddddddddddddddddddd - Notepad,$
2025-11-13 19:10:50.765,*ddddddddddddddddddddddddddddddddddd - Notepad,$
2025-11-13 19:10:50.798,*ddddddddddddddddddddddddddddddddddd - Notepad,$
2025-11-13 19:10:50.831,*ddddddddddddddddddddddddddddddddddd - Notepad,$
2025-11-13 19:10:50.864,*ddddddddddddddddddddddddddddddddddd - Notepad,$
2025-11-13 19:10:50.897,*ddddddddddddddddddddddddddddddddddd - Notepad,$
2025-11-13 19:10:50.930,*ddddddddddddddddddddddddddddddddddd - Notepad,$
2025-11-13 19:10:50.963,*ddddddddddddddddddddddddddddddddddd - Notepad,$
2025-11-13 19:10:50.996,*ddddddddddddddddddddddddddddddddddd - Notepad,$
2025-11-13 19:10:51.029,*ddddddddddddddddddddddddddddddddddd - Notepad,$
2025-11-13 19:10:51.062,*ddddddddddddddddddddddddddddddddddd - Notepad,$
2025-11-13 19:10:51.096,*ddddddddddddddddddddddddddddddddddd - Notepad,$
2025-11-13 19:10:51.130,*ddddddddddddddddddddddddddddddddddd - Notepad,$
2025-11-13 19:10:51.163,*ddddddddddddddddddddddddddddddddddd - Notepad,$
2025-11-13 19:10:51.196,*ddddddddddddddddddddddddddddddddddd - Notepad,$
2025-11-13 19:10:51.230,*ddddddddddddddddddddddddddddddddddd - Notepad,$
2025-11-13 19:10:51.263,*ddddddddddddddddddddddddddddddddddd - Notepad,$
2025-11-13 19:10:51.296,*ddddddddddddddddddddddddddddddddddd - Notepad,$
2025-11-13 19:10:51.331,*ddddddddddddddddddddddddddddddddddd - Notepad,$
2025-11-13 19:10:51.365,*ddddddddddddddddddddddddddddddddddd - Notepad,$
2025-11-13 19:10:51.398,*ddddddddddddddddddddddddddddddddddd - Notepad,$
2025-11-13 19:10:51.432,*ddddddddddddddddddddddddddddddddddd - Notepad,$
2025-11-13 19:10:51.465,*ddddddddddddddddddddddddddddddddddd - Notepad,$
2025-11-13 19:10:51.499,*ddddddddddddddddddddddddddddddddddd - Notepad,$
2025-11-13 19:10:51.532,*ddddddddddddddddddddddddddddddddddd - Notepad,$
2025-11-13 19:10:51.565,*ddddddddddddddddddddddddddddddddddd - Notepad,$
2025-11-13 19:10:51.600,*ddddddddddddddddddddddddddddddddddd - Notepad,$
2025-11-13 19:10:51.633,*ddddddddddddddddddddddddddddddddddd - Notepad,$
2025-11-13 19:10:51.665,*ddddddddddddddddddddddddddddddddddd - Notepad,$
2025-11-13 19:10:51.699,*ddddddddddddddddddddddddddddddddddd - Notepad,$
2025-11-13 19:10:51.733,*ddddddddddddddddddddddddddddddddddd - Notepad,$
2025-11-13 19:10:51.766,*ddddddddddddddddddddddddddddddddddd - Notepad,$
2025-11-13 19:10:51.799,*ddddddddddddddddddddddddddddddddddd - Notepad,$
2025-11-13 19:10:51.833,*ddddddddddddddddddddddddddddddddddd - Notepad,$
2025-11-13 19:10:51.866,*ddddddddddddddddddddddddddddddddddd - Notepad,$
2025-11-13 19:10:51.899,*ddddddddddddddddddddddddddddddddddd - Notepad,$
2025-11-13 19:10:51.932,*ddddddddddddddddddddddddddddddddddd - Notepad,$
2025-11-13 19:10:51.967,*ddddddddddddddddddddddddddddddddddd - Notepad,$
2025-11-13 19:10:52.000,*ddddddddddddddddddddddddddddddddddd - Notepad,$
2025-11-13 19:10:52.033,*ddddddddddddddddddddddddddddddddddd - Notepad,$
2025-11-13 19:10:52.067,*ddddddddddddddddddddddddddddddddddd - Notepad,$
2025-11-13 19:10:52.100,*ddddddddddddddddddddddddddddddddddd - Notepad,$
2025-11-13 19:10:52.134,*ddddddddddddddddddddddddddddddddddd - Notepad,$
2025-11-13 19:10:52.168,*ddddddddddddddddddddddddddddddddddd - Notepad,$
2025-11-13 19:10:52.200,*ddddddddddddddddddddddddddddddddddd - Notepad,$
2025-11-13 19:10:52.236,*ddddddddddddddddddddddddddddddddddd - Notepad,$
2025-11-13 19:10:52.268,*ddddddddddddddddddddddddddddddddddd - Notepad,$
2025-11-13 19:10:52.301,*ddddddddddddddddddddddddddddddddddd - Notepad,$
2025-11-13 19:10:52.335,*ddddddddddddddddddddddddddddddddddd - Notepad,$
2025-11-13 19:10:52.368,*ddddddddddddddddddddddddddddddddddd - Notepad,$
2025-11-13 19:10:52.400,*ddddddddddddddddddddddddddddddddddd - Notepad,$
2025-11-13 19:10:52.434,*ddddddddddddddddddddddddddddddddddd - Notepad,$
2025-11-13 19:10:52.468,*ddddddddddddddddddddddddddddddddddd - Notepad,$
2025-11-13 19:10:52.501,*ddddddddddddddddddddddddddddddddddd - Notepad,$
2025-11-13 19:10:52.535,*ddddddddddddddddddddddddddddddddddd - Notepad,$
2025-11-13 19:10:52.567,*ddddddddddddddddddddddddddddddddddd - Notepad,$
2025-11-13 19:10:52.601,*ddddddddddddddddddddddddddddddddddd - Notepad,$
2025-11-13 19:10:52.635,*ddddddddddddddddddddddddddddddddddd - Notepad,$
2025-11-13 19:10:52.668,*ddddddddddddddddddddddddddddddddddd - Notepad,$
2025-11-13 19:10:52.701,*ddddddddddddddddddddddddddddddddddd - Notepad,$
2025-11-13 19:10:52.735,*ddddddddddddddddddddddddddddddddddd - Notepad,$
2025-11-13 19:10:52.768,*ddddddddddddddddddddddddddddddddddd - Notepad,$
2025-11-13 19:10:52.801,*ddddddddddddddddddddddddddddddddddd - Notepad,$
2025-11-13 19:10:52.834,*ddddddddddddddddddddddddddddddddddd - Notepad,$
2025-11-13 19:10:52.867,*ddddddddddddddddddddddddddddddddddd - Notepad,$
2025-11-13 19:10:52.902,*ddddddddddddddddddddddddddddddddddd - Notepad,$
2025-11-13 19:10:52.935,*ddddddddddddddddddddddddddddddddddd - Notepad,$
2025-11-13 19:10:52.969,*ddddddddddddddddddddddddddddddddddd - Notepad,$
2025-11-13 19:10:53.003,*ddddddddddddddddddddddddddddddddddd - Notepad,$
2025-11-13 19:10:53.037,*ddddddddddddddddddddddddddddddddddd - Notepad,$
2025-11-13 19:10:53.070,*ddddddddddddddddddddddddddddddddddd - Notepad,$
2025-11-13 19:10:53.104,*ddddddddddddddddddddddddddddddddddd - Notepad,$
2025-11-13 19:10:53.137,*ddddddddddddddddddddddddddddddddddd - Notepad,$
2025-11-13 19:10:53.170,*ddddddddddddddddddddddddddddddddddd - Notepad,$
2025-11-13 19:10:53.203,*ddddddddddddddddddddddddddddddddddd - Notepad,$
2025-11-13 19:10:53.237,*ddddddddddddddddddddddddddddddddddd - Notepad,$
2025-11-13 19:10:53.270,*ddddddddddddddddddddddddddddddddddd - Notepad,$
2025-11-13 19:10:53.305,*ddddddddddddddddddddddddddddddddddd - Notepad,$
2025-11-13 19:10:53.338,*ddddddddddddddddddddddddddddddddddd - Notepad,$
2025-11-13 19:10:53.373,*ddddddddddddddddddddddddddddddddddd - Notepad,$
2025-11-13 19:10:53.407,*ddddddddddddddddddddddddddddddddddd - Notepad,$
2025-11-13 19:10:53.439,*ddddddddddddddddddddddddddddddddddd - Notepad,$
2025-11-13 19:10:53.473,*ddddddddddddddddddddddddddddddddddd - Notepad,$
2025-11-13 19:10:53.507,*ddddddddddddddddddddddddddddddddddd - Notepad,$
2025-11-13 19:10:53.540,*ddddddddddddddddddddddddddddddddddd - Notepad,$
2025-11-13 19:10:53.574,*ddddddddddddddddddddddddddddddddddd - Notepad,$
2025-11-13 19:10:53.607,*ddddddddddddddddddddddddddddddddddd - Notepad,$
2025-11-13 19:10:53.641,*ddddddddddddddddddddddddddddddddddd - Notepad,$
2025-11-13 19:10:53.675,*ddddddddddddddddddddddddddddddddddd - Notepad,$
2025-11-13 19:10:53.708,*ddddddddddddddddddddddddddddddddddd - Notepad,$
2025-11-13 19:10:53.742,*ddddddddddddddddddddddddddddddddddd - Notepad,$
2025-11-13 19:10:53.775,*ddddddddddddddddddddddddddddddddddd - Notepad,$
2025-11-13 19:10:53.808,*ddddddddddddddddddddddddddddddddddd - Notepad,$
2025-11-13 19:10:53.842,*ddddddddddddddddddddddddddddddddddd - Notepad,$
2025-11-13 19:10:53.875,*ddddddddddddddddddddddddddddddddddd - Notepad,$
2025-11-13 19:10:53.908,*ddddddddddddddddddddddddddddddddddd - Notepad,$
2025-11-13 19:10:53.941,*ddddddddddddddddddddddddddddddddddd - Notepad,$
2025-11-13 19:10:53.974,*ddddddddddddddddddddddddddddddddddd - Notepad,$
2025-11-13 19:10:54.007,*ddddddddddddddddddddddddddddddddddd - Notepad,$
2025-11-13 19:10:54.041,*ddddddddddddddddddddddddddddddddddd - Notepad,$
2025-11-13 19:10:54.074,*ddddddddddddddddddddddddddddddddddd - Notepad,$
2025-11-13 19:10:54.108,*ddddddddddddddddddddddddddddddddddd - Notepad,$
2025-11-13 19:10:54.140,*ddddddddddddddddddddddddddddddddddd - Notepad,$
2025-11-13 19:10:54.174,*ddddddddddddddddddddddddddddddddddd - Notepad,$
2025-11-13 19:10:54.207,*ddddddddddddddddddddddddddddddddddd - Notepad,$
2025-11-13 19:10:54.241,*ddddddddddddddddddddddddddddddddddd - Notepad,$
2025-11-13 19:10:54.274,*ddddddddddddddddddddddddddddddddddd - Notepad,$
2025-11-13 19:10:54.308,*ddddddddddddddddddddddddddddddddddd - Notepad,$
2025-11-13 19:10:54.342,*ddddddddddddddddddddddddddddddddddd - Notepad,$
2025-11-13 19:10:54.374,*ddddddddddddddddddddddddddddddddddd - Notepad,$
2025-11-13 19:10:54.408,*ddddddddddddddddddddddddddddddddddd - Notepad,$
2025-11-13 19:10:54.441,*ddddddddddddddddddddddddddddddddddd - Notepad,$
2025-11-13 19:10:54.475,*ddddddddddddddddddddddddddddddddddd - Notepad,$
2025-11-13 19:10:54.508,*ddddddddddddddddddddddddddddddddddd - Notepad,$
2025-11-13 19:10:54.542,*ddddddddddddddddddddddddddddddddddd - Notepad,$
2025-11-13 19:10:54.575,*ddddddddddddddddddddddddddddddddddd - Notepad,$
2025-11-13 19:10:54.608,*ddddddddddddddddddddddddddddddddddd - Notepad,$
2025-11-13 19:10:54.642,*ddddddddddddddddddddddddddddddddddd - Notepad,$
2025-11-13 19:10:54.675,*ddddddddddddddddddddddddddddddddddd - Notepad,$
2025-11-13 19:10:54.710,*ddddddddddddddddddddddddddddddddddd - Notepad,$
2025-11-13 19:10:54.742,*ddddddddddddddddddddddddddddddddddd - Notepad,$
2025-11-13 19:10:54.775,*ddddddddddddddddddddddddddddddddddd - Notepad,$
2025-11-13 19:10:54.808,*ddddddddddddddddddddddddddddddddddd - Notepad,$
2025-11-13 19:10:54.842,*ddddddddddddddddddddddddddddddddddd - Notepad,$
2025-11-13 19:10:54.874,*ddddddddddddddddddddddddddddddddddd - Notepad,$
2025-11-13 19:10:54.908,*ddddddddddddddddddddddddddddddddddd - Notepad,$
2025-11-13 19:10:54.941,*ddddddddddddddddddddddddddddddddddd - Notepad,$
2025-11-13 19:10:54.975,*ddddddddddddddddddddddddddddddddddd - Notepad,$
2025-11-13 19:10:55.008,*ddddddddddddddddddddddddddddddddddd - Notepad,$
2025-11-13 19:10:55.042,*ddddddddddddddddddddddddddddddddddd - Notepad,$
2025-11-13 19:10:55.075,*ddddddddddddddddddddddddddddddddddd - Notepad,$
2025-11-13 19:10:55.108,*ddddddddddddddddddddddddddddddddddd - Notepad,$
2025-11-13 19:10:55.142,*ddddddddddddddddddddddddddddddddddd - Notepad,$
2025-11-13 19:10:55.176,*ddddddddddddddddddddddddddddddddddd - Notepad,$
2025-11-13 19:10:55.208,*ddddddddddddddddddddddddddddddddddd - Notepad,$
2025-11-13 19:10:55.241,*ddddddddddddddddddddddddddddddddddd - Notepad,$
2025-11-13 19:10:55.275,*ddddddddddddddddddddddddddddddddddd - Notepad,$
2025-11-13 19:10:55.308,*ddddddddddddddddddddddddddddddddddd - Notepad,$
2025-11-13 19:10:55.342,*ddddddddddddddddddddddddddddddddddd - Notepad,$
2025-11-13 19:10:55.375,*ddddddddddddddddddddddddddddddddddd - Notepad,$
2025-11-13 19:10:55.409,*ddddddddddddddddddddddddddddddddddd - Notepad,$
2025-11-13 19:10:55.442,*ddddddddddddddddddddddddddddddddddd - Notepad,$
2025-11-13 19:10:55.475,*ddddddddddddddddddddddddddddddddddd - Notepad,$
2025-11-13 19:10:55.508,*ddddddddddddddddddddddddddddddddddd - Notepad,$
2025-11-13 19:10:55.542,*ddddddddddddddddddddddddddddddddddd - Notepad,$
2025-11-13 19:10:55.576,*ddddddddddddddddddddddddddddddddddd - Notepad,$
2025-11-13 19:10:55.609,*ddddddddddddddddddddddddddddddddddd - Notepad,$
2025-11-13 19:10:55.643,*ddddddddddddddddddddddddddddddddddd - Notepad,$
2025-11-13 19:10:55.677,*ddddddddddddddddddddddddddddddddddd - Notepad,$
2025-11-13 19:10:55.710,*ddddddddddddddddddddddddddddddddddd - Notepad,$
2025-11-13 19:10:55.743,*ddddddddddddddddddddddddddddddddddd - Notepad,$
2025-11-13 19:10:55.776,*ddddddddddddddddddddddddddddddddddd - Notepad,$
2025-11-13 19:10:55.810,*ddddddddddddddddddddddddddddddddddd - Notepad,$
2025-11-13 19:10:55.843,*ddddddddddddddddddddddddddddddddddd - Notepad,$
2025-11-13 19:10:55.876,*ddddddddddddddddddddddddddddddddddd - Notepad,$
2025-11-13 19:10:55.909,*ddddddddddddddddddddddddddddddddddd - Notepad,$
2025-11-13 19:10:55.942,*ddddddddddddddddddddddddddddddddddd - Notepad,$
2025-11-13 19:10:55.975,*ddddddddddddddddddddddddddddddddddd - Notepad,$
2025-11-13 19:10:56.008,*ddddddddddddddddddddddddddddddddddd - Notepad,$
2025-11-13 19:10:56.042,*ddddddddddddddddddddddddddddddddddd - Notepad,$
2025-11-13 19:10:56.075,*ddddddddddddddddddddddddddddddddddd - Notepad,$
2025-11-13 19:10:56.109,*ddddddddddddddddddddddddddddddddddd - Notepad,$
2025-11-13 19:10:56.142,*ddddddddddddddddddddddddddddddddddd - Notepad,$
2025-11-13 19:10:56.175,*ddddddddddddddddddddddddddddddddddd - Notepad,$
2025-11-13 19:10:56.208,*ddddddddddddddddddddddddddddddddddd - Notepad,$
2025-11-13 19:10:56.242,*ddddddddddddddddddddddddddddddddddd - Notepad,$
2025-11-13 19:10:56.275,*ddddddddddddddddddddddddddddddddddd - Notepad,$
2025-11-13 19:10:56.309,*ddddddddddddddddddddddddddddddddddd - Notepad,$
2025-11-13 19:10:56.342,*ddddddddddddddddddddddddddddddddddd - Notepad,$
2025-11-13 19:10:56.375,*ddddddddddddddddddddddddddddddddddd - Notepad,$
2025-11-13 19:10:56.408,*ddddddddddddddddddddddddddddddddddd - Notepad,$
2025-11-13 19:10:56.441,*ddddddddddddddddddddddddddddddddddd - Notepad,$
2025-11-13 19:10:56.474,*ddddddddddddddddddddddddddddddddddd - Notepad,$
2025-11-13 19:10:56.507,*ddddddddddddddddddddddddddddddddddd - Notepad,$
2025-11-13 19:10:56.541,*ddddddddddddddddddddddddddddddddddd - Notepad,$
2025-11-13 19:10:56.575,*ddddddddddddddddddddddddddddddddddd - Notepad,$
2025-11-13 19:10:56.608,*ddddddddddddddddddddddddddddddddddd - Notepad,$
2025-11-13 19:10:56.642,*ddddddddddddddddddddddddddddddddddd - Notepad,$
2025-11-13 19:10:56.675,*ddddddddddddddddddddddddddddddddddd - Notepad,$
2025-11-13 19:10:56.710,*ddddddddddddddddddddddddddddddddddd - Notepad,$
2025-11-13 19:10:56.742,*ddddddddddddddddddddddddddddddddddd - Notepad,$
2025-11-13 19:10:56.776,*ddddddddddddddddddddddddddddddddddd - Notepad,$
2025-11-13 19:10:56.810,*ddddddddddddddddddddddddddddddddddd - Notepad,$
2025-11-13 19:10:56.843,*ddddddddddddddddddddddddddddddddddd - Notepad,$
2025-11-13 19:10:56.877,*ddddddddddddddddddddddddddddddddddd - Notepad,$
2025-11-13 19:10:56.911,*ddddddddddddddddddddddddddddddddddd - Notepad,$
2025-11-13 19:10:56.944,*ddddddddddddddddddddddddddddddddddd - Notepad,$
2025-11-13 19:10:56.978,*ddddddddddddddddddddddddddddddddddd - Notepad,$
2025-11-13 19:10:57.012,*ddddddddddddddddddddddddddddddddddd - Notepad,$
2025-11-13 19:10:57.046,*ddddddddddddddddddddddddddddddddddd - Notepad,$
2025-11-13 19:10:57.079,*ddddddddddddddddddddddddddddddddddd - Notepad,$
2025-11-13 19:10:57.111,*ddddddddddddddddddddddddddddddddddd - Notepad,$
2025-11-13 19:10:57.145,*ddddddddddddddddddddddddddddddddddd - Notepad,$
2025-11-13 19:10:57.178,*ddddddddddddddddddddddddddddddddddd - Notepad,$
2025-11-13 19:10:57.211,*ddddddddddddddddddddddddddddddddddd - Notepad,$
2025-11-13 19:10:57.245,*ddddddddddddddddddddddddddddddddddd - Notepad,$
2025-11-13 19:10:57.278,*ddddddddddddddddddddddddddddddddddd - Notepad,$
2025-11-13 19:10:57.311,*ddddddddddddddddddddddddddddddddddd - Notepad,$
2025-11-13 19:10:57.345,*ddddddddddddddddddddddddddddddddddd - Notepad,$
2025-11-13 19:10:57.379,*ddddddddddddddddddddddddddddddddddd - Notepad,$
2025-11-13 19:10:57.413,*ddddddddddddddddddddddddddddddddddd - Notepad,$
2025-11-13 19:10:57.447,*ddddddddddddddddddddddddddddddddddd - Notepad,$
2025-11-13 19:10:57.481,*ddddddddddddddddddddddddddddddddddd - Notepad,$
2025-11-13 19:10:57.515,*ddddddddddddddddddddddddddddddddddd - Notepad,$
2025-11-13 19:10:57.548,*ddddddddddddddddddddddddddddddddddd - Notepad,$
2025-11-13 19:10:57.581,*ddddddddddddddddddddddddddddddddddd - Notepad,$
2025-11-13 19:10:57.615,*ddddddddddddddddddddddddddddddddddd - Notepad,$
2025-11-13 19:10:57.649,*ddddddddddddddddddddddddddddddddddd - Notepad,$
2025-11-13 19:10:57.682,*ddddddddddddddddddddddddddddddddddd - Notepad,$
2025-11-13 19:10:57.715,*ddddddddddddddddddddddddddddddddddd - Notepad,$
2025-11-13 19:10:57.749,*ddddddddddddddddddddddddddddddddddd - Notepad,$
2025-11-13 19:10:57.782,*ddddddddddddddddddddddddddddddddddd - Notepad,$
2025-11-13 19:10:57.816,*ddddddddddddddddddddddddddddddddddd - Notepad,$
2025-11-13 19:10:57.848,*ddddddddddddddddddddddddddddddddddd - Notepad,$
2025-11-13 19:10:57.882,*ddddddddddddddddddddddddddddddddddd - Notepad,$
2025-11-13 19:10:57.915,*ddddddddddddddddddddddddddddddddddd - Notepad,$
2025-11-13 19:10:57.949,*ddddddddddddddddddddddddddddddddddd - Notepad,$
2025-11-13 19:10:57.982,*ddddddddddddddddddddddddddddddddddd - Notepad,$
2025-11-13 19:10:58.017,*ddddddddddddddddddddddddddddddddddd - Notepad,$
2025-11-13 19:10:58.050,*ddddddddddddddddddddddddddddddddddd - Notepad,$
2025-11-13 19:10:58.083,*ddddddddddddddddddddddddddddddddddd - Notepad,$
2025-11-13 19:10:58.116,*ddddddddddddddddddddddddddddddddddd - Notepad,$
2025-11-13 19:10:58.560,*ddddddddddddddddddddddddddddddddddd - Notepad,[cmd]
2025-11-13 19:10:59.128,Search,c
2025-11-13 19:10:59.231,Search,m
2025-11-13 19:10:59.323,Search,d
2025-11-13 19:10:59.717,Search,[enter]
2025-11-13 19:11:06.324,Command Prompt,n
2025-11-13 19:11:06.442,Command Prompt,e
2025-11-13 19:11:06.569,Command Prompt,t
2025-11-13 19:11:06.657,Command Prompt,s
2025-11-13 19:11:06.759,Command Prompt,h
2025-11-13 19:11:06.891,Command Prompt,[space]
2025-11-13 19:11:07.186,Command Prompt,[enter]
2025-11-13 19:11:07.495,Command Prompt - netsh  ,w
2025-11-13 19:11:07.679,Command Prompt - netsh  ,l
2025-11-13 19:11:07.797,Command Prompt - netsh  ,a
2025-11-13 19:11:07.925,Command Prompt - netsh  ,n
2025-11-13 19:11:08.192,Command Prompt - netsh  ,[enter]
2025-11-13 19:11:08.391,Command Prompt - netsh  ,s
2025-11-13 19:11:08.489,Command Prompt - netsh  ,h
2025-11-13 19:11:08.651,Command Prompt - netsh  ,o
2025-11-13 19:11:08.709,Command Prompt - netsh  ,w
2025-11-13 19:11:08.824,Command Prompt - netsh  ,[space]
2025-11-13 19:11:08.998,Command Prompt - netsh  ,p
2025-11-13 19:11:09.091,Command Prompt - netsh  ,r
2025-11-13 19:11:09.193,Command Prompt - netsh  ,o
2025-11-13 19:11:09.354,Command Prompt - netsh  ,f
2025-11-13 19:11:09.433,Command Prompt - netsh  ,i
2025-11-13 19:11:09.562,Command Prompt - netsh  ,e
2025-11-13 19:11:09.625,Command Prompt - netsh  ,l
2025-11-13 19:11:09.763,Command Prompt - netsh  ,s
2025-11-13 19:11:09.829,Command Prompt - netsh  ,[enter]
2025-11-13 19:11:10.179,Command Prompt - netsh  ,f
2025-11-13 19:11:10.237,Command Prompt - netsh  ,g
2025-11-13 19:11:10.265,Command Prompt - netsh  ,h
2025-11-13 19:11:10.292,Command Prompt - netsh  ,j
2025-11-13 19:11:10.388,Command Prompt - netsh  ,h
2025-11-13 19:11:10.406,Command Prompt - netsh  ,b
2025-11-13 19:11:10.445,Command Prompt - netsh  ,v
2025-11-13 19:11:10.476,Command Prompt - netsh  ,g
2025-11-13 19:11:10.533,Command Prompt - netsh  ,t
2025-11-13 19:11:10.546,Command Prompt - netsh  ,y
2025-11-13 19:11:10.580,Command Prompt - netsh  ,u
2025-11-13 19:11:10.636,Command Prompt - netsh  ,j
2025-11-13 19:11:10.690,Command Prompt - netsh  ,n
2025-11-13 19:11:10.716,Command Prompt - netsh  ,b
2025-11-13 19:11:10.764,Command Prompt - netsh  ,v
2025-11-13 19:11:10.804,Command Prompt - netsh  ,g
2025-11-13 19:11:10.853,Command Prompt - netsh  ,h
2025-11-13 19:11:10.900,Command Prompt - netsh  ,j
2025-11-13 19:11:10.987,Command Prompt - netsh  ,n
2025-11-13 19:11:11.014,Command Prompt - netsh  ,b
2025-11-13 19:11:11.074,Command Prompt - netsh  ,v
2025-11-13 19:11:11.113,Command Prompt - netsh  ,g
2025-11-13 19:11:11.134,Command Prompt - netsh  ,h
2025-11-13 19:11:11.171,Command Prompt - netsh  ,j
2025-11-13 19:11:11.211,Command Prompt - netsh  ,k
2025-11-13 19:11:11.325,Command Prompt - netsh  ,'
2025-11-13 19:11:11.385,Command Prompt - netsh  ,[enter]
2025-11-13 19:11:11.598,Command Prompt - netsh  ,g
2025-11-13 19:11:11.677,Command Prompt - netsh  ,t
2025-11-13 19:11:11.691,Command Prompt - netsh  ,y
2025-11-13 19:11:11.720,Command Prompt - netsh  ,u
2025-11-13 19:11:11.754,Command Prompt - netsh  ,i
2025-11-13 19:11:11.801,Command Prompt - netsh  ,k
2025-11-13 19:11:11.841,Command Prompt - netsh  ,j
2025-11-13 19:11:11.916,Command Prompt - netsh  ,b
2025-11-13 19:11:11.986,Command Prompt - netsh  ,h
2025-11-13 19:11:12.025,Command Prompt - netsh  ,u
2025-11-13 19:11:12.078,Command Prompt - netsh  ,k
2025-11-13 19:11:12.137,Command Prompt - netsh  ,j
2025-11-13 19:11:12.167,Command Prompt - netsh  ,n
2025-11-13 19:11:12.188,Command Prompt - netsh  ,b
2025-11-13 19:11:12.226,Command Prompt - netsh  ,v
2025-11-13 19:11:12.251,Command Prompt - netsh  ,g
2025-11-13 19:11:12.315,Command Prompt - netsh  ,y
2025-11-13 19:11:12.338,Command Prompt - netsh  ,u
2025-11-13 19:11:12.375,Command Prompt - netsh  ,i
2025-11-13 19:11:12.405,Command Prompt - netsh  ,k
2025-11-13 19:11:12.436,Command Prompt - netsh  ,j
2025-11-13 19:11:12.469,Command Prompt - netsh  ,n
2025-11-13 19:11:12.489,Command Prompt - netsh  ,b
2025-11-13 19:11:12.533,Command Prompt - netsh  ,v
2025-11-13 19:11:12.570,Command Prompt - netsh  ,g
2025-11-13 19:11:12.624,Command Prompt - netsh  ,h
2025-11-13 19:11:12.660,Command Prompt - netsh  ,j
2025-11-13 19:11:12.762,Command Prompt - netsh  ,n
2025-11-13 19:11:12.792,Command Prompt - netsh  ,b
2025-11-13 19:11:12.846,Command Prompt - netsh  ,v
2025-11-13 19:11:12.921,Command Prompt - netsh  ,h
2025-11-13 19:11:12.962,Command Prompt - netsh  ,j
2025-11-13 19:11:13.062,Command Prompt - netsh  ,n
2025-11-13 19:11:13.102,Command Prompt - netsh  ,b
2025-11-13 19:11:13.229,Command Prompt - netsh  ,h
2025-11-13 19:11:13.270,Command Prompt - netsh  ,j
2025-11-13 19:11:13.367,Command Prompt - netsh  ,n
2025-11-13 19:11:13.419,Command Prompt - netsh  ,b
2025-11-13 19:11:13.505,Command Prompt - netsh  ,h
2025-11-13 19:11:13.607,Command Prompt - netsh  ,m
2025-11-13 19:11:13.666,Command Prompt - netsh  ,n
2025-11-13 19:11:13.710,Command Prompt - netsh  ,b
2025-11-13 19:11:13.809,Command Prompt - netsh  ,h
2025-11-13 19:11:13.852,Command Prompt - netsh  ,j
2025-11-13 19:11:13.886,Command Prompt - netsh  ,k
2025-11-13 19:11:13.935,Command Prompt - netsh  ,m
2025-11-13 19:11:13.961,Command Prompt - netsh  ,n
2025-11-13 19:11:13.998,Command Prompt - netsh  ,b
2025-11-13 19:11:14.062,Command Prompt - netsh  ,g
2025-11-13 19:11:14.095,Command Prompt - netsh  ,h
2025-11-13 19:11:14.149,Command Prompt - netsh  ,j
2025-11-13 19:11:14.247,Command Prompt - netsh  ,n
2025-11-13 19:11:14.287,Command Prompt - netsh  ,b
2025-11-13 19:11:14.338,Command Prompt - netsh  ,v
2025-11-13 19:11:14.352,Command Prompt - netsh  ,g
2025-11-13 19:11:14.395,Command Prompt - netsh  ,h
2025-11-13 19:11:14.430,Command Prompt - netsh  ,u
2025-11-13 19:11:14.451,Command Prompt - netsh  ,j
2025-11-13 19:11:14.540,Command Prompt - netsh  ,n
2025-11-13 19:11:14.570,Command Prompt - netsh  ,b
2025-11-13 19:11:14.614,Command Prompt - netsh  ,v
2025-11-13 19:11:14.647,Command Prompt - netsh  ,g
2025-11-13 19:11:14.707,Command Prompt - netsh  ,y
2025-11-13 19:11:14.734,Command Prompt - netsh  ,u
2025-11-13 19:11:14.750,Command Prompt - netsh  ,j
2025-11-13 19:11:14.824,Command Prompt - netsh  ,n
2025-11-13 19:11:14.851,Command Prompt - netsh  ,b
2025-11-13 19:11:14.884,Command Prompt - netsh  ,v
2025-11-13 19:11:14.941,Command Prompt - netsh  ,f
2025-11-13 19:11:14.961,Command Prompt - netsh  ,g
2025-11-13 19:11:15.001,Command Prompt - netsh  ,h
2025-11-13 19:11:15.041,Command Prompt - netsh  ,j
2025-11-13 19:11:15.110,Command Prompt - netsh  ,n
2025-11-13 19:11:15.137,Command Prompt - netsh  ,b
2025-11-13 19:11:15.175,Command Prompt - netsh  ,v
2025-11-13 19:11:15.260,Command Prompt - netsh  ,g
2025-11-13 19:11:15.293,Command Prompt - netsh  ,h
2025-11-13 19:11:15.333,Command Prompt - netsh  ,j
2025-11-13 19:11:15.386,Command Prompt - netsh  ,n
2025-11-13 19:11:15.416,Command Prompt - netsh  ,b
2025-11-13 19:11:15.453,Command Prompt - netsh  ,v
2025-11-13 19:11:15.532,Command Prompt - netsh  ,g
2025-11-13 19:11:15.572,Command Prompt - netsh  ,h
2025-11-13 19:11:15.649,Command Prompt - netsh  ,n
2025-11-13 19:11:15.678,Command Prompt - netsh  ,b
2025-11-13 19:11:15.721,Command Prompt - netsh  ,v
2025-11-13 19:11:15.798,Command Prompt - netsh  ,g
2025-11-13 19:11:15.838,Command Prompt - netsh  ,h
2025-11-13 19:11:15.918,Command Prompt - netsh  ,n
2025-11-13 19:11:15.947,Command Prompt - netsh  ,b
2025-11-13 19:11:16.066,Command Prompt - netsh  ,g
2025-11-13 19:11:16.102,Command Prompt - netsh  ,h
2025-11-13 19:11:16.188,Command Prompt - netsh  ,n
2025-11-13 19:11:16.231,Command Prompt - netsh  ,b
2025-11-13 19:11:16.301,Command Prompt - netsh  ,v
2025-11-13 19:11:16.328,Command Prompt - netsh  ,g
2025-11-13 19:11:16.361,Command Prompt - netsh  ,h
2025-11-13 19:11:16.414,Command Prompt - netsh  ,j
2025-11-13 19:11:16.461,Command Prompt - netsh  ,n
2025-11-13 19:11:16.494,Command Prompt - netsh  ,b
2025-11-13 19:11:16.574,Command Prompt - netsh  ,v
2025-11-13 19:11:16.609,Command Prompt - netsh  ,g
2025-11-13 19:11:16.642,Command Prompt - netsh  ,h
2025-11-13 19:11:16.694,Command Prompt - netsh  ,j
2025-11-13 19:11:16.750,Command Prompt - netsh  ,n
2025-11-13 19:11:16.797,Command Prompt - netsh  ,b
2025-11-13 19:11:16.854,Command Prompt - netsh  ,v
2025-11-13 19:11:16.887,Command Prompt - netsh  ,g
2025-11-13 19:11:16.920,Command Prompt - netsh  ,h
2025-11-13 19:11:16.960,Command Prompt - netsh  ,j
2025-11-13 19:11:17.040,Command Prompt - netsh  ,n
2025-11-13 19:11:17.083,Command Prompt - netsh  ,b
2025-11-13 19:11:17.163,Command Prompt - netsh  ,g
2025-11-13 19:11:17.191,Command Prompt - netsh  ,h
2025-11-13 19:11:17.236,Command Prompt - netsh  ,j
2025-11-13 19:11:17.309,Command Prompt - netsh  ,n
2025-11-13 19:11:17.359,Command Prompt - netsh  ,b
2025-11-13 19:11:17.462,Command Prompt - netsh  ,h
2025-11-13 19:11:17.501,Command Prompt - netsh  ,j
2025-11-13 19:11:17.588,Command Prompt - netsh  ,n
2025-11-13 19:11:17.627,Command Prompt - netsh  ,b
2025-11-13 19:11:17.694,Command Prompt - netsh  ,g
2025-11-13 19:11:17.717,Command Prompt - netsh  ,h
2025-11-13 19:11:17.766,Command Prompt - netsh  ,j
2025-11-13 19:11:17.860,Command Prompt - netsh  ,n
2025-11-13 19:11:17.906,Command Prompt - netsh  ,b
2025-11-13 19:11:17.989,Command Prompt - netsh  ,h
2025-11-13 19:11:18.039,Command Prompt - netsh  ,j
2025-11-13 19:11:18.128,Command Prompt - netsh  ,n
2025-11-13 19:11:18.165,Command Prompt - netsh  ,b
2025-11-13 19:11:18.239,Command Prompt - netsh  ,g
2025-11-13 19:11:18.273,Command Prompt - netsh  ,h
2025-11-13 19:11:18.321,Command Prompt - netsh  ,j
2025-11-13 19:11:18.384,Command Prompt - netsh  ,n
2025-11-13 19:11:18.437,Command Prompt - netsh  ,b
2025-11-13 19:11:18.520,Command Prompt - netsh  ,g
2025-11-13 19:11:18.547,Command Prompt - netsh  ,h
2025-11-13 19:11:18.588,Command Prompt - netsh  ,j
2025-11-13 19:11:18.667,Command Prompt - netsh  ,n
2025-11-13 19:11:18.755,Command Prompt - netsh  ,b
2025-11-13 19:11:18.804,Command Prompt - netsh  ,g
2025-11-13 19:11:18.834,Command Prompt - netsh  ,h
2025-11-13 19:11:18.876,Command Prompt - netsh  ,j
2025-11-13 19:11:18.938,Command Prompt - netsh  ,m
2025-11-13 19:11:18.967,Command Prompt - netsh  ,n
2025-11-13 19:11:19.010,Command Prompt - netsh  ,b
2025-11-13 19:11:19.080,Command Prompt - netsh  ,g
2025-11-13 19:11:19.106,Command Prompt - netsh  ,h
2025-11-13 19:11:19.150,Command Prompt - netsh  ,j
2025-11-13 19:11:19.232,Command Prompt - netsh  ,n
2025-11-13 19:11:19.273,Command Prompt - netsh  ,b
2025-11-13 19:11:22.309,Command Prompt - netsh  ,b
2025-11-13 19:11:22.415,Command Prompt - netsh  ,n
2025-11-13 19:11:22.567,Command Prompt - netsh  ,b
2025-11-13 19:11:22.666,Command Prompt - netsh  ,h
2025-11-13 19:11:22.764,Command Prompt - netsh  ,j
2025-11-13 19:11:22.787,Command Prompt - netsh  ,n
2025-11-13 19:11:22.840,Command Prompt - netsh  ,b
2025-11-13 19:11:22.960,Command Prompt - netsh  ,h
2025-11-13 19:11:23.009,Command Prompt - netsh  ,j
2025-11-13 19:11:23.101,Command Prompt - netsh  ,n
2025-11-13 19:11:23.141,Command Prompt - netsh  ,b
2025-11-13 19:11:23.211,Command Prompt - netsh  ,h
2025-11-13 19:11:23.297,Command Prompt - netsh  ,j
2025-11-13 19:11:27.363,*ddddddddddddddddddddddddddddddddddd - Notepad,[cmd]
2025-11-13 19:11:27.834,Search,c
2025-11-13 19:11:27.945,Search,h
2025-11-13 19:11:28.062,Search,r
2025-11-13 19:11:28.194,Search,o
2025-11-13 19:11:28.426,Search,[enter]
2025-11-13 19:11:30.026,New Tab - Google Chrome,y
2025-11-13 19:11:30.260,New Tab - Google Chrome,[enter]
2025-11-13 19:11:33.624,YouTube - Google Chrome,h
2025-11-13 19:11:33.677,YouTube - Google Chrome,a
2025-11-13 19:11:33.792,YouTube - Google Chrome,h
2025-11-13 19:11:33.868,YouTube - Google Chrome,a
2025-11-13 19:11:33.951,YouTube - Google Chrome,h
2025-11-13 19:11:34.040,YouTube - Google Chrome,a
2025-11-13 19:11:34.190,YouTube - Google Chrome,[enter]
2025-11-13 19:11:36.270,New Tab - Google Chrome,w
2025-11-13 19:11:36.437,New Tab - Google Chrome,i
2025-11-13 19:11:36.451,New Tab - Google Chrome,a
2025-11-13 19:11:36.673,New Tab - Google Chrome,t
2025-11-13 19:11:36.816,New Tab - Google Chrome,[enter]
2025-11-13 19:11:38.757,New Tab - Google Chrome,i
2025-11-13 19:11:38.922,New Tab - Google Chrome,[space]
2025-11-13 19:11:39.036,New Tab - Google Chrome,d
2025-11-13 19:11:39.114,New Tab - Google Chrome,o
2025-11-13 19:11:39.252,New Tab - Google Chrome,n
2025-11-13 19:11:39.304,New Tab - Google Chrome,t
2025-11-13 19:11:39.451,New Tab - Google Chrome,[enter]
2025-11-13 19:11:41.079,New Tab - Google Chrome,k
2025-11-13 19:11:41.237,New Tab - Google Chrome,n
2025-11-13 19:11:41.408,New Tab - Google Chrome,o
2025-11-13 19:11:41.503,New Tab - Google Chrome,w
2025-11-13 19:11:41.615,New Tab - Google Chrome,[enter]
2025-11-13 19:11:42.741,know - Google Search - Google Chrome,h
2025-11-13 19:11:42.943,know - Google Search - Google Chrome,o
2025-11-13 19:11:43.045,know - Google Search - Google Chrome,w
2025-11-13 19:11:44.921,New Tab - Google Chrome,h
2025-11-13 19:11:45.097,New Tab - Google Chrome,o
2025-11-13 19:11:45.160,New Tab - Google Chrome,w
2025-11-13 19:11:45.363,New Tab - Google Chrome,[enter]
2025-11-13 19:11:46.985,New Tab - Google Chrome,w
2025-11-13 19:11:47.081,New Tab - Google Chrome,e
2025-11-13 19:11:47.379,New Tab - Google Chrome,[space]
2025-11-13 19:11:47.452,New Tab - Google Chrome,c
2025-11-13 19:11:47.539,New Tab - Google Chrome,a
2025-11-13 19:11:47.602,New Tab - Google Chrome,n
2025-11-13 19:11:47.722,New Tab - Google Chrome,[space]
2025-11-13 19:11:47.849,New Tab - Google Chrome,e
2025-11-13 19:11:48.124,New Tab - Google Chrome,r
2025-11-13 19:11:48.326,New Tab - Google Chrome,[enter]
2025-11-13 19:12:01.223,*ddddddddddddddddddddddddddddddddddd - Notepad,g
2025-11-13 19:12:01.724,*ddddddddddddddddddddddddddddddddddd - Notepad,g
2025-11-13 19:12:01.757,*ddddddddddddddddddddddddddddddddddd - Notepad,g
2025-11-13 19:12:01.790,*ddddddddddddddddddddddddddddddddddd - Notepad,g
2025-11-13 19:12:01.823,*ddddddddddddddddddddddddddddddddddd - Notepad,g
2025-11-13 19:12:01.856,*ddddddddddddddddddddddddddddddddddd - Notepad,g
2025-11-13 19:12:01.891,*ddddddddddddddddddddddddddddddddddd - Notepad,g
2025-11-13 19:12:01.925,*ddddddddddddddddddddddddddddddddddd - Notepad,g
2025-11-13 19:12:01.958,*ddddddddddddddddddddddddddddddddddd - Notepad,g
2025-11-13 19:12:01.992,*ddddddddddddddddddddddddddddddddddd - Notepad,g
2025-11-13 19:12:02.025,*ddddddddddddddddddddddddddddddddddd - Notepad,g
2025-11-13 19:12:02.059,*ddddddddddddddddddddddddddddddddddd - Notepad,g
2025-11-13 19:12:02.093,*ddddddddddddddddddddddddddddddddddd - Notepad,g
2025-11-13 19:12:02.126,*ddddddddddddddddddddddddddddddddddd - Notepad,g
2025-11-13 19:12:02.160,*ddddddddddddddddddddddddddddddddddd - Notepad,g
2025-11-13 19:12:02.194,*ddddddddddddddddddddddddddddddddddd - Notepad,g
2025-11-13 19:12:02.228,*ddddddddddddddddddddddddddddddddddd - Notepad,g
2025-11-13 19:12:02.262,*ddddddddddddddddddddddddddddddddddd - Notepad,g
2025-11-13 19:12:02.295,*ddddddddddddddddddddddddddddddddddd - Notepad,g
2025-11-13 19:12:02.327,*ddddddddddddddddddddddddddddddddddd - Notepad,g
2025-11-13 19:12:02.362,*ddddddddddddddddddddddddddddddddddd - Notepad,g
2025-11-13 19:12:02.395,*ddddddddddddddddddddddddddddddddddd - Notepad,g
2025-11-13 19:12:02.428,*ddddddddddddddddddddddddddddddddddd - Notepad,g
2025-11-13 19:12:02.462,*ddddddddddddddddddddddddddddddddddd - Notepad,g
2025-11-13 19:12:02.495,*ddddddddddddddddddddddddddddddddddd - Notepad,g
2025-11-13 19:12:02.528,*ddddddddddddddddddddddddddddddddddd - Notepad,g
2025-11-13 19:12:02.561,*ddddddddddddddddddddddddddddddddddd - Notepad,g
2025-11-13 19:12:02.594,*ddddddddddddddddddddddddddddddddddd - Notepad,g
2025-11-13 19:12:02.627,*ddddddddddddddddddddddddddddddddddd - Notepad,g
2025-11-13 19:12:02.661,*ddddddddddddddddddddddddddddddddddd - Notepad,g
2025-11-13 19:12:02.694,*ddddddddddddddddddddddddddddddddddd - Notepad,g
2025-11-13 19:12:02.727,*ddddddddddddddddddddddddddddddddddd - Notepad,g
2025-11-13 19:12:02.760,*ddddddddddddddddddddddddddddddddddd - Notepad,g
2025-11-13 19:12:02.793,*ddddddddddddddddddddddddddddddddddd - Notepad,g
2025-11-13 19:12:02.826,*ddddddddddddddddddddddddddddddddddd - Notepad,g
2025-11-13 19:12:02.859,*ddddddddddddddddddddddddddddddddddd - Notepad,g
2025-11-13 19:12:02.892,*ddddddddddddddddddddddddddddddddddd - Notepad,g
2025-11-13 19:12:02.925,*ddddddddddddddddddddddddddddddddddd - Notepad,g
2025-11-13 19:12:02.959,*ddddddddddddddddddddddddddddddddddd - Notepad,g
2025-11-13 19:12:02.992,*ddddddddddddddddddddddddddddddddddd - Notepad,g
2025-11-13 19:12:03.025,*ddddddddddddddddddddddddddddddddddd - Notepad,g
2025-11-13 19:12:03.058,*ddddddddddddddddddddddddddddddddddd - Notepad,g
2025-11-13 19:12:03.092,*ddddddddddddddddddddddddddddddddddd - Notepad,g
2025-11-13 19:12:03.126,*ddddddddddddddddddddddddddddddddddd - Notepad,g
2025-11-13 19:12:03.160,*ddddddddddddddddddddddddddddddddddd - Notepad,g
2025-11-13 19:12:03.192,*ddddddddddddddddddddddddddddddddddd - Notepad,g
2025-11-13 19:12:03.217,*ddddddddddddddddddddddddddddddddddd - Notepad,s
2025-11-13 19:12:03.283,*ddddddddddddddddddddddddddddddddddd - Notepad,k
2025-11-13 19:12:03.300,*ddddddddddddddddddddddddddddddddddd - Notepad,d
2025-11-13 19:12:03.403,*ddddddddddddddddddddddddddddddddddd - Notepad,j
2025-11-13 19:12:03.418,*ddddddddddddddddddddddddddddddddddd - Notepad,v
2025-11-13 19:12:03.461,*ddddddddddddddddddddddddddddddddddd - Notepad,b
2025-11-13 19:12:03.489,*ddddddddddddddddddddddddddddddddddd - Notepad,g
2025-11-13 19:12:03.510,*ddddddddddddddddddddddddddddddddddd - Notepad,u
2025-11-13 19:12:03.533,*ddddddddddddddddddddddddddddddddddd - Notepad,i
2025-11-13 19:12:03.550,*ddddddddddddddddddddddddddddddddddd - Notepad,s
2025-11-13 19:12:03.577,*ddddddddddddddddddddddddddddddddddd - Notepad,d
2025-11-13 19:12:03.614,*ddddddddddddddddddddddddddddddddddd - Notepad,n
2025-11-13 19:12:03.694,*ddddddddddddddddddddddddddddddddddd - Notepad,j
2025-11-13 19:12:03.695,*ddddddddddddddddddddddddddddddddddd - Notepad,c
2025-11-13 19:12:03.696,*ddddddddddddddddddddddddddddddddddd - Notepad,v
2025-11-13 19:12:03.712,*ddddddddddddddddddddddddddddddddddd - Notepad,h
2025-11-13 19:12:03.761,*ddddddddddddddddddddddddddddddddddd - Notepad,g
2025-11-13 19:12:03.795,*ddddddddddddddddddddddddddddddddddd - Notepad,u
2025-11-13 19:12:03.829,*ddddddddddddddddddddddddddddddddddd - Notepad,h
2025-11-13 19:12:03.839,*ddddddddddddddddddddddddddddddddddd - Notepad,s
2025-11-13 19:12:03.880,*ddddddddddddddddddddddddddddddddddd - Notepad,d
2025-11-13 19:12:03.881,*ddddddddddddddddddddddddddddddddddd - Notepad,i
2025-11-13 19:12:03.882,*ddddddddddddddddddddddddddddddddddd - Notepad,j
2025-11-13 19:12:03.930,*ddddddddddddddddddddddddddddddddddd - Notepad,k
2025-11-13 19:12:03.972,*ddddddddddddddddddddddddddddddddddd - Notepad,b
2025-11-13 19:12:03.987,*ddddddddddddddddddddddddddddddddddd - Notepad,c
2025-11-13 19:12:03.991,*ddddddddddddddddddddddddddddddddddd - Notepad,h
2025-11-13 19:12:04.049,*ddddddddddddddddddddddddddddddddddd - Notepad,g
2025-11-13 19:12:04.082,*ddddddddddddddddddddddddddddddddddd - Notepad,u
2025-11-13 19:12:04.095,*ddddddddddddddddddddddddddddddddddd - Notepad,s
2025-11-13 19:12:04.118,*ddddddddddddddddddddddddddddddddddd - Notepad,d
2025-11-13 19:12:04.122,*ddddddddddddddddddddddddddddddddddd - Notepad,i
2025-11-13 19:12:04.156,*ddddddddddddddddddddddddddddddddddd - Notepad,o
2025-11-13 19:12:04.159,*ddddddddddddddddddddddddddddddddddd - Notepad,j
2025-11-13 19:12:04.249,*ddddddddddddddddddddddddddddddddddd - Notepad,c
2025-11-13 19:12:04.254,*ddddddddddddddddddddddddddddddddddd - Notepad,k
2025-11-13 19:12:04.277,*ddddddddddddddddddddddddddddddddddd - Notepad,h
2025-11-13 19:12:04.347,*ddddddddddddddddddddddddddddddddddd - Notepad,y
2025-11-13 19:12:04.352,*ddddddddddddddddddddddddddddddddddd - Notepad,s
2025-11-13 19:12:04.355,*ddddddddddddddddddddddddddddddddddd - Notepad,g
2025-11-13 19:12:04.359,*ddddddddddddddddddddddddddddddddddd - Notepad,b
2025-11-13 19:12:04.363,*ddddddddddddddddddddddddddddddddddd - Notepad,u
2025-11-13 19:12:04.436,*ddddddddddddddddddddddddddddddddddd - Notepad,i
2025-11-13 19:12:04.461,*ddddddddddddddddddddddddddddddddddd - Notepad,j
2025-11-13 19:12:04.465,*ddddddddddddddddddddddddddddddddddd - Notepad,o
2025-11-13 19:12:04.554,*ddddddddddddddddddddddddddddddddddd - Notepad,b
2025-11-13 19:12:04.561,*ddddddddddddddddddddddddddddddddddd - Notepad,h
2025-11-13 19:12:04.609,*ddddddddddddddddddddddddddddddddddd - Notepad,s
2025-11-13 19:12:04.626,*ddddddddddddddddddddddddddddddddddd - Notepad,g
2025-11-13 19:12:04.653,*ddddddddddddddddddddddddddddddddddd - Notepad,y
2025-11-13 19:12:04.660,*ddddddddddddddddddddddddddddddddddd - Notepad,b
2025-11-13 19:12:04.667,*ddddddddddddddddddddddddddddddddddd - Notepad,d
2025-11-13 19:12:04.698,*ddddddddddddddddddddddddddddddddddd - Notepad,u
2025-11-13 19:12:04.705,*ddddddddddddddddddddddddddddddddddd - Notepad,h
2025-11-13 19:12:04.753,*ddddddddddddddddddddddddddddddddddd - Notepad,j
2025-11-13 19:12:04.756,*ddddddddddddddddddddddddddddddddddd - Notepad,n
2025-11-13 19:12:04.763,*ddddddddddddddddddddddddddddddddddd - Notepad,i
2025-11-13 19:12:04.845,*ddddddddddddddddddddddddddddddddddd - Notepad,b
2025-11-13 19:12:04.883,*ddddddddddddddddddddddddddddddddddd - Notepad,h
2025-11-13 19:12:04.890,*ddddddddddddddddddddddddddddddddddd - Notepad,d
2025-11-13 19:12:04.891,*ddddddddddddddddddddddddddddddddddd - Notepad,s
2025-11-13 19:12:04.916,*ddddddddddddddddddddddddddddddddddd - Notepad,[space]
2025-11-13 19:12:04.985,*ddddddddddddddddddddddddddddddddddd - Notepad,c
2025-11-13 19:12:04.989,*ddddddddddddddddddddddddddddddddddd - Notepad,g
2025-11-13 19:12:05.014,*ddddddddddddddddddddddddddddddddddd - Notepad,h
2025-11-13 19:12:05.055,*ddddddddddddddddddddddddddddddddddd - Notepad,n
2025-11-13 19:12:05.059,*ddddddddddddddddddddddddddddddddddd - Notepad,k
2025-11-13 19:12:05.095,*ddddddddddddddddddddddddddddddddddd - Notepad,s
2025-11-13 19:12:05.126,*ddddddddddddddddddddddddddddddddddd - Notepad,j
2025-11-13 19:12:05.132,*ddddddddddddddddddddddddddddddddddd - Notepad,b
2025-11-13 19:12:05.143,*ddddddddddddddddddddddddddddddddddd - Notepad,c
2025-11-13 19:12:05.190,*ddddddddddddddddddddddddddddddddddd - Notepad,[space]
2025-11-13 19:12:05.191,*ddddddddddddddddddddddddddddddddddd - Notepad,h
2025-11-13 19:12:05.195,*ddddddddddddddddddddddddddddddddddd - Notepad,v
2025-11-13 19:12:05.241,*ddddddddddddddddddddddddddddddddddd - Notepad,g
2025-11-13 19:12:05.253,*ddddddddddddddddddddddddddddddddddd - Notepad,j
2025-11-13 19:12:05.266,*ddddddddddddddddddddddddddddddddddd - Notepad,b
2025-11-13 19:12:05.295,*ddddddddddddddddddddddddddddddddddd - Notepad,h
2025-11-13 19:12:05.336,*ddddddddddddddddddddddddddddddddddd - Notepad,j
2025-11-13 19:12:05.342,*ddddddddddddddddddddddddddddddddddd - Notepad,k
2025-11-13 19:12:05.356,*ddddddddddddddddddddddddddddddddddd - Notepad,s
2025-11-13 19:12:05.421,*ddddddddddddddddddddddddddddddddddd - Notepad,d
2025-11-13 19:12:05.431,*ddddddddddddddddddddddddddddddddddd - Notepad,b
2025-11-13 19:12:05.510,*ddddddddddddddddddddddddddddddddddd - Notepad,g
2025-11-13 19:12:05.519,*ddddddddddddddddddddddddddddddddddd - Notepad,c
2025-11-13 19:12:05.565,*ddddddddddddddddddddddddddddddddddd - Notepad,h
2025-11-13 19:12:05.603,*ddddddddddddddddddddddddddddddddddd - Notepad,n
2025-11-13 19:12:05.607,*ddddddddddddddddddddddddddddddddddd - Notepad,i
2025-11-13 19:12:05.614,*ddddddddddddddddddddddddddddddddddd - Notepad,j
2025-11-13 19:12:05.666,*ddddddddddddddddddddddddddddddddddd - Notepad,s
2025-11-13 19:12:05.697,*ddddddddddddddddddddddddddddddddddd - Notepad,d
2025-11-13 19:12:05.715,*ddddddddddddddddddddddddddddddddddd - Notepad,b
2025-11-13 19:12:05.760,*ddddddddddddddddddddddddddddddddddd - Notepad,c
2025-11-13 19:12:05.761,*ddddddddddddddddddddddddddddddddddd - Notepad,h
2025-11-13 19:12:05.796,*ddddddddddddddddddddddddddddddddddd - Notepad,g
2025-11-13 19:12:05.884,*ddddddddddddddddddddddddddddddddddd - Notepad,i
2025-11-13 19:12:05.887,*ddddddddddddddddddddddddddddddddddd - Notepad,s
2025-11-13 19:12:05.898,*ddddddddddddddddddddddddddddddddddd - Notepad,j
2025-11-13 19:12:05.899,*ddddddddddddddddddddddddddddddddddd - Notepad,o
2025-11-13 19:12:05.914,*ddddddddddddddddddddddddddddddddddd - Notepad,d
2025-11-13 19:12:05.962,*ddddddddddddddddddddddddddddddddddd - Notepad,k
2025-11-13 19:12:06.027,*ddddddddddddddddddddddddddddddddddd - Notepad,h
2025-11-13 19:12:06.029,*ddddddddddddddddddddddddddddddddddd - Notepad,c
2025-11-13 19:12:06.030,*ddddddddddddddddddddddddddddddddddd - Notepad,b
2025-11-13 19:12:06.077,*ddddddddddddddddddddddddddddddddddd - Notepad,g
2025-11-13 19:12:06.127,*ddddddddddddddddddddddddddddddddddd - Notepad,s
2025-11-13 19:12:06.177,*ddddddddddddddddddddddddddddddddddd - Notepad,i
2025-11-13 19:12:06.187,*ddddddddddddddddddddddddddddddddddd - Notepad,j
2025-11-13 19:12:06.191,*ddddddddddddddddddddddddddddddddddd - Notepad,o
2025-11-13 19:12:06.311,*ddddddddddddddddddddddddddddddddddd - Notepad,c
2025-11-13 19:12:06.361,*ddddddddddddddddddddddddddddddddddd - Notepad,b
2025-11-13 19:12:06.374,*ddddddddddddddddddddddddddddddddddd - Notepad,g
2025-11-13 19:12:06.419,*ddddddddddddddddddddddddddddddddddd - Notepad,h
2025-11-13 19:12:06.424,*ddddddddddddddddddddddddddddddddddd - Notepad,s
2025-11-13 19:12:06.466,*ddddddddddddddddddddddddddddddddddd - Notepad,d
2025-11-13 19:12:06.473,*ddddddddddddddddddddddddddddddddddd - Notepad,j
2025-11-13 19:12:06.473,*ddddddddddddddddddddddddddddddddddd - Notepad,i
2025-11-13 19:12:06.489,*ddddddddddddddddddddddddddddddddddd - Notepad,o
2025-11-13 19:12:06.590,*ddddddddddddddddddddddddddddddddddd - Notepad,b
2025-11-13 19:12:06.595,*ddddddddddddddddddddddddddddddddddd - Notepad,c
2025-11-13 19:12:06.598,*ddddddddddddddddddddddddddddddddddd - Notepad,h
2025-11-13 19:12:06.620,*ddddddddddddddddddddddddddddddddddd - Notepad,[space]
2025-11-13 19:12:06.671,*ddddddddddddddddddddddddddddddddddd - Notepad,g
2025-11-13 19:12:06.689,*ddddddddddddddddddddddddddddddddddd - Notepad,s
2025-11-13 19:12:06.702,*ddddddddddddddddddddddddddddddddddd - Notepad,h
2025-11-13 19:12:06.752,*ddddddddddddddddddddddddddddddddddd - Notepad,j
2025-11-13 19:12:06.757,*ddddddddddddddddddddddddddddddddddd - Notepad,d
2025-11-13 19:12:06.759,*ddddddddddddddddddddddddddddddddddd - Notepad,i
2025-11-13 19:12:06.851,*ddddddddddddddddddddddddddddddddddd - Notepad,c
2025-11-13 19:12:06.867,*ddddddddddddddddddddddddddddddddddd - Notepad,b
2025-11-13 19:12:06.956,*ddddddddddddddddddddddddddddddddddd - Notepad,g
2025-11-13 19:12:06.969,*ddddddddddddddddddddddddddddddddddd - Notepad,s
2025-11-13 19:12:06.992,*ddddddddddddddddddddddddddddddddddd - Notepad,d
2025-11-13 19:12:07.009,*ddddddddddddddddddddddddddddddddddd - Notepad,h
2025-11-13 19:12:07.060,*ddddddddddddddddddddddddddddddddddd - Notepad,j
2025-11-13 19:12:07.088,*ddddddddddddddddddddddddddddddddddd - Notepad,k
2025-11-13 19:12:07.098,*ddddddddddddddddddddddddddddddddddd - Notepad,c
2025-11-13 19:12:07.154,*ddddddddddddddddddddddddddddddddddd - Notepad,b
2025-11-13 19:12:07.226,*ddddddddddddddddddddddddddddddddddd - Notepad,h
2025-11-13 19:12:07.227,*ddddddddddddddddddddddddddddddddddd - Notepad,s
2025-11-13 19:12:07.243,*ddddddddddddddddddddddddddddddddddd - Notepad,g
2025-11-13 19:12:07.263,*ddddddddddddddddddddddddddddddddddd - Notepad,d
2025-11-13 19:12:07.294,*ddddddddddddddddddddddddddddddddddd - Notepad,h
2025-11-13 19:12:07.314,*ddddddddddddddddddddddddddddddddddd - Notepad,n
2025-11-13 19:12:07.359,*ddddddddddddddddddddddddddddddddddd - Notepad,j
2025-11-13 19:12:07.359,*ddddddddddddddddddddddddddddddddddd - Notepad,c
2025-11-13 19:12:07.400,*ddddddddddddddddddddddddddddddddddd - Notepad,k
2025-11-13 19:12:07.434,*ddddddddddddddddddddddddddddddddddd - Notepad,b
2025-11-13 19:12:07.438,*ddddddddddddddddddddddddddddddddddd - Notepad,h
2025-11-13 19:12:07.462,*ddddddddddddddddddddddddddddddddddd - Notepad,[space]
2025-11-13 19:12:07.490,*ddddddddddddddddddddddddddddddddddd - Notepad,s
2025-11-13 19:12:07.507,*ddddddddddddddddddddddddddddddddddd - Notepad,d
2025-11-13 19:12:07.521,*ddddddddddddddddddddddddddddddddddd - Notepad,g
2025-11-13 19:12:07.525,*ddddddddddddddddddddddddddddddddddd - Notepad,j
2025-11-13 19:12:07.562,*ddddddddddddddddddddddddddddddddddd - Notepad,h
2025-11-13 19:12:07.589,*ddddddddddddddddddddddddddddddddddd - Notepad,u
2025-11-13 19:12:07.593,*ddddddddddddddddddddddddddddddddddd - Notepad,c
2025-11-13 19:12:07.593,*ddddddddddddddddddddddddddddddddddd - Notepad,i
2025-11-13 19:12:07.622,*ddddddddddddddddddddddddddddddddddd - Notepad,j
2025-11-13 19:12:07.687,*ddddddddddddddddddddddddddddddddddd - Notepad,k
2025-11-13 19:12:07.694,*ddddddddddddddddddddddddddddddddddd - Notepad,s
2025-11-13 19:12:07.697,*ddddddddddddddddddddddddddddddddddd - Notepad,h
2025-11-13 19:12:07.704,*ddddddddddddddddddddddddddddddddddd - Notepad,u
2025-11-13 19:12:07.706,*ddddddddddddddddddddddddddddddddddd - Notepad,d
2025-11-13 19:12:07.751,*ddddddddddddddddddddddddddddddddddd - Notepad,b
2025-11-13 19:12:07.758,*ddddddddddddddddddddddddddddddddddd - Notepad,j
2025-11-13 19:12:07.768,*ddddddddddddddddddddddddddddddddddd - Notepad,g
2025-11-13 19:12:07.817,*ddddddddddddddddddddddddddddddddddd - Notepad,c
2025-11-13 19:12:07.854,*ddddddddddddddddddddddddddddddddddd - Notepad,h
2025-11-13 19:12:07.914,*ddddddddddddddddddddddddddddddddddd - Notepad,i
2025-11-13 19:12:07.921,*ddddddddddddddddddddddddddddddddddd - Notepad,j
2025-11-13 19:12:07.928,*ddddddddddddddddddddddddddddddddddd - Notepad,s
2025-11-13 19:12:07.944,*ddddddddddddddddddddddddddddddddddd - Notepad,d
2025-11-13 19:12:07.979,*ddddddddddddddddddddddddddddddddddd - Notepad,h
2025-11-13 19:12:07.989,*ddddddddddddddddddddddddddddddddddd - Notepad,k
2025-11-13 19:12:07.994,*ddddddddddddddddddddddddddddddddddd - Notepad,n
2025-11-13 19:12:08.011,*ddddddddddddddddddddddddddddddddddd - Notepad,j
2025-11-13 19:12:08.015,*ddddddddddddddddddddddddddddddddddd - Notepad,b
2025-11-13 19:12:08.053,*ddddddddddddddddddddddddddddddddddd - Notepad,c
2025-11-13 19:12:08.091,*ddddddddddddddddddddddddddddddddddd - Notepad,g
2025-11-13 19:12:08.147,*ddddddddddddddddddddddddddddddddddd - Notepad,h
2025-11-13 19:12:08.161,*ddddddddddddddddddddddddddddddddddd - Notepad,s
2025-11-13 19:12:08.181,*ddddddddddddddddddddddddddddddddddd - Notepad,d
2025-11-13 19:12:08.191,*ddddddddddddddddddddddddddddddddddd - Notepad,i
2025-11-13 19:12:08.195,*ddddddddddddddddddddddddddddddddddd - Notepad,j
2025-11-13 19:12:08.211,*ddddddddddddddddddddddddddddddddddd - Notepad,o
2025-11-13 19:12:08.319,*ddddddddddddddddddddddddddddddddddd - Notepad,c
2025-11-13 19:12:08.349,*ddddddddddddddddddddddddddddddddddd - Notepad,b
2025-11-13 19:12:08.374,*ddddddddddddddddddddddddddddddddddd - Notepad,g
2025-11-13 19:12:08.424,*ddddddddddddddddddddddddddddddddddd - Notepad,h
2025-11-13 19:12:08.434,*ddddddddddddddddddddddddddddddddddd - Notepad,s
2025-11-13 19:12:08.457,*ddddddddddddddddddddddddddddddddddd - Notepad,d
2025-11-13 19:12:08.471,*ddddddddddddddddddddddddddddddddddd - Notepad,i
2025-11-13 19:12:08.475,*ddddddddddddddddddddddddddddddddddd - Notepad,j
2025-11-13 19:12:08.526,*ddddddddddddddddddddddddddddddddddd - Notepad,k
2025-11-13 19:12:08.568,*ddddddddddddddddddddddddddddddddddd - Notepad,c
2025-11-13 19:12:08.575,*ddddddddddddddddddddddddddddddddddd - Notepad,b
2025-11-13 19:12:08.590,*ddddddddddddddddddddddddddddddddddd - Notepad,h
2025-11-13 19:12:08.620,*ddddddddddddddddddddddddddddddddddd - Notepad,[space]
2025-11-13 19:12:08.670,*ddddddddddddddddddddddddddddddddddd - Notepad,g
2025-11-13 19:12:08.683,*ddddddddddddddddddddddddddddddddddd - Notepad,s
2025-11-13 19:12:08.715,*ddddddddddddddddddddddddddddddddddd - Notepad,h
2025-11-13 19:12:08.738,*ddddddddddddddddddddddddddddddddddd - Notepad,d
2025-11-13 19:12:08.746,*ddddddddddddddddddddddddddddddddddd - Notepad,n
2025-11-13 19:12:08.770,*ddddddddddddddddddddddddddddddddddd - Notepad,u
2025-11-13 19:12:08.825,*ddddddddddddddddddddddddddddddddddd - Notepad,c
2025-11-13 19:12:08.826,*ddddddddddddddddddddddddddddddddddd - Notepad,k
2025-11-13 19:12:08.857,*ddddddddddddddddddddddddddddddddddd - Notepad,j
2025-11-13 19:12:08.858,*ddddddddddddddddddddddddddddddddddd - Notepad,b
2025-11-13 19:12:08.870,*ddddddddddddddddddddddddddddddddddd - Notepad,h
2025-11-13 19:12:08.902,*ddddddddddddddddddddddddddddddddddd - Notepad,[space]
2025-11-13 19:12:08.915,*ddddddddddddddddddddddddddddddddddd - Notepad,v
2025-11-13 19:12:08.935,*ddddddddddddddddddddddddddddddddddd - Notepad,s
2025-11-13 19:12:08.965,*ddddddddddddddddddddddddddddddddddd - Notepad,g
2025-11-13 19:12:08.992,*ddddddddddddddddddddddddddddddddddd - Notepad,d
2025-11-13 19:12:09.001,*ddddddddddddddddddddddddddddddddddd - Notepad,h
2025-11-13 19:12:09.070,*ddddddddddddddddddddddddddddddddddd - Notepad,c
2025-11-13 19:12:09.071,*ddddddddddddddddddddddddddddddddddd - Notepad,k
2025-11-13 19:12:09.073,*ddddddddddddddddddddddddddddddddddd - Notepad,j
2025-11-13 19:12:09.144,*ddddddddddddddddddddddddddddddddddd - Notepad,b
2025-11-13 19:12:09.167,*ddddddddddddddddddddddddddddddddddd - Notepad,s
2025-11-13 19:12:09.200,*ddddddddddddddddddddddddddddddddddd - Notepad,v
2025-11-13 19:12:09.201,*ddddddddddddddddddddddddddddddddddd - Notepad,h
2025-11-13 19:12:09.204,*ddddddddddddddddddddddddddddddddddd - Notepad,d
2025-11-13 19:12:09.244,*ddddddddddddddddddddddddddddddddddd - Notepad,g
2025-11-13 19:12:09.284,*ddddddddddddddddddddddddddddddddddd - Notepad,c
2025-11-13 19:12:09.290,*ddddddddddddddddddddddddddddddddddd - Notepad,h
2025-11-13 19:12:09.336,*ddddddddddddddddddddddddddddddddddd - Notepad,j
2025-11-13 19:12:09.378,*ddddddddddddddddddddddddddddddddddd - Notepad,k
2025-11-13 19:12:09.418,*ddddddddddddddddddddddddddddddddddd - Notepad,b
2025-11-13 19:12:09.419,*ddddddddddddddddddddddddddddddddddd - Notepad,s
2025-11-13 19:12:09.419,*ddddddddddddddddddddddddddddddddddd - Notepad,d
2025-11-13 19:12:09.487,*ddddddddddddddddddddddddddddddddddd - Notepad,h
2025-11-13 19:12:09.520,*ddddddddddddddddddddddddddddddddddd - Notepad,c
2025-11-13 19:12:09.528,*ddddddddddddddddddddddddddddddddddd - Notepad,g
2025-11-13 19:12:09.545,*ddddddddddddddddddddddddddddddddddd - Notepad,b
2025-11-13 19:12:09.576,*ddddddddddddddddddddddddddddddddddd - Notepad,h
2025-11-13 19:12:09.604,*ddddddddddddddddddddddddddddddddddd - Notepad,n
2025-11-13 19:12:09.643,*ddddddddddddddddddddddddddddddddddd - Notepad,s
2025-11-13 19:12:09.654,*ddddddddddddddddddddddddddddddddddd - Notepad,k
2025-11-13 19:12:09.670,*ddddddddddddddddddddddddddddddddddd - Notepad,d
2025-11-13 19:12:09.700,*ddddddddddddddddddddddddddddddddddd - Notepad,j
2025-11-13 19:12:09.701,*ddddddddddddddddddddddddddddddddddd - Notepad,b
2025-11-13 19:12:09.735,*ddddddddddddddddddddddddddddddddddd - Notepad,[space]
2025-11-13 19:12:09.758,*ddddddddddddddddddddddddddddddddddd - Notepad,h
2025-11-13 19:12:09.776,*ddddddddddddddddddddddddddddddddddd - Notepad,v
2025-11-13 19:12:09.785,*ddddddddddddddddddddddddddddddddddd - Notepad,c
2025-11-13 19:12:09.830,*ddddddddddddddddddddddddddddddddddd - Notepad,g
2025-11-13 19:12:09.845,*ddddddddddddddddddddddddddddddddddd - Notepad,b
2025-11-13 19:12:09.868,*ddddddddddddddddddddddddddddddddddd - Notepad,h
2025-11-13 19:12:09.876,*ddddddddddddddddddddddddddddddddddd - Notepad,s
2025-11-13 19:12:09.899,*ddddddddddddddddddddddddddddddddddd - Notepad,d
2025-11-13 19:12:09.901,*ddddddddddddddddddddddddddddddddddd - Notepad,n
2025-11-13 19:12:09.926,*ddddddddddddddddddddddddddddddddddd - Notepad,k
2025-11-13 19:12:09.994,*ddddddddddddddddddddddddddddddddddd - Notepad,b
2025-11-13 19:12:10.011,*ddddddddddddddddddddddddddddddddddd - Notepad,c
2025-11-13 19:12:10.012,*ddddddddddddddddddddddddddddddddddd - Notepad,j
2025-11-13 19:12:10.046,*ddddddddddddddddddddddddddddddddddd - Notepad,h
2025-11-13 19:12:10.064,*ddddddddddddddddddddddddddddddddddd - Notepad,v
2025-11-13 19:12:10.107,*ddddddddddddddddddddddddddddddddddd - Notepad,g
2025-11-13 19:12:10.110,*ddddddddddddddddddddddddddddddddddd - Notepad,s
2025-11-13 19:12:10.121,*ddddddddddddddddddddddddddddddddddd - Notepad,b
2025-11-13 19:12:10.171,*ddddddddddddddddddddddddddddddddddd - Notepad,d
2025-11-13 19:12:10.239,*ddddddddddddddddddddddddddddddddddd - Notepad,h
2025-11-13 19:12:10.246,*ddddddddddddddddddddddddddddddddddd - Notepad,n
2025-11-13 19:12:10.249,*ddddddddddddddddddddddddddddddddddd - Notepad,c
2025-11-13 19:12:10.252,*ddddddddddddddddddddddddddddddddddd - Notepad,k
2025-11-13 19:12:10.277,*ddddddddddddddddddddddddddddddddddd - Notepad,b
2025-11-13 19:12:10.278,*ddddddddddddddddddddddddddddddddddd - Notepad,j
2025-11-13 19:12:10.312,*ddddddddddddddddddddddddddddddddddd - Notepad,[space]
2025-11-13 19:12:10.336,*ddddddddddddddddddddddddddddddddddd - Notepad,v
2025-11-13 19:12:10.356,*ddddddddddddddddddddddddddddddddddd - Notepad,s
2025-11-13 19:12:10.393,*ddddddddddddddddddddddddddddddddddd - Notepad,d
2025-11-13 19:12:10.399,*ddddddddddddddddddddddddddddddddddd - Notepad,g
2025-11-13 19:12:10.437,*ddddddddddddddddddddddddddddddddddd - Notepad,h
2025-11-13 19:12:10.441,*ddddddddddddddddddddddddddddddddddd - Notepad,u
2025-11-13 19:12:10.504,*ddddddddddddddddddddddddddddddddddd - Notepad,c
2025-11-13 19:12:10.506,*ddddddddddddddddddddddddddddddddddd - Notepad,k
2025-11-13 19:12:10.535,*ddddddddddddddddddddddddddddddddddd - Notepad,n
2025-11-13 19:12:10.565,*ddddddddddddddddddddddddddddddddddd - Notepad,b
2025-11-13 19:12:10.575,*ddddddddddddddddddddddddddddddddddd - Notepad,j
2025-11-13 19:12:10.612,*ddddddddddddddddddddddddddddddddddd - Notepad,s
2025-11-13 19:12:10.656,*ddddddddddddddddddddddddddddddddddd - Notepad,d
2025-11-13 19:12:10.666,*ddddddddddddddddddddddddddddddddddd - Notepad,g
2025-11-13 19:12:10.707,*ddddddddddddddddddddddddddddddddddd - Notepad,h
2025-11-13 19:12:10.761,*ddddddddddddddddddddddddddddddddddd - Notepad,c
2025-11-13 19:12:10.780,*ddddddddddddddddddddddddddddddddddd - Notepad,k
2025-11-13 19:12:10.787,*ddddddddddddddddddddddddddddddddddd - Notepad,j
2025-11-13 19:12:10.855,*ddddddddddddddddddddddddddddddddddd - Notepad,b
2025-11-13 19:12:10.858,*ddddddddddddddddddddddddddddddddddd - Notepad,s
2025-11-13 19:12:10.870,*ddddddddddddddddddddddddddddddddddd - Notepad,d
2025-11-13 19:12:10.951,*ddddddddddddddddddddddddddddddddddd - Notepad,g
2025-11-13 19:12:10.981,*ddddddddddddddddddddddddddddddddddd - Notepad,h
2025-11-13 19:12:10.985,*ddddddddddddddddddddddddddddddddddd - Notepad,c
2025-11-13 19:12:11.051,*ddddddddddddddddddddddddddddddddddd - Notepad,j
2025-11-13 19:12:11.056,*ddddddddddddddddddddddddddddddddddd - Notepad,k
2025-11-13 19:12:11.126,*ddddddddddddddddddddddddddddddddddd - Notepad,s
2025-11-13 19:12:11.133,*ddddddddddddddddddddddddddddddddddd - Notepad,b
2025-11-13 19:12:11.179,*ddddddddddddddddddddddddddddddddddd - Notepad,d
2025-11-13 19:12:11.189,*ddddddddddddddddddddddddddddddddddd - Notepad,v
2025-11-13 19:12:11.203,*ddddddddddddddddddddddddddddddddddd - Notepad,h
2025-11-13 19:12:11.207,*ddddddddddddddddddddddddddddddddddd - Notepad,[space]
2025-11-13 19:12:11.235,*ddddddddddddddddddddddddddddddddddd - Notepad,c
2025-11-13 19:12:11.245,*ddddddddddddddddddddddddddddddddddd - Notepad,j
2025-11-13 19:12:11.245,*ddddddddddddddddddddddddddddddddddd - Notepad,g
2025-11-13 19:12:11.263,*ddddddddddddddddddddddddddddddddddd - Notepad,b
2025-11-13 19:12:11.286,*ddddddddddddddddddddddddddddddddddd - Notepad,h
2025-11-13 19:12:11.321,*ddddddddddddddddddddddddddddddddddd - Notepad,n
2025-11-13 19:12:11.351,*ddddddddddddddddddddddddddddddddddd - Notepad,k
2025-11-13 19:12:11.364,*ddddddddddddddddddddddddddddddddddd - Notepad,s
2025-11-13 19:12:11.374,*ddddddddddddddddddddddddddddddddddd - Notepad,d
2025-11-13 19:12:11.408,*ddddddddddddddddddddddddddddddddddd - Notepad,b
2025-11-13 19:12:11.421,*ddddddddddddddddddddddddddddddddddd - Notepad,j
2025-11-13 19:12:11.438,*ddddddddddddddddddddddddddddddddddd - Notepad,[space]
2025-11-13 19:12:11.484,*ddddddddddddddddddddddddddddddddddd - Notepad,v
2025-11-13 19:12:11.493,*ddddddddddddddddddddddddddddddddddd - Notepad,c
2025-11-13 19:12:11.531,*ddddddddddddddddddddddddddddddddddd - Notepad,g
2025-11-13 19:12:11.544,*ddddddddddddddddddddddddddddddddddd - Notepad,b
2025-11-13 19:12:11.575,*ddddddddddddddddddddddddddddddddddd - Notepad,h
2025-11-13 19:12:11.605,*ddddddddddddddddddddddddddddddddddd - Notepad,s
2025-11-13 19:12:11.610,*ddddddddddddddddddddddddddddddddddd - Notepad,n
2025-11-13 19:12:11.616,*ddddddddddddddddddddddddddddddddddd - Notepad,k
2025-11-13 19:12:11.650,*ddddddddddddddddddddddddddddddddddd - Notepad,d
2025-11-13 19:12:11.690,*ddddddddddddddddddddddddddddddddddd - Notepad,b
2025-11-13 19:12:11.700,*ddddddddddddddddddddddddddddddddddd - Notepad,[space]
2025-11-13 19:12:11.707,*ddddddddddddddddddddddddddddddddddd - Notepad,j
2025-11-13 19:12:11.744,*ddddddddddddddddddddddddddddddddddd - Notepad,c
2025-11-13 19:12:11.749,*ddddddddddddddddddddddddddddddddddd - Notepad,h
2025-11-13 19:12:11.767,*ddddddddddddddddddddddddddddddddddd - Notepad,v
2025-11-13 19:12:11.843,*ddddddddddddddddddddddddddddddddddd - Notepad,g
2025-11-13 19:12:11.848,*ddddddddddddddddddddddddddddddddddd - Notepad,s
2025-11-13 19:12:11.852,*ddddddddddddddddddddddddddddddddddd - Notepad,b
2025-11-13 19:12:11.863,*ddddddddddddddddddddddddddddddddddd - Notepad,d
2025-11-13 19:12:11.870,*ddddddddddddddddddddddddddddddddddd - Notepad,h
2025-11-13 19:12:11.888,*ddddddddddddddddddddddddddddddddddd - Notepad,k
2025-11-13 19:12:11.895,*ddddddddddddddddddddddddddddddddddd - Notepad,n
2025-11-13 19:12:11.969,*ddddddddddddddddddddddddddddddddddd - Notepad,[space]
2025-11-13 19:12:11.977,*ddddddddddddddddddddddddddddddddddd - Notepad,b
2025-11-13 19:12:11.983,*ddddddddddddddddddddddddddddddddddd - Notepad,c
2025-11-13 19:12:11.999,*ddddddddddddddddddddddddddddddddddd - Notepad,j
2025-11-13 19:12:12.090,*ddddddddddddddddddddddddddddddddddd - Notepad,s
2025-11-13 19:12:12.097,*ddddddddddddddddddddddddddddddddddd - Notepad,b
2025-11-13 19:12:12.100,*ddddddddddddddddddddddddddddddddddd - Notepad,d
2025-11-13 19:12:12.152,*ddddddddddddddddddddddddddddddddddd - Notepad,h
2025-11-13 19:12:12.163,*ddddddddddddddddddddddddddddddddddd - Notepad,k
2025-11-13 19:12:12.169,*ddddddddddddddddddddddddddddddddddd - Notepad,n
2025-11-13 19:12:12.206,*ddddddddddddddddddddddddddddddddddd - Notepad,c
2025-11-13 19:12:12.256,*ddddddddddddddddddddddddddddddddddd - Notepad,j
2025-11-13 19:12:12.258,*ddddddddddddddddddddddddddddddddddd - Notepad,[space]
2025-11-13 19:12:12.261,*ddddddddddddddddddddddddddddddddddd - Notepad,b
2025-11-13 19:12:12.340,*ddddddddddddddddddddddddddddddddddd - Notepad,d
2025-11-13 19:12:12.341,*ddddddddddddddddddddddddddddddddddd - Notepad,s
2025-11-13 19:12:12.380,*ddddddddddddddddddddddddddddddddddd - Notepad,b
2025-11-13 19:12:12.384,*ddddddddddddddddddddddddddddddddddd - Notepad,g
2025-11-13 19:12:12.431,*ddddddddddddddddddddddddddddddddddd - Notepad,h
2025-11-13 19:12:12.456,*ddddddddddddddddddddddddddddddddddd - Notepad,c
2025-11-13 19:12:12.458,*ddddddddddddddddddddddddddddddddddd - Notepad,k
2025-11-13 19:12:12.461,*ddddddddddddddddddddddddddddddddddd - Notepad,n
2025-11-13 19:12:12.528,*ddddddddddddddddddddddddddddddddddd - Notepad,j
2025-11-13 19:12:12.529,*ddddddddddddddddddddddddddddddddddd - Notepad,[space]
2025-11-13 19:12:12.530,*ddddddddddddddddddddddddddddddddddd - Notepad,b
2025-11-13 19:12:12.584,*ddddddddddddddddddddddddddddddddddd - Notepad,h
2025-11-13 19:12:12.613,*ddddddddddddddddddddddddddddddddddd - Notepad,s
2025-11-13 19:12:12.619,*ddddddddddddddddddddddddddddddddddd - Notepad,d
2025-11-13 19:12:12.653,*ddddddddddddddddddddddddddddddddddd - Notepad,b
2025-11-13 19:12:12.700,*ddddddddddddddddddddddddddddddddddd - Notepad,h
2025-11-13 19:12:12.734,*ddddddddddddddddddddddddddddddddddd - Notepad,n
2025-11-13 19:12:12.744,*ddddddddddddddddddddddddddddddddddd - Notepad,c
2025-11-13 19:12:12.751,*ddddddddddddddddddddddddddddddddddd - Notepad,k
2025-11-13 19:12:12.815,*ddddddddddddddddddddddddddddddddddd - Notepad,j
2025-11-13 19:12:12.816,*ddddddddddddddddddddddddddddddddddd - Notepad,[space]
2025-11-13 19:12:12.818,*ddddddddddddddddddddddddddddddddddd - Notepad,b
2025-11-13 19:12:12.859,*ddddddddddddddddddddddddddddddddddd - Notepad,s
2025-11-13 19:12:12.875,*ddddddddddddddddddddddddddddddddddd - Notepad,j
2025-11-13 19:12:12.902,*ddddddddddddddddddddddddddddddddddd - Notepad,d
2025-11-13 19:12:12.937,*ddddddddddddddddddddddddddddddddddd - Notepad,g
2025-11-13 19:12:12.972,*ddddddddddddddddddddddddddddddddddd - Notepad,h
2025-11-13 19:12:12.998,*ddddddddddddddddddddddddddddddddddd - Notepad,c
2025-11-13 19:12:13.003,*ddddddddddddddddddddddddddddddddddd - Notepad,k
2025-11-13 19:12:13.005,*ddddddddddddddddddddddddddddddddddd - Notepad,n
2025-11-13 19:12:13.102,*ddddddddddddddddddddddddddddddddddd - Notepad,b
2025-11-13 19:12:13.104,*ddddddddddddddddddddddddddddddddddd - Notepad,[space]
2025-11-13 19:12:13.107,*ddddddddddddddddddddddddddddddddddd - Notepad,j
2025-11-13 19:12:13.113,*ddddddddddddddddddddddddddddddddddd - Notepad,s
2025-11-13 19:12:13.165,*ddddddddddddddddddddddddddddddddddd - Notepad,d
2025-11-13 19:12:13.175,*ddddddddddddddddddddddddddddddddddd - Notepad,j
2025-11-13 19:12:13.224,*ddddddddddddddddddddddddddddddddddd - Notepad,g
2025-11-13 19:12:13.249,*ddddddddddddddddddddddddddddddddddd - Notepad,h
2025-11-13 19:12:13.251,*ddddddddddddddddddddddddddddddddddd - Notepad,c
2025-11-13 19:12:13.277,*ddddddddddddddddddddddddddddddddddd - Notepad,k
2025-11-13 19:12:13.285,*ddddddddddddddddddddddddddddddddddd - Notepad,n
2025-11-13 19:12:13.358,*ddddddddddddddddddddddddddddddddddd - Notepad,s
2025-11-13 19:12:13.362,*ddddddddddddddddddddddddddddddddddd - Notepad,[space]
2025-11-13 19:12:13.365,*ddddddddddddddddddddddddddddddddddd - Notepad,b
2025-11-13 19:12:13.372,*ddddddddddddddddddddddddddddddddddd - Notepad,d
2025-11-13 19:12:13.375,*ddddddddddddddddddddddddddddddddddd - Notepad,j
2025-11-13 19:12:13.501,*ddddddddddddddddddddddddddddddddddd - Notepad,c
2025-11-13 19:12:13.534,*ddddddddddddddddddddddddddddddddddd - Notepad,h
2025-11-13 19:12:13.654,*ddddddddddddddddddddddddddddddddddd - Notepad,j
2025-11-13 19:12:13.664,*ddddddddddddddddddddddddddddddddddd - Notepad,[space]
2025-11-13 19:12:13.665,*ddddddddddddddddddddddddddddddddddd - Notepad,d
2025-11-13 19:12:13.666,*ddddddddddddddddddddddddddddddddddd - Notepad,s
2025-11-13 19:12:13.667,*ddddddddddddddddddddddddddddddddddd - Notepad,b
2025-11-13 19:12:13.755,*ddddddddddddddddddddddddddddddddddd - Notepad,h
2025-11-13 19:12:13.756,*ddddddddddddddddddddddddddddddddddd - Notepad,c
2025-11-13 19:12:13.835,*ddddddddddddddddddddddddddddddddddd - Notepad,n
2025-11-13 19:12:13.940,*ddddddddddddddddddddddddddddddddddd - Notepad,k
2025-11-13 19:12:13.941,*ddddddddddddddddddddddddddddddddddd - Notepad,s
2025-11-13 19:12:13.943,*ddddddddddddddddddddddddddddddddddd - Notepad,b
2025-11-13 19:12:13.944,*ddddddddddddddddddddddddddddddddddd - Notepad,d
2025-11-13 19:12:13.946,*ddddddddddddddddddddddddddddddddddd - Notepad,[space]
2025-11-13 19:12:13.948,*ddddddddddddddddddddddddddddddddddd - Notepad,j
2025-11-13 19:12:13.999,*ddddddddddddddddddddddddddddddddddd - Notepad,c
2025-11-13 19:12:14.029,*ddddddddddddddddddddddddddddddddddd - Notepad,g
2025-11-13 19:12:14.068,*ddddddddddddddddddddddddddddddddddd - Notepad,h
2025-11-13 19:12:14.102,*ddddddddddddddddddddddddddddddddddd - Notepad,n
2025-11-13 19:12:14.108,*ddddddddddddddddddddddddddddddddddd - Notepad,s
2025-11-13 19:12:14.113,*ddddddddddddddddddddddddddddddddddd - Notepad,d
2025-11-13 19:12:14.225,*ddddddddddddddddddddddddddddddddddd - Notepad,b
2025-11-13 19:12:14.235,*ddddddddddddddddddddddddddddddddddd - Notepad,c
2025-11-13 19:12:14.236,*ddddddddddddddddddddddddddddddddddd - Notepad,j
2025-11-13 19:12:14.275,*ddddddddddddddddddddddddddddddddddd - Notepad,[space]
2025-11-13 19:12:14.323,*ddddddddddddddddddddddddddddddddddd - Notepad,g
2025-11-13 19:12:14.336,*ddddddddddddddddddddddddddddddddddd - Notepad,s
2025-11-13 19:12:14.351,*ddddddddddddddddddddddddddddddddddd - Notepad,d
2025-11-13 19:12:14.357,*ddddddddddddddddddddddddddddddddddd - Notepad,h
2025-11-13 19:12:14.389,*ddddddddddddddddddddddddddddddddddd - Notepad,n
2025-11-13 19:12:14.416,*ddddddddddddddddddddddddddddddddddd - Notepad,k
2025-11-13 19:12:14.487,*ddddddddddddddddddddddddddddddddddd - Notepad,b
2025-11-13 19:12:14.493,*ddddddddddddddddddddddddddddddddddd - Notepad,j
2025-11-13 19:12:14.494,*ddddddddddddddddddddddddddddddddddd - Notepad,c
2025-11-13 19:12:14.510,*ddddddddddddddddddddddddddddddddddd - Notepad,[space]
2025-11-13 19:12:14.592,*ddddddddddddddddddddddddddddddddddd - Notepad,g
2025-11-13 19:12:14.597,*ddddddddddddddddddddddddddddddddddd - Notepad,s
2025-11-13 19:12:14.606,*ddddddddddddddddddddddddddddddddddd - Notepad,d
2025-11-13 19:12:14.627,*ddddddddddddddddddddddddddddddddddd - Notepad,h
2025-11-13 19:12:14.667,*ddddddddddddddddddddddddddddddddddd - Notepad,n
2025-11-13 19:12:14.711,*ddddddddddddddddddddddddddddddddddd - Notepad,k
2025-11-13 19:12:14.715,*ddddddddddddddddddddddddddddddddddd - Notepad,c
2025-11-13 19:12:14.773,*ddddddddddddddddddddddddddddddddddd - Notepad,j
2025-11-13 19:12:14.774,*ddddddddddddddddddddddddddddddddddd - Notepad,[space]
2025-11-13 19:12:14.775,*ddddddddddddddddddddddddddddddddddd - Notepad,b
2025-11-13 19:12:14.800,*ddddddddddddddddddddddddddddddddddd - Notepad,s
2025-11-13 19:12:14.807,*ddddddddddddddddddddddddddddddddddd - Notepad,d
2025-11-13 19:12:14.873,*ddddddddddddddddddddddddddddddddddd - Notepad,g
2025-11-13 19:12:14.908,*ddddddddddddddddddddddddddddddddddd - Notepad,h
2025-11-13 19:12:14.918,*ddddddddddddddddddddddddddddddddddd - Notepad,c
2025-11-13 19:12:14.946,*ddddddddddddddddddddddddddddddddddd - Notepad,n
2025-11-13 19:12:14.966,*ddddddddddddddddddddddddddddddddddd - Notepad,k
2025-11-13 19:12:15.054,*ddddddddddddddddddddddddddddddddddd - Notepad,s
2025-11-13 19:12:15.059,*ddddddddddddddddddddddddddddddddddd - Notepad,j
2025-11-13 19:12:15.062,*ddddddddddddddddddddddddddddddddddd - Notepad,d
2025-11-13 19:12:15.063,*ddddddddddddddddddddddddddddddddddd - Notepad,b
2025-11-13 19:12:15.148,*ddddddddddddddddddddddddddddddddddd - Notepad,g
2025-11-13 19:12:15.155,*ddddddddddddddddddddddddddddddddddd - Notepad,c
2025-11-13 19:12:15.201,*ddddddddddddddddddddddddddddddddddd - Notepad,h
2025-11-13 19:12:15.243,*ddddddddddddddddddddddddddddddddddd - Notepad,n
2025-11-13 19:12:15.248,*ddddddddddddddddddddddddddddddddddd - Notepad,k
2025-11-13 19:12:15.250,*ddddddddddddddddddddddddddddddddddd - Notepad,s
2025-11-13 19:12:15.257,*ddddddddddddddddddddddddddddddddddd - Notepad,d
2025-11-13 19:12:15.340,*ddddddddddddddddddddddddddddddddddd - Notepad,b
2025-11-13 19:12:15.341,*ddddddddddddddddddddddddddddddddddd - Notepad,[space]
2025-11-13 19:12:15.366,*ddddddddddddddddddddddddddddddddddd - Notepad,j
2025-11-13 19:12:15.377,*ddddddddddddddddddddddddddddddddddd - Notepad,c
2025-11-13 19:12:15.381,*ddddddddddddddddddddddddddddddddddd - Notepad,h
2025-11-13 19:12:15.446,*ddddddddddddddddddddddddddddddddddd - Notepad,g
2025-11-13 19:12:15.469,*ddddddddddddddddddddddddddddddddddd - Notepad,s
2025-11-13 19:12:15.479,*ddddddddddddddddddddddddddddddddddd - Notepad,d
2025-11-13 19:12:15.489,*ddddddddddddddddddddddddddddddddddd - Notepad,h
2025-11-13 19:12:15.525,*ddddddddddddddddddddddddddddddddddd - Notepad,n
2025-11-13 19:12:15.558,*ddddddddddddddddddddddddddddddddddd - Notepad,k
2025-11-13 19:12:15.606,*ddddddddddddddddddddddddddddddddddd - Notepad,b
2025-11-13 19:12:15.608,*ddddddddddddddddddddddddddddddddddd - Notepad,c
2025-11-13 19:12:15.609,*ddddddddddddddddddddddddddddddddddd - Notepad,j
2025-11-13 19:12:15.610,*ddddddddddddddddddddddddddddddddddd - Notepad,[space]
2025-11-13 19:12:15.644,*ddddddddddddddddddddddddddddddddddd - Notepad,h
2025-11-13 19:12:15.720,*ddddddddddddddddddddddddddddddddddd - Notepad,d
2025-11-13 19:12:15.721,*ddddddddddddddddddddddddddddddddddd - Notepad,s
2025-11-13 19:12:15.723,*ddddddddddddddddddddddddddddddddddd - Notepad,g
2025-11-13 19:12:15.741,*ddddddddddddddddddddddddddddddddddd - Notepad,b
2025-11-13 19:12:15.758,*ddddddddddddddddddddddddddddddddddd - Notepad,h
2025-11-13 19:12:15.796,*ddddddddddddddddddddddddddddddddddd - Notepad,k
2025-11-13 19:12:15.800,*ddddddddddddddddddddddddddddddddddd - Notepad,n
2025-11-13 19:12:15.840,*ddddddddddddddddddddddddddddddddddd - Notepad,c
2025-11-13 19:12:15.878,*ddddddddddddddddddddddddddddddddddd - Notepad,b
2025-11-13 19:12:15.881,*ddddddddddddddddddddddddddddddddddd - Notepad,j
2025-11-13 19:12:15.910,*ddddddddddddddddddddddddddddddddddd - Notepad,[space]
2025-11-13 19:12:15.925,*ddddddddddddddddddddddddddddddddddd - Notepad,s
2025-11-13 19:12:15.935,*ddddddddddddddddddddddddddddddddddd - Notepad,d
2025-11-13 19:12:16.009,*ddddddddddddddddddddddddddddddddddd - Notepad,g
2025-11-13 19:12:16.023,*ddddddddddddddddddddddddddddddddddd - Notepad,b
2025-11-13 19:12:16.038,*ddddddddddddddddddddddddddddddddddd - Notepad,h
2025-11-13 19:12:16.051,*ddddddddddddddddddddddddddddddddddd - Notepad,c
2025-11-13 19:12:16.066,*ddddddddddddddddddddddddddddddddddd - Notepad,k
2025-11-13 19:12:16.080,*ddddddddddddddddddddddddddddddddddd - Notepad,n
2025-11-13 19:12:16.155,*ddddddddddddddddddddddddddddddddddd - Notepad,s
2025-11-13 19:12:16.157,*ddddddddddddddddddddddddddddddddddd - Notepad,b
2025-11-13 19:12:16.167,*ddddddddddddddddddddddddddddddddddd - Notepad,d
2025-11-13 19:12:16.167,*ddddddddddddddddddddddddddddddddddd - Notepad,j
2025-11-13 19:12:16.281,*ddddddddddddddddddddddddddddddddddd - Notepad,g
2025-11-13 19:12:16.286,*ddddddddddddddddddddddddddddddddddd - Notepad,c
2025-11-13 19:12:16.295,*ddddddddddddddddddddddddddddddddddd - Notepad,b
2025-11-13 19:12:16.302,*ddddddddddddddddddddddddddddddddddd - Notepad,h
2025-11-13 19:12:16.370,*ddddddddddddddddddddddddddddddddddd - Notepad,k
2025-11-13 19:12:16.380,*ddddddddddddddddddddddddddddddddddd - Notepad,s
2025-11-13 19:12:16.428,*ddddddddddddddddddddddddddddddddddd - Notepad,j
2025-11-13 19:12:16.429,*ddddddddddddddddddddddddddddddddddd - Notepad,[space]
2025-11-13 19:12:16.430,*ddddddddddddddddddddddddddddddddddd - Notepad,d
2025-11-13 19:12:16.431,*ddddddddddddddddddddddddddddddddddd - Notepad,b
2025-11-13 19:12:16.512,*ddddddddddddddddddddddddddddddddddd - Notepad,c
2025-11-13 19:12:16.534,*ddddddddddddddddddddddddddddddddddd - Notepad,g
2025-11-13 19:12:16.573,*ddddddddddddddddddddddddddddddddddd - Notepad,h
2025-11-13 19:12:16.615,*ddddddddddddddddddddddddddddddddddd - Notepad,n
2025-11-13 19:12:16.618,*ddddddddddddddddddddddddddddddddddd - Notepad,s
2025-11-13 19:12:16.696,*ddddddddddddddddddddddddddddddddddd - Notepad,d
2025-11-13 19:12:16.698,*ddddddddddddddddddddddddddddddddddd - Notepad,j
2025-11-13 19:12:16.701,*ddddddddddddddddddddddddddddddddddd - Notepad,b
2025-11-13 19:12:16.735,*ddddddddddddddddddddddddddddddddddd - Notepad,c
2025-11-13 19:12:16.797,*ddddddddddddddddddddddddddddddddddd - Notepad,g
2025-11-13 19:12:16.833,*ddddddddddddddddddddddddddddddddddd - Notepad,s
2025-11-13 19:12:16.843,*ddddddddddddddddddddddddddddddddddd - Notepad,h
2025-11-13 19:12:16.844,*ddddddddddddddddddddddddddddddddddd - Notepad,d
2025-11-13 19:12:16.848,*ddddddddddddddddddddddddddddddddddd - Notepad,k
2025-11-13 19:12:16.871,*ddddddddddddddddddddddddddddddddddd - Notepad,n
2025-11-13 19:12:16.947,*ddddddddddddddddddddddddddddddddddd - Notepad,c
2025-11-13 19:12:16.960,*ddddddddddddddddddddddddddddddddddd - Notepad,b
2025-11-13 19:12:16.964,*ddddddddddddddddddddddddddddddddddd - Notepad,j
2025-11-13 19:12:16.998,*ddddddddddddddddddddddddddddddddddd - Notepad,h
2025-11-13 19:12:17.050,*ddddddddddddddddddddddddddddddddddd - Notepad,s
2025-11-13 19:12:17.051,*ddddddddddddddddddddddddddddddddddd - Notepad,d
2025-11-13 19:12:17.073,*ddddddddddddddddddddddddddddddddddd - Notepad,g
2025-11-13 19:12:17.115,*ddddddddddddddddddddddddddddddddddd - Notepad,h
2025-11-13 19:12:17.167,*ddddddddddddddddddddddddddddddddddd - Notepad,n
2025-11-13 19:12:17.181,*ddddddddddddddddddddddddddddddddddd - Notepad,k
2025-11-13 19:12:17.183,*ddddddddddddddddddddddddddddddddddd - Notepad,c
2025-11-13 19:12:17.239,*ddddddddddddddddddddddddddddddddddd - Notepad,b
2025-11-13 19:12:17.240,*ddddddddddddddddddddddddddddddddddd - Notepad,j
2025-11-13 19:12:17.300,*ddddddddddddddddddddddddddddddddddd - Notepad,[space]
2025-11-13 19:12:17.311,*ddddddddddddddddddddddddddddddddddd - Notepad,v
2025-11-13 19:12:17.338,*ddddddddddddddddddddddddddddddddddd - Notepad,d
2025-11-13 19:12:17.339,*ddddddddddddddddddddddddddddddddddd - Notepad,s
2025-11-13 19:12:17.345,*ddddddddddddddddddddddddddddddddddd - Notepad,g
2025-11-13 19:12:17.380,*ddddddddddddddddddddddddddddddddddd - Notepad,h
2025-11-13 19:12:17.413,*ddddddddddddddddddddddddddddddddddd - Notepad,c
2025-11-13 19:12:17.430,*ddddddddddddddddddddddddddddddddddd - Notepad,k
2025-11-13 19:12:17.447,*ddddddddddddddddddddddddddddddddddd - Notepad,j
2025-11-13 19:12:17.520,*ddddddddddddddddddddddddddddddddddd - Notepad,s
2025-11-13 19:12:17.521,*ddddddddddddddddddddddddddddddddddd - Notepad,d
2025-11-13 19:12:17.523,*ddddddddddddddddddddddddddddddddddd - Notepad,b
2025-11-13 19:12:17.624,*ddddddddddddddddddddddddddddddddddd - Notepad,g
2025-11-13 19:12:17.629,*ddddddddddddddddddddddddddddddddddd - Notepad,c
2025-11-13 19:12:17.638,*ddddddddddddddddddddddddddddddddddd - Notepad,b
2025-11-13 19:12:17.665,*ddddddddddddddddddddddddddddddddddd - Notepad,h
2025-11-13 19:12:17.699,*ddddddddddddddddddddddddddddddddddd - Notepad,k
2025-11-13 19:12:17.703,*ddddddddddddddddddddddddddddddddddd - Notepad,n
2025-11-13 19:12:17.716,*ddddddddddddddddddddddddddddddddddd - Notepad,s
2025-11-13 19:12:17.732,*ddddddddddddddddddddddddddddddddddd - Notepad,d
2025-11-13 19:12:17.804,*ddddddddddddddddddddddddddddddddddd - Notepad,b
2025-11-13 19:12:17.834,*ddddddddddddddddddddddddddddddddddd - Notepad,j
2025-11-13 19:12:17.840,*ddddddddddddddddddddddddddddddddddd - Notepad,c
2025-11-13 19:12:17.921,*ddddddddddddddddddddddddddddddddddd - Notepad,s
2025-11-13 19:12:17.935,*ddddddddddddddddddddddddddddddddddd - Notepad,b
2025-11-13 19:12:17.942,*ddddddddddddddddddddddddddddddddddd - Notepad,h
2025-11-13 19:12:17.944,*ddddddddddddddddddddddddddddddddddd - Notepad,d
2025-11-13 19:12:17.969,*ddddddddddddddddddddddddddddddddddd - Notepad,n
2025-11-13 19:12:18.077,*ddddddddddddddddddddddddddddddddddd - Notepad,c
2025-11-13 19:12:18.084,*ddddddddddddddddddddddddddddddddddd - Notepad,j
2025-11-13 19:12:18.085,*ddddddddddddddddddddddddddddddddddd - Notepad,k
2025-11-13 19:12:18.086,*ddddddddddddddddddddddddddddddddddd - Notepad,[space]
2025-11-13 19:12:18.087,*ddddddddddddddddddddddddddddddddddd - Notepad,b
2025-11-13 19:12:18.175,*ddddddddddddddddddddddddddddddddddd - Notepad,g
2025-11-13 19:12:18.193,*ddddddddddddddddddddddddddddddddddd - Notepad,s
2025-11-13 19:12:18.206,*ddddddddddddddddddddddddddddddddddd - Notepad,h
2025-11-13 19:12:18.209,*ddddddddddddddddddddddddddddddddddd - Notepad,d
2025-11-13 19:12:18.251,*ddddddddddddddddddddddddddddddddddd - Notepad,n
2025-11-13 19:12:18.337,*ddddddddddddddddddddddddddddddddddd - Notepad,c
2025-11-13 19:12:18.355,*ddddddddddddddddddddddddddddddddddd - Notepad,j
2025-11-13 19:12:18.359,*ddddddddddddddddddddddddddddddddddd - Notepad,[space]
2025-11-13 19:12:18.360,*ddddddddddddddddddddddddddddddddddd - Notepad,k
2025-11-13 19:12:18.366,*ddddddddddddddddddddddddddddddddddd - Notepad,b
2025-11-13 19:12:18.431,*ddddddddddddddddddddddddddddddddddd - Notepad,s
2025-11-13 19:12:18.474,*ddddddddddddddddddddddddddddddddddd - Notepad,g
2025-11-13 19:12:18.487,*ddddddddddddddddddddddddddddddddddd - Notepad,d
2025-11-13 19:12:18.535,*ddddddddddddddddddddddddddddddddddd - Notepad,h
2025-11-13 19:12:18.554,*ddddddddddddddddddddddddddddddddddd - Notepad,i
2025-11-13 19:12:18.577,*ddddddddddddddddddddddddddddddddddd - Notepad,j
2025-11-13 19:12:18.578,*ddddddddddddddddddddddddddddddddddd - Notepad,n
2025-11-13 19:12:18.580,*ddddddddddddddddddddddddddddddddddd - Notepad,c
2025-11-13 19:12:18.680,*ddddddddddddddddddddddddddddddddddd - Notepad,[space]
2025-11-13 19:12:18.703,*ddddddddddddddddddddddddddddddddddd - Notepad,s
2025-11-13 19:12:18.707,*ddddddddddddddddddddddddddddddddddd - Notepad,d
2025-11-13 19:12:18.709,*ddddddddddddddddddddddddddddddddddd - Notepad,b
2025-11-13 19:12:18.714,*ddddddddddddddddddddddddddddddddddd - Notepad,g
2025-11-13 19:12:18.793,*ddddddddddddddddddddddddddddddddddd - Notepad,y
2025-11-13 19:12:18.805,*ddddddddddddddddddddddddddddddddddd - Notepad,c
2025-11-13 19:12:18.810,*ddddddddddddddddddddddddddddddddddd - Notepad,i
2025-11-13 19:12:18.861,*ddddddddddddddddddddddddddddddddddd - Notepad,n
2025-11-13 19:12:18.878,*ddddddddddddddddddddddddddddddddddd - Notepad,h
2025-11-13 19:12:18.906,*ddddddddddddddddddddddddddddddddddd - Notepad,d
2025-11-13 19:12:18.912,*ddddddddddddddddddddddddddddddddddd - Notepad,s
2025-11-13 19:12:18.916,*ddddddddddddddddddddddddddddddddddd - Notepad,k
2025-11-13 19:12:18.946,*ddddddddddddddddddddddddddddddddddd - Notepad,j
2025-11-13 19:12:18.986,*ddddddddddddddddddddddddddddddddddd - Notepad,[space]
2025-11-13 19:12:19.001,*ddddddddddddddddddddddddddddddddddd - Notepad,u
2025-11-13 19:12:19.046,*ddddddddddddddddddddddddddddddddddd - Notepad,b
2025-11-13 19:12:19.062,*ddddddddddddddddddddddddddddddddddd - Notepad,c
2025-11-13 19:12:19.069,*ddddddddddddddddddddddddddddddddddd - Notepad,i
2025-11-13 19:12:19.072,*ddddddddddddddddddddddddddddddddddd - Notepad,y
2025-11-13 19:12:19.108,*ddddddddddddddddddddddddddddddddddd - Notepad,o
2025-11-13 19:12:19.169,*ddddddddddddddddddddddddddddddddddd - Notepad,n
2025-11-13 19:12:19.189,*ddddddddddddddddddddddddddddddddddd - Notepad,s
2025-11-13 19:12:19.193,*ddddddddddddddddddddddddddddddddddd - Notepad,i
2025-11-13 19:12:19.200,*ddddddddddddddddddddddddddddddddddd - Notepad,d
2025-11-13 19:12:19.256,*ddddddddddddddddddddddddddddddddddd - Notepad,u
2025-11-13 19:12:19.305,*ddddddddddddddddddddddddddddddddddd - Notepad,i
2025-11-13 19:12:19.310,*ddddddddddddddddddddddddddddddddddd - Notepad,b
2025-11-13 19:12:19.326,*ddddddddddddddddddddddddddddddddddd - Notepad,c
2025-11-13 19:12:19.539,*ddddddddddddddddddddddddddddddddddd - Notepad,[shift]
2025-11-13 19:12:19.689,*ddddddddddddddddddddddddddddddddddd - Notepad,^
2025-11-13 19:12:20.190,*ddddddddddddddddddddddddddddddddddd - Notepad,^
2025-11-13 19:12:20.224,*ddddddddddddddddddddddddddddddddddd - Notepad,^
2025-11-13 19:12:20.258,*ddddddddddddddddddddddddddddddddddd - Notepad,^
2025-11-13 19:12:20.290,*ddddddddddddddddddddddddddddddddddd - Notepad,^
2025-11-13 19:12:20.323,*ddddddddddddddddddddddddddddddddddd - Notepad,^
2025-11-13 19:12:20.356,*ddddddddddddddddddddddddddddddddddd - Notepad,^
2025-11-13 19:12:20.389,*ddddddddddddddddddddddddddddddddddd - Notepad,^
2025-11-13 19:12:20.423,*ddddddddddddddddddddddddddddddddddd - Notepad,^
2025-11-13 19:12:20.455,*ddddddddddddddddddddddddddddddddddd - Notepad,^
2025-11-13 19:12:20.488,*ddddddddddddddddddddddddddddddddddd - Notepad,^
2025-11-13 19:12:20.523,*ddddddddddddddddddddddddddddddddddd - Notepad,^
2025-11-13 19:12:20.557,*ddddddddddddddddddddddddddddddddddd - Notepad,^
2025-11-13 19:12:20.590,*ddddddddddddddddddddddddddddddddddd - Notepad,^
2025-11-13 19:12:20.624,*ddddddddddddddddddddddddddddddddddd - Notepad,^
2025-11-13 19:12:20.657,*ddddddddddddddddddddddddddddddddddd - Notepad,^
2025-11-13 19:12:20.690,*ddddddddddddddddddddddddddddddddddd - Notepad,^
2025-11-13 19:12:20.723,*ddddddddddddddddddddddddddddddddddd - Notepad,^
2025-11-13 19:12:20.756,*ddddddddddddddddddddddddddddddddddd - Notepad,^
2025-11-13 19:12:20.790,*ddddddddddddddddddddddddddddddddddd - Notepad,^
2025-11-13 19:12:20.823,*ddddddddddddddddddddddddddddddddddd - Notepad,^
2025-11-13 19:12:20.857,*ddddddddddddddddddddddddddddddddddd - Notepad,^
2025-11-13 19:12:20.890,*ddddddddddddddddddddddddddddddddddd - Notepad,^
2025-11-13 19:12:20.924,*ddddddddddddddddddddddddddddddddddd - Notepad,^
2025-11-13 19:12:20.956,*ddddddddddddddddddddddddddddddddddd - Notepad,^
2025-11-13 19:12:20.990,*ddddddddddddddddddddddddddddddddddd - Notepad,^
2025-11-13 19:12:21.023,*ddddddddddddddddddddddddddddddddddd - Notepad,^
2025-11-13 19:12:21.056,*ddddddddddddddddddddddddddddddddddd - Notepad,^
2025-11-13 19:12:21.090,*ddddddddddddddddddddddddddddddddddd - Notepad,^
2025-11-13 19:12:21.124,*ddddddddddddddddddddddddddddddddddd - Notepad,^
2025-11-13 19:12:21.157,*ddddddddddddddddddddddddddddddddddd - Notepad,^
2025-11-13 19:12:21.190,*ddddddddddddddddddddddddddddddddddd - Notepad,^
2025-11-13 19:12:21.223,*ddddddddddddddddddddddddddddddddddd - Notepad,^
2025-11-13 19:12:21.256,*ddddddddddddddddddddddddddddddddddd - Notepad,^
2025-11-13 19:12:21.290,*ddddddddddddddddddddddddddddddddddd - Notepad,^
2025-11-13 19:12:21.322,*ddddddddddddddddddddddddddddddddddd - Notepad,^
2025-11-13 19:12:21.356,*ddddddddddddddddddddddddddddddddddd - Notepad,^
2025-11-13 19:12:21.389,*ddddddddddddddddddddddddddddddddddd - Notepad,^
2025-11-13 19:12:21.422,*ddddddddddddddddddddddddddddddddddd - Notepad,^
2025-11-13 19:12:21.456,*ddddddddddddddddddddddddddddddddddd - Notepad,^
2025-11-13 19:12:21.489,*ddddddddddddddddddddddddddddddddddd - Notepad,^
2025-11-13 19:12:21.522,*ddddddddddddddddddddddddddddddddddd - Notepad,^
2025-11-13 19:12:21.556,*ddddddddddddddddddddddddddddddddddd - Notepad,^
2025-11-13 19:12:23.589,Untitled - Notepad,r
2025-11-13 19:12:23.661,*r - Notepad,o
2025-11-13 19:12:23.852,*ro - Notepad,n
2025-11-13 19:12:23.917,*ron - Notepad,a
2025-11-13 19:12:24.064,*rona - Notepad,l
2025-11-13 19:12:24.198,*ronal - Notepad,d
2025-11-13 19:12:24.285,*ronald - Notepad,o
2025-11-13 19:12:24.612,*ronaldo - Notepad,.
2025-11-13 19:12:25.084,*Ronaldo. - Notepad,d
2025-11-13 19:12:25.173,*Ronaldo.d - Notepad,o
2025-11-13 19:12:25.311,*Ronaldo.do - Notepad,s
2025-11-13 19:12:25.829,*Ronaldo.dos - Notepad,[shift]
2025-11-13 19:12:26.063,*Ronaldo.dos - Notepad,@
2025-11-13 19:12:26.427,*Ronaldo.dos@ - Notepad,g
2025-11-13 19:12:26.574,*Ronaldo.dos@g - Notepad,m
2025-11-13 19:12:26.650,*Ronaldo.dos@gm - Notepad,a
2025-11-13 19:12:26.749,*Ronaldo.dos@gma - Notepad,i
2025-11-13 19:12:26.912,*Ronaldo.dos@gmai - Notepad,l
2025-11-13 19:12:27.069,*Ronaldo.dos@gmail - Notepad,.
2025-11-13 19:12:27.172,*Ronaldo.dos@gmail. - Notepad,c
2025-11-13 19:12:27.241,*Ronaldo.dos@gmail.c - Notepad,o
2025-11-13 19:12:27.401,*Ronaldo.dos@gmail.co - Notepad,m
2025-11-13 19:12:27.610,*Ronaldo.dos@gmail.com - Notepad,[enter]
2025-11-13 19:12:27.882,*Ronaldo.dos@gmail.com - Notepad,[shift]
2025-11-13 19:12:28.089,*Ronaldo.dos@gmail.com - Notepad,G
2025-11-13 19:12:28.647,*Ronaldo.dos@gmail.com - Notepad,e
2025-11-13 19:12:28.722,*Ronaldo.dos@gmail.com - Notepad,o
2025-11-13 19:12:28.863,*Ronaldo.dos@gmail.com - Notepad,r
2025-11-13 19:12:29.083,*Ronaldo.dos@gmail.com - Notepad,[shift]
2025-11-13 19:12:29.232,*Ronaldo.dos@gmail.com - Notepad,G
2025-11-13 19:12:29.438,*Ronaldo.dos@gmail.com - Notepad,i
2025-11-13 19:12:29.606,*Ronaldo.dos@gmail.com - Notepad,n
2025-11-13 19:12:29.656,*Ronaldo.dos@gmail.com - Notepad,a
2025-11-13 19:12:29.890,*Ronaldo.dos@gmail.com - Notepad,[shift]
2025-11-13 19:12:30.088,*Ronaldo.dos@gmail.com - Notepad,@
2025-11-13 19:12:30.794,*Ronaldo.dos@gmail.com - Notepad,5
2025-11-13 19:12:30.856,*Ronaldo.dos@gmail.com - Notepad,6
2025-11-13 19:12:30.900,*Ronaldo.dos@gmail.com - Notepad,7
2025-11-13 19:12:30.939,*Ronaldo.dos@gmail.com - Notepad,8
2025-11-13 19:12:30.993,*Ronaldo.dos@gmail.com - Notepad,9
2025-11-13 19:12:31.037,*Ronaldo.dos@gmail.com - Notepad,o
2025-11-13 19:12:31.153,*Ronaldo.dos@gmail.com - Notepad,j
2025-11-13 19:12:31.209,*Ronaldo.dos@gmail.com - Notepad,n
2025-11-13 19:12:31.359,*Ronaldo.dos@gmail.com - Notepad,[shift]
2025-11-13 19:12:31.527,*Ronaldo.dos@gmail.com - Notepad,^
2025-11-13 19:12:32.046,*Ronaldo.dos@gmail.com - Notepad,[enter]
2025-11-13 19:12:32.916,*Ronaldo.dos@gmail.com - Notepad,[enter]
2025-11-13 19:12:33.052,*Ronaldo.dos@gmail.com - Notepad,[enter]
2025-11-13 19:12:34.098,*Ronaldo.dos@gmail.com - Notepad,[ctrl_l]
2025-11-13 19:12:34.114,*Ronaldo.dos@gmail.com - Notepad,
2025-11-13 19:12:34.898,Save as,r
2025-11-13 19:12:35.040,Save as,o
2025-11-13 19:12:35.217,Save as,n
2025-11-13 19:12:35.270,Save as,a
2025-11-13 19:12:35.397,Save as,l
2025-11-13 19:12:35.587,Save as,d
2025-11-13 19:12:35.690,Save as,o
2025-11-13 19:12:35.822,Save as,[space]
2025-11-13 19:12:35.950,Save as,p
2025-11-13 19:12:36.007,Save as,a
2025-11-13 19:12:36.092,Save as,s
2025-11-13 19:12:36.255,Save as,s
2025-11-13 19:12:36.420,Save as,w
2025-11-13 19:12:36.484,Save as,o
2025-11-13 19:12:36.599,Save as,r
2025-11-13 19:12:36.750,Save as,d
2025-11-13 19:12:36.829,Save as,[enter]
2025-11-13 19:12:39.153,Untitled - Notepad,c
2025-11-13 19:12:39.274,*c - Notepad,h
2025-11-13 19:12:39.360,*ch - Notepad,r
2025-11-13 19:12:39.459,*chr - Notepad,i
2025-11-13 19:12:39.572,*chri - Notepad,s
2025-11-13 19:12:39.725,*chris - Notepad,[space]
2025-11-13 19:12:39.855,*chris - Notepad,e
2025-11-13 19:12:40.011,*chris e - Notepad,v
2025-11-13 19:12:40.121,*chris ev - Notepad,e
2025-11-13 19:12:40.282,*chris eve - Notepad,r
2025-11-13 19:12:40.714,*chris ever - Notepad,a
2025-11-13 19:12:40.855,*chris evera - Notepad,[space]
2025-11-13 19:12:41.253,*chris evera - Notepad,i
2025-11-13 19:12:41.347,*chris evera i - Notepad,s
2025-11-13 19:12:41.440,*chris evera is - Notepad,[space]
2025-11-13 19:12:41.551,*chris evera is - Notepad,t
2025-11-13 19:12:41.634,*chris evera is t - Notepad,h
2025-11-13 19:12:41.726,*chris evera is th - Notepad,e
2025-11-13 19:12:41.812,*chris evera is the - Notepad,[space]
2025-11-13 19:12:42.110,*chris evera is the - Notepad,b
2025-11-13 19:12:42.282,*chris evera is the b - Notepad,i
2025-11-13 19:12:42.455,*chris evera is the bi - Notepad,g
2025-11-13 19:12:42.569,*chris evera is the big - Notepad,g
2025-11-13 19:12:42.591,*chris evera is the bigg - Notepad,e
2025-11-13 19:12:42.747,*chris evera is the bigge - Notepad,s
2025-11-13 19:12:42.755,*chris evera is the bigge - Notepad,t
2025-11-13 19:12:42.883,*chris evera is the biggest - Notepad,[space]
2025-11-13 19:12:43.012,*chris evera is the biggest - Notepad,b
2025-11-13 19:12:43.176,*chris evera is the biggest b - Notepad,u
2025-11-13 19:12:43.267,*chris evera is the biggest bu - Notepad,f
2025-11-13 19:12:43.418,*chris evera is the biggest buf - Notepad,f
2025-11-13 19:12:43.483,*chris evera is the biggest buff - Notepad,o
2025-11-13 19:12:43.637,*chris evera is the biggest buffo - Notepad,n
2025-11-13 19:12:43.747,*chris evera is the biggest buffon - Notepad,[space]
2025-11-13 19:12:43.833,*chris evera is the biggest buffon - Notepad,i
2025-11-13 19:12:43.937,*chris evera is the biggest buffon i - Notepad,[space]
2025-11-13 19:12:44.022,*chris evera is the biggest buffon i - Notepad,h
2025-11-13 19:12:44.065,*chris evera is the biggest buffon i - Notepad,a
2025-11-13 19:12:44.162,*chris evera is the biggest buffon i - Notepad,v
2025-11-13 19:12:44.218,*chris evera is the biggest buffon i - Notepad,e
2025-11-13 19:12:44.300,*chris evera is the biggest buffon i - Notepad,[space]
2025-11-13 19:12:44.401,*chris evera is the biggest buffon i - Notepad,e
2025-11-13 19:12:44.543,*chris evera is the biggest buffon i - Notepad,v
2025-11-13 19:12:44.644,*chris evera is the biggest buffon i - Notepad,e
2025-11-13 19:12:44.836,*chris evera is the biggest buffon i - Notepad,r
2025-11-13 19:12:44.992,*chris evera is the biggest buffon i - Notepad,[space]
2025-11-13 19:12:45.085,*chris evera is the biggest buffon i - Notepad,s
2025-11-13 19:12:45.243,*chris evera is the biggest buffon i - Notepad,e
2025-11-13 19:12:45.360,*chris evera is the biggest buffon i - Notepad,e
2025-11-13 19:12:45.438,*chris evera is the biggest buffon i - Notepad,n
2025-11-13 19:12:45.536,*chris evera is the biggest buffon i - Notepad,[space]
2025-11-13 19:12:45.638,*chris evera is the biggest buffon i - Notepad,i
2025-11-13 19:12:45.740,*chris evera is the biggest buffon i - Notepad,c
2025-11-13 19:12:45.747,*chris evera is the biggest buffon i - Notepad,[space]
2025-11-13 19:12:45.853,*chris evera is the biggest buffon i - Notepad,a
2025-11-13 19:12:45.923,*chris evera is the biggest buffon i - Notepad,n
2025-11-13 19:12:46.024,*chris evera is the biggest buffon i - Notepad,[space]
2025-11-13 19:12:46.155,*chris evera is the biggest buffon i - Notepad,b
2025-11-13 19:12:46.228,*chris evera is the biggest buffon i - Notepad,e
2025-11-13 19:12:46.314,*chris evera is the biggest buffon i - Notepad,[space]
2025-11-13 19:12:46.448,*chris evera is the biggest buffon i - Notepad,a
2025-11-13 19:12:46.564,*chris evera is the biggest buffon i - Notepad,s
2025-11-13 19:12:46.636,*chris evera is the biggest buffon i - Notepad,k
2025-11-13 19:12:46.740,*chris evera is the biggest buffon i - Notepad,e
2025-11-13 19:12:46.824,*chris evera is the biggest buffon i - Notepad,d
2025-11-13 19:12:46.953,*chris evera is the biggest buffon i - Notepad,[enter]
2025-11-13 19:12:47.304,*chris evera is the biggest buffon i - Notepad,o
2025-11-13 19:12:47.504,*chris evera is the biggest buffon i - Notepad,m
2025-11-13 19:12:47.677,*chris evera is the biggest buffon i - Notepad,g
2025-11-13 19:12:47.782,*chris evera is the biggest buffon i - Notepad,[space]
2025-11-13 19:12:48.052,*chris evera is the biggest buffon i - Notepad,i
2025-11-13 19:12:48.180,*chris evera is the biggest buffon i - Notepad,[space]
2025-11-13 19:12:48.799,*chris evera is the biggest buffon i - Notepad,a
2025-11-13 19:12:48.884,*chris evera is the biggest buffon i - Notepad,l
2025-11-13 19:12:48.970,*chris evera is the biggest buffon i - Notepad,s
2025-11-13 19:12:49.053,*chris evera is the biggest buffon i - Notepad,o
2025-11-13 19:12:49.149,*chris evera is the biggest buffon i - Notepad,[space]
2025-11-13 19:12:49.228,*chris evera is the biggest buffon i - Notepad,t
2025-11-13 19:12:49.318,*chris evera is the biggest buffon i - Notepad,h
2025-11-13 19:12:49.443,*chris evera is the biggest buffon i - Notepad,i
2025-11-13 19:12:49.592,*chris evera is the biggest buffon i - Notepad,n
2025-11-13 19:12:49.741,*chris evera is the biggest buffon i - Notepad,k
2025-11-13 19:12:49.844,*chris evera is the biggest buffon i - Notepad,[space]
2025-11-13 19:12:50.011,*chris evera is the biggest buffon i - Notepad,r
2025-11-13 19:12:50.087,*chris evera is the biggest buffon i - Notepad,o
2025-11-13 19:12:50.201,*chris evera is the biggest buffon i - Notepad,o
2025-11-13 19:12:50.372,*chris evera is the biggest buffon i - Notepad,n
2025-11-13 19:12:50.461,*chris evera is the biggest buffon i - Notepad,e
2025-11-13 19:12:50.568,*chris evera is the biggest buffon i - Notepad,y
2025-11-13 19:12:50.684,*chris evera is the biggest buffon i - Notepad,[space]
2025-11-13 19:12:50.776,*chris evera is the biggest buffon i - Notepad,i
2025-11-13 19:12:50.822,*chris evera is the biggest buffon i - Notepad,s
2025-11-13 19:12:50.911,*chris evera is the biggest buffon i - Notepad,[space]
2025-11-13 19:12:51.028,*chris evera is the biggest buffon i - Notepad,a
2025-11-13 19:12:51.081,*chris evera is the biggest buffon i - Notepad,[space]
2025-11-13 19:12:51.222,*chris evera is the biggest buffon i - Notepad,c
2025-11-13 19:12:51.322,*chris evera is the biggest buffon i - Notepad,l
2025-11-13 19:12:51.428,*chris evera is the biggest buffon i - Notepad,a
2025-11-13 19:12:51.529,*chris evera is the biggest buffon i - Notepad,s
2025-11-13 19:12:51.662,*chris evera is the biggest buffon i - Notepad,s
2025-11-13 19:12:51.754,*chris evera is the biggest buffon i - Notepad,[space]
2025-11-13 19:12:51.960,*chris evera is the biggest buffon i - Notepad,p
2025-11-13 19:12:52.056,*chris evera is the biggest buffon i - Notepad,a
2025-11-13 19:12:52.129,*chris evera is the biggest buffon i - Notepad,l
2025-11-13 19:12:52.446,*chris evera is the biggest buffon i - Notepad,e
2025-11-13 19:12:52.550,*chris evera is the biggest buffon i - Notepad,y
2025-11-13 19:12:52.660,*chris evera is the biggest buffon i - Notepad,r
2025-11-13 19:12:52.790,*chris evera is the biggest buffon i - Notepad,[space]
2025-11-13 19:12:52.956,*chris evera is the biggest buffon i - Notepad,b
2025-11-13 19:12:53.094,*chris evera is the biggest buffon i - Notepad,u
2025-11-13 19:12:53.156,*chris evera is the biggest buffon i - Notepad,t
2025-11-13 19:12:53.233,*chris evera is the biggest buffon i - Notepad,[space]
2025-11-13 19:12:53.322,*chris evera is the biggest buffon i - Notepad,h
2025-11-13 19:12:53.394,*chris evera is the biggest buffon i - Notepad,a
2025-11-13 19:12:53.491,*chris evera is the biggest buffon i - Notepad,s
2025-11-13 19:12:53.543,*chris evera is the biggest buffon i - Notepad,[space]
2025-11-13 19:12:53.651,*chris evera is the biggest buffon i - Notepad,n
2025-11-13 19:12:53.801,*chris evera is the biggest buffon i - Notepad,o
2025-11-13 19:12:53.810,*chris evera is the biggest buffon i - Notepad,i
2025-11-13 19:12:53.925,*chris evera is the biggest buffon i - Notepad,[space]
2025-11-13 19:12:54.035,*chris evera is the biggest buffon i - Notepad,r
2025-11-13 19:12:54.186,*chris evera is the biggest buffon i - Notepad,e
2025-11-13 19:12:54.335,*chris evera is the biggest buffon i - Notepad,s
2025-11-13 19:12:54.386,*chris evera is the biggest buffon i - Notepad,p
2025-11-13 19:12:54.513,*chris evera is the biggest buffon i - Notepad,e
2025-11-13 19:12:54.631,*chris evera is the biggest buffon i - Notepad,c
2025-11-13 19:12:54.785,*chris evera is the biggest buffon i - Notepad,t
2025-11-13 19:12:54.865,*chris evera is the biggest buffon i - Notepad,[space]
2025-11-13 19:12:54.961,*chris evera is the biggest buffon i - Notepad,f
2025-11-13 19:12:55.013,*chris evera is the biggest buffon i - Notepad,o
2025-11-13 19:12:55.191,*chris evera is the biggest buffon i - Notepad,[space]
2025-11-13 19:12:55.260,*chris evera is the biggest buffon i - Notepad,r
2025-11-13 19:12:55.699,*chris evera is the biggest buffon i - Notepad,h
2025-11-13 19:12:55.821,*chris evera is the biggest buffon i - Notepad,i
2025-11-13 19:12:55.860,*chris evera is the biggest buffon i - Notepad,s
2025-11-13 19:12:55.961,*chris evera is the biggest buffon i - Notepad,[space]
2025-11-13 19:12:56.080,*chris evera is the biggest buffon i - Notepad,p
2025-11-13 19:12:56.115,*chris evera is the biggest buffon i - Notepad,e
2025-11-13 19:12:56.275,*chris evera is the biggest buffon i - Notepad,e
2025-11-13 19:12:56.435,*chris evera is the biggest buffon i - Notepad,r
2025-11-13 19:12:56.606,*chris evera is the biggest buffon i - Notepad,s
2025-11-13 19:12:56.749,*chris evera is the biggest buffon i - Notepad,[space]
2025-11-13 19:12:56.891,*chris evera is the biggest buffon i - Notepad,i
2025-11-13 19:12:56.994,*chris evera is the biggest buffon i - Notepad,s
2025-11-13 19:12:57.109,*chris evera is the biggest buffon i - Notepad,[space]
2025-11-13 19:12:57.594,*chris evera is the biggest buffon i - Notepad,w
2025-11-13 19:12:57.654,*chris evera is the biggest buffon i - Notepad,h
2025-11-13 19:12:57.787,*chris evera is the biggest buffon i - Notepad,i
2025-11-13 19:12:57.810,*chris evera is the biggest buffon i - Notepad,c
2025-11-13 19:12:57.931,*chris evera is the biggest buffon i - Notepad,h
2025-11-13 19:12:58.031,*chris evera is the biggest buffon i - Notepad,[space]
2025-11-13 19:12:58.100,*chris evera is the biggest buffon i - Notepad,i
2025-11-13 19:12:58.143,*chris evera is the biggest buffon i - Notepad,s
2025-11-13 19:12:58.223,*chris evera is the biggest buffon i - Notepad,[space]
2025-11-13 19:12:58.990,*chris evera is the biggest buffon i - Notepad,a
2025-11-13 19:12:59.134,*chris evera is the biggest buffon i - Notepad,b
2025-11-13 19:12:59.226,*chris evera is the biggest buffon i - Notepad,s
2025-11-13 19:12:59.334,*chris evera is the biggest buffon i - Notepad,o
2025-11-13 19:12:59.495,*chris evera is the biggest buffon i - Notepad,l
2025-11-13 19:13:00.126,*chris evera is the biggest buffon i - Notepad,u
2025-11-13 19:13:00.341,*chris evera is the biggest buffon i - Notepad,t
2025-11-13 19:13:00.426,*chris evera is the biggest buffon i - Notepad,e
2025-11-13 19:13:00.615,*chris evera is the biggest buffon i - Notepad,l
2025-11-13 19:13:00.788,*chris evera is the biggest buffon i - Notepad,y
2025-11-13 19:13:00.888,*chris evera is the biggest buffon i - Notepad,[space]
2025-11-13 19:13:01.003,*chris evera is the biggest buffon i - Notepad,a
2025-11-13 19:13:01.135,*chris evera is the biggest buffon i - Notepad,w
2025-11-13 19:13:01.334,*chris evera is the biggest buffon i - Notepad,f
2025-11-13 19:13:01.407,*chris evera is the biggest buffon i - Notepad,u
2025-11-13 19:13:01.603,*chris evera is the biggest buffon i - Notepad,l
2025-11-13 19:13:01.712,*chris evera is the biggest buffon i - Notepad,l
2025-11-13 19:13:01.815,*chris evera is the biggest buffon i - Notepad,[space]
2025-11-13 19:13:01.911,*chris evera is the biggest buffon i - Notepad,i
2025-11-13 19:13:02.006,*chris evera is the biggest buffon i - Notepad,[space]
2025-11-13 19:13:02.447,*chris evera is the biggest buffon i - Notepad,a
2025-11-13 19:13:02.526,*chris evera is the biggest buffon i - Notepad,m
2025-11-13 19:13:02.629,*chris evera is the biggest buffon i - Notepad,[space]
2025-11-13 19:13:02.708,*chris evera is the biggest buffon i - Notepad,s
2025-11-13 19:13:02.797,*chris evera is the biggest buffon i - Notepad,o
2025-11-13 19:13:02.924,*chris evera is the biggest buffon i - Notepad,r
2025-11-13 19:13:03.061,*chris evera is the biggest buffon i - Notepad,r
2025-11-13 19:13:03.132,*chris evera is the biggest buffon i - Notepad,y
2025-11-13 19:13:03.246,*chris evera is the biggest buffon i - Notepad,[space]
2025-11-13 19:13:03.350,*chris evera is the biggest buffon i - Notepad,b
2025-11-13 19:13:03.500,*chris evera is the biggest buffon i - Notepad,u
2025-11-13 19:13:03.573,*chris evera is the biggest buffon i - Notepad,t
2025-11-13 19:13:03.639,*chris evera is the biggest buffon i - Notepad,[space]
2025-11-13 19:13:03.754,*chris evera is the biggest buffon i - Notepad,t
2025-11-13 19:13:03.796,*chris evera is the biggest buffon i - Notepad,h
2025-11-13 19:13:03.926,*chris evera is the biggest buffon i - Notepad,a
2025-11-13 19:13:03.963,*chris evera is the biggest buffon i - Notepad,t
2025-11-13 19:13:04.110,*chris evera is the biggest buffon i - Notepad,s
2025-11-13 19:13:04.191,*chris evera is the biggest buffon i - Notepad,[space]
2025-11-13 19:13:04.320,*chris evera is the biggest buffon i - Notepad,d
2025-11-13 19:13:04.383,*chris evera is the biggest buffon i - Notepad,i
2025-11-13 19:13:04.484,*chris evera is the biggest buffon i - Notepad,s
2025-11-13 19:13:04.606,*chris evera is the biggest buffon i - Notepad,c
2025-11-13 19:13:04.993,*chris evera is the biggest buffon i - Notepad,[backspace]
2025-11-13 19:13:05.103,*chris evera is the biggest buffon i - Notepad,g
2025-11-13 19:13:05.260,*chris evera is the biggest buffon i - Notepad,u
2025-11-13 19:13:05.361,*chris evera is the biggest buffon i - Notepad,s
2025-11-13 19:13:05.606,*chris evera is the biggest buffon i - Notepad,t
2025-11-13 19:13:05.754,*chris evera is the biggest buffon i - Notepad,t
2025-11-13 19:13:05.804,*chris evera is the biggest buffon i - Notepad,i
2025-11-13 19:13:05.942,*chris evera is the biggest buffon i - Notepad,n
2025-11-13 19:13:06.008,*chris evera is the biggest buffon i - Notepad,g
2025-11-13 19:13:06.308,*chris evera is the biggest buffon i - Notepad,h
2025-11-13 19:13:06.331,*chris evera is the biggest buffon i - Notepad,g
2025-11-13 19:13:06.431,*chris evera is the biggest buffon i - Notepad,u
2025-11-13 19:13:06.473,*chris evera is the biggest buffon i - Notepad,k
2025-11-13 19:13:06.523,*chris evera is the biggest buffon i - Notepad,j
2025-11-13 19:13:06.551,*chris evera is the biggest buffon i - Notepad,n
2025-11-13 19:13:06.566,*chris evera is the biggest buffon i - Notepad,b
2025-11-13 19:13:06.623,*chris evera is the biggest buffon i - Notepad,g
2025-11-13 19:13:06.674,*chris evera is the biggest buffon i - Notepad,y
2025-11-13 19:13:06.703,*chris evera is the biggest buffon i - Notepad,u
2025-11-13 19:13:06.740,*chris evera is the biggest buffon i - Notepad,i
2025-11-13 19:13:06.774,*chris evera is the biggest buffon i - Notepad,k
2025-11-13 19:13:06.810,*chris evera is the biggest buffon i - Notepad,j
2025-11-13 19:13:06.841,*chris evera is the biggest buffon i - Notepad,n
2025-11-13 19:13:06.860,*chris evera is the biggest buffon i - Notepad,b
2025-11-13 19:13:06.894,*chris evera is the biggest buffon i - Notepad,v
2025-11-13 19:13:06.957,*chris evera is the biggest buffon i - Notepad,g
2025-11-13 19:13:07.031,*chris evera is the biggest buffon i - Notepad,u
2025-11-13 19:13:07.097,*chris evera is the biggest buffon i - Notepad,j
2025-11-13 19:13:07.153,*chris evera is the biggest buffon i - Notepad,n
2025-11-13 19:13:07.166,*chris evera is the biggest buffon i - Notepad,b
2025-11-13 19:13:07.200,*chris evera is the biggest buffon i - Notepad,v
2025-11-13 19:13:07.237,*chris evera is the biggest buffon i - Notepad,f
2025-11-13 19:13:07.295,*chris evera is the biggest buffon i - Notepad,g
2025-11-13 19:13:07.299,*chris evera is the biggest buffon i - Notepad,t
2025-11-13 19:13:07.327,*chris evera is the biggest buffon i - Notepad,y
2025-11-13 19:13:07.365,*chris evera is the biggest buffon i - Notepad,u
2025-11-13 19:13:07.417,*chris evera is the biggest buffon i - Notepad,j
2025-11-13 19:13:07.488,*chris evera is the biggest buffon i - Notepad,n
2025-11-13 19:13:07.500,*chris evera is the biggest buffon i - Notepad,b
2025-11-13 19:13:07.534,*chris evera is the biggest buffon i - Notepad,v
2025-11-13 19:13:07.588,*chris evera is the biggest buffon i - Notepad,f
2025-11-13 19:13:07.642,*chris evera is the biggest buffon i - Notepad,g
2025-11-13 19:13:07.645,*chris evera is the biggest buffon i - Notepad,t
2025-11-13 19:13:07.674,*chris evera is the biggest buffon i - Notepad,y
2025-11-13 19:13:07.701,*chris evera is the biggest buffon i - Notepad,u
2025-11-13 19:13:07.754,*chris evera is the biggest buffon i - Notepad,j
2025-11-13 19:13:07.831,*chris evera is the biggest buffon i - Notepad,n
2025-11-13 19:13:07.850,*chris evera is the biggest buffon i - Notepad,b
2025-11-13 19:13:07.888,*chris evera is the biggest buffon i - Notepad,v
2025-11-13 19:13:07.938,*chris evera is the biggest buffon i - Notepad,f
2025-11-13 19:13:07.978,*chris evera is the biggest buffon i - Notepad,g
2025-11-13 19:13:07.998,*chris evera is the biggest buffon i - Notepad,t
2025-11-13 19:13:08.019,*chris evera is the biggest buffon i - Notepad,y
2025-11-13 19:13:08.052,*chris evera is the biggest buffon i - Notepad,u
2025-11-13 19:13:08.126,*chris evera is the biggest buffon i - Notepad,k
2025-11-13 19:13:08.149,*chris evera is the biggest buffon i - Notepad,j
2025-11-13 19:13:08.188,*chris evera is the biggest buffon i - Notepad,n
2025-11-13 19:13:08.220,*chris evera is the biggest buffon i - Notepad,b
2025-11-13 19:13:08.269,*chris evera is the biggest buffon i - Notepad,v
2025-11-13 19:13:08.280,*chris evera is the biggest buffon i - Notepad,g
2025-11-13 19:13:08.356,*chris evera is the biggest buffon i - Notepad,y
2025-11-13 19:13:08.393,*chris evera is the biggest buffon i - Notepad,u
2025-11-13 19:13:08.484,*chris evera is the biggest buffon i - Notepad,k
2025-11-13 19:13:08.503,*chris evera is the biggest buffon i - Notepad,j
2025-11-13 19:13:08.544,*chris evera is the biggest buffon i - Notepad,n
2025-11-13 19:13:08.576,*chris evera is the biggest buffon i - Notepad,b
2025-11-13 19:13:08.617,*chris evera is the biggest buffon i - Notepad,v
2025-11-13 19:13:08.634,*chris evera is the biggest buffon i - Notepad,g
2025-11-13 19:13:08.705,*chris evera is the biggest buffon i - Notepad,t
2025-11-13 19:13:08.725,*chris evera is the biggest buffon i - Notepad,y
2025-11-13 19:13:08.764,*chris evera is the biggest buffon i - Notepad,u
2025-11-13 19:13:08.839,*chris evera is the biggest buffon i - Notepad,k
2025-11-13 19:13:08.863,*chris evera is the biggest buffon i - Notepad,j
2025-11-13 19:13:08.902,*chris evera is the biggest buffon i - Notepad,n
2025-11-13 19:13:08.933,*chris evera is the biggest buffon i - Notepad,b
2025-11-13 19:13:08.970,*chris evera is the biggest buffon i - Notepad,v
2025-11-13 19:13:09.023,*chris evera is the biggest buffon i - Notepad,f
2025-11-13 19:13:09.060,*chris evera is the biggest buffon i - Notepad,g
2025-11-13 19:13:09.100,*chris evera is the biggest buffon i - Notepad,y
2025-11-13 19:13:09.140,*chris evera is the biggest buffon i - Notepad,u
2025-11-13 19:13:09.188,*chris evera is the biggest buffon i - Notepad,j
2025-11-13 19:13:09.254,*chris evera is the biggest buffon i - Notepad,n
2025-11-13 19:13:09.282,*chris evera is the biggest buffon i - Notepad,b
2025-11-13 19:13:09.330,*chris evera is the biggest buffon i - Notepad,v
2025-11-13 19:13:09.376,*chris evera is the biggest buffon i - Notepad,f
2025-11-13 19:13:09.409,*chris evera is the biggest buffon i - Notepad,g
2025-11-13 19:13:09.509,*chris evera is the biggest buffon i - Notepad,j
2025-11-13 19:13:09.597,*chris evera is the biggest buffon i - Notepad,n
2025-11-13 19:13:09.644,*chris evera is the biggest buffon i - Notepad,b
2025-11-13 19:13:09.685,*chris evera is the biggest buffon i - Notepad,v
2025-11-13 19:13:09.744,*chris evera is the biggest buffon i - Notepad,f
2025-11-13 19:13:09.767,*chris evera is the biggest buffon i - Notepad,g
2025-11-13 19:13:09.811,*chris evera is the biggest buffon i - Notepad,y
2025-11-13 19:13:09.854,*chris evera is the biggest buffon i - Notepad,u
2025-11-13 19:13:09.890,*chris evera is the biggest buffon i - Notepad,j
2025-11-13 19:13:09.957,*chris evera is the biggest buffon i - Notepad,n
2025-11-13 19:13:10.003,*chris evera is the biggest buffon i - Notepad,b
2025-11-13 19:13:10.044,*chris evera is the biggest buffon i - Notepad,v
2025-11-13 19:13:10.094,*chris evera is the biggest buffon i - Notepad,f
2025-11-13 19:13:10.130,*chris evera is the biggest buffon i - Notepad,g
2025-11-13 19:13:10.202,*chris evera is the biggest buffon i - Notepad,h
2025-11-13 19:13:10.232,*chris evera is the biggest buffon i - Notepad,j
2025-11-13 19:13:10.318,*chris evera is the biggest buffon i - Notepad,n
2025-11-13 19:13:10.345,*chris evera is the biggest buffon i - Notepad,b
2025-11-13 19:13:10.388,*chris evera is the biggest buffon i - Notepad,v
2025-11-13 19:13:10.445,*chris evera is the biggest buffon i - Notepad,f
2025-11-13 19:13:10.501,*chris evera is the biggest buffon i - Notepad,g
2025-11-13 19:13:10.506,*chris evera is the biggest buffon i - Notepad,t
2025-11-13 19:13:10.539,*chris evera is the biggest buffon i - Notepad,y
2025-11-13 19:13:10.572,*chris evera is the biggest buffon i - Notepad,u
2025-11-13 19:13:10.611,*chris evera is the biggest buffon i - Notepad,j
2025-11-13 19:13:10.685,*chris evera is the biggest buffon i - Notepad,n
2025-11-13 19:13:10.721,*chris evera is the biggest buffon i - Notepad,b
2025-11-13 19:13:10.758,*chris evera is the biggest buffon i - Notepad,v
2025-11-13 19:13:10.825,*chris evera is the biggest buffon i - Notepad,f
2025-11-13 19:13:10.892,*chris evera is the biggest buffon i - Notepad,t
2025-11-13 19:13:10.911,*chris evera is the biggest buffon i - Notepad,y
2025-11-13 19:13:10.944,*chris evera is the biggest buffon i - Notepad,u
2025-11-13 19:13:10.981,*chris evera is the biggest buffon i - Notepad,j
2025-11-13 19:13:11.057,*chris evera is the biggest buffon i - Notepad,n
2025-11-13 19:13:11.083,*chris evera is the biggest buffon i - Notepad,b
2025-11-13 19:13:11.124,*chris evera is the biggest buffon i - Notepad,v
2025-11-13 19:13:11.177,*chris evera is the biggest buffon i - Notepad,f
2025-11-13 19:13:11.228,*chris evera is the biggest buffon i - Notepad,t
2025-11-13 19:13:11.264,*chris evera is the biggest buffon i - Notepad,y
2025-11-13 19:13:11.297,*chris evera is the biggest buffon i - Notepad,u
2025-11-13 19:13:11.326,*chris evera is the biggest buffon i - Notepad,i
2025-11-13 19:13:11.367,*chris evera is the biggest buffon i - Notepad,k
2025-11-13 19:13:11.406,*chris evera is the biggest buffon i - Notepad,j
2025-11-13 19:13:11.430,*chris evera is the biggest buffon i - Notepad,n
2025-11-13 19:13:11.471,*chris evera is the biggest buffon i - Notepad,b
2025-11-13 19:13:11.516,*chris evera is the biggest buffon i - Notepad,v
2025-11-13 19:13:11.563,*chris evera is the biggest buffon i - Notepad,f
2025-11-13 19:13:11.606,*chris evera is the biggest buffon i - Notepad,t
2025-11-13 19:13:11.642,*chris evera is the biggest buffon i - Notepad,y
2025-11-13 19:13:11.676,*chris evera is the biggest buffon i - Notepad,u
2025-11-13 19:13:11.713,*chris evera is the biggest buffon i - Notepad,i
2025-11-13 19:13:11.746,*chris evera is the biggest buffon i - Notepad,k
2025-11-13 19:13:11.783,*chris evera is the biggest buffon i - Notepad,j
2025-11-13 19:13:11.806,*chris evera is the biggest buffon i - Notepad,n
2025-11-13 19:13:11.836,*chris evera is the biggest buffon i - Notepad,b
2025-11-13 19:13:11.869,*chris evera is the biggest buffon i - Notepad,v
2025-11-13 19:13:11.916,*chris evera is the biggest buffon i - Notepad,f
2025-11-13 19:13:11.964,*chris evera is the biggest buffon i - Notepad,t
2025-11-13 19:13:12.010,*chris evera is the biggest buffon i - Notepad,y
2025-11-13 19:13:12.036,*chris evera is the biggest buffon i - Notepad,7
2025-11-13 19:13:12.048,*chris evera is the biggest buffon i - Notepad,u
2025-11-13 19:13:12.076,*chris evera is the biggest buffon i - Notepad,i
2025-11-13 19:13:12.143,*chris evera is the biggest buffon i - Notepad,j
2025-11-13 19:13:12.176,*chris evera is the biggest buffon i - Notepad,n
2025-11-13 19:13:12.196,*chris evera is the biggest buffon i - Notepad,b
2025-11-13 19:13:12.233,*chris evera is the biggest buffon i - Notepad,v
2025-11-13 19:13:12.283,*chris evera is the biggest buffon i - Notepad,f
2025-11-13 19:13:12.336,*chris evera is the biggest buffon i - Notepad,t
2025-11-13 19:13:12.444,*chris evera is the biggest buffon i - Notepad,u
2025-11-13 19:13:12.477,*chris evera is the biggest buffon i - Notepad,i
2025-11-13 19:13:12.514,*chris evera is the biggest buffon i - Notepad,j
2025-11-13 19:13:12.580,*chris evera is the biggest buffon i - Notepad,b
2025-11-13 19:13:12.624,*chris evera is the biggest buffon i - Notepad,v
2025-11-13 19:13:12.631,*chris evera is the biggest buffon i - Notepad,g
2025-11-13 19:13:12.665,*chris evera is the biggest buffon i - Notepad,f
2025-11-13 19:13:12.681,*chris evera is the biggest buffon i - Notepad,t
2025-11-13 19:13:12.725,*chris evera is the biggest buffon i - Notepad,6
2025-11-13 19:13:12.763,*chris evera is the biggest buffon i - Notepad,7
2025-11-13 19:13:12.805,*chris evera is the biggest buffon i - Notepad,8
2025-11-13 19:13:12.865,*chris evera is the biggest buffon i - Notepad,u
2025-11-13 19:13:12.924,*chris evera is the biggest buffon i - Notepad,h
2025-11-13 19:13:12.964,*chris evera is the biggest buffon i - Notepad,g
2025-11-13 19:13:13.173,*chris evera is the biggest buffon i - Notepad,[shift]
2025-11-13 19:13:13.368,*chris evera is the biggest buffon i - Notepad,[caps_lock]
2025-11-13 19:13:13.448,*chris evera is the biggest buffon i - Notepad,[shift]
2025-11-13 19:13:13.474,*chris evera is the biggest buffon i - Notepad,^
2025-11-13 19:13:13.975,*chris evera is the biggest buffon i - Notepad,^
2025-11-13 19:13:14.008,*chris evera is the biggest buffon i - Notepad,^
2025-11-13 19:13:14.041,*chris evera is the biggest buffon i - Notepad,^
2025-11-13 19:13:14.074,*chris evera is the biggest buffon i - Notepad,^
2025-11-13 19:13:14.108,*chris evera is the biggest buffon i - Notepad,^
2025-11-13 19:13:14.141,*chris evera is the biggest buffon i - Notepad,^
2025-11-13 19:13:14.174,*chris evera is the biggest buffon i - Notepad,^
2025-11-13 19:13:14.208,*chris evera is the biggest buffon i - Notepad,^
2025-11-13 19:13:14.241,*chris evera is the biggest buffon i - Notepad,^
2025-11-13 19:13:14.275,*chris evera is the biggest buffon i - Notepad,^
2025-11-13 19:13:14.308,*chris evera is the biggest buffon i - Notepad,^
2025-11-13 19:13:14.342,*chris evera is the biggest buffon i - Notepad,^
2025-11-13 19:13:14.374,*chris evera is the biggest buffon i - Notepad,^
2025-11-13 19:13:14.407,*chris evera is the biggest buffon i - Notepad,^
2025-11-13 19:13:14.441,*chris evera is the biggest buffon i - Notepad,^
2025-11-13 19:13:14.475,*chris evera is the biggest buffon i - Notepad,^
2025-11-13 19:13:14.508,*chris evera is the biggest buffon i - Notepad,^
2025-11-13 19:13:14.541,*chris evera is the biggest buffon i - Notepad,^
2025-11-13 19:13:14.574,*chris evera is the biggest buffon i - Notepad,^
2025-11-13 19:13:14.608,*chris evera is the biggest buffon i - Notepad,^
2025-11-13 19:13:14.641,*chris evera is the biggest buffon i - Notepad,^
2025-11-13 19:13:14.675,*chris evera is the biggest buffon i - Notepad,^
2025-11-13 19:13:14.707,*chris evera is the biggest buffon i - Notepad,^
2025-11-13 19:13:14.741,*chris evera is the biggest buffon i - Notepad,^
2025-11-13 19:13:14.774,*chris evera is the biggest buffon i - Notepad,^
2025-11-13 19:13:14.807,*chris evera is the biggest buffon i - Notepad,^
2025-11-13 19:13:14.840,*chris evera is the biggest buffon i - Notepad,^
2025-11-13 19:13:14.873,*chris evera is the biggest buffon i - Notepad,^
2025-11-13 19:13:14.906,*chris evera is the biggest buffon i - Notepad,^
2025-11-13 19:13:14.940,*chris evera is the biggest buffon i - Notepad,^
2025-11-13 19:13:14.974,*chris evera is the biggest buffon i - Notepad,^
2025-11-13 19:13:15.007,*chris evera is the biggest buffon i - Notepad,^
2025-11-13 19:13:15.040,*chris evera is the biggest buffon i - Notepad,^
2025-11-13 19:13:15.073,*chris evera is the biggest buffon i - Notepad,^
2025-11-13 19:13:15.106,*chris evera is the biggest buffon i - Notepad,^
2025-11-13 19:13:15.139,*chris evera is the biggest buffon i - Notepad,^
2025-11-13 19:13:15.173,*chris evera is the biggest buffon i - Notepad,^
2025-11-13 19:13:15.206,*chris evera is the biggest buffon i - Notepad,^
2025-11-13 19:13:15.239,*chris evera is the biggest buffon i - Notepad,^
2025-11-13 19:13:15.272,*chris evera is the biggest buffon i - Notepad,^
2025-11-13 19:13:15.305,*chris evera is the biggest buffon i - Notepad,^
2025-11-13 19:13:15.338,*chris evera is the biggest buffon i - Notepad,^
2025-11-13 19:13:15.371,*chris evera is the biggest buffon i - Notepad,^
2025-11-13 19:13:15.405,*chris evera is the biggest buffon i - Notepad,^
2025-11-13 19:13:15.437,*chris evera is the biggest buffon i - Notepad,^
2025-11-13 19:13:15.471,*chris evera is the biggest buffon i - Notepad,^
2025-11-13 19:13:15.504,*chris evera is the biggest buffon i - Notepad,^
2025-11-13 19:13:15.537,*chris evera is the biggest buffon i - Notepad,^
2025-11-13 19:13:15.570,*chris evera is the biggest buffon i - Notepad,^
2025-11-13 19:13:15.603,*chris evera is the biggest buffon i - Notepad,^
2025-11-13 19:13:15.636,*chris evera is the biggest buffon i - Notepad,^
2025-11-13 19:13:15.670,*chris evera is the biggest buffon i - Notepad,^
2025-11-13 19:13:15.702,*chris evera is the biggest buffon i - Notepad,^
2025-11-13 19:13:15.736,*chris evera is the biggest buffon i - Notepad,^
2025-11-13 19:13:15.769,*chris evera is the biggest buffon i - Notepad,^
2025-11-13 19:13:15.803,*chris evera is the biggest buffon i - Notepad,^
2025-11-13 19:13:15.836,*chris evera is the biggest buffon i - Notepad,^
2025-11-13 19:13:15.869,*chris evera is the biggest buffon i - Notepad,^
2025-11-13 19:13:15.903,*chris evera is the biggest buffon i - Notepad,^
2025-11-13 19:13:15.936,*chris evera is the biggest buffon i - Notepad,^
2025-11-13 19:13:15.969,*chris evera is the biggest buffon i - Notepad,^
2025-11-13 19:13:16.002,*chris evera is the biggest buffon i - Notepad,^
2025-11-13 19:13:16.036,*chris evera is the biggest buffon i - Notepad,^
2025-11-13 19:13:16.070,*chris evera is the biggest buffon i - Notepad,^
2025-11-13 19:13:16.148,*chris evera is the biggest buffon i - Notepad,%
2025-11-13 19:13:16.648,*chris evera is the biggest buffon i - Notepad,%
2025-11-13 19:13:16.681,*chris evera is the biggest buffon i - Notepad,%
2025-11-13 19:13:16.715,*chris evera is the biggest buffon i - Notepad,%
2025-11-13 19:13:16.748,*chris evera is the biggest buffon i - Notepad,%
2025-11-13 19:13:16.781,*chris evera is the biggest buffon i - Notepad,%
2025-11-13 19:13:16.815,*chris evera is the biggest buffon i - Notepad,%
2025-11-13 19:13:16.848,*chris evera is the biggest buffon i - Notepad,%
2025-11-13 19:13:16.881,*chris evera is the biggest buffon i - Notepad,%
2025-11-13 19:13:16.915,*chris evera is the biggest buffon i - Notepad,%
2025-11-13 19:13:16.948,*chris evera is the biggest buffon i - Notepad,%
2025-11-13 19:13:16.981,*chris evera is the biggest buffon i - Notepad,%
2025-11-13 19:13:17.014,*chris evera is the biggest buffon i - Notepad,%
2025-11-13 19:13:17.048,*chris evera is the biggest buffon i - Notepad,%
2025-11-13 19:13:17.081,*chris evera is the biggest buffon i - Notepad,%
2025-11-13 19:13:17.115,*chris evera is the biggest buffon i - Notepad,%
2025-11-13 19:13:17.149,*chris evera is the biggest buffon i - Notepad,%
2025-11-13 19:13:17.182,*chris evera is the biggest buffon i - Notepad,%
2025-11-13 19:13:17.215,*chris evera is the biggest buffon i - Notepad,%
2025-11-13 19:13:17.248,*chris evera is the biggest buffon i - Notepad,%
2025-11-13 19:13:17.283,*chris evera is the biggest buffon i - Notepad,%
2025-11-13 19:13:17.315,*chris evera is the biggest buffon i - Notepad,%
2025-11-13 19:13:17.349,*chris evera is the biggest buffon i - Notepad,%
2025-11-13 19:13:17.383,*chris evera is the biggest buffon i - Notepad,%
2025-11-13 19:13:17.417,*chris evera is the biggest buffon i - Notepad,%
2025-11-13 19:13:17.451,*chris evera is the biggest buffon i - Notepad,%
2025-11-13 19:13:17.485,*chris evera is the biggest buffon i - Notepad,%
2025-11-13 19:13:17.518,*chris evera is the biggest buffon i - Notepad,%
2025-11-13 19:13:17.551,*chris evera is the biggest buffon i - Notepad,%
2025-11-13 19:13:17.585,*chris evera is the biggest buffon i - Notepad,%
2025-11-13 19:13:17.618,*chris evera is the biggest buffon i - Notepad,%
2025-11-13 19:13:17.651,*chris evera is the biggest buffon i - Notepad,%
2025-11-13 19:13:17.685,*chris evera is the biggest buffon i - Notepad,%
2025-11-13 19:13:17.717,*chris evera is the biggest buffon i - Notepad,%
2025-11-13 19:13:17.751,*chris evera is the biggest buffon i - Notepad,%
2025-11-13 19:13:17.784,*chris evera is the biggest buffon i - Notepad,%
2025-11-13 19:13:20.217,*chris evera is the biggest buffon i - Notepad,[shift]
2025-11-13 19:13:20.471,*chris evera is the biggest buffon i - Notepad,R
2025-11-13 19:13:20.971,*chris evera is the biggest buffon i - Notepad,R
2025-11-13 19:13:21.005,*chris evera is the biggest buffon i - Notepad,R
2025-11-13 19:13:21.038,*chris evera is the biggest buffon i - Notepad,R
2025-11-13 19:13:21.072,*chris evera is the biggest buffon i - Notepad,R
2025-11-13 19:13:21.106,*chris evera is the biggest buffon i - Notepad,R
2025-11-13 19:13:21.139,*chris evera is the biggest buffon i - Notepad,R
2025-11-13 19:13:21.173,*chris evera is the biggest buffon i - Notepad,R
2025-11-13 19:13:21.206,*chris evera is the biggest buffon i - Notepad,R
2025-11-13 19:13:21.239,*chris evera is the biggest buffon i - Notepad,R
2025-11-13 19:13:21.272,*chris evera is the biggest buffon i - Notepad,R
2025-11-13 19:13:21.305,*chris evera is the biggest buffon i - Notepad,R
2025-11-13 19:13:21.339,*chris evera is the biggest buffon i - Notepad,R
2025-11-13 19:13:21.372,*chris evera is the biggest buffon i - Notepad,R
2025-11-13 19:13:21.405,*chris evera is the biggest buffon i - Notepad,R
2025-11-13 19:13:21.438,*chris evera is the biggest buffon i - Notepad,R
2025-11-13 19:13:21.471,*chris evera is the biggest buffon i - Notepad,R
2025-11-13 19:13:21.504,*chris evera is the biggest buffon i - Notepad,R
2025-11-13 19:13:21.538,*chris evera is the biggest buffon i - Notepad,R
2025-11-13 19:13:21.571,*chris evera is the biggest buffon i - Notepad,R
2025-11-13 19:13:21.605,*chris evera is the biggest buffon i - Notepad,R
2025-11-13 19:13:21.638,*chris evera is the biggest buffon i - Notepad,R
2025-11-13 19:13:21.671,*chris evera is the biggest buffon i - Notepad,R
2025-11-13 19:13:21.704,*chris evera is the biggest buffon i - Notepad,R
2025-11-13 19:13:21.738,*chris evera is the biggest buffon i - Notepad,R
2025-11-13 19:13:21.771,*chris evera is the biggest buffon i - Notepad,R
2025-11-13 19:13:21.804,*chris evera is the biggest buffon i - Notepad,R
2025-11-13 19:13:21.837,*chris evera is the biggest buffon i - Notepad,R
2025-11-13 19:13:21.870,*chris evera is the biggest buffon i - Notepad,R
2025-11-13 19:13:21.904,*chris evera is the biggest buffon i - Notepad,R
2025-11-13 19:13:21.938,*chris evera is the biggest buffon i - Notepad,R
2025-11-13 19:13:21.971,*chris evera is the biggest buffon i - Notepad,R
2025-11-13 19:13:22.005,*chris evera is the biggest buffon i - Notepad,R
2025-11-13 19:13:22.038,*chris evera is the biggest buffon i - Notepad,R
2025-11-13 19:13:22.072,*chris evera is the biggest buffon i - Notepad,R
2025-11-13 19:13:22.106,*chris evera is the biggest buffon i - Notepad,R
2025-11-13 19:13:22.139,*chris evera is the biggest buffon i - Notepad,R
2025-11-13 19:13:22.172,*chris evera is the biggest buffon i - Notepad,R
2025-11-13 19:13:22.206,*chris evera is the biggest buffon i - Notepad,R
2025-11-13 19:13:22.239,*chris evera is the biggest buffon i - Notepad,R
2025-11-13 19:13:22.273,*chris evera is the biggest buffon i - Notepad,R
2025-11-13 19:13:22.305,*chris evera is the biggest buffon i - Notepad,R
2025-11-13 19:13:22.339,*chris evera is the biggest buffon i - Notepad,R
2025-11-13 19:13:22.372,*chris evera is the biggest buffon i - Notepad,R
2025-11-13 19:13:22.406,*chris evera is the biggest buffon i - Notepad,R
2025-11-13 19:13:22.439,*chris evera is the biggest buffon i - Notepad,R
2025-11-13 19:13:22.472,*chris evera is the biggest buffon i - Notepad,R
2025-11-13 19:13:22.506,*chris evera is the biggest buffon i - Notepad,R
2025-11-13 19:13:22.539,*chris evera is the biggest buffon i - Notepad,R
2025-11-13 19:13:22.573,*chris evera is the biggest buffon i - Notepad,R
2025-11-13 19:13:22.606,*chris evera is the biggest buffon i - Notepad,R
2025-11-13 19:13:22.639,*chris evera is the biggest buffon i - Notepad,R
2025-11-13 19:13:22.673,*chris evera is the biggest buffon i - Notepad,R
2025-11-13 19:13:22.707,*chris evera is the biggest buffon i - Notepad,R
2025-11-13 19:13:22.740,*chris evera is the biggest buffon i - Notepad,R
2025-11-13 19:13:22.774,*chris evera is the biggest buffon i - Notepad,r
2025-11-13 19:13:22.807,*chris evera is the biggest buffon i - Notepad,r
2025-11-13 19:13:22.841,*chris evera is the biggest buffon i - Notepad,r
2025-11-13 19:13:22.875,*chris evera is the biggest buffon i - Notepad,r
2025-11-13 19:13:22.908,*chris evera is the biggest buffon i - Notepad,r
2025-11-13 19:13:22.941,*chris evera is the biggest buffon i - Notepad,r
2025-11-13 19:13:22.975,*chris evera is the biggest buffon i - Notepad,r
2025-11-13 19:13:23.008,*chris evera is the biggest buffon i - Notepad,r
2025-11-13 19:13:23.041,*chris evera is the biggest buffon i - Notepad,r
2025-11-13 19:13:23.075,*chris evera is the biggest buffon i - Notepad,r
2025-11-13 19:13:23.109,*chris evera is the biggest buffon i - Notepad,r
2025-11-13 19:13:23.143,*chris evera is the biggest buffon i - Notepad,r
2025-11-13 19:13:23.176,*chris evera is the biggest buffon i - Notepad,r
2025-11-13 19:13:23.209,*chris evera is the biggest buffon i - Notepad,r
2025-11-13 19:13:23.242,*chris evera is the biggest buffon i - Notepad,r
2025-11-13 19:13:23.275,*chris evera is the biggest buffon i - Notepad,r
2025-11-13 19:13:23.308,*chris evera is the biggest buffon i - Notepad,r
2025-11-13 19:13:23.342,*chris evera is the biggest buffon i - Notepad,r
2025-11-13 19:13:23.375,*chris evera is the biggest buffon i - Notepad,r
2025-11-13 19:13:23.408,*chris evera is the biggest buffon i - Notepad,r
2025-11-13 19:13:23.441,*chris evera is the biggest buffon i - Notepad,r
2025-11-13 19:13:23.475,*chris evera is the biggest buffon i - Notepad,r
2025-11-13 19:13:23.508,*chris evera is the biggest buffon i - Notepad,r
2025-11-13 19:13:23.541,*chris evera is the biggest buffon i - Notepad,r
2025-11-13 19:13:23.575,*chris evera is the biggest buffon i - Notepad,r
2025-11-13 19:13:23.608,*chris evera is the biggest buffon i - Notepad,r
2025-11-13 19:13:23.641,*chris evera is the biggest buffon i - Notepad,r
2025-11-13 19:13:23.675,*chris evera is the biggest buffon i - Notepad,r
2025-11-13 19:13:23.709,*chris evera is the biggest buffon i - Notepad,r
2025-11-13 19:13:23.742,*chris evera is the biggest buffon i - Notepad,r
2025-11-13 19:13:23.775,*chris evera is the biggest buffon i - Notepad,r
2025-11-13 19:13:23.808,*chris evera is the biggest buffon i - Notepad,r
2025-11-13 19:13:23.842,*chris evera is the biggest buffon i - Notepad,r
2025-11-13 19:13:23.876,*chris evera is the biggest buffon i - Notepad,r
2025-11-13 19:13:23.909,*chris evera is the biggest buffon i - Notepad,r
2025-11-13 19:13:23.942,*chris evera is the biggest buffon i - Notepad,r
2025-11-13 19:13:23.975,*chris evera is the biggest buffon i - Notepad,r
2025-11-13 19:13:24.008,*chris evera is the biggest buffon i - Notepad,r
2025-11-13 19:13:24.042,*chris evera is the biggest buffon i - Notepad,r
2025-11-13 19:13:24.075,*chris evera is the biggest buffon i - Notepad,r
2025-11-13 19:13:24.109,*chris evera is the biggest buffon i - Notepad,r
2025-11-13 19:13:24.142,*chris evera is the biggest buffon i - Notepad,r
2025-11-13 19:13:24.175,*chris evera is the biggest buffon i - Notepad,r
2025-11-13 19:13:24.209,*chris evera is the biggest buffon i - Notepad,r
2025-11-13 19:13:24.242,*chris evera is the biggest buffon i - Notepad,r
2025-11-13 19:13:24.276,*chris evera is the biggest buffon i - Notepad,r
2025-11-13 19:13:24.309,*chris evera is the biggest buffon i - Notepad,r
2025-11-13 19:13:24.342,*chris evera is the biggest buffon i - Notepad,r
2025-11-13 19:13:24.375,*chris evera is the biggest buffon i - Notepad,r
2025-11-13 19:13:24.409,*chris evera is the biggest buffon i - Notepad,r
2025-11-13 19:13:24.442,*chris evera is the biggest buffon i - Notepad,r
2025-11-13 19:13:24.475,*chris evera is the biggest buffon i - Notepad,r
2025-11-13 19:13:24.509,*chris evera is the biggest buffon i - Notepad,r
2025-11-13 19:13:24.543,*chris evera is the biggest buffon i - Notepad,r
2025-11-13 19:13:24.577,*chris evera is the biggest buffon i - Notepad,r
2025-11-13 19:13:24.610,*chris evera is the biggest buffon i - Notepad,r
2025-11-13 19:13:24.643,*chris evera is the biggest buffon i - Notepad,r
2025-11-13 19:13:24.677,*chris evera is the biggest buffon i - Notepad,r
2025-11-13 19:13:24.710,*chris evera is the biggest buffon i - Notepad,r
2025-11-13 19:13:24.743,*chris evera is the biggest buffon i - Notepad,r
2025-11-13 19:13:24.776,*chris evera is the biggest buffon i - Notepad,r
2025-11-13 19:13:24.810,*chris evera is the biggest buffon i - Notepad,r
2025-11-13 19:13:24.843,*chris evera is the biggest buffon i - Notepad,r
2025-11-13 19:13:24.876,*chris evera is the biggest buffon i - Notepad,r
2025-11-13 19:13:24.910,*chris evera is the biggest buffon i - Notepad,r
2025-11-13 19:13:24.943,*chris evera is the biggest buffon i - Notepad,r
2025-11-13 19:13:24.977,*chris evera is the biggest buffon i - Notepad,r
2025-11-13 19:13:25.010,*chris evera is the biggest buffon i - Notepad,r
2025-11-13 19:13:25.045,*chris evera is the biggest buffon i - Notepad,r
2025-11-13 19:13:25.078,*chris evera is the biggest buffon i - Notepad,r
2025-11-13 19:13:25.112,*chris evera is the biggest buffon i - Notepad,r
2025-11-13 19:13:25.145,*chris evera is the biggest buffon i - Notepad,r
2025-11-13 19:13:25.179,*chris evera is the biggest buffon i - Notepad,r
2025-11-13 19:13:25.212,*chris evera is the biggest buffon i - Notepad,r
2025-11-13 19:13:25.245,*chris evera is the biggest buffon i - Notepad,r
2025-11-13 19:13:25.278,*chris evera is the biggest buffon i - Notepad,r
2025-11-13 19:13:25.294,*chris evera is the biggest buffon i - Notepad,[shift]
2025-11-13 19:13:25.794,*chris evera is the biggest buffon i - Notepad,[shift]
2025-11-13 19:13:25.828,*chris evera is the biggest buffon i - Notepad,[shift]
2025-11-13 19:13:25.862,*chris evera is the biggest buffon i - Notepad,[shift]
2025-11-13 19:13:25.895,*chris evera is the biggest buffon i - Notepad,[shift]
2025-11-13 19:13:25.928,*chris evera is the biggest buffon i - Notepad,[shift]
2025-11-13 19:13:25.962,*chris evera is the biggest buffon i - Notepad,[shift]
2025-11-13 19:13:25.995,*chris evera is the biggest buffon i - Notepad,[shift]
2025-11-13 19:13:26.029,*chris evera is the biggest buffon i - Notepad,[shift]
2025-11-13 19:13:26.062,*chris evera is the biggest buffon i - Notepad,[shift]
2025-11-13 19:13:26.096,*chris evera is the biggest buffon i - Notepad,[shift]
2025-11-13 19:13:26.129,*chris evera is the biggest buffon i - Notepad,[shift]
2025-11-13 19:13:26.163,*chris evera is the biggest buffon i - Notepad,[shift]
2025-11-13 19:13:26.197,*chris evera is the biggest buffon i - Notepad,[shift]
2025-11-13 19:13:26.230,*chris evera is the biggest buffon i - Notepad,[shift]
2025-11-13 19:13:26.264,*chris evera is the biggest buffon i - Notepad,[shift]
2025-11-13 19:13:26.297,*chris evera is the biggest buffon i - Notepad,[shift]
2025-11-13 19:13:26.331,*chris evera is the biggest buffon i - Notepad,[shift]
2025-11-13 19:13:26.365,*chris evera is the biggest buffon i - Notepad,[shift]
2025-11-13 19:13:26.398,*chris evera is the biggest buffon i - Notepad,[shift]
2025-11-13 19:13:26.435,*chris evera is the biggest buffon i - Notepad,[shift]
2025-11-13 19:13:26.465,*chris evera is the biggest buffon i - Notepad,[shift]
2025-11-13 19:13:26.498,*chris evera is the biggest buffon i - Notepad,[shift]
2025-11-13 19:13:26.520,*chris evera is the biggest buffon i - Notepad,R
2025-11-13 19:13:26.630,*chris evera is the biggest buffon i - Notepad,T
2025-11-13 19:13:26.667,*chris evera is the biggest buffon i - Notepad,Y
2025-11-13 19:13:26.751,*chris evera is the biggest buffon i - Notepad,U
2025-11-13 19:13:27.251,*chris evera is the biggest buffon i - Notepad,U
2025-11-13 19:13:27.284,*chris evera is the biggest buffon i - Notepad,U
2025-11-13 19:13:27.317,*chris evera is the biggest buffon i - Notepad,U
2025-11-13 19:13:27.350,*chris evera is the biggest buffon i - Notepad,U
2025-11-13 19:13:27.384,*chris evera is the biggest buffon i - Notepad,U
2025-11-13 19:13:27.417,*chris evera is the biggest buffon i - Notepad,U
2025-11-13 19:13:27.450,*chris evera is the biggest buffon i - Notepad,U
2025-11-13 19:13:27.484,*chris evera is the biggest buffon i - Notepad,U
2025-11-13 19:13:27.517,*chris evera is the biggest buffon i - Notepad,U
2025-11-13 19:13:27.550,*chris evera is the biggest buffon i - Notepad,U
2025-11-13 19:13:27.583,*chris evera is the biggest buffon i - Notepad,U
2025-11-13 19:13:27.616,*chris evera is the biggest buffon i - Notepad,U
2025-11-13 19:13:27.649,*chris evera is the biggest buffon i - Notepad,U
2025-11-13 19:13:27.682,*chris evera is the biggest buffon i - Notepad,U
2025-11-13 19:13:27.716,*chris evera is the biggest buffon i - Notepad,U
2025-11-13 19:13:27.749,*chris evera is the biggest buffon i - Notepad,U
2025-11-13 19:13:27.781,*chris evera is the biggest buffon i - Notepad,U
2025-11-13 19:13:27.815,*chris evera is the biggest buffon i - Notepad,U
2025-11-13 19:13:27.849,*chris evera is the biggest buffon i - Notepad,U
2025-11-13 19:13:27.883,*chris evera is the biggest buffon i - Notepad,U
2025-11-13 19:13:27.917,*chris evera is the biggest buffon i - Notepad,U
2025-11-13 19:13:27.951,*chris evera is the biggest buffon i - Notepad,U
2025-11-13 19:13:27.984,*chris evera is the biggest buffon i - Notepad,U
2025-11-13 19:13:28.018,*chris evera is the biggest buffon i - Notepad,U
2025-11-13 19:13:28.051,*chris evera is the biggest buffon i - Notepad,U
2025-11-13 19:13:28.086,*chris evera is the biggest buffon i - Notepad,U
2025-11-13 19:13:28.118,*chris evera is the biggest buffon i - Notepad,U
2025-11-13 19:13:28.152,*chris evera is the biggest buffon i - Notepad,U
2025-11-13 19:13:28.185,*chris evera is the biggest buffon i - Notepad,U
2025-11-13 19:13:28.218,*chris evera is the biggest buffon i - Notepad,U
2025-11-13 19:13:28.251,*chris evera is the biggest buffon i - Notepad,U
2025-11-13 19:13:28.327,*chris evera is the biggest buffon i - Notepad,&
2025-11-13 19:13:28.828,*chris evera is the biggest buffon i - Notepad,&
2025-11-13 19:13:28.861,*chris evera is the biggest buffon i - Notepad,&
2025-11-13 19:13:28.894,*chris evera is the biggest buffon i - Notepad,&
2025-11-13 19:13:28.927,*chris evera is the biggest buffon i - Notepad,&
2025-11-13 19:13:28.961,*chris evera is the biggest buffon i - Notepad,&
2025-11-13 19:13:28.994,*chris evera is the biggest buffon i - Notepad,&
2025-11-13 19:13:29.026,*chris evera is the biggest buffon i - Notepad,&
2025-11-13 19:13:29.060,*chris evera is the biggest buffon i - Notepad,&
2025-11-13 19:13:29.093,*chris evera is the biggest buffon i - Notepad,&
2025-11-13 19:13:29.127,*chris evera is the biggest buffon i - Notepad,&
2025-11-13 19:13:29.160,*chris evera is the biggest buffon i - Notepad,&
2025-11-13 19:13:29.193,*chris evera is the biggest buffon i - Notepad,&
2025-11-13 19:13:29.227,*chris evera is the biggest buffon i - Notepad,&
2025-11-13 19:13:29.260,*chris evera is the biggest buffon i - Notepad,&
2025-11-13 19:13:29.293,*chris evera is the biggest buffon i - Notepad,&
2025-11-13 19:13:29.327,*chris evera is the biggest buffon i - Notepad,&
2025-11-13 19:13:29.360,*chris evera is the biggest buffon i - Notepad,&
2025-11-13 19:13:29.393,*chris evera is the biggest buffon i - Notepad,&
2025-11-13 19:13:29.426,*chris evera is the biggest buffon i - Notepad,&
2025-11-13 19:13:29.459,*chris evera is the biggest buffon i - Notepad,&
2025-11-13 19:13:29.493,*chris evera is the biggest buffon i - Notepad,&
2025-11-13 19:13:29.527,*chris evera is the biggest buffon i - Notepad,&
2025-11-13 19:13:29.560,*chris evera is the biggest buffon i - Notepad,&
2025-11-13 19:13:29.595,*chris evera is the biggest buffon i - Notepad,&
2025-11-13 19:13:29.629,*chris evera is the biggest buffon i - Notepad,&
2025-11-13 19:13:29.663,*chris evera is the biggest buffon i - Notepad,&
2025-11-13 19:13:29.695,*chris evera is the biggest buffon i - Notepad,&
2025-11-13 19:13:29.728,*chris evera is the biggest buffon i - Notepad,&
2025-11-13 19:13:29.761,*chris evera is the biggest buffon i - Notepad,&
2025-11-13 19:13:29.794,*chris evera is the biggest buffon i - Notepad,&
2025-11-13 19:13:29.828,*chris evera is the biggest buffon i - Notepad,&
2025-11-13 19:13:29.861,*chris evera is the biggest buffon i - Notepad,&
2025-11-13 19:13:29.895,*chris evera is the biggest buffon i - Notepad,&
2025-11-13 19:13:29.928,*chris evera is the biggest buffon i - Notepad,&
2025-11-13 19:13:29.963,*chris evera is the biggest buffon i - Notepad,&
2025-11-13 19:13:29.997,*chris evera is the biggest buffon i - Notepad,&
2025-11-13 19:13:30.030,*chris evera is the biggest buffon i - Notepad,&
2025-11-13 19:13:30.063,*chris evera is the biggest buffon i - Notepad,&
2025-11-13 19:13:30.097,*chris evera is the biggest buffon i - Notepad,&
2025-11-13 19:13:30.129,*chris evera is the biggest buffon i - Notepad,&
2025-11-13 19:13:30.163,*chris evera is the biggest buffon i - Notepad,&
2025-11-13 19:13:30.197,*chris evera is the biggest buffon i - Notepad,&
2025-11-13 19:13:30.230,*chris evera is the biggest buffon i - Notepad,&
2025-11-13 19:13:30.264,*chris evera is the biggest buffon i - Notepad,&
2025-11-13 19:13:30.297,*chris evera is the biggest buffon i - Notepad,&
2025-11-13 19:13:30.330,*chris evera is the biggest buffon i - Notepad,&
2025-11-13 19:13:30.364,*chris evera is the biggest buffon i - Notepad,&
2025-11-13 19:13:30.397,*chris evera is the biggest buffon i - Notepad,&
2025-11-13 19:13:30.430,*chris evera is the biggest buffon i - Notepad,&
2025-11-13 19:13:30.463,*chris evera is the biggest buffon i - Notepad,&
2025-11-13 19:13:30.496,*chris evera is the biggest buffon i - Notepad,&
2025-11-13 19:13:30.529,*chris evera is the biggest buffon i - Notepad,&
2025-11-13 19:13:30.562,*chris evera is the biggest buffon i - Notepad,&
2025-11-13 19:13:30.595,*chris evera is the biggest buffon i - Notepad,&
2025-11-13 19:13:30.629,*chris evera is the biggest buffon i - Notepad,&
2025-11-13 19:13:30.662,*chris evera is the biggest buffon i - Notepad,&
2025-11-13 19:13:30.695,*chris evera is the biggest buffon i - Notepad,&
2025-11-13 19:13:30.728,*chris evera is the biggest buffon i - Notepad,&
2025-11-13 19:13:30.761,*chris evera is the biggest buffon i - Notepad,&
2025-11-13 19:13:30.795,*chris evera is the biggest buffon i - Notepad,&
2025-11-13 19:13:31.396,*chris evera is the biggest buffon i - Notepad,[cmd]
2025-11-13 19:13:31.958,Search,f
2025-11-13 19:13:32.087,Search,i
2025-11-13 19:13:32.186,Search,r
2025-11-13 19:13:32.334,Search,e
2025-11-13 19:13:32.684,Search,[enter]
2025-11-13 19:13:35.165,New tab and 1 more page - Personal - Microsoft​ Edge,y
2025-11-13 19:13:36.022,New tab and 1 more page - Personal - Microsoft​ Edge,[enter]
2025-11-13 19:13:38.533,New tab and 2 more pages - Personal - Microsoft​ Edge,g
2025-11-13 19:13:38.634,New tab and 2 more pages - Personal - Microsoft​ Edge,m
2025-11-13 19:13:38.759,New tab and 2 more pages - Personal - Microsoft​ Edge,a
2025-11-13 19:13:38.874,New tab and 2 more pages - Personal - Microsoft​ Edge,i
2025-11-13 19:13:39.112,New tab and 2 more pages - Personal - Microsoft​ Edge,[enter]
2025-11-13 19:13:40.990,New tab and 3 more pages - Personal - Microsoft​ Edge,y
2025-11-13 19:13:41.105,New tab and 3 more pages - Personal - Microsoft​ Edge,a
2025-11-13 19:13:41.296,New tab and 3 more pages - Personal - Microsoft​ Edge,h
2025-11-13 19:13:41.410,New tab and 3 more pages - Personal - Microsoft​ Edge,h
2025-11-13 19:13:41.633,New tab and 3 more pages - Personal - Microsoft​ Edge,[enter]
2025-11-13 19:13:43.486,New tab and 5 more pages - Personal - Microsoft​ Edge,q
2025-11-13 19:13:43.639,New tab and 5 more pages - Personal - Microsoft​ Edge,u
2025-11-13 19:13:43.777,New tab and 5 more pages - Personal - Microsoft​ Edge,i
2025-11-13 19:13:43.940,New tab and 5 more pages - Personal - Microsoft​ Edge,l
2025-11-13 19:13:44.067,New tab and 5 more pages - Personal - Microsoft​ Edge,l
2025-11-13 19:13:44.224,New tab and 5 more pages - Personal - Microsoft​ Edge,[enter]
2025-11-13 19:13:45.908,New tab and 6 more pages - Personal - Microsoft​ Edge,i
2025-11-13 19:13:46.089,New tab and 6 more pages - Personal - Microsoft​ Edge,[space]
2025-11-13 19:13:46.162,New tab and 6 more pages - Personal - Microsoft​ Edge,c
2025-11-13 19:13:46.232,New tab and 6 more pages - Personal - Microsoft​ Edge,a
2025-11-13 19:13:46.288,New tab and 6 more pages - Personal - Microsoft​ Edge,n
2025-11-13 19:13:46.456,New tab and 6 more pages - Personal - Microsoft​ Edge,t
2025-11-13 19:13:46.556,New tab and 6 more pages - Personal - Microsoft​ Edge,[space]
2025-11-13 19:13:46.732,New tab and 6 more pages - Personal - Microsoft​ Edge,b
2025-11-13 19:13:46.829,New tab and 6 more pages - Personal - Microsoft​ Edge,e
2025-11-13 19:13:46.911,New tab and 6 more pages - Personal - Microsoft​ Edge,[space]
2025-11-13 19:13:47.080,New tab and 6 more pages - Personal - Microsoft​ Edge,a
2025-11-13 19:13:47.175,New tab and 6 more pages - Personal - Microsoft​ Edge,s
2025-11-13 19:13:47.239,New tab and 6 more pages - Personal - Microsoft​ Edge,k
2025-11-13 19:13:47.388,New tab and 6 more pages - Personal - Microsoft​ Edge,e
2025-11-13 19:13:47.507,New tab and 6 more pages - Personal - Microsoft​ Edge,d
2025-11-13 19:13:47.620,New tab and 6 more pages - Personal - Microsoft​ Edge,[enter]
2025-11-13 19:14:03.760,Windows PowerShell,[cmd]
2025-11-13 19:14:04.400,Search,t
2025-11-13 19:14:04.626,Search,a
2025-11-13 19:14:04.722,Search,s
2025-11-13 19:14:04.900,Search,k
2025-11-13 19:14:05.119,Search,[enter]
2025-11-13 19:14:09.439,*chris evera is the biggest buffon i - Notepad,h
2025-11-13 19:14:09.940,*chris evera is the biggest buffon i - Notepad,h
2025-11-13 19:14:09.973,*chris evera is the biggest buffon i - Notepad,h
2025-11-13 19:14:10.007,*chris evera is the biggest buffon i - Notepad,h
2025-11-13 19:14:10.040,*chris evera is the biggest buffon i - Notepad,h
2025-11-13 19:14:10.074,*chris evera is the biggest buffon i - Notepad,h
2025-11-13 19:14:10.107,*chris evera is the biggest buffon i - Notepad,h
2025-11-13 19:14:10.140,*chris evera is the biggest buffon i - Notepad,h
2025-11-13 19:14:10.173,*chris evera is the biggest buffon i - Notepad,h
2025-11-13 19:14:10.208,*chris evera is the biggest buffon i - Notepad,h
2025-11-13 19:14:10.241,*chris evera is the biggest buffon i - Notepad,h
2025-11-13 19:14:10.274,*chris evera is the biggest buffon i - Notepad,h
2025-11-13 19:14:10.308,*chris evera is the biggest buffon i - Notepad,h
2025-11-13 19:14:10.341,*chris evera is the biggest buffon i - Notepad,h
2025-11-13 19:14:10.375,*chris evera is the biggest buffon i - Notepad,h
2025-11-13 19:14:10.408,*chris evera is the biggest buffon i - Notepad,h
2025-11-13 19:14:10.441,*chris evera is the biggest buffon i - Notepad,h
2025-11-13 19:14:10.475,*chris evera is the biggest buffon i - Notepad,h
2025-11-13 19:14:10.509,*chris evera is the biggest buffon i - Notepad,h
2025-11-13 19:14:10.542,*chris evera is the biggest buffon i - Notepad,h
2025-11-13 19:14:10.576,*chris evera is the biggest buffon i - Notepad,h
2025-11-13 19:14:10.609,*chris evera is the biggest buffon i - Notepad,h
2025-11-13 19:14:10.641,*chris evera is the biggest buffon i - Notepad,h
2025-11-13 19:14:10.675,*chris evera is the biggest buffon i - Notepad,h
2025-11-13 19:14:10.708,*chris evera is the biggest buffon i - Notepad,h
2025-11-13 19:14:10.742,*chris evera is the biggest buffon i - Notepad,h
2025-11-13 19:14:10.775,*chris evera is the biggest buffon i - Notepad,h
2025-11-13 19:14:10.808,*chris evera is the biggest buffon i - Notepad,h
2025-11-13 19:14:10.843,*chris evera is the biggest buffon i - Notepad,h
2025-11-13 19:14:10.876,*chris evera is the biggest buffon i - Notepad,h
2025-11-13 19:14:10.910,*chris evera is the biggest buffon i - Notepad,h
2025-11-13 19:14:10.944,*chris evera is the biggest buffon i - Notepad,h
2025-11-13 19:14:10.978,*chris evera is the biggest buffon i - Notepad,h
2025-11-13 19:14:11.010,*chris evera is the biggest buffon i - Notepad,h
2025-11-13 19:14:11.043,*chris evera is the biggest buffon i - Notepad,h
2025-11-13 19:14:11.077,*chris evera is the biggest buffon i - Notepad,h
2025-11-13 19:14:11.110,*chris evera is the biggest buffon i - Notepad,h
2025-11-13 19:14:11.143,*chris evera is the biggest buffon i - Notepad,h
2025-11-13 19:14:11.177,*chris evera is the biggest buffon i - Notepad,h
2025-11-13 19:14:11.210,*chris evera is the biggest buffon i - Notepad,h
2025-11-13 19:14:11.245,*chris evera is the biggest buffon i - Notepad,h
2025-11-13 19:14:11.278,*chris evera is the biggest buffon i - Notepad,h
2025-11-13 19:14:11.312,*chris evera is the biggest buffon i - Notepad,h
2025-11-13 19:14:11.347,*chris evera is the biggest buffon i - Notepad,h
2025-11-13 19:14:11.381,*chris evera is the biggest buffon i - Notepad,h
2025-11-13 19:14:11.414,*chris evera is the biggest buffon i - Notepad,h
2025-11-13 19:14:11.447,*chris evera is the biggest buffon i - Notepad,h
2025-11-13 19:14:11.480,*chris evera is the biggest buffon i - Notepad,h
2025-11-13 19:14:11.513,*chris evera is the biggest buffon i - Notepad,h
2025-11-13 19:14:11.547,*chris evera is the biggest buffon i - Notepad,h
2025-11-13 19:14:11.580,*chris evera is the biggest buffon i - Notepad,h
2025-11-13 19:14:11.614,*chris evera is the biggest buffon i - Notepad,h
2025-11-13 19:14:11.648,*chris evera is the biggest buffon i - Notepad,h
2025-11-13 19:14:11.681,*chris evera is the biggest buffon i - Notepad,h
2025-11-13 19:14:11.714,*chris evera is the biggest buffon i - Notepad,h
2025-11-13 19:14:11.748,*chris evera is the biggest buffon i - Notepad,h
2025-11-13 19:14:11.780,*chris evera is the biggest buffon i - Notepad,h
2025-11-13 19:14:11.815,*chris evera is the biggest buffon i - Notepad,h
2025-11-13 19:14:11.848,*chris evera is the biggest buffon i - Notepad,h
2025-11-13 19:14:11.881,*chris evera is the biggest buffon i - Notepad,h
2025-11-13 19:14:11.915,*chris evera is the biggest buffon i - Notepad,h
2025-11-13 19:14:11.949,*chris evera is the biggest buffon i - Notepad,h
2025-11-13 19:14:11.983,*chris evera is the biggest buffon i - Notepad,h
2025-11-13 19:14:12.016,*chris evera is the biggest buffon i - Notepad,h
2025-11-13 19:14:12.049,*chris evera is the biggest buffon i - Notepad,h
2025-11-13 19:14:12.083,*chris evera is the biggest buffon i - Notepad,h
2025-11-13 19:14:12.117,*chris evera is the biggest buffon i - Notepad,h
2025-11-13 19:14:12.151,*chris evera is the biggest buffon i - Notepad,h
2025-11-13 19:14:12.184,*chris evera is the biggest buffon i - Notepad,h
2025-11-13 19:14:12.217,*chris evera is the biggest buffon i - Notepad,h
2025-11-13 19:14:12.251,*chris evera is the biggest buffon i - Notepad,h
2025-11-13 19:14:12.285,*chris evera is the biggest buffon i - Notepad,h
2025-11-13 19:14:12.318,*chris evera is the biggest buffon i - Notepad,h
2025-11-13 19:14:12.351,*chris evera is the biggest buffon i - Notepad,h
2025-11-13 19:14:12.385,*chris evera is the biggest buffon i - Notepad,h
2025-11-13 19:14:12.418,*chris evera is the biggest buffon i - Notepad,h
2025-11-13 19:14:12.452,*chris evera is the biggest buffon i - Notepad,h
2025-11-13 19:14:12.485,*chris evera is the biggest buffon i - Notepad,h
2025-11-13 19:14:12.517,*chris evera is the biggest buffon i - Notepad,h
2025-11-13 19:14:12.551,*chris evera is the biggest buffon i - Notepad,h
2025-11-13 19:14:12.584,*chris evera is the biggest buffon i - Notepad,h
2025-11-13 19:14:12.617,*chris evera is the biggest buffon i - Notepad,h
2025-11-13 19:14:12.651,*chris evera is the biggest buffon i - Notepad,h
2025-11-13 19:14:12.684,*chris evera is the biggest buffon i - Notepad,h
2025-11-13 19:14:12.718,*chris evera is the biggest buffon i - Notepad,h
2025-11-13 19:14:12.751,*chris evera is the biggest buffon i - Notepad,h
2025-11-13 19:14:12.784,*chris evera is the biggest buffon i - Notepad,h
2025-11-13 19:14:12.817,*chris evera is the biggest buffon i - Notepad,h
2025-11-13 19:14:12.851,*chris evera is the biggest buffon i - Notepad,h
2025-11-13 19:14:12.884,*chris evera is the biggest buffon i - Notepad,h
2025-11-13 19:14:12.917,*chris evera is the biggest buffon i - Notepad,h
2025-11-13 19:14:12.950,*chris evera is the biggest buffon i - Notepad,h
2025-11-13 19:14:12.984,*chris evera is the biggest buffon i - Notepad,h
2025-11-13 19:14:13.018,*chris evera is the biggest buffon i - Notepad,h
2025-11-13 19:14:13.052,*chris evera is the biggest buffon i - Notepad,h
2025-11-13 19:14:13.086,*chris evera is the biggest buffon i - Notepad,h
2025-11-13 19:14:13.119,*chris evera is the biggest buffon i - Notepad,h
2025-11-13 19:14:13.153,*chris evera is the biggest buffon i - Notepad,h
2025-11-13 19:14:13.186,*chris evera is the biggest buffon i - Notepad,h
2025-11-13 19:14:13.219,*chris evera is the biggest buffon i - Notepad,h
2025-11-13 19:14:13.253,*chris evera is the biggest buffon i - Notepad,h
2025-11-13 19:14:13.286,*chris evera is the biggest buffon i - Notepad,h
2025-11-13 19:14:13.319,*chris evera is the biggest buffon i - Notepad,h
2025-11-13 19:14:13.353,*chris evera is the biggest buffon i - Notepad,h
2025-11-13 19:14:13.386,*chris evera is the biggest buffon i - Notepad,h
2025-11-13 19:14:13.419,*chris evera is the biggest buffon i - Notepad,h
2025-11-13 19:14:13.453,*chris evera is the biggest buffon i - Notepad,h
2025-11-13 19:14:13.486,*chris evera is the biggest buffon i - Notepad,h
2025-11-13 19:14:13.519,*chris evera is the biggest buffon i - Notepad,h
2025-11-13 19:14:13.552,*chris evera is the biggest buffon i - Notepad,h
2025-11-13 19:14:13.585,*chris evera is the biggest buffon i - Notepad,h
2025-11-13 19:14:13.619,*chris evera is the biggest buffon i - Notepad,h
2025-11-13 19:14:13.652,*chris evera is the biggest buffon i - Notepad,h
2025-11-13 19:14:13.685,*chris evera is the biggest buffon i - Notepad,h
2025-11-13 19:14:13.718,*chris evera is the biggest buffon i - Notepad,h
2025-11-13 19:14:13.752,*chris evera is the biggest buffon i - Notepad,h
2025-11-13 19:14:13.786,*chris evera is the biggest buffon i - Notepad,h
2025-11-13 19:14:13.819,*chris evera is the biggest buffon i - Notepad,h
2025-11-13 19:14:13.852,*chris evera is the biggest buffon i - Notepad,h
2025-11-13 19:14:13.885,*chris evera is the biggest buffon i - Notepad,h
2025-11-13 19:14:13.919,*chris evera is the biggest buffon i - Notepad,h
2025-11-13 19:14:13.953,*chris evera is the biggest buffon i - Notepad,h
2025-11-13 19:14:13.987,*chris evera is the biggest buffon i - Notepad,h
2025-11-13 19:14:14.020,*chris evera is the biggest buffon i - Notepad,h
2025-11-13 19:14:14.055,*chris evera is the biggest buffon i - Notepad,h
2025-11-13 19:14:14.088,*chris evera is the biggest buffon i - Notepad,h
2025-11-13 19:14:14.122,*chris evera is the biggest buffon i - Notepad,h
2025-11-13 19:14:14.155,*chris evera is the biggest buffon i - Notepad,h
2025-11-13 19:14:14.188,*chris evera is the biggest buffon i - Notepad,h
2025-11-13 19:14:14.222,*chris evera is the biggest buffon i - Notepad,h
2025-11-13 19:14:14.255,*chris evera is the biggest buffon i - Notepad,h
2025-11-13 19:14:14.288,*chris evera is the biggest buffon i - Notepad,h
2025-11-13 19:14:14.322,*chris evera is the biggest buffon i - Notepad,h
2025-11-13 19:14:14.356,*chris evera is the biggest buffon i - Notepad,h
2025-11-13 19:14:14.389,*chris evera is the biggest buffon i - Notepad,h
2025-11-13 19:14:14.423,*chris evera is the biggest buffon i - Notepad,h
2025-11-13 19:14:14.456,*chris evera is the biggest buffon i - Notepad,h
2025-11-13 19:14:14.489,*chris evera is the biggest buffon i - Notepad,h
2025-11-13 19:14:14.522,*chris evera is the biggest buffon i - Notepad,h
2025-11-13 19:14:14.555,*chris evera is the biggest buffon i - Notepad,h
2025-11-13 19:14:14.589,*chris evera is the biggest buffon i - Notepad,h
2025-11-13 19:14:14.623,*chris evera is the biggest buffon i - Notepad,h
2025-11-13 19:14:14.656,*chris evera is the biggest buffon i - Notepad,h
2025-11-13 19:14:14.691,*chris evera is the biggest buffon i - Notepad,h
2025-11-13 19:14:14.723,*chris evera is the biggest buffon i - Notepad,h
2025-11-13 19:14:14.757,*chris evera is the biggest buffon i - Notepad,h
2025-11-13 19:14:14.790,*chris evera is the biggest buffon i - Notepad,h
2025-11-13 19:14:14.825,*chris evera is the biggest buffon i - Notepad,h
2025-11-13 19:14:14.859,*chris evera is the biggest buffon i - Notepad,h
2025-11-13 19:14:14.891,*chris evera is the biggest buffon i - Notepad,h
2025-11-13 19:14:14.925,*chris evera is the biggest buffon i - Notepad,h
2025-11-13 19:14:14.958,*chris evera is the biggest buffon i - Notepad,h
2025-11-13 19:14:14.991,*chris evera is the biggest buffon i - Notepad,h
2025-11-13 19:14:15.025,*chris evera is the biggest buffon i - Notepad,h
2025-11-13 19:14:15.058,*chris evera is the biggest buffon i - Notepad,h
2025-11-13 19:14:15.092,*chris evera is the biggest buffon i - Notepad,h
2025-11-13 19:14:15.125,*chris evera is the biggest buffon i - Notepad,h
2025-11-13 19:14:15.159,*chris evera is the biggest buffon i - Notepad,h
2025-11-13 19:14:15.193,*chris evera is the biggest buffon i - Notepad,h
2025-11-13 19:14:15.226,*chris evera is the biggest buffon i - Notepad,h
2025-11-13 19:14:15.259,*chris evera is the biggest buffon i - Notepad,h
2025-11-13 19:14:15.293,*chris evera is the biggest buffon i - Notepad,h
2025-11-13 19:14:15.326,*chris evera is the biggest buffon i - Notepad,h
2025-11-13 19:14:15.360,*chris evera is the biggest buffon i - Notepad,h
2025-11-13 19:14:15.393,*chris evera is the biggest buffon i - Notepad,h
2025-11-13 19:14:15.426,*chris evera is the biggest buffon i - Notepad,h
2025-11-13 19:14:15.459,*chris evera is the biggest buffon i - Notepad,h
2025-11-13 19:14:15.493,*chris evera is the biggest buffon i - Notepad,h
2025-11-13 19:14:15.526,*chris evera is the biggest buffon i - Notepad,h
2025-11-13 19:14:15.560,*chris evera is the biggest buffon i - Notepad,h
2025-11-13 19:14:15.593,*chris evera is the biggest buffon i - Notepad,h
2025-11-13 19:14:15.627,*chris evera is the biggest buffon i - Notepad,h
2025-11-13 19:14:15.660,*chris evera is the biggest buffon i - Notepad,h
2025-11-13 19:14:15.693,*chris evera is the biggest buffon i - Notepad,h
2025-11-13 19:14:15.726,*chris evera is the biggest buffon i - Notepad,h
2025-11-13 19:14:15.759,*chris evera is the biggest buffon i - Notepad,h
2025-11-13 19:14:15.793,*chris evera is the biggest buffon i - Notepad,h
2025-11-13 19:14:15.827,*chris evera is the biggest buffon i - Notepad,h
2025-11-13 19:14:15.860,*chris evera is the biggest buffon i - Notepad,h
2025-11-13 19:14:15.894,*chris evera is the biggest buffon i - Notepad,h
2025-11-13 19:14:15.927,*chris evera is the biggest buffon i - Notepad,h
2025-11-13 19:14:15.960,*chris evera is the biggest buffon i - Notepad,h
2025-11-13 19:14:15.995,*chris evera is the biggest buffon i - Notepad,h
2025-11-13 19:14:16.028,*chris evera is the biggest buffon i - Notepad,h
2025-11-13 19:14:16.061,*chris evera is the biggest buffon i - Notepad,h
2025-11-13 19:14:16.095,*chris evera is the biggest buffon i - Notepad,h
2025-11-13 19:14:16.128,*chris evera is the biggest buffon i - Notepad,h
2025-11-13 19:14:16.161,*chris evera is the biggest buffon i - Notepad,h
2025-11-13 19:14:16.194,*chris evera is the biggest buffon i - Notepad,h
2025-11-13 19:14:16.228,*chris evera is the biggest buffon i - Notepad,h
2025-11-13 19:14:16.262,*chris evera is the biggest buffon i - Notepad,h
2025-11-13 19:14:16.296,*chris evera is the biggest buffon i - Notepad,h
2025-11-13 19:14:16.329,*chris evera is the biggest buffon i - Notepad,h
2025-11-13 19:14:16.362,*chris evera is the biggest buffon i - Notepad,h
2025-11-13 19:14:16.396,*chris evera is the biggest buffon i - Notepad,h
2025-11-13 19:14:16.429,*chris evera is the biggest buffon i - Notepad,h
2025-11-13 19:14:16.462,*chris evera is the biggest buffon i - Notepad,h
2025-11-13 19:14:16.496,*chris evera is the biggest buffon i - Notepad,h
2025-11-13 19:14:16.530,*chris evera is the biggest buffon i - Notepad,h
2025-11-13 19:14:16.561,*chris evera is the biggest buffon i - Notepad,h
2025-11-13 19:14:16.595,*chris evera is the biggest buffon i - Notepad,h
2025-11-13 19:14:16.628,*chris evera is the biggest buffon i - Notepad,h
2025-11-13 19:14:16.662,*chris evera is the biggest buffon i - Notepad,h
2025-11-13 19:14:16.695,*chris evera is the biggest buffon i - Notepad,h
2025-11-13 19:14:16.728,*chris evera is the biggest buffon i - Notepad,h
2025-11-13 19:14:16.761,*chris evera is the biggest buffon i - Notepad,h
2025-11-13 19:14:16.795,*chris evera is the biggest buffon i - Notepad,h
2025-11-13 19:14:16.828,*chris evera is the biggest buffon i - Notepad,h
2025-11-13 19:14:16.862,*chris evera is the biggest buffon i - Notepad,h
2025-11-13 19:14:16.895,*chris evera is the biggest buffon i - Notepad,h
2025-11-13 19:14:16.929,*chris evera is the biggest buffon i - Notepad,h
2025-11-13 19:14:16.963,*chris evera is the biggest buffon i - Notepad,h
2025-11-13 19:14:16.997,*chris evera is the biggest buffon i - Notepad,h
2025-11-13 19:14:17.031,*chris evera is the biggest buffon i - Notepad,h
2025-11-13 19:14:17.063,*chris evera is the biggest buffon i - Notepad,h
2025-11-13 19:14:17.097,*chris evera is the biggest buffon i - Notepad,h
2025-11-13 19:14:17.130,*chris evera is the biggest buffon i - Notepad,h
2025-11-13 19:14:17.163,*chris evera is the biggest buffon i - Notepad,h
2025-11-13 19:14:17.196,*chris evera is the biggest buffon i - Notepad,h
2025-11-13 19:14:17.230,*chris evera is the biggest buffon i - Notepad,h
2025-11-13 19:14:17.263,*chris evera is the biggest buffon i - Notepad,h
2025-11-13 19:14:17.296,*chris evera is the biggest buffon i - Notepad,h
2025-11-13 19:14:17.329,*chris evera is the biggest buffon i - Notepad,h
2025-11-13 19:14:17.363,*chris evera is the biggest buffon i - Notepad,h
2025-11-13 19:14:17.397,*chris evera is the biggest buffon i - Notepad,h
2025-11-13 19:14:17.431,*chris evera is the biggest buffon i - Notepad,h
2025-11-13 19:14:17.464,*chris evera is the biggest buffon i - Notepad,h
2025-11-13 19:14:17.498,*chris evera is the biggest buffon i - Notepad,h
2025-11-13 19:14:17.533,*chris evera is the biggest buffon i - Notepad,h
2025-11-13 19:14:17.565,*chris evera is the biggest buffon i - Notepad,h
2025-11-13 19:14:17.599,*chris evera is the biggest buffon i - Notepad,h
2025-11-13 19:14:17.632,*chris evera is the biggest buffon i - Notepad,h
2025-11-13 19:14:17.666,*chris evera is the biggest buffon i - Notepad,h
2025-11-13 19:14:17.698,*chris evera is the biggest buffon i - Notepad,h
2025-11-13 19:14:17.732,*chris evera is the biggest buffon i - Notepad,h
2025-11-13 19:14:17.765,*chris evera is the biggest buffon i - Notepad,h
2025-11-13 19:14:17.799,*chris evera is the biggest buffon i - Notepad,h
2025-11-13 19:14:17.833,*chris evera is the biggest buffon i - Notepad,h
2025-11-13 19:14:17.866,*chris evera is the biggest buffon i - Notepad,h
2025-11-13 19:14:17.899,*chris evera is the biggest buffon i - Notepad,h
2025-11-13 19:14:17.932,*chris evera is the biggest buffon i - Notepad,h
2025-11-13 19:14:17.966,*chris evera is the biggest buffon i - Notepad,h
2025-11-13 19:14:17.999,*chris evera is the biggest buffon i - Notepad,h
2025-11-13 19:14:18.033,*chris evera is the biggest buffon i - Notepad,h
2025-11-13 19:14:18.067,*chris evera is the biggest buffon i - Notepad,h
2025-11-13 19:14:18.100,*chris evera is the biggest buffon i - Notepad,h
2025-11-13 19:14:18.134,*chris evera is the biggest buffon i - Notepad,h
2025-11-13 19:14:18.167,*chris evera is the biggest buffon i - Notepad,h
2025-11-13 19:14:18.200,*chris evera is the biggest buffon i - Notepad,h
2025-11-13 19:14:18.233,*chris evera is the biggest buffon i - Notepad,h
2025-11-13 19:14:18.266,*chris evera is the biggest buffon i - Notepad,h
2025-11-13 19:14:18.300,*chris evera is the biggest buffon i - Notepad,h
2025-11-13 19:14:18.333,*chris evera is the biggest buffon i - Notepad,h
2025-11-13 19:14:18.367,*chris evera is the biggest buffon i - Notepad,h
2025-11-13 19:14:18.400,*chris evera is the biggest buffon i - Notepad,h
2025-11-13 19:14:18.434,*chris evera is the biggest buffon i - Notepad,h
2025-11-13 19:14:18.467,*chris evera is the biggest buffon i - Notepad,h
2025-11-13 19:14:18.500,*chris evera is the biggest buffon i - Notepad,h
2025-11-13 19:14:18.533,*chris evera is the biggest buffon i - Notepad,h
2025-11-13 19:14:18.567,*chris evera is the biggest buffon i - Notepad,h
2025-11-13 19:14:18.600,*chris evera is the biggest buffon i - Notepad,h
2025-11-13 19:14:18.633,*chris evera is the biggest buffon i - Notepad,h
2025-11-13 19:14:18.667,*chris evera is the biggest buffon i - Notepad,h
2025-11-13 19:14:18.700,*chris evera is the biggest buffon i - Notepad,h
2025-11-13 19:14:18.733,*chris evera is the biggest buffon i - Notepad,h
2025-11-13 19:14:18.767,*chris evera is the biggest buffon i - Notepad,h
2025-11-13 19:14:18.800,*chris evera is the biggest buffon i - Notepad,h
2025-11-13 19:14:18.833,*chris evera is the biggest buffon i - Notepad,h
2025-11-13 19:14:18.867,*chris evera is the biggest buffon i - Notepad,h
2025-11-13 19:14:18.900,*chris evera is the biggest buffon i - Notepad,h
2025-11-13 19:14:18.933,*chris evera is the biggest buffon i - Notepad,h
2025-11-13 19:14:18.967,*chris evera is the biggest buffon i - Notepad,h
2025-11-13 19:14:19.000,*chris evera is the biggest buffon i - Notepad,h
2025-11-13 19:14:19.033,*chris evera is the biggest buffon i - Notepad,h
2025-11-13 19:14:19.067,*chris evera is the biggest buffon i - Notepad,h
2025-11-13 19:14:19.101,*chris evera is the biggest buffon i - Notepad,h
2025-11-13 19:14:19.134,*chris evera is the biggest buffon i - Notepad,h
2025-11-13 19:14:19.167,*chris evera is the biggest buffon i - Notepad,h
2025-11-13 19:14:19.200,*chris evera is the biggest buffon i - Notepad,h
2025-11-13 19:14:19.233,*chris evera is the biggest buffon i - Notepad,h
2025-11-13 19:14:19.266,*chris evera is the biggest buffon i - Notepad,h
2025-11-13 19:14:19.300,*chris evera is the biggest buffon i - Notepad,h
2025-11-13 19:14:19.334,*chris evera is the biggest buffon i - Notepad,h
2025-11-13 19:14:19.367,*chris evera is the biggest buffon i - Notepad,h
2025-11-13 19:14:19.401,*chris evera is the biggest buffon i - Notepad,h
2025-11-13 19:14:19.434,*chris evera is the biggest buffon i - Notepad,h
2025-11-13 19:14:19.467,*chris evera is the biggest buffon i - Notepad,h
2025-11-13 19:14:19.501,*chris evera is the biggest buffon i - Notepad,h
2025-11-13 19:14:19.534,*chris evera is the biggest buffon i - Notepad,h
2025-11-13 19:14:19.567,*chris evera is the biggest buffon i - Notepad,h
2025-11-13 19:14:19.600,*chris evera is the biggest buffon i - Notepad,h
2025-11-13 19:14:19.635,*chris evera is the biggest buffon i - Notepad,h
2025-11-13 19:14:19.675,*chris evera is the biggest buffon i - Notepad,h
2025-11-13 19:14:19.701,*chris evera is the biggest buffon i - Notepad,h
2025-11-13 19:14:19.734,*chris evera is the biggest buffon i - Notepad,h
2025-11-13 19:14:19.767,*chris evera is the biggest buffon i - Notepad,h
2025-11-13 19:14:19.800,*chris evera is the biggest buffon i - Notepad,h
2025-11-13 19:14:19.834,*chris evera is the biggest buffon i - Notepad,h
2025-11-13 19:14:19.868,*chris evera is the biggest buffon i - Notepad,h
2025-11-13 19:14:19.900,*chris evera is the biggest buffon i - Notepad,h
2025-11-13 19:14:19.934,*chris evera is the biggest buffon i - Notepad,h
2025-11-13 19:14:19.968,*chris evera is the biggest buffon i - Notepad,h
2025-11-13 19:14:20.001,*chris evera is the biggest buffon i - Notepad,h
2025-11-13 19:14:20.035,*chris evera is the biggest buffon i - Notepad,h
2025-11-13 19:14:20.068,*chris evera is the biggest buffon i - Notepad,h
2025-11-13 19:14:20.102,*chris evera is the biggest buffon i - Notepad,h
2025-11-13 19:14:20.135,*chris evera is the biggest buffon i - Notepad,h
2025-11-13 19:14:20.169,*chris evera is the biggest buffon i - Notepad,h
2025-11-13 19:14:20.201,*chris evera is the biggest buffon i - Notepad,h
2025-11-13 19:14:20.235,*chris evera is the biggest buffon i - Notepad,h
2025-11-13 19:14:20.268,*chris evera is the biggest buffon i - Notepad,h
2025-11-13 19:14:20.301,*chris evera is the biggest buffon i - Notepad,h
2025-11-13 19:14:20.334,*chris evera is the biggest buffon i - Notepad,h
2025-11-13 19:14:20.356,*chris evera is the biggest buffon i - Notepad,[shift]
2025-11-13 19:14:20.546,*chris evera is the biggest buffon i - Notepad,^
2025-11-13 19:14:21.046,*chris evera is the biggest buffon i - Notepad,^
2025-11-13 19:14:21.080,*chris evera is the biggest buffon i - Notepad,^
2025-11-13 19:14:21.113,*chris evera is the biggest buffon i - Notepad,^
2025-11-13 19:14:21.146,*chris evera is the biggest buffon i - Notepad,^
2025-11-13 19:14:21.179,*chris evera is the biggest buffon i - Notepad,^
2025-11-13 19:14:21.213,*chris evera is the biggest buffon i - Notepad,^
2025-11-13 19:14:21.246,*chris evera is the biggest buffon i - Notepad,^
2025-11-13 19:14:21.280,*chris evera is the biggest buffon i - Notepad,^
2025-11-13 19:14:21.313,*chris evera is the biggest buffon i - Notepad,^
2025-11-13 19:14:21.346,*chris evera is the biggest buffon i - Notepad,^
2025-11-13 19:14:21.380,*chris evera is the biggest buffon i - Notepad,^
2025-11-13 19:14:21.413,*chris evera is the biggest buffon i - Notepad,^
2025-11-13 19:14:21.447,*chris evera is the biggest buffon i - Notepad,^
2025-11-13 19:14:21.480,*chris evera is the biggest buffon i - Notepad,^
2025-11-13 19:14:21.513,*chris evera is the biggest buffon i - Notepad,^
2025-11-13 19:14:21.546,*chris evera is the biggest buffon i - Notepad,^
2025-11-13 19:14:21.580,*chris evera is the biggest buffon i - Notepad,^
2025-11-13 19:14:21.613,*chris evera is the biggest buffon i - Notepad,^
2025-11-13 19:14:21.647,*chris evera is the biggest buffon i - Notepad,^
2025-11-13 19:14:21.680,*chris evera is the biggest buffon i - Notepad,^
2025-11-13 19:14:21.713,*chris evera is the biggest buffon i - Notepad,^
2025-11-13 19:14:21.747,*chris evera is the biggest buffon i - Notepad,^
2025-11-13 19:14:21.780,*chris evera is the biggest buffon i - Notepad,^
2025-11-13 19:14:21.813,*chris evera is the biggest buffon i - Notepad,^
2025-11-13 19:14:21.846,*chris evera is the biggest buffon i - Notepad,^
2025-11-13 19:14:21.879,*chris evera is the biggest buffon i - Notepad,^
2025-11-13 19:14:21.913,*chris evera is the biggest buffon i - Notepad,^
2025-11-13 19:14:21.947,*chris evera is the biggest buffon i - Notepad,^
2025-11-13 19:14:21.980,*chris evera is the biggest buffon i - Notepad,^
2025-11-13 19:14:22.013,*chris evera is the biggest buffon i - Notepad,^
2025-11-13 19:14:22.046,*chris evera is the biggest buffon i - Notepad,^
2025-11-13 19:14:22.080,*chris evera is the biggest buffon i - Notepad,^
2025-11-13 19:14:22.113,*chris evera is the biggest buffon i - Notepad,^
2025-11-13 19:14:22.146,*chris evera is the biggest buffon i - Notepad,^
2025-11-13 19:14:22.179,*chris evera is the biggest buffon i - Notepad,^
2025-11-13 19:14:22.212,*chris evera is the biggest buffon i - Notepad,^
2025-11-13 19:14:22.246,*chris evera is the biggest buffon i - Notepad,^
2025-11-13 19:14:22.279,*chris evera is the biggest buffon i - Notepad,^
2025-11-13 19:14:22.313,*chris evera is the biggest buffon i - Notepad,^
2025-11-13 19:14:22.346,*chris evera is the biggest buffon i - Notepad,^
2025-11-13 19:14:22.380,*chris evera is the biggest buffon i - Notepad,^
2025-11-13 19:14:22.413,*chris evera is the biggest buffon i - Notepad,^
2025-11-13 19:14:22.447,*chris evera is the biggest buffon i - Notepad,^
2025-11-13 19:14:22.480,*chris evera is the biggest buffon i - Notepad,^
2025-11-13 19:14:22.513,*chris evera is the biggest buffon i - Notepad,^
2025-11-13 19:14:22.546,*chris evera is the biggest buffon i - Notepad,^
2025-11-13 19:14:22.579,*chris evera is the biggest buffon i - Notepad,^
2025-11-13 19:14:22.612,*chris evera is the biggest buffon i - Notepad,^
2025-11-13 19:14:22.645,*chris evera is the biggest buffon i - Notepad,^
2025-11-13 19:14:22.678,*chris evera is the biggest buffon i - Notepad,^
2025-11-13 19:14:22.711,*chris evera is the biggest buffon i - Notepad,^
2025-11-13 19:14:22.745,*chris evera is the biggest buffon i - Notepad,^
2025-11-13 19:14:22.778,*chris evera is the biggest buffon i - Notepad,^
2025-11-13 19:14:22.812,*chris evera is the biggest buffon i - Notepad,^
2025-11-13 19:14:22.846,*chris evera is the biggest buffon i - Notepad,^
2025-11-13 19:14:22.880,*chris evera is the biggest buffon i - Notepad,^
2025-11-13 19:14:22.913,*chris evera is the biggest buffon i - Notepad,^
2025-11-13 19:14:22.947,*chris evera is the biggest buffon i - Notepad,^
2025-11-13 19:14:22.980,*chris evera is the biggest buffon i - Notepad,^
2025-11-13 19:14:23.013,*chris evera is the biggest buffon i - Notepad,^
2025-11-13 19:14:23.047,*chris evera is the biggest buffon i - Notepad,^
2025-11-13 19:14:23.080,*chris evera is the biggest buffon i - Notepad,^
2025-11-13 19:14:23.113,*chris evera is the biggest buffon i - Notepad,^
2025-11-13 19:14:23.146,*chris evera is the biggest buffon i - Notepad,^
2025-11-13 19:14:23.179,*chris evera is the biggest buffon i - Notepad,^
2025-11-13 19:14:23.212,*chris evera is the biggest buffon i - Notepad,^
2025-11-13 19:14:23.246,*chris evera is the biggest buffon i - Notepad,^
2025-11-13 19:14:23.279,*chris evera is the biggest buffon i - Notepad,^
2025-11-13 19:14:23.313,*chris evera is the biggest buffon i - Notepad,^
2025-11-13 19:14:23.346,*chris evera is the biggest buffon i - Notepad,^
2025-11-13 19:14:23.379,*chris evera is the biggest buffon i - Notepad,^
2025-11-13 19:14:23.413,*chris evera is the biggest buffon i - Notepad,^
2025-11-13 19:14:23.445,*chris evera is the biggest buffon i - Notepad,^
2025-11-13 19:14:23.479,*chris evera is the biggest buffon i - Notepad,^
2025-11-13 19:14:23.512,*chris evera is the biggest buffon i - Notepad,^
2025-11-13 19:14:23.545,*chris evera is the biggest buffon i - Notepad,^
2025-11-13 19:14:23.579,*chris evera is the biggest buffon i - Notepad,^
2025-11-13 19:14:23.612,*chris evera is the biggest buffon i - Notepad,^
2025-11-13 19:14:23.646,*chris evera is the biggest buffon i - Notepad,^
2025-11-13 19:14:23.678,*chris evera is the biggest buffon i - Notepad,^
2025-11-13 19:14:23.712,*chris evera is the biggest buffon i - Notepad,^
2025-11-13 19:14:23.745,*chris evera is the biggest buffon i - Notepad,^
2025-11-13 19:14:23.779,*chris evera is the biggest buffon i - Notepad,^
2025-11-13 19:14:23.813,*chris evera is the biggest buffon i - Notepad,^
2025-11-13 19:14:23.846,*chris evera is the biggest buffon i - Notepad,^
2025-11-13 19:14:23.879,*chris evera is the biggest buffon i - Notepad,^
2025-11-13 19:14:23.912,*chris evera is the biggest buffon i - Notepad,^
2025-11-13 19:14:23.946,*chris evera is the biggest buffon i - Notepad,^
2025-11-13 19:14:23.979,*chris evera is the biggest buffon i - Notepad,^
2025-11-13 19:14:24.013,*chris evera is the biggest buffon i - Notepad,^
2025-11-13 19:14:24.047,*chris evera is the biggest buffon i - Notepad,^
2025-11-13 19:14:24.080,*chris evera is the biggest buffon i - Notepad,^
2025-11-13 19:14:24.114,*chris evera is the biggest buffon i - Notepad,^
2025-11-13 19:14:24.147,*chris evera is the biggest buffon i - Notepad,^
2025-11-13 19:14:24.181,*chris evera is the biggest buffon i - Notepad,^
2025-11-13 19:14:24.215,*chris evera is the biggest buffon i - Notepad,^
2025-11-13 19:14:24.248,*chris evera is the biggest buffon i - Notepad,^
2025-11-13 19:14:24.281,*chris evera is the biggest buffon i - Notepad,^
2025-11-13 19:14:24.315,*chris evera is the biggest buffon i - Notepad,^
2025-11-13 19:14:24.486,*chris evera is the biggest buffon i - Notepad,%
2025-11-13 19:14:24.986,*chris evera is the biggest buffon i - Notepad,%
2025-11-13 19:14:25.020,*chris evera is the biggest buffon i - Notepad,%
2025-11-13 19:14:25.057,*chris evera is the biggest buffon i - Notepad,%
2025-11-13 19:14:25.087,*chris evera is the biggest buffon i - Notepad,%
2025-11-13 19:14:25.120,*chris evera is the biggest buffon i - Notepad,%
2025-11-13 19:14:25.153,*chris evera is the biggest buffon i - Notepad,%
2025-11-13 19:14:25.187,*chris evera is the biggest buffon i - Notepad,%
2025-11-13 19:14:25.225,*chris evera is the biggest buffon i - Notepad,%
2025-11-13 19:14:25.254,*chris evera is the biggest buffon i - Notepad,%
2025-11-13 19:14:25.287,*chris evera is the biggest buffon i - Notepad,%
2025-11-13 19:14:25.321,*chris evera is the biggest buffon i - Notepad,%
2025-11-13 19:14:25.354,*chris evera is the biggest buffon i - Notepad,%
2025-11-13 19:14:25.387,*chris evera is the biggest buffon i - Notepad,%
2025-11-13 19:14:25.420,*chris evera is the biggest buffon i - Notepad,%
2025-11-13 19:14:25.454,*chris evera is the biggest buffon i - Notepad,%
2025-11-13 19:14:25.488,*chris evera is the biggest buffon i - Notepad,%
2025-11-13 19:14:25.525,*chris evera is the biggest buffon i - Notepad,%
2025-11-13 19:14:25.555,*chris evera is the biggest buffon i - Notepad,%
2025-11-13 19:14:25.589,*chris evera is the biggest buffon i - Notepad,%
2025-11-13 19:14:25.621,*chris evera is the biggest buffon i - Notepad,%
2025-11-13 19:14:25.655,*chris evera is the biggest buffon i - Notepad,%
2025-11-13 19:14:25.688,*chris evera is the biggest buffon i - Notepad,%
2025-11-13 19:14:25.721,*chris evera is the biggest buffon i - Notepad,%
2025-11-13 19:14:25.754,*chris evera is the biggest buffon i - Notepad,%
2025-11-13 19:14:25.787,*chris evera is the biggest buffon i - Notepad,%
2025-11-13 19:14:25.820,*chris evera is the biggest buffon i - Notepad,%
2025-11-13 19:14:25.853,*chris evera is the biggest buffon i - Notepad,%
2025-11-13 19:14:25.887,*chris evera is the biggest buffon i - Notepad,%
2025-11-13 19:14:25.920,*chris evera is the biggest buffon i - Notepad,%
2025-11-13 19:14:25.954,*chris evera is the biggest buffon i - Notepad,%
2025-11-13 19:14:25.987,*chris evera is the biggest buffon i - Notepad,%
2025-11-13 19:14:26.020,*chris evera is the biggest buffon i - Notepad,%
2025-11-13 19:14:26.054,*chris evera is the biggest buffon i - Notepad,%
2025-11-13 19:14:26.086,*chris evera is the biggest buffon i - Notepad,%
2025-11-13 19:14:26.120,*chris evera is the biggest buffon i - Notepad,%
2025-11-13 19:14:26.152,*chris evera is the biggest buffon i - Notepad,%
2025-11-13 19:14:26.185,*chris evera is the biggest buffon i - Notepad,%
2025-11-13 19:14:26.219,*chris evera is the biggest buffon i - Notepad,%
2025-11-13 19:14:26.253,*chris evera is the biggest buffon i - Notepad,%
2025-11-13 19:14:26.285,*chris evera is the biggest buffon i - Notepad,%
2025-11-13 19:14:26.319,*chris evera is the biggest buffon i - Notepad,%
2025-11-13 19:14:26.352,*chris evera is the biggest buffon i - Notepad,%
2025-11-13 19:14:26.385,*chris evera is the biggest buffon i - Notepad,%
2025-11-13 19:14:26.419,*chris evera is the biggest buffon i - Notepad,%
2025-11-13 19:14:26.452,*chris evera is the biggest buffon i - Notepad,%
2025-11-13 19:14:26.485,*chris evera is the biggest buffon i - Notepad,%
2025-11-13 19:14:26.520,*chris evera is the biggest buffon i - Notepad,%
2025-11-13 19:14:26.552,*chris evera is the biggest buffon i - Notepad,%
2025-11-13 19:14:26.585,*chris evera is the biggest buffon i - Notepad,%
2025-11-13 19:14:26.618,*chris evera is the biggest buffon i - Notepad,%
2025-11-13 19:14:26.652,*chris evera is the biggest buffon i - Notepad,%
2025-11-13 19:14:26.685,*chris evera is the biggest buffon i - Notepad,%
2025-11-13 19:14:26.719,*chris evera is the biggest buffon i - Notepad,%
2025-11-13 19:14:26.752,*chris evera is the biggest buffon i - Notepad,%
2025-11-13 19:14:26.785,*chris evera is the biggest buffon i - Notepad,%
2025-11-13 19:14:26.818,*chris evera is the biggest buffon i - Notepad,%
2025-11-13 19:14:26.851,*chris evera is the biggest buffon i - Notepad,%
2025-11-13 19:14:26.884,*chris evera is the biggest buffon i - Notepad,%
2025-11-13 19:14:26.918,*chris evera is the biggest buffon i - Notepad,%
2025-11-13 19:14:26.951,*chris evera is the biggest buffon i - Notepad,%
2025-11-13 19:14:26.984,*chris evera is the biggest buffon i - Notepad,%
2025-11-13 19:14:27.017,*chris evera is the biggest buffon i - Notepad,%
2025-11-13 19:14:27.050,*chris evera is the biggest buffon i - Notepad,%
2025-11-13 19:14:27.083,*chris evera is the biggest buffon i - Notepad,%
2025-11-13 19:14:27.117,*chris evera is the biggest buffon i - Notepad,%
2025-11-13 19:14:27.150,*chris evera is the biggest buffon i - Notepad,%
2025-11-13 19:14:27.183,*chris evera is the biggest buffon i - Notepad,%
2025-11-13 19:14:27.216,*chris evera is the biggest buffon i - Notepad,%
2025-11-13 19:14:27.249,*chris evera is the biggest buffon i - Notepad,%
2025-11-13 19:14:27.282,*chris evera is the biggest buffon i - Notepad,%
2025-11-13 19:14:27.315,*chris evera is the biggest buffon i - Notepad,%
2025-11-13 19:14:27.349,*chris evera is the biggest buffon i - Notepad,%
2025-11-13 19:14:27.383,*chris evera is the biggest buffon i - Notepad,%
2025-11-13 19:14:27.416,*chris evera is the biggest buffon i - Notepad,%
2025-11-13 19:14:27.449,*chris evera is the biggest buffon i - Notepad,%
2025-11-13 19:14:27.482,*chris evera is the biggest buffon i - Notepad,%
2025-11-13 19:14:27.516,*chris evera is the biggest buffon i - Notepad,%
2025-11-13 19:14:27.548,*chris evera is the biggest buffon i - Notepad,%
2025-11-13 19:14:27.582,*chris evera is the biggest buffon i - Notepad,%
2025-11-13 19:14:27.615,*chris evera is the biggest buffon i - Notepad,%
2025-11-13 19:14:27.649,*chris evera is the biggest buffon i - Notepad,%
2025-11-13 19:14:27.682,*chris evera is the biggest buffon i - Notepad,%
2025-11-13 19:14:27.715,*chris evera is the biggest buffon i - Notepad,%
2025-11-13 19:14:27.748,*chris evera is the biggest buffon i - Notepad,%
2025-11-13 19:14:27.781,*chris evera is the biggest buffon i - Notepad,%
2025-11-13 19:14:27.815,*chris evera is the biggest buffon i - Notepad,%
2025-11-13 19:14:27.848,*chris evera is the biggest buffon i - Notepad,%
2025-11-13 19:14:27.882,*chris evera is the biggest buffon i - Notepad,%
2025-11-13 19:14:27.915,*chris evera is the biggest buffon i - Notepad,%
2025-11-13 19:14:27.949,*chris evera is the biggest buffon i - Notepad,%
2025-11-13 19:14:27.982,*chris evera is the biggest buffon i - Notepad,%
2025-11-13 19:14:28.015,*chris evera is the biggest buffon i - Notepad,%
2025-11-13 19:14:28.049,*chris evera is the biggest buffon i - Notepad,%
2025-11-13 19:14:28.082,*chris evera is the biggest buffon i - Notepad,%
2025-11-13 19:14:28.115,*chris evera is the biggest buffon i - Notepad,%
2025-11-13 19:14:28.148,*chris evera is the biggest buffon i - Notepad,%
2025-11-13 19:14:28.181,*chris evera is the biggest buffon i - Notepad,%
2025-11-13 19:14:28.215,*chris evera is the biggest buffon i - Notepad,%
2025-11-13 19:14:28.248,*chris evera is the biggest buffon i - Notepad,%
2025-11-13 19:14:28.281,*chris evera is the biggest buffon i - Notepad,%
2025-11-13 19:14:28.314,*chris evera is the biggest buffon i - Notepad,%
2025-11-13 19:14:28.348,*chris evera is the biggest buffon i - Notepad,%
2025-11-13 19:14:28.382,*chris evera is the biggest buffon i - Notepad,%
2025-11-13 19:14:28.415,*chris evera is the biggest buffon i - Notepad,%
2025-11-13 19:14:28.449,*chris evera is the biggest buffon i - Notepad,%
2025-11-13 19:14:28.482,*chris evera is the biggest buffon i - Notepad,%
2025-11-13 19:14:28.516,*chris evera is the biggest buffon i - Notepad,%
2025-11-13 19:14:28.550,*chris evera is the biggest buffon i - Notepad,%
2025-11-13 19:14:28.584,*chris evera is the biggest buffon i - Notepad,%
2025-11-13 19:14:28.617,*chris evera is the biggest buffon i - Notepad,%
2025-11-13 19:14:28.650,*chris evera is the biggest buffon i - Notepad,%
2025-11-13 19:14:28.684,*chris evera is the biggest buffon i - Notepad,%
2025-11-13 19:14:28.718,*chris evera is the biggest buffon i - Notepad,%
2025-11-13 19:14:28.751,*chris evera is the biggest buffon i - Notepad,%
2025-11-13 19:14:28.785,*chris evera is the biggest buffon i - Notepad,%
2025-11-13 19:14:28.818,*chris evera is the biggest buffon i - Notepad,%
2025-11-13 19:14:28.852,*chris evera is the biggest buffon i - Notepad,%
2025-11-13 19:14:28.885,*chris evera is the biggest buffon i - Notepad,%
2025-11-13 19:14:28.918,*chris evera is the biggest buffon i - Notepad,%
2025-11-13 19:14:28.951,*chris evera is the biggest buffon i - Notepad,%
2025-11-13 19:14:28.985,*chris evera is the biggest buffon i - Notepad,%
2025-11-13 19:14:29.018,*chris evera is the biggest buffon i - Notepad,%
2025-11-13 19:14:29.051,*chris evera is the biggest buffon i - Notepad,%
2025-11-13 19:14:29.084,*chris evera is the biggest buffon i - Notepad,%
2025-11-13 19:14:29.118,*chris evera is the biggest buffon i - Notepad,%
2025-11-13 19:14:29.151,*chris evera is the biggest buffon i - Notepad,%
2025-11-13 19:14:29.184,*chris evera is the biggest buffon i - Notepad,%
2025-11-13 19:14:29.218,*chris evera is the biggest buffon i - Notepad,%
2025-11-13 19:14:29.252,*chris evera is the biggest buffon i - Notepad,%
2025-11-13 19:14:29.285,*chris evera is the biggest buffon i - Notepad,%
2025-11-13 19:14:29.318,*chris evera is the biggest buffon i - Notepad,%
2025-11-13 19:14:29.351,*chris evera is the biggest buffon i - Notepad,%
2025-11-13 19:14:29.385,*chris evera is the biggest buffon i - Notepad,%
2025-11-13 19:14:29.418,*chris evera is the biggest buffon i - Notepad,%
2025-11-13 19:14:29.452,*chris evera is the biggest buffon i - Notepad,%
2025-11-13 19:14:29.486,*chris evera is the biggest buffon i - Notepad,%
2025-11-13 19:14:29.518,*chris evera is the biggest buffon i - Notepad,%
2025-11-13 19:14:29.552,*chris evera is the biggest buffon i - Notepad,%
2025-11-13 19:14:29.585,*chris evera is the biggest buffon i - Notepad,%
2025-11-13 19:14:29.619,*chris evera is the biggest buffon i - Notepad,%
2025-11-13 19:14:29.652,*chris evera is the biggest buffon i - Notepad,%
2025-11-13 19:14:29.685,*chris evera is the biggest buffon i - Notepad,%
2025-11-13 19:14:29.719,*chris evera is the biggest buffon i - Notepad,%
2025-11-13 19:14:29.752,*chris evera is the biggest buffon i - Notepad,%
2025-11-13 19:14:29.785,*chris evera is the biggest buffon i - Notepad,%
2025-11-13 19:14:29.818,*chris evera is the biggest buffon i - Notepad,%
2025-11-13 19:14:29.851,*chris evera is the biggest buffon i - Notepad,%
2025-11-13 19:14:29.885,*chris evera is the biggest buffon i - Notepad,%
2025-11-13 19:14:29.917,*chris evera is the biggest buffon i - Notepad,%
2025-11-13 19:14:29.951,*chris evera is the biggest buffon i - Notepad,%
2025-11-13 19:14:29.986,*chris evera is the biggest buffon i - Notepad,%
2025-11-13 19:14:30.020,*chris evera is the biggest buffon i - Notepad,%
2025-11-13 19:14:30.053,*chris evera is the biggest buffon i - Notepad,%
2025-11-13 19:14:30.087,*chris evera is the biggest buffon i - Notepad,%
2025-11-13 19:14:30.120,*chris evera is the biggest buffon i - Notepad,%
2025-11-13 19:14:30.154,*chris evera is the biggest buffon i - Notepad,%
2025-11-13 19:14:30.187,*chris evera is the biggest buffon i - Notepad,%
2025-11-13 19:14:30.221,*chris evera is the biggest buffon i - Notepad,%
2025-11-13 19:14:30.254,*chris evera is the biggest buffon i - Notepad,%
2025-11-13 19:14:30.287,*chris evera is the biggest buffon i - Notepad,%
2025-11-13 19:14:30.321,*chris evera is the biggest buffon i - Notepad,%
2025-11-13 19:14:30.354,*chris evera is the biggest buffon i - Notepad,%
2025-11-13 19:14:30.388,*chris evera is the biggest buffon i - Notepad,%
2025-11-13 19:14:30.421,*chris evera is the biggest buffon i - Notepad,%
2025-11-13 19:14:30.455,*chris evera is the biggest buffon i - Notepad,%
2025-11-13 19:14:30.488,*chris evera is the biggest buffon i - Notepad,%
2025-11-13 19:14:30.522,*chris evera is the biggest buffon i - Notepad,%
2025-11-13 19:14:30.556,*chris evera is the biggest buffon i - Notepad,%
2025-11-13 19:14:30.589,*chris evera is the biggest buffon i - Notepad,%
2025-11-13 19:14:30.622,*chris evera is the biggest buffon i - Notepad,%
2025-11-13 19:14:30.655,*chris evera is the biggest buffon i - Notepad,%
2025-11-13 19:14:30.688,*chris evera is the biggest buffon i - Notepad,%
2025-11-13 19:14:30.721,*chris evera is the biggest buffon i - Notepad,%
2025-11-13 19:14:30.755,*chris evera is the biggest buffon i - Notepad,%
2025-11-13 19:14:30.788,*chris evera is the biggest buffon i - Notepad,%
2025-11-13 19:14:30.821,*chris evera is the biggest buffon i - Notepad,%
2025-11-13 19:14:30.855,*chris evera is the biggest buffon i - Notepad,%
2025-11-13 19:14:30.889,*chris evera is the biggest buffon i - Notepad,%
2025-11-13 19:14:30.922,*chris evera is the biggest buffon i - Notepad,%
2025-11-13 19:14:30.955,*chris evera is the biggest buffon i - Notepad,%
2025-11-13 19:14:30.990,*chris evera is the biggest buffon i - Notepad,%
2025-11-13 19:14:31.022,*chris evera is the biggest buffon i - Notepad,%
2025-11-13 19:14:31.055,*chris evera is the biggest buffon i - Notepad,%
2025-11-13 19:14:31.089,*chris evera is the biggest buffon i - Notepad,%
2025-11-13 19:14:31.122,*chris evera is the biggest buffon i - Notepad,%
2025-11-13 19:14:31.155,*chris evera is the biggest buffon i - Notepad,%
2025-11-13 19:14:31.188,*chris evera is the biggest buffon i - Notepad,%
2025-11-13 19:14:31.221,*chris evera is the biggest buffon i - Notepad,%
2025-11-13 19:14:31.255,*chris evera is the biggest buffon i - Notepad,%
2025-11-13 19:14:31.289,*chris evera is the biggest buffon i - Notepad,%
2025-11-13 19:14:31.322,*chris evera is the biggest buffon i - Notepad,%
2025-11-13 19:14:31.356,*chris evera is the biggest buffon i - Notepad,%
2025-11-13 19:14:31.389,*chris evera is the biggest buffon i - Notepad,%
2025-11-13 19:14:31.422,*chris evera is the biggest buffon i - Notepad,%
2025-11-13 19:14:31.456,*chris evera is the biggest buffon i - Notepad,%
2025-11-13 19:14:31.490,*chris evera is the biggest buffon i - Notepad,%
2025-11-13 19:14:31.522,*chris evera is the biggest buffon i - Notepad,%
2025-11-13 19:14:31.555,*chris evera is the biggest buffon i - Notepad,%
2025-11-13 19:14:31.588,*chris evera is the biggest buffon i - Notepad,%
2025-11-13 19:14:31.621,*chris evera is the biggest buffon i - Notepad,%
2025-11-13 19:14:31.654,*chris evera is the biggest buffon i - Notepad,%
2025-11-13 19:14:31.687,*chris evera is the biggest buffon i - Notepad,%
2025-11-13 19:14:31.721,*chris evera is the biggest buffon i - Notepad,%
2025-11-13 19:14:31.753,*chris evera is the biggest buffon i - Notepad,%
2025-11-13 19:14:31.787,*chris evera is the biggest buffon i - Notepad,%
2025-11-13 19:14:31.821,*chris evera is the biggest buffon i - Notepad,%
2025-11-13 19:14:31.854,*chris evera is the biggest buffon i - Notepad,%
2025-11-13 19:14:31.887,*chris evera is the biggest buffon i - Notepad,%
2025-11-13 19:14:31.920,*chris evera is the biggest buffon i - Notepad,%
2025-11-13 19:14:31.954,*chris evera is the biggest buffon i - Notepad,%
2025-11-13 19:14:31.986,*chris evera is the biggest buffon i - Notepad,%
2025-11-13 19:14:32.020,*chris evera is the biggest buffon i - Notepad,%
2025-11-13 19:14:32.052,*chris evera is the biggest buffon i - Notepad,%
2025-11-13 19:14:32.086,*chris evera is the biggest buffon i - Notepad,%
2025-11-13 19:14:32.119,*chris evera is the biggest buffon i - Notepad,%
2025-11-13 19:14:32.153,*chris evera is the biggest buffon i - Notepad,%
2025-11-13 19:14:32.187,*chris evera is the biggest buffon i - Notepad,%
2025-11-13 19:14:32.220,*chris evera is the biggest buffon i - Notepad,%
2025-11-13 19:14:32.254,*chris evera is the biggest buffon i - Notepad,%
2025-11-13 19:14:32.287,*chris evera is the biggest buffon i - Notepad,%
2025-11-13 19:14:32.320,*chris evera is the biggest buffon i - Notepad,%
2025-11-13 19:14:32.355,*chris evera is the biggest buffon i - Notepad,%
2025-11-13 19:14:32.388,*chris evera is the biggest buffon i - Notepad,%
2025-11-13 19:14:32.421,*chris evera is the biggest buffon i - Notepad,%
2025-11-13 19:14:32.454,*chris evera is the biggest buffon i - Notepad,%
2025-11-13 19:14:32.487,*chris evera is the biggest buffon i - Notepad,%
2025-11-13 19:14:32.520,*chris evera is the biggest buffon i - Notepad,%
2025-11-13 19:14:32.554,*chris evera is the biggest buffon i - Notepad,%
2025-11-13 19:14:32.588,*chris evera is the biggest buffon i - Notepad,%
2025-11-13 19:14:32.621,*chris evera is the biggest buffon i - Notepad,%
2025-11-13 19:14:32.655,*chris evera is the biggest buffon i - Notepad,%
2025-11-13 19:14:32.689,*chris evera is the biggest buffon i - Notepad,%
2025-11-13 19:14:32.722,*chris evera is the biggest buffon i - Notepad,%
2025-11-13 19:14:32.756,*chris evera is the biggest buffon i - Notepad,%
2025-11-13 19:14:32.789,*chris evera is the biggest buffon i - Notepad,%
2025-11-13 19:14:32.822,*chris evera is the biggest buffon i - Notepad,%
2025-11-13 19:14:32.855,*chris evera is the biggest buffon i - Notepad,%
2025-11-13 19:14:32.888,*chris evera is the biggest buffon i - Notepad,%
2025-11-13 19:14:32.923,*chris evera is the biggest buffon i - Notepad,%
2025-11-13 19:14:32.955,*chris evera is the biggest buffon i - Notepad,%
2025-11-13 19:14:32.989,*chris evera is the biggest buffon i - Notepad,%
2025-11-13 19:14:33.022,*chris evera is the biggest buffon i - Notepad,%
2025-11-13 19:14:33.055,*chris evera is the biggest buffon i - Notepad,%
2025-11-13 19:14:33.089,*chris evera is the biggest buffon i - Notepad,%
2025-11-13 19:14:33.122,*chris evera is the biggest buffon i - Notepad,%
2025-11-13 19:14:33.155,*chris evera is the biggest buffon i - Notepad,%
2025-11-13 19:14:33.189,*chris evera is the biggest buffon i - Notepad,%
2025-11-13 19:14:33.222,*chris evera is the biggest buffon i - Notepad,%
2025-11-13 19:14:33.255,*chris evera is the biggest buffon i - Notepad,%
2025-11-13 19:14:33.289,*chris evera is the biggest buffon i - Notepad,%
2025-11-13 19:14:33.323,*chris evera is the biggest buffon i - Notepad,%
2025-11-13 19:14:33.356,*chris evera is the biggest buffon i - Notepad,%
2025-11-13 19:14:33.389,*chris evera is the biggest buffon i - Notepad,%
2025-11-13 19:14:33.423,*chris evera is the biggest buffon i - Notepad,%
2025-11-13 19:14:33.456,*chris evera is the biggest buffon i - Notepad,%
2025-11-13 19:14:33.489,*chris evera is the biggest buffon i - Notepad,%
2025-11-13 19:14:33.524,*chris evera is the biggest buffon i - Notepad,%
2025-11-13 19:14:33.556,*chris evera is the biggest buffon i - Notepad,%
2025-11-13 19:14:33.590,*chris evera is the biggest buffon i - Notepad,%
2025-11-13 19:14:33.624,*chris evera is the biggest buffon i - Notepad,%
2025-11-13 19:14:33.657,*chris evera is the biggest buffon i - Notepad,%
2025-11-13 19:14:33.691,*chris evera is the biggest buffon i - Notepad,%
2025-11-13 19:14:33.725,*chris evera is the biggest buffon i - Notepad,%
2025-11-13 19:14:33.758,*chris evera is the biggest buffon i - Notepad,%
2025-11-13 19:14:33.776,*chris evera is the biggest buffon i - Notepad,^
2025-11-13 19:14:33.870,*chris evera is the biggest buffon i - Notepad,&
2025-11-13 19:14:33.965,*chris evera is the biggest buffon i - Notepad,*
2025-11-13 19:14:34.055,*chris evera is the biggest buffon i - Notepad,(
2025-11-13 19:14:34.165,*chris evera is the biggest buffon i - Notepad,)
2025-11-13 19:14:34.665,*chris evera is the biggest buffon i - Notepad,)
2025-11-13 19:14:34.698,*chris evera is the biggest buffon i - Notepad,)
2025-11-13 19:14:34.732,*chris evera is the biggest buffon i - Notepad,)
2025-11-13 19:14:34.765,*chris evera is the biggest buffon i - Notepad,)
2025-11-13 19:14:34.798,*chris evera is the biggest buffon i - Notepad,)
2025-11-13 19:14:34.831,*chris evera is the biggest buffon i - Notepad,)
2025-11-13 19:14:34.865,*chris evera is the biggest buffon i - Notepad,)
2025-11-13 19:14:34.899,*chris evera is the biggest buffon i - Notepad,)
2025-11-13 19:14:34.932,*chris evera is the biggest buffon i - Notepad,)
2025-11-13 19:14:34.965,*chris evera is the biggest buffon i - Notepad,)
2025-11-13 19:14:34.999,*chris evera is the biggest buffon i - Notepad,)
2025-11-13 19:14:35.031,*chris evera is the biggest buffon i - Notepad,)
2025-11-13 19:14:35.064,*chris evera is the biggest buffon i - Notepad,)
2025-11-13 19:14:35.098,*chris evera is the biggest buffon i - Notepad,)
2025-11-13 19:14:35.131,*chris evera is the biggest buffon i - Notepad,)
2025-11-13 19:14:35.164,*chris evera is the biggest buffon i - Notepad,)
2025-11-13 19:14:35.199,*chris evera is the biggest buffon i - Notepad,)
2025-11-13 19:14:35.233,*chris evera is the biggest buffon i - Notepad,)
2025-11-13 19:14:35.265,*chris evera is the biggest buffon i - Notepad,)
2025-11-13 19:14:35.298,*chris evera is the biggest buffon i - Notepad,)
2025-11-13 19:14:35.331,*chris evera is the biggest buffon i - Notepad,)
2025-11-13 19:14:35.364,*chris evera is the biggest buffon i - Notepad,)
2025-11-13 19:14:35.398,*chris evera is the biggest buffon i - Notepad,)
2025-11-13 19:14:35.431,*chris evera is the biggest buffon i - Notepad,)
2025-11-13 19:14:35.465,*chris evera is the biggest buffon i - Notepad,)
2025-11-13 19:14:35.498,*chris evera is the biggest buffon i - Notepad,)
2025-11-13 19:14:35.532,*chris evera is the biggest buffon i - Notepad,)
2025-11-13 19:14:35.565,*chris evera is the biggest buffon i - Notepad,)
2025-11-13 19:14:35.598,*chris evera is the biggest buffon i - Notepad,)
2025-11-13 19:14:35.631,*chris evera is the biggest buffon i - Notepad,)
2025-11-13 19:14:35.665,*chris evera is the biggest buffon i - Notepad,)
2025-11-13 19:14:35.699,*chris evera is the biggest buffon i - Notepad,)
2025-11-13 19:14:35.732,*chris evera is the biggest buffon i - Notepad,)
2025-11-13 19:14:35.765,*chris evera is the biggest buffon i - Notepad,)
2025-11-13 19:14:35.799,*chris evera is the biggest buffon i - Notepad,)
2025-11-13 19:14:35.831,*chris evera is the biggest buffon i - Notepad,)
2025-11-13 19:14:35.865,*chris evera is the biggest buffon i - Notepad,)
2025-11-13 19:14:35.897,*chris evera is the biggest buffon i - Notepad,)
2025-11-13 19:14:35.931,*chris evera is the biggest buffon i - Notepad,)
2025-11-13 19:14:35.964,*chris evera is the biggest buffon i - Notepad,)
2025-11-13 19:14:35.998,*chris evera is the biggest buffon i - Notepad,)
2025-11-13 19:14:36.031,*chris evera is the biggest buffon i - Notepad,)
2025-11-13 19:14:36.064,*chris evera is the biggest buffon i - Notepad,)
2025-11-13 19:14:36.098,*chris evera is the biggest buffon i - Notepad,)
2025-11-13 19:14:36.130,*chris evera is the biggest buffon i - Notepad,)
2025-11-13 19:14:36.165,*chris evera is the biggest buffon i - Notepad,)
2025-11-13 19:14:36.196,*chris evera is the biggest buffon i - Notepad,)
2025-11-13 19:14:36.230,*chris evera is the biggest buffon i - Notepad,)
2025-11-13 19:14:36.263,*chris evera is the biggest buffon i - Notepad,)
2025-11-13 19:14:36.297,*chris evera is the biggest buffon i - Notepad,)
2025-11-13 19:14:36.330,*chris evera is the biggest buffon i - Notepad,)
2025-11-13 19:14:36.363,*chris evera is the biggest buffon i - Notepad,)
2025-11-13 19:14:36.397,*chris evera is the biggest buffon i - Notepad,)
2025-11-13 19:14:36.430,*chris evera is the biggest buffon i - Notepad,)
2025-11-13 19:14:36.465,*chris evera is the biggest buffon i - Notepad,)
2025-11-13 19:14:36.498,*chris evera is the biggest buffon i - Notepad,)
2025-11-13 19:14:36.532,*chris evera is the biggest buffon i - Notepad,)
2025-11-13 19:14:36.565,*chris evera is the biggest buffon i - Notepad,)
2025-11-13 19:14:36.599,*chris evera is the biggest buffon i - Notepad,)
2025-11-13 19:14:36.632,*chris evera is the biggest buffon i - Notepad,)
2025-11-13 19:14:36.665,*chris evera is the biggest buffon i - Notepad,)
2025-11-13 19:14:36.698,*chris evera is the biggest buffon i - Notepad,)
2025-11-13 19:14:36.731,*chris evera is the biggest buffon i - Notepad,)
2025-11-13 19:14:36.765,*chris evera is the biggest buffon i - Notepad,)
2025-11-13 19:14:36.798,*chris evera is the biggest buffon i - Notepad,)
2025-11-13 19:14:36.831,*chris evera is the biggest buffon i - Notepad,)
2025-11-13 19:14:36.864,*chris evera is the biggest buffon i - Notepad,)
2025-11-13 19:14:36.897,*chris evera is the biggest buffon i - Notepad,)
2025-11-13 19:14:36.930,*chris evera is the biggest buffon i - Notepad,)
2025-11-13 19:14:36.965,*chris evera is the biggest buffon i - Notepad,)
2025-11-13 19:14:36.998,*chris evera is the biggest buffon i - Notepad,)
2025-11-13 19:14:37.032,*chris evera is the biggest buffon i - Notepad,)
2025-11-13 19:14:37.064,*chris evera is the biggest buffon i - Notepad,)
2025-11-13 19:14:37.098,*chris evera is the biggest buffon i - Notepad,)
2025-11-13 19:14:37.131,*chris evera is the biggest buffon i - Notepad,)
2025-11-13 19:14:37.164,*chris evera is the biggest buffon i - Notepad,)
2025-11-13 19:14:37.197,*chris evera is the biggest buffon i - Notepad,)
2025-11-13 19:14:37.230,*chris evera is the biggest buffon i - Notepad,)
2025-11-13 19:14:37.263,*chris evera is the biggest buffon i - Notepad,)
2025-11-13 19:14:37.296,*chris evera is the biggest buffon i - Notepad,)
2025-11-13 19:14:37.329,*chris evera is the biggest buffon i - Notepad,)
2025-11-13 19:14:37.362,*chris evera is the biggest buffon i - Notepad,)
2025-11-13 19:14:37.395,*chris evera is the biggest buffon i - Notepad,)
2025-11-13 19:14:37.429,*chris evera is the biggest buffon i - Notepad,)
2025-11-13 19:14:37.462,*chris evera is the biggest buffon i - Notepad,)
2025-11-13 19:14:37.495,*chris evera is the biggest buffon i - Notepad,)
2025-11-13 19:14:37.529,*chris evera is the biggest buffon i - Notepad,)
2025-11-13 19:14:37.562,*chris evera is the biggest buffon i - Notepad,)
2025-11-13 19:14:37.595,*chris evera is the biggest buffon i - Notepad,)
2025-11-13 19:14:37.628,*chris evera is the biggest buffon i - Notepad,)
2025-11-13 19:14:37.661,*chris evera is the biggest buffon i - Notepad,)
2025-11-13 19:14:37.694,*chris evera is the biggest buffon i - Notepad,)
2025-11-13 19:14:37.728,*chris evera is the biggest buffon i - Notepad,)
2025-11-13 19:14:37.761,*chris evera is the biggest buffon i - Notepad,)
2025-11-13 19:14:37.794,*chris evera is the biggest buffon i - Notepad,0
2025-11-13 19:14:37.827,*chris evera is the biggest buffon i - Notepad,0
2025-11-13 19:14:37.860,*chris evera is the biggest buffon i - Notepad,0
2025-11-13 19:14:37.893,*chris evera is the biggest buffon i - Notepad,0
2025-11-13 19:14:38.196,*chris evera is the biggest buffon i - Notepad,r
2025-11-13 19:14:38.249,*chris evera is the biggest buffon i - Notepad,o
2025-11-13 19:14:38.416,*chris evera is the biggest buffon i - Notepad,n
2025-11-13 19:14:38.475,*chris evera is the biggest buffon i - Notepad,a
2025-11-13 19:14:38.605,*chris evera is the biggest buffon i - Notepad,l
2025-11-13 19:14:38.696,*chris evera is the biggest buffon i - Notepad,d
2025-11-13 19:14:38.778,*chris evera is the biggest buffon i - Notepad,o
2025-11-13 19:14:38.779,*chris evera is the biggest buffon i - Notepad,9
2025-11-13 19:14:40.214,*chris evera is the biggest buffon i - Notepad,p
2025-11-13 19:14:40.307,*chris evera is the biggest buffon i - Notepad,a
2025-11-13 19:14:40.396,*chris evera is the biggest buffon i - Notepad,s
2025-11-13 19:14:40.567,*chris evera is the biggest buffon i - Notepad,s
2025-11-13 19:14:40.703,*chris evera is the biggest buffon i - Notepad,o
2025-11-13 19:14:40.748,*chris evera is the biggest buffon i - Notepad,w
2025-11-13 19:14:40.965,*chris evera is the biggest buffon i - Notepad,r
2025-11-13 19:14:41.028,*chris evera is the biggest buffon i - Notepad,k
2025-11-13 19:14:41.211,*chris evera is the biggest buffon i - Notepad,[caps_lock]
2025-11-13 19:14:41.458,*chris evera is the biggest buffon i - Notepad,i
2025-11-13 19:14:41.537,*chris evera is the biggest buffon i - Notepad,s
2025-11-13 19:14:41.907,*chris evera is the biggest buffon i - Notepad,t
2025-11-13 19:14:42.076,*chris evera is the biggest buffon i - Notepad,h
2025-11-13 19:14:42.248,*chris evera is the biggest buffon i - Notepad,i
2025-11-13 19:14:42.308,*chris evera is the biggest buffon i - Notepad,s
2025-11-13 19:14:43.316,*chris evera is the biggest buffon i - Notepad,[caps_lock]
2025-11-13 19:14:43.506,*chris evera is the biggest buffon i - Notepad,o
2025-11-13 19:14:43.652,*chris evera is the biggest buffon i - Notepad,k
2025-11-13 19:14:43.715,*chris evera is the biggest buffon i - Notepad,a
2025-11-13 19:14:43.850,*chris evera is the biggest buffon i - Notepad,y
2025-11-13 19:14:44.080,*chris evera is the biggest buffon i - Notepad,l
2025-11-13 19:14:44.209,*chris evera is the biggest buffon i - Notepad,s
2025-11-13 19:14:44.259,*chris evera is the biggest buffon i - Notepad,i
2025-11-13 19:14:44.471,*chris evera is the biggest buffon i - Notepad,t
2025-11-13 19:14:44.572,*chris evera is the biggest buffon i - Notepad,e
2025-11-13 19:14:44.668,*chris evera is the biggest buffon i - Notepad,n
2025-11-13 19:14:44.921,*chris evera is the biggest buffon i - Notepad,c
2025-11-13 19:14:45.030,*chris evera is the biggest buffon i - Notepad,a
2025-11-13 19:14:45.227,*chris evera is the biggest buffon i - Notepad,r
2025-11-13 19:14:45.392,*chris evera is the biggest buffon i - Notepad,e
2025-11-13 19:14:45.537,*chris evera is the biggest buffon i - Notepad,f
2025-11-13 19:14:45.656,*chris evera is the biggest buffon i - Notepad,u
2025-11-13 19:14:45.844,*chris evera is the biggest buffon i - Notepad,l
2025-11-13 19:14:45.955,*chris evera is the biggest buffon i - Notepad,l
2025-11-13 19:14:46.159,*chris evera is the biggest buffon i - Notepad,y
2025-11-13 19:14:46.247,*chris evera is the biggest buffon i - Notepad,[caps_lock]
2025-11-13 19:14:46.438,*chris evera is the biggest buffon i - Notepad,i
2025-11-13 19:14:46.705,*chris evera is the biggest buffon i - Notepad,h
2025-11-13 19:14:46.791,*chris evera is the biggest buffon i - Notepad,a
2025-11-13 19:14:46.922,*chris evera is the biggest buffon i - Notepad,v
2025-11-13 19:14:47.001,*chris evera is the biggest buffon i - Notepad,e
2025-11-13 19:14:47.169,*chris evera is the biggest buffon i - Notepad,s
2025-11-13 19:14:47.213,*chris evera is the biggest buffon i - Notepad,i
2025-11-13 19:14:47.670,*chris evera is the biggest buffon i - Notepad,m
2025-11-13 19:14:47.850,*chris evera is the biggest buffon i - Notepad,e
2025-11-13 19:14:48.040,*chris evera is the biggest buffon i - Notepad,t
2025-11-13 19:14:48.129,*chris evera is the biggest buffon i - Notepad,h
2025-11-13 19:14:48.272,*chris evera is the biggest buffon i - Notepad,i
2025-11-13 19:14:48.429,*chris evera is the biggest buffon i - Notepad,n
2025-11-13 19:14:48.459,*chris evera is the biggest buffon i - Notepad,g
2025-11-13 19:14:48.666,*chris evera is the biggest buffon i - Notepad,f
2025-11-13 19:14:48.715,*chris evera is the biggest buffon i - Notepad,o
2025-11-13 19:14:48.820,*chris evera is the biggest buffon i - Notepad,r
2025-11-13 19:14:49.125,*chris evera is the biggest buffon i - Notepad,u
2025-11-13 19:14:49.413,*chris evera is the biggest buffon i - Notepad,h
2025-11-13 19:14:49.498,*chris evera is the biggest buffon i - Notepad,e
2025-11-13 19:14:49.649,*chris evera is the biggest buffon i - Notepad,r
2025-11-13 19:14:49.777,*chris evera is the biggest buffon i - Notepad,e
2025-11-13 19:14:50.000,*chris evera is the biggest buffon i - Notepad,t
2025-11-13 19:14:50.287,*chris evera is the biggest buffon i - Notepad,[caps_lock]
2025-11-13 19:14:50.532,*chris evera is the biggest buffon i - Notepad,g
2025-11-13 19:14:50.753,*chris evera is the biggest buffon i - Notepad,o
2025-11-13 19:14:50.829,*chris evera is the biggest buffon i - Notepad,e
2025-11-13 19:14:50.993,*chris evera is the biggest buffon i - Notepad,s
2025-11-13 19:14:51.252,*chris evera is the biggest buffon i - Notepad,[shift]
2025-11-13 19:14:51.398,*chris evera is the biggest buffon i - Notepad,:
2025-11-13 19:14:51.661,*chris evera is the biggest buffon i - Notepad,[caps_lock]
2025-11-13 19:14:52.394,*chris evera is the biggest buffon i - Notepad,[shift]
2025-11-13 19:14:52.617,*chris evera is the biggest buffon i - Notepad,K
2025-11-13 19:14:52.904,*chris evera is the biggest buffon i - Notepad,r
2025-11-13 19:14:53.181,*chris evera is the biggest buffon i - Notepad,i
2025-11-13 19:14:53.391,*chris evera is the biggest buffon i - Notepad,[shift]
2025-11-13 19:14:53.681,*chris evera is the biggest buffon i - Notepad,H
2025-11-13 19:14:54.408,*chris evera is the biggest buffon i - Notepad,$
2025-11-13 19:14:54.580,*chris evera is the biggest buffon i - Notepad,%
2025-11-13 19:14:54.769,*chris evera is the biggest buffon i - Notepad,&
2025-11-13 19:14:55.496,*chris evera is the biggest buffon i - Notepad,a
2025-11-13 19:14:55.814,*chris evera is the biggest buffon i - Notepad,s
2025-11-13 19:14:55.943,*chris evera is the biggest buffon i - Notepad,h
2025-11-13 19:14:56.111,*chris evera is the biggest buffon i - Notepad,e
2025-11-13 19:14:56.124,*chris evera is the biggest buffon i - Notepad,y
2025-11-13 19:14:56.667,*chris evera is the biggest buffon i - Notepad,j
2025-11-13 19:14:56.883,*chris evera is the biggest buffon i - Notepad,j
2025-11-13 19:14:57.185,*chris evera is the biggest buffon i - Notepad,-
2025-11-13 19:14:57.639,*chris evera is the biggest buffon i - Notepad,s
2025-11-13 19:14:57.689,*chris evera is the biggest buffon i - Notepad,o
2025-11-13 19:14:57.877,*chris evera is the biggest buffon i - Notepad,m
2025-11-13 19:14:57.926,*chris evera is the biggest buffon i - Notepad,d
2025-11-13 19:14:58.044,*chris evera is the biggest buffon i - Notepad,u
2025-11-13 19:14:58.230,*chris evera is the biggest buffon i - Notepad,s
2025-11-13 19:14:58.328,*chris evera is the biggest buffon i - Notepad,b
2025-11-13 19:14:58.831,*chris evera is the biggest buffon i - Notepad,-
2025-11-13 19:14:59.104,*chris evera is the biggest buffon i - Notepad,l
2025-11-13 19:14:59.166,*chris evera is the biggest buffon i - Notepad,s
2025-11-13 19:14:59.279,*chris evera is the biggest buffon i - Notepad,d
2025-11-13 19:14:59.315,*chris evera is the biggest buffon i - Notepad,n
2025-11-13 19:14:59.418,*chris evera is the biggest buffon i - Notepad,v
2025-11-13 19:14:59.479,*chris evera is the biggest buffon i - Notepad,o
2025-11-13 19:14:59.751,*chris evera is the biggest buffon i - Notepad,=
2025-11-13 19:14:59.760,*chris evera is the biggest buffon i - Notepad,-
2025-11-13 19:14:59.943,*chris evera is the biggest buffon i - Notepad,s
2025-11-13 19:14:59.970,*chris evera is the biggest buffon i - Notepad,k
2025-11-13 19:14:59.976,*chris evera is the biggest buffon i - Notepad,m
2025-11-13 19:15:00.023,*chris evera is the biggest buffon i - Notepad,d
2025-11-13 19:15:00.129,*chris evera is the biggest buffon i - Notepad,n
2025-11-13 19:15:00.153,*chris evera is the biggest buffon i - Notepad,v
2025-11-13 19:15:00.282,*chris evera is the biggest buffon i - Notepad,k
2025-11-13 19:15:00.556,*chris evera is the biggest buffon i - Notepad,s
2025-11-13 19:15:00.634,*chris evera is the biggest buffon i - Notepad,d
2025-11-13 19:15:00.676,*chris evera is the biggest buffon i - Notepad,h
2025-11-13 19:15:00.772,*chris evera is the biggest buffon i - Notepad,v
2025-11-13 19:15:00.885,*chris evera is the biggest buffon i - Notepad,","
2025-11-13 19:15:00.895,*chris evera is the biggest buffon i - Notepad,s
2025-11-13 19:15:00.955,*chris evera is the biggest buffon i - Notepad,m
2025-11-13 19:15:00.956,*chris evera is the biggest buffon i - Notepad,d
2025-11-13 19:15:00.975,*chris evera is the biggest buffon i - Notepad,k
2025-11-13 19:15:01.039,*chris evera is the biggest buffon i - Notepad,k
2025-11-13 19:15:01.060,*chris evera is the biggest buffon i - Notepad,h
2025-11-13 19:15:01.070,*chris evera is the biggest buffon i - Notepad,v
2025-11-13 19:15:01.100,*chris evera is the biggest buffon i - Notepad,j
2025-11-13 19:15:01.168,*chris evera is the biggest buffon i - Notepad,s
2025-11-13 19:15:01.190,*chris evera is the biggest buffon i - Notepad,l
2025-11-13 19:15:01.323,*chris evera is the biggest buffon i - Notepad,g
2025-11-13 19:15:01.324,*chris evera is the biggest buffon i - Notepad,d
2025-11-13 19:15:01.337,*chris evera is the biggest buffon i - Notepad,v
2025-11-13 19:15:01.383,*chris evera is the biggest buffon i - Notepad,i
2025-11-13 19:15:01.391,*chris evera is the biggest buffon i - Notepad,o
2025-11-13 19:15:01.420,*chris evera is the biggest buffon i - Notepad,j
2025-11-13 19:15:01.484,*chris evera is the biggest buffon i - Notepad,s
2025-11-13 19:15:01.487,*chris evera is the biggest buffon i - Notepad,k
2025-11-13 19:15:01.491,*chris evera is the biggest buffon i - Notepad,l
2025-11-13 19:15:01.622,*chris evera is the biggest buffon i - Notepad,j
2025-11-13 19:15:01.632,*chris evera is the biggest buffon i - Notepad,d
2025-11-13 19:15:01.686,*chris evera is the biggest buffon i - Notepad,h
2025-11-13 19:15:01.716,*chris evera is the biggest buffon i - Notepad,j
2025-11-13 19:15:01.813,*chris evera is the biggest buffon i - Notepad,s
2025-11-13 19:15:01.814,*chris evera is the biggest buffon i - Notepad,k
2025-11-13 19:15:01.869,*chris evera is the biggest buffon i - Notepad,u
2025-11-13 19:15:01.882,*chris evera is the biggest buffon i - Notepad,g
2025-11-13 19:15:01.906,*chris evera is the biggest buffon i - Notepad,i
2025-11-13 19:15:01.963,*chris evera is the biggest buffon i - Notepad,o
2025-11-13 19:15:02.023,*chris evera is the biggest buffon i - Notepad,j
2025-11-13 19:15:02.040,*chris evera is the biggest buffon i - Notepad,i
2025-11-13 19:15:02.054,*chris evera is the biggest buffon i - Notepad,l
2025-11-13 19:15:02.079,*chris evera is the biggest buffon i - Notepad,k
2025-11-13 19:15:02.089,*chris evera is the biggest buffon i - Notepad,b
2025-11-13 19:15:02.113,*chris evera is the biggest buffon i - Notepad,h
2025-11-13 19:15:02.137,*chris evera is the biggest buffon i - Notepad,v
2025-11-13 19:15:02.194,*chris evera is the biggest buffon i - Notepad,j
2025-11-13 19:15:02.204,*chris evera is the biggest buffon i - Notepad,g
2025-11-13 19:15:02.223,*chris evera is the biggest buffon i - Notepad,u
2025-11-13 19:15:02.239,*chris evera is the biggest buffon i - Notepad,i
2025-11-13 19:15:02.248,*chris evera is the biggest buffon i - Notepad,d
2025-11-13 19:15:02.250,*chris evera is the biggest buffon i - Notepad,h
2025-11-13 19:15:02.266,*chris evera is the biggest buffon i - Notepad,o
2025-11-13 19:15:02.270,*chris evera is the biggest buffon i - Notepad,j
2025-11-13 19:15:02.293,*chris evera is the biggest buffon i - Notepad,s
2025-11-13 19:15:02.317,*chris evera is the biggest buffon i - Notepad,l
2025-11-13 19:15:02.325,*chris evera is the biggest buffon i - Notepad,k
2025-11-13 19:15:02.329,*chris evera is the biggest buffon i - Notepad,n
2025-11-13 19:15:02.376,*chris evera is the biggest buffon i - Notepad,j
2025-11-13 19:15:02.381,*chris evera is the biggest buffon i - Notepad,b
2025-11-13 19:15:02.391,*chris evera is the biggest buffon i - Notepad,[space]
2025-11-13 19:15:02.428,*chris evera is the biggest buffon i - Notepad,v
2025-11-13 19:15:02.438,*chris evera is the biggest buffon i - Notepad,h
2025-11-13 19:15:02.472,*chris evera is the biggest buffon i - Notepad,j
2025-11-13 19:15:02.493,*chris evera is the biggest buffon i - Notepad,g
2025-11-13 19:15:02.511,*chris evera is the biggest buffon i - Notepad,u
2025-11-13 19:15:02.546,*chris evera is the biggest buffon i - Notepad,i
2025-11-13 19:15:02.549,*chris evera is the biggest buffon i - Notepad,h
2025-11-13 19:15:02.563,*chris evera is the biggest buffon i - Notepad,o
2025-11-13 19:15:02.591,*chris evera is the biggest buffon i - Notepad,j
2025-11-13 19:15:02.592,*chris evera is the biggest buffon i - Notepad,k
2025-11-13 19:15:02.604,*chris evera is the biggest buffon i - Notepad,n
2025-11-13 19:15:02.680,*chris evera is the biggest buffon i - Notepad,n
2025-11-13 19:15:02.680,*chris evera is the biggest buffon i - Notepad,b
2025-11-13 19:15:02.686,*chris evera is the biggest buffon i - Notepad,[space]
2025-11-13 19:15:02.739,*chris evera is the biggest buffon i - Notepad,v
2025-11-13 19:15:02.746,*chris evera is the biggest buffon i - Notepad,h
2025-11-13 19:15:02.774,*chris evera is the biggest buffon i - Notepad,j
2025-11-13 19:15:02.831,*chris evera is the biggest buffon i - Notepad,k
2025-11-13 19:15:02.871,*chris evera is the biggest buffon i - Notepad,n
2025-11-13 19:15:02.924,*chris evera is the biggest buffon i - Notepad,m
2025-11-13 19:15:02.961,*chris evera is the biggest buffon i - Notepad,[space]
2025-11-13 19:15:02.972,*chris evera is the biggest buffon i - Notepad,b
2025-11-13 19:15:03.028,*chris evera is the biggest buffon i - Notepad,v
2025-11-13 19:15:03.045,*chris evera is the biggest buffon i - Notepad,h
2025-11-13 19:15:03.052,*chris evera is the biggest buffon i - Notepad,j
2025-11-13 19:15:03.109,*chris evera is the biggest buffon i - Notepad,k
2025-11-13 19:15:03.148,*chris evera is the biggest buffon i - Notepad,n
2025-11-13 19:15:03.253,*chris evera is the biggest buffon i - Notepad,[space]
2025-11-13 19:15:03.262,*chris evera is the biggest buffon i - Notepad,b
2025-11-13 19:15:03.323,*chris evera is the biggest buffon i - Notepad,g
2025-11-13 19:15:03.352,*chris evera is the biggest buffon i - Notepad,v
2025-11-13 19:15:03.355,*chris evera is the biggest buffon i - Notepad,h
2025-11-13 19:15:03.361,*chris evera is the biggest buffon i - Notepad,j
2025-11-13 19:15:03.396,*chris evera is the biggest buffon i - Notepad,u
2025-11-13 19:15:03.410,*chris evera is the biggest buffon i - Notepad,h
2025-11-13 19:15:03.430,*chris evera is the biggest buffon i - Notepad,k
2025-11-13 19:15:03.444,*chris evera is the biggest buffon i - Notepad,i
2025-11-13 19:15:03.465,*chris evera is the biggest buffon i - Notepad,n
2025-11-13 19:15:03.530,*chris evera is the biggest buffon i - Notepad,j
2025-11-13 19:15:03.535,*chris evera is the biggest buffon i - Notepad,b
2025-11-13 19:15:03.570,*chris evera is the biggest buffon i - Notepad,n
2025-11-13 19:15:03.590,*chris evera is the biggest buffon i - Notepad,[space]
2025-11-13 19:15:03.597,*chris evera is the biggest buffon i - Notepad,g
2025-11-13 19:15:03.614,*chris evera is the biggest buffon i - Notepad,h
2025-11-13 19:15:03.628,*chris evera is the biggest buffon i - Notepad,c
2025-11-13 19:15:03.728,*chris evera is the biggest buffon i - Notepad,u
2025-11-13 19:15:03.754,*chris evera is the biggest buffon i - Notepad,h
2025-11-13 19:15:03.762,*chris evera is the biggest buffon i - Notepad,i
2025-11-13 19:15:03.780,*chris evera is the biggest buffon i - Notepad,o
2025-11-13 19:15:03.781,*chris evera is the biggest buffon i - Notepad,j
2025-11-13 19:15:03.820,*chris evera is the biggest buffon i - Notepad,l
2025-11-13 19:15:03.837,*chris evera is the biggest buffon i - Notepad,k
2025-11-13 19:15:03.851,*chris evera is the biggest buffon i - Notepad,n
2025-11-13 19:15:03.893,*chris evera is the biggest buffon i - Notepad,j
2025-11-13 19:15:03.899,*chris evera is the biggest buffon i - Notepad,b
2025-11-13 19:15:03.932,*chris evera is the biggest buffon i - Notepad,n
2025-11-13 19:15:03.956,*chris evera is the biggest buffon i - Notepad,v
2025-11-13 19:15:03.970,*chris evera is the biggest buffon i - Notepad,g
2025-11-13 19:15:04.007,*chris evera is the biggest buffon i - Notepad,h
2025-11-13 19:15:04.062,*chris evera is the biggest buffon i - Notepad,h
2025-11-13 19:15:04.092,*chris evera is the biggest buffon i - Notepad,i
2025-11-13 19:15:04.102,*chris evera is the biggest buffon i - Notepad,j
2025-11-13 19:15:04.114,*chris evera is the biggest buffon i - Notepad,l
2025-11-13 19:15:04.125,*chris evera is the biggest buffon i - Notepad,k
2025-11-13 19:15:04.162,*chris evera is the biggest buffon i - Notepad,n
2025-11-13 19:15:04.193,*chris evera is the biggest buffon i - Notepad,","
2025-11-13 19:15:04.196,*chris evera is the biggest buffon i - Notepad,[space]
2025-11-13 19:15:04.199,*chris evera is the biggest buffon i - Notepad,m
2025-11-13 19:15:04.242,*chris evera is the biggest buffon i - Notepad,n
2025-11-13 19:15:04.249,*chris evera is the biggest buffon i - Notepad,b
2025-11-13 19:15:04.329,*chris evera is the biggest buffon i - Notepad,g
2025-11-13 19:15:04.329,*chris evera is the biggest buffon i - Notepad,c
2025-11-13 19:15:04.333,*chris evera is the biggest buffon i - Notepad,h
2025-11-13 19:15:04.376,*chris evera is the biggest buffon i - Notepad,v
2025-11-13 19:15:04.420,*chris evera is the biggest buffon i - Notepad,u
2025-11-13 19:15:04.427,*chris evera is the biggest buffon i - Notepad,h
2025-11-13 19:15:04.441,*chris evera is the biggest buffon i - Notepad,k
2025-11-13 19:15:04.468,*chris evera is the biggest buffon i - Notepad,n
2025-11-13 19:15:04.484,*chris evera is the biggest buffon i - Notepad,l
2025-11-13 19:15:04.549,*chris evera is the biggest buffon i - Notepad,","
2025-11-13 19:15:04.550,*chris evera is the biggest buffon i - Notepad,[space]
2025-11-13 19:15:04.598,*chris evera is the biggest buffon i - Notepad,n
2025-11-13 19:15:04.605,*chris evera is the biggest buffon i - Notepad,b
2025-11-13 19:15:04.688,*chris evera is the biggest buffon i - Notepad,g
2025-11-13 19:15:04.693,*chris evera is the biggest buffon i - Notepad,c
2025-11-13 19:15:04.703,*chris evera is the biggest buffon i - Notepad,h
2025-11-13 19:15:04.733,*chris evera is the biggest buffon i - Notepad,v
2025-11-13 19:15:04.760,*chris evera is the biggest buffon i - Notepad,g
2025-11-13 19:15:04.778,*chris evera is the biggest buffon i - Notepad,u
2025-11-13 19:15:04.781,*chris evera is the biggest buffon i - Notepad,h
2025-11-13 19:15:04.812,*chris evera is the biggest buffon i - Notepad,i
2025-11-13 19:15:04.819,*chris evera is the biggest buffon i - Notepad,j
2025-11-13 19:15:04.859,*chris evera is the biggest buffon i - Notepad,k
2025-11-13 19:15:04.867,*chris evera is the biggest buffon i - Notepad,n
2025-11-13 19:15:04.935,*chris evera is the biggest buffon i - Notepad,[space]
2025-11-13 19:15:04.964,*chris evera is the biggest buffon i - Notepad,b
2025-11-13 19:15:04.966,*chris evera is the biggest buffon i - Notepad,n
2025-11-13 19:15:05.022,*chris evera is the biggest buffon i - Notepad,g
2025-11-13 19:15:05.027,*chris evera is the biggest buffon i - Notepad,c
2025-11-13 19:15:05.028,*chris evera is the biggest buffon i - Notepad,h
2025-11-13 19:15:05.103,*chris evera is the biggest buffon i - Notepad,g
2025-11-13 19:15:05.154,*chris evera is the biggest buffon i - Notepad,i
2025-11-13 19:15:05.156,*chris evera is the biggest buffon i - Notepad,h
2025-11-13 19:15:05.214,*chris evera is the biggest buffon i - Notepad,n
2025-11-13 19:15:05.234,*chris evera is the biggest buffon i - Notepad,k
2025-11-13 19:15:05.248,*chris evera is the biggest buffon i - Notepad,j
2025-11-13 19:15:05.251,*chris evera is the biggest buffon i - Notepad,b
2025-11-13 19:15:05.298,*chris evera is the biggest buffon i - Notepad,[space]
2025-11-13 19:15:05.305,*chris evera is the biggest buffon i - Notepad,b
2025-11-13 19:15:05.319,*chris evera is the biggest buffon i - Notepad,n
2025-11-13 19:15:05.347,*chris evera is the biggest buffon i - Notepad,g
2025-11-13 19:15:05.350,*chris evera is the biggest buffon i - Notepad,c
2025-11-13 19:15:05.361,*chris evera is the biggest buffon i - Notepad,h
2025-11-13 19:15:05.408,*chris evera is the biggest buffon i - Notepad,f
2025-11-13 19:15:05.451,*chris evera is the biggest buffon i - Notepad,g
2025-11-13 19:15:05.471,*chris evera is the biggest buffon i - Notepad,u
2025-11-13 19:15:05.488,*chris evera is the biggest buffon i - Notepad,h
2025-11-13 19:15:05.515,*chris evera is the biggest buffon i - Notepad,i
2025-11-13 19:15:05.557,*chris evera is the biggest buffon i - Notepad,n
2025-11-13 19:15:05.566,*chris evera is the biggest buffon i - Notepad,k
2025-11-13 19:15:05.596,*chris evera is the biggest buffon i - Notepad,j
2025-11-13 19:15:05.616,*chris evera is the biggest buffon i - Notepad,m
2025-11-13 19:15:05.633,*chris evera is the biggest buffon i - Notepad,[space]
2025-11-13 19:15:05.660,*chris evera is the biggest buffon i - Notepad,n
2025-11-13 19:15:05.683,*chris evera is the biggest buffon i - Notepad,g
2025-11-13 19:15:05.711,*chris evera is the biggest buffon i - Notepad,h
2025-11-13 19:15:05.718,*chris evera is the biggest buffon i - Notepad,c
2025-11-13 19:15:05.786,*chris evera is the biggest buffon i - Notepad,g
2025-11-13 19:15:05.821,*chris evera is the biggest buffon i - Notepad,h
2025-11-13 19:15:05.847,*chris evera is the biggest buffon i - Notepad,i
2025-11-13 19:15:05.864,*chris evera is the biggest buffon i - Notepad,j
2025-11-13 19:15:05.904,*chris evera is the biggest buffon i - Notepad,n
2025-11-13 19:15:05.924,*chris evera is the biggest buffon i - Notepad,k
2025-11-13 19:15:05.944,*chris evera is the biggest buffon i - Notepad,j
2025-11-13 19:15:05.945,*chris evera is the biggest buffon i - Notepad,b
2025-11-13 19:15:05.995,*chris evera is the biggest buffon i - Notepad,[space]
2025-11-13 19:15:06.008,*chris evera is the biggest buffon i - Notepad,b
2025-11-13 19:15:06.031,*chris evera is the biggest buffon i - Notepad,g
2025-11-13 19:15:06.048,*chris evera is the biggest buffon i - Notepad,c
2025-11-13 19:15:06.055,*chris evera is the biggest buffon i - Notepad,h
2025-11-13 19:15:06.108,*chris evera is the biggest buffon i - Notepad,f
2025-11-13 19:15:06.139,*chris evera is the biggest buffon i - Notepad,g
2025-11-13 19:15:06.175,*chris evera is the biggest buffon i - Notepad,h
2025-11-13 19:15:06.206,*chris evera is the biggest buffon i - Notepad,i
2025-11-13 19:15:06.252,*chris evera is the biggest buffon i - Notepad,n
2025-11-13 19:15:06.260,*chris evera is the biggest buffon i - Notepad,k
2025-11-13 19:15:06.290,*chris evera is the biggest buffon i - Notepad,j
2025-11-13 19:15:06.300,*chris evera is the biggest buffon i - Notepad,b
2025-11-13 19:15:06.330,*chris evera is the biggest buffon i - Notepad,n
2025-11-13 19:15:06.350,*chris evera is the biggest buffon i - Notepad,b
2025-11-13 19:15:06.380,*chris evera is the biggest buffon i - Notepad,g
2025-11-13 19:15:06.393,*chris evera is the biggest buffon i - Notepad,h
2025-11-13 19:15:06.397,*chris evera is the biggest buffon i - Notepad,c
2025-11-13 19:15:06.457,*chris evera is the biggest buffon i - Notepad,f
2025-11-13 19:15:06.484,*chris evera is the biggest buffon i - Notepad,g
2025-11-13 19:15:06.530,*chris evera is the biggest buffon i - Notepad,i
2025-11-13 19:15:06.538,*chris evera is the biggest buffon i - Notepad,h
2025-11-13 19:15:06.550,*chris evera is the biggest buffon i - Notepad,o
2025-11-13 19:15:06.566,*chris evera is the biggest buffon i - Notepad,j
2025-11-13 19:15:06.580,*chris evera is the biggest buffon i - Notepad,l
2025-11-13 19:15:06.603,*chris evera is the biggest buffon i - Notepad,n
2025-11-13 19:15:06.710,*chris evera is the biggest buffon i - Notepad,b
2025-11-13 19:15:06.711,*chris evera is the biggest buffon i - Notepad,[space]
2025-11-13 19:15:06.713,*chris evera is the biggest buffon i - Notepad,n
2025-11-13 19:15:06.754,*chris evera is the biggest buffon i - Notepad,g
2025-11-13 19:15:06.755,*chris evera is the biggest buffon i - Notepad,v
2025-11-13 19:15:06.860,*chris evera is the biggest buffon i - Notepad,h
2025-11-13 19:15:06.903,*chris evera is the biggest buffon i - Notepad,j
2025-11-13 19:15:06.966,*chris evera is the biggest buffon i - Notepad,n
2025-11-13 19:15:06.980,*chris evera is the biggest buffon i - Notepad,k
2025-11-13 19:15:06.987,*chris evera is the biggest buffon i - Notepad,","
2025-11-13 19:15:07.007,*chris evera is the biggest buffon i - Notepad,b
2025-11-13 19:15:07.014,*chris evera is the biggest buffon i - Notepad,j
2025-11-13 19:15:07.022,*chris evera is the biggest buffon i - Notepad,m
2025-11-13 19:15:07.056,*chris evera is the biggest buffon i - Notepad,h
2025-11-13 19:15:07.063,*chris evera is the biggest buffon i - Notepad,v
2025-11-13 19:15:07.070,*chris evera is the biggest buffon i - Notepad,n
2025-11-13 19:15:07.094,*chris evera is the biggest buffon i - Notepad,g
2025-11-13 19:15:07.108,*chris evera is the biggest buffon i - Notepad,c
2025-11-13 19:15:07.145,*chris evera is the biggest buffon i - Notepad,f
2025-11-13 19:15:07.157,*chris evera is the biggest buffon i - Notepad,u
2025-11-13 19:15:07.186,*chris evera is the biggest buffon i - Notepad,g
2025-11-13 19:15:07.198,*chris evera is the biggest buffon i - Notepad,i
2025-11-13 19:15:07.232,*chris evera is the biggest buffon i - Notepad,o
2025-11-13 19:15:07.282,*chris evera is the biggest buffon i - Notepad,j
2025-11-13 19:15:07.312,*chris evera is the biggest buffon i - Notepad,l
2025-11-13 19:15:07.339,*chris evera is the biggest buffon i - Notepad,n
2025-11-13 19:15:07.359,*chris evera is the biggest buffon i - Notepad,k
2025-11-13 19:15:07.369,*chris evera is the biggest buffon i - Notepad,b
2025-11-13 19:15:07.370,*chris evera is the biggest buffon i - Notepad,j
2025-11-13 19:15:07.390,*chris evera is the biggest buffon i - Notepad,m
2025-11-13 19:15:07.411,*chris evera is the biggest buffon i - Notepad,h
2025-11-13 19:15:07.429,*chris evera is the biggest buffon i - Notepad,n
2025-11-13 19:15:07.447,*chris evera is the biggest buffon i - Notepad,g
2025-11-13 19:15:07.470,*chris evera is the biggest buffon i - Notepad,c
2025-11-13 19:15:07.474,*chris evera is the biggest buffon i - Notepad,h
2025-11-13 19:15:07.563,*chris evera is the biggest buffon i - Notepad,g
2025-11-13 19:15:07.591,*chris evera is the biggest buffon i - Notepad,u
2025-11-13 19:15:07.597,*chris evera is the biggest buffon i - Notepad,h
2025-11-13 19:15:07.614,*chris evera is the biggest buffon i - Notepad,o
2025-11-13 19:15:07.618,*chris evera is the biggest buffon i - Notepad,i
2025-11-13 19:15:07.638,*chris evera is the biggest buffon i - Notepad,j
2025-11-13 19:15:07.695,*chris evera is the biggest buffon i - Notepad,l
2025-11-13 19:15:07.705,*chris evera is the biggest buffon i - Notepad,n
2025-11-13 19:15:07.715,*chris evera is the biggest buffon i - Notepad,k
2025-11-13 19:15:07.739,*chris evera is the biggest buffon i - Notepad,b
2025-11-13 19:15:07.743,*chris evera is the biggest buffon i - Notepad,j
2025-11-13 19:15:07.763,*chris evera is the biggest buffon i - Notepad,m
2025-11-13 19:15:07.779,*chris evera is the biggest buffon i - Notepad,h
2025-11-13 19:15:07.784,*chris evera is the biggest buffon i - Notepad,n
2025-11-13 19:15:07.807,*chris evera is the biggest buffon i - Notepad,g
2025-11-13 19:15:07.840,*chris evera is the biggest buffon i - Notepad,h
2025-11-13 19:15:07.842,*chris evera is the biggest buffon i - Notepad,c
2025-11-13 19:15:07.921,*chris evera is the biggest buffon i - Notepad,f
2025-11-13 19:15:07.937,*chris evera is the biggest buffon i - Notepad,u
2025-11-13 19:15:07.954,*chris evera is the biggest buffon i - Notepad,g
2025-11-13 19:15:07.967,*chris evera is the biggest buffon i - Notepad,i
2025-11-13 19:15:07.988,*chris evera is the biggest buffon i - Notepad,h
2025-11-13 19:15:08.001,*chris evera is the biggest buffon i - Notepad,o
2025-11-13 19:15:08.058,*chris evera is the biggest buffon i - Notepad,l
2025-11-13 19:15:08.068,*chris evera is the biggest buffon i - Notepad,n
2025-11-13 19:15:08.089,*chris evera is the biggest buffon i - Notepad,k
2025-11-13 19:15:08.092,*chris evera is the biggest buffon i - Notepad,b
2025-11-13 19:15:08.095,*chris evera is the biggest buffon i - Notepad,j
2025-11-13 19:15:08.116,*chris evera is the biggest buffon i - Notepad,m
2025-11-13 19:15:08.154,*chris evera is the biggest buffon i - Notepad,n
2025-11-13 19:15:08.173,*chris evera is the biggest buffon i - Notepad,[space]
2025-11-13 19:15:08.183,*chris evera is the biggest buffon i - Notepad,g
2025-11-13 19:15:08.200,*chris evera is the biggest buffon i - Notepad,c
2025-11-13 19:15:08.203,*chris evera is the biggest buffon i - Notepad,h
2025-11-13 19:15:08.254,*chris evera is the biggest buffon i - Notepad,f
2025-11-13 19:15:08.265,*chris evera is the biggest buffon i - Notepad,y
2025-11-13 19:15:08.284,*chris evera is the biggest buffon i - Notepad,g
2025-11-13 19:15:08.304,*chris evera is the biggest buffon i - Notepad,u
2025-11-13 19:15:08.322,*chris evera is the biggest buffon i - Notepad,h
2025-11-13 19:15:08.338,*chris evera is the biggest buffon i - Notepad,i
2025-11-13 19:15:08.355,*chris evera is the biggest buffon i - Notepad,o
2025-11-13 19:15:08.379,*chris evera is the biggest buffon i - Notepad,j
2025-11-13 19:15:08.396,*chris evera is the biggest buffon i - Notepad,l
2025-11-13 19:15:08.406,*chris evera is the biggest buffon i - Notepad,n
2025-11-13 19:15:08.416,*chris evera is the biggest buffon i - Notepad,k
2025-11-13 19:15:08.440,*chris evera is the biggest buffon i - Notepad,j
2025-11-13 19:15:08.441,*chris evera is the biggest buffon i - Notepad,b
2025-11-13 19:15:08.466,*chris evera is the biggest buffon i - Notepad,m
2025-11-13 19:15:08.475,*chris evera is the biggest buffon i - Notepad,h
2025-11-13 19:15:08.495,*chris evera is the biggest buffon i - Notepad,n
2025-11-13 19:15:08.509,*chris evera is the biggest buffon i - Notepad,g
2025-11-13 19:15:08.526,*chris evera is the biggest buffon i - Notepad,c
2025-11-13 19:15:08.573,*chris evera is the biggest buffon i - Notepad,t
2025-11-13 19:15:08.606,*chris evera is the biggest buffon i - Notepad,y
2025-11-13 19:15:08.608,*chris evera is the biggest buffon i - Notepad,f
2025-11-13 19:15:08.612,*chris evera is the biggest buffon i - Notepad,u
2025-11-13 19:15:08.640,*chris evera is the biggest buffon i - Notepad,t
2025-11-13 19:15:08.653,*chris evera is the biggest buffon i - Notepad,7
2025-11-13 19:15:08.657,*chris evera is the biggest buffon i - Notepad,i
2025-11-13 19:15:08.667,*chris evera is the biggest buffon i - Notepad,y
2025-11-13 19:15:08.675,*chris evera is the biggest buffon i - Notepad,8
2025-11-13 19:15:08.699,*chris evera is the biggest buffon i - Notepad,o
2025-11-13 19:15:08.708,*chris evera is the biggest buffon i - Notepad,h
2025-11-13 19:15:08.762,*chris evera is the biggest buffon i - Notepad,l
2025-11-13 19:15:08.776,*chris evera is the biggest buffon i - Notepad,k
2025-11-13 19:15:08.786,*chris evera is the biggest buffon i - Notepad,j
2025-11-13 19:15:08.787,*chris evera is the biggest buffon i - Notepad,b
2025-11-13 19:15:08.821,*chris evera is the biggest buffon i - Notepad,h
2025-11-13 19:15:08.824,*chris evera is the biggest buffon i - Notepad,n
2025-11-13 19:15:08.831,*chris evera is the biggest buffon i - Notepad,[space]
2025-11-13 19:15:08.861,*chris evera is the biggest buffon i - Notepad,g
2025-11-13 19:15:08.884,*chris evera is the biggest buffon i - Notepad,h
2025-11-13 19:15:08.894,*chris evera is the biggest buffon i - Notepad,c
2025-11-13 19:15:08.941,*chris evera is the biggest buffon i - Notepad,t
2025-11-13 19:15:08.955,*chris evera is the biggest buffon i - Notepad,f
2025-11-13 19:15:09.016,*chris evera is the biggest buffon i - Notepad,y
2025-11-13 19:15:09.030,*chris evera is the biggest buffon i - Notepad,8
2025-11-13 19:15:09.053,*chris evera is the biggest buffon i - Notepad,u
2025-11-13 19:15:09.077,*chris evera is the biggest buffon i - Notepad,j
2025-11-13 19:15:09.094,*chris evera is the biggest buffon i - Notepad,i
2025-11-13 19:15:09.124,*chris evera is the biggest buffon i - Notepad,l
2025-11-13 19:15:09.133,*chris evera is the biggest buffon i - Notepad,n
2025-11-13 19:15:09.143,*chris evera is the biggest buffon i - Notepad,k
2025-11-13 19:15:09.144,*chris evera is the biggest buffon i - Notepad,b
2025-11-13 19:15:09.147,*chris evera is the biggest buffon i - Notepad,j
2025-11-13 19:15:09.180,*chris evera is the biggest buffon i - Notepad,h
2025-11-13 19:15:09.203,*chris evera is the biggest buffon i - Notepad,v
2025-11-13 19:15:09.217,*chris evera is the biggest buffon i - Notepad,g
2025-11-13 19:15:09.234,*chris evera is the biggest buffon i - Notepad,c
2025-11-13 19:15:09.264,*chris evera is the biggest buffon i - Notepad,t
2025-11-13 19:15:09.297,*chris evera is the biggest buffon i - Notepad,y
2025-11-13 19:15:09.309,*chris evera is the biggest buffon i - Notepad,f
2025-11-13 19:15:09.314,*chris evera is the biggest buffon i - Notepad,u
2025-11-13 19:15:09.340,*chris evera is the biggest buffon i - Notepad,g
2025-11-13 19:15:09.367,*chris evera is the biggest buffon i - Notepad,y
2025-11-13 19:15:09.387,*chris evera is the biggest buffon i - Notepad,8
2025-11-13 19:15:09.404,*chris evera is the biggest buffon i - Notepad,h
2025-11-13 19:15:09.431,*chris evera is the biggest buffon i - Notepad,o
2025-11-13 19:15:09.465,*chris evera is the biggest buffon i - Notepad,b
2025-11-13 19:15:09.478,*chris evera is the biggest buffon i - Notepad,k
2025-11-13 19:15:09.499,*chris evera is the biggest buffon i - Notepad,j
2025-11-13 19:15:09.503,*chris evera is the biggest buffon i - Notepad,h
2025-11-13 19:15:09.543,*chris evera is the biggest buffon i - Notepad,g
2025-11-13 19:15:09.576,*chris evera is the biggest buffon i - Notepad,c
2025-11-13 19:15:09.629,*chris evera is the biggest buffon i - Notepad,t
2025-11-13 19:15:09.651,*chris evera is the biggest buffon i - Notepad,y
2025-11-13 19:15:09.658,*chris evera is the biggest buffon i - Notepad,f
2025-11-13 19:15:12.073,*chris evera is the biggest buffon i - Notepad,v
2025-11-13 19:15:12.090,*chris evera is the biggest buffon i - Notepad,h
2025-11-13 19:15:12.220,*chris evera is the biggest buffon i - Notepad,h
2025-11-13 19:15:12.293,*chris evera is the biggest buffon i - Notepad,n
2025-11-13 19:15:12.319,*chris evera is the biggest buffon i - Notepad,b
2025-11-13 19:15:12.346,*chris evera is the biggest buffon i - Notepad,m
2025-11-13 19:15:12.366,*chris evera is the biggest buffon i - Notepad,[space]
2025-11-13 19:15:12.370,*chris evera is the biggest buffon i - Notepad,n
2025-11-13 19:15:12.436,*chris evera is the biggest buffon i - Notepad,g
2025-11-13 19:15:12.440,*chris evera is the biggest buffon i - Notepad,c
2025-11-13 19:15:12.445,*chris evera is the biggest buffon i - Notepad,h
2025-11-13 19:15:12.518,*chris evera is the biggest buffon i - Notepad,g
2025-11-13 19:15:12.564,*chris evera is the biggest buffon i - Notepad,h
2025-11-13 19:15:12.598,*chris evera is the biggest buffon i - Notepad,i
2025-11-13 19:15:12.644,*chris evera is the biggest buffon i - Notepad,n
2025-11-13 19:15:12.661,*chris evera is the biggest buffon i - Notepad,k
2025-11-13 19:15:12.674,*chris evera is the biggest buffon i - Notepad,b
2025-11-13 19:15:12.754,*chris evera is the biggest buffon i - Notepad,n
2025-11-13 19:15:12.774,*chris evera is the biggest buffon i - Notepad,g
2025-11-13 19:15:12.826,*chris evera is the biggest buffon i - Notepad,v
2025-11-13 19:15:12.846,*chris evera is the biggest buffon i - Notepad,y
2025-11-13 19:15:12.847,*chris evera is the biggest buffon i - Notepad,f
2025-11-13 19:15:12.873,*chris evera is the biggest buffon i - Notepad,g
2025-11-13 19:15:12.916,*chris evera is the biggest buffon i - Notepad,u
2025-11-13 19:15:12.927,*chris evera is the biggest buffon i - Notepad,h
2025-11-13 19:15:12.996,*chris evera is the biggest buffon i - Notepad,n
2025-11-13 19:15:12.998,*chris evera is the biggest buffon i - Notepad,j
2025-11-13 19:15:13.017,*chris evera is the biggest buffon i - Notepad,b
2025-11-13 19:15:13.055,*chris evera is the biggest buffon i - Notepad,m
2025-11-13 19:15:13.081,*chris evera is the biggest buffon i - Notepad,[space]
2025-11-13 19:15:13.091,*chris evera is the biggest buffon i - Notepad,n
2025-11-13 19:15:13.128,*chris evera is the biggest buffon i - Notepad,g
2025-11-13 19:15:13.154,*chris evera is the biggest buffon i - Notepad,h
2025-11-13 19:15:13.190,*chris evera is the biggest buffon i - Notepad,v
2025-11-13 19:15:13.216,*chris evera is the biggest buffon i - Notepad,g
2025-11-13 19:15:13.260,*chris evera is the biggest buffon i - Notepad,h
2025-11-13 19:15:13.319,*chris evera is the biggest buffon i - Notepad,l
2025-11-13 19:15:13.342,*chris evera is the biggest buffon i - Notepad,n
2025-11-13 19:15:13.356,*chris evera is the biggest buffon i - Notepad,k
2025-11-13 19:15:13.405,*chris evera is the biggest buffon i - Notepad,b
2025-11-13 19:15:13.430,*chris evera is the biggest buffon i - Notepad,m
2025-11-13 19:15:13.466,*chris evera is the biggest buffon i - Notepad,v
2025-11-13 19:15:13.536,*chris evera is the biggest buffon i - Notepad,f
2025-11-13 19:15:13.548,*chris evera is the biggest buffon i - Notepad,u
2025-11-13 19:15:13.566,*chris evera is the biggest buffon i - Notepad,g
2025-11-13 19:15:13.604,*chris evera is the biggest buffon i - Notepad,y
2025-11-13 19:15:13.647,*chris evera is the biggest buffon i - Notepad,u
2025-11-13 19:15:13.670,*chris evera is the biggest buffon i - Notepad,j
2025-11-13 19:15:13.687,*chris evera is the biggest buffon i - Notepad,p
2025-11-13 19:15:13.695,*chris evera is the biggest buffon i - Notepad,o
2025-11-13 19:15:13.745,*chris evera is the biggest buffon i - Notepad,l
2025-11-13 19:15:13.746,*chris evera is the biggest buffon i - Notepad,n
2025-11-13 19:15:13.758,*chris evera is the biggest buffon i - Notepad,k
2025-11-13 19:15:13.785,*chris evera is the biggest buffon i - Notepad,b
2025-11-13 19:15:13.829,*chris evera is the biggest buffon i - Notepad,v
2025-11-13 19:15:13.830,*chris evera is the biggest buffon i - Notepad,h
2025-11-13 19:15:13.831,*chris evera is the biggest buffon i - Notepad,j
2025-11-13 19:15:13.877,*chris evera is the biggest buffon i - Notepad,g
2025-11-13 19:15:13.910,*chris evera is the biggest buffon i - Notepad,f
2025-11-13 19:15:13.911,*chris evera is the biggest buffon i - Notepad,u
2025-11-13 19:15:13.921,*chris evera is the biggest buffon i - Notepad,y
2025-11-13 19:15:13.944,*chris evera is the biggest buffon i - Notepad,g
2025-11-13 19:15:14.012,*chris evera is the biggest buffon i - Notepad,o
2025-11-13 19:15:14.029,*chris evera is the biggest buffon i - Notepad,h
2025-11-13 19:15:14.049,*chris evera is the biggest buffon i - Notepad,j
2025-11-13 19:15:14.073,*chris evera is the biggest buffon i - Notepad,i
2025-11-13 19:15:14.106,*chris evera is the biggest buffon i - Notepad,l
2025-11-13 19:15:14.113,*chris evera is the biggest buffon i - Notepad,n
2025-11-13 19:15:14.133,*chris evera is the biggest buffon i - Notepad,k
2025-11-13 19:15:14.143,*chris evera is the biggest buffon i - Notepad,j
2025-11-13 19:15:14.146,*chris evera is the biggest buffon i - Notepad,b
2025-11-13 19:15:14.171,*chris evera is the biggest buffon i - Notepad,m
2025-11-13 19:15:14.181,*chris evera is the biggest buffon i - Notepad,h
2025-11-13 19:15:14.206,*chris evera is the biggest buffon i - Notepad,n
2025-11-13 19:15:14.219,*chris evera is the biggest buffon i - Notepad,g
2025-11-13 19:15:14.237,*chris evera is the biggest buffon i - Notepad,c
2025-11-13 19:15:14.284,*chris evera is the biggest buffon i - Notepad,t
2025-11-13 19:15:14.302,*chris evera is the biggest buffon i - Notepad,f
2025-11-13 19:15:14.325,*chris evera is the biggest buffon i - Notepad,u
2025-11-13 19:15:14.383,*chris evera is the biggest buffon i - Notepad,y
2025-11-13 19:15:14.413,*chris evera is the biggest buffon i - Notepad,o
2025-11-13 19:15:14.417,*chris evera is the biggest buffon i - Notepad,h
2025-11-13 19:15:14.421,*chris evera is the biggest buffon i - Notepad,i
2025-11-13 19:15:14.443,*chris evera is the biggest buffon i - Notepad,j
2025-11-13 19:15:14.462,*chris evera is the biggest buffon i - Notepad,l
2025-11-13 19:15:14.487,*chris evera is the biggest buffon i - Notepad,n
2025-11-13 19:15:14.494,*chris evera is the biggest buffon i - Notepad,k
2025-11-13 19:15:14.514,*chris evera is the biggest buffon i - Notepad,b
2025-11-13 19:15:14.515,*chris evera is the biggest buffon i - Notepad,j
2025-11-13 19:15:14.535,*chris evera is the biggest buffon i - Notepad,m
2025-11-13 19:15:14.572,*chris evera is the biggest buffon i - Notepad,n
2025-11-13 19:15:14.596,*chris evera is the biggest buffon i - Notepad,g
2025-11-13 19:15:14.603,*chris evera is the biggest buffon i - Notepad,c
2025-11-13 19:15:14.620,*chris evera is the biggest buffon i - Notepad,h
2025-11-13 19:15:14.661,*chris evera is the biggest buffon i - Notepad,f
2025-11-13 19:15:14.717,*chris evera is the biggest buffon i - Notepad,g
2025-11-13 19:15:14.759,*chris evera is the biggest buffon i - Notepad,h
2025-11-13 19:15:14.773,*chris evera is the biggest buffon i - Notepad,i
2025-11-13 19:15:14.844,*chris evera is the biggest buffon i - Notepad,k
2025-11-13 19:15:14.851,*chris evera is the biggest buffon i - Notepad,b
2025-11-13 19:15:14.855,*chris evera is the biggest buffon i - Notepad,j
2025-11-13 19:15:14.885,*chris evera is the biggest buffon i - Notepad,m
2025-11-13 19:15:14.901,*chris evera is the biggest buffon i - Notepad,h
2025-11-13 19:15:14.910,*chris evera is the biggest buffon i - Notepad,n
2025-11-13 19:15:14.943,*chris evera is the biggest buffon i - Notepad,g
2025-11-13 19:15:14.953,*chris evera is the biggest buffon i - Notepad,c
2025-11-13 19:15:14.973,*chris evera is the biggest buffon i - Notepad,h
2025-11-13 19:15:15.017,*chris evera is the biggest buffon i - Notepad,t
2025-11-13 19:15:15.027,*chris evera is the biggest buffon i - Notepad,f
2025-11-13 19:15:15.115,*chris evera is the biggest buffon i - Notepad,u
2025-11-13 19:15:15.135,*chris evera is the biggest buffon i - Notepad,h
2025-11-13 19:15:15.162,*chris evera is the biggest buffon i - Notepad,k
2025-11-13 19:15:15.196,*chris evera is the biggest buffon i - Notepad,b
2025-11-13 19:15:15.204,*chris evera is the biggest buffon i - Notepad,j
2025-11-13 19:15:15.226,*chris evera is the biggest buffon i - Notepad,m
2025-11-13 19:15:15.258,*chris evera is the biggest buffon i - Notepad,h
2025-11-13 19:15:15.281,*chris evera is the biggest buffon i - Notepad,n
2025-11-13 19:15:15.314,*chris evera is the biggest buffon i - Notepad,[space]
2025-11-13 19:15:15.328,*chris evera is the biggest buffon i - Notepad,g
2025-11-13 19:15:15.342,*chris evera is the biggest buffon i - Notepad,c
2025-11-13 19:15:15.365,*chris evera is the biggest buffon i - Notepad,h
2025-11-13 19:15:15.399,*chris evera is the biggest buffon i - Notepad,f
2025-11-13 19:15:15.442,*chris evera is the biggest buffon i - Notepad,g
2025-11-13 19:15:15.489,*chris evera is the biggest buffon i - Notepad,h
2025-11-13 19:15:15.552,*chris evera is the biggest buffon i - Notepad,l
2025-11-13 19:15:15.568,*chris evera is the biggest buffon i - Notepad,n
2025-11-13 19:15:15.581,*chris evera is the biggest buffon i - Notepad,b
2025-11-13 19:15:15.605,*chris evera is the biggest buffon i - Notepad,","
2025-11-13 19:15:15.637,*chris evera is the biggest buffon i - Notepad,m
2025-11-13 19:15:15.673,*chris evera is the biggest buffon i - Notepad,n
2025-11-13 19:15:15.702,*chris evera is the biggest buffon i - Notepad,c
2025-11-13 19:15:15.739,*chris evera is the biggest buffon i - Notepad,f
2025-11-13 19:15:15.743,*chris evera is the biggest buffon i - Notepad,j
2025-11-13 19:15:15.802,*chris evera is the biggest buffon i - Notepad,i
2025-11-13 19:15:15.826,*chris evera is the biggest buffon i - Notepad,y
2025-11-13 19:15:15.847,*chris evera is the biggest buffon i - Notepad,o
2025-11-13 19:15:15.883,*chris evera is the biggest buffon i - Notepad,h
2025-11-13 19:15:15.942,*chris evera is the biggest buffon i - Notepad,l
2025-11-13 19:15:15.952,*chris evera is the biggest buffon i - Notepad,b
2025-11-13 19:15:15.962,*chris evera is the biggest buffon i - Notepad,k
2025-11-13 19:15:15.966,*chris evera is the biggest buffon i - Notepad,j
2025-11-13 19:15:15.986,*chris evera is the biggest buffon i - Notepad,m
2025-11-13 19:15:16.030,*chris evera is the biggest buffon i - Notepad,v
2025-11-13 19:15:16.054,*chris evera is the biggest buffon i - Notepad,g
2025-11-13 19:15:16.055,*chris evera is the biggest buffon i - Notepad,c
2025-11-13 19:15:16.071,*chris evera is the biggest buffon i - Notepad,h
2025-11-13 19:15:16.080,*chris evera is the biggest buffon i - Notepad,t
2025-11-13 19:15:16.104,*chris evera is the biggest buffon i - Notepad,f
2025-11-13 19:15:16.118,*chris evera is the biggest buffon i - Notepad,u
2025-11-13 19:15:16.159,*chris evera is the biggest buffon i - Notepad,t
2025-11-13 19:15:16.199,*chris evera is the biggest buffon i - Notepad,y
2025-11-13 19:15:16.225,*chris evera is the biggest buffon i - Notepad,8
2025-11-13 19:15:16.246,*chris evera is the biggest buffon i - Notepad,o
2025-11-13 19:15:16.253,*chris evera is the biggest buffon i - Notepad,h
2025-11-13 19:15:16.262,*chris evera is the biggest buffon i - Notepad,i
2025-11-13 19:15:16.306,*chris evera is the biggest buffon i - Notepad,n
2025-11-13 19:15:16.308,*chris evera is the biggest buffon i - Notepad,l
2025-11-13 19:15:16.323,*chris evera is the biggest buffon i - Notepad,b
2025-11-13 19:15:16.333,*chris evera is the biggest buffon i - Notepad,j
2025-11-13 19:15:16.336,*chris evera is the biggest buffon i - Notepad,k
2025-11-13 19:15:16.381,*chris evera is the biggest buffon i - Notepad,m
2025-11-13 19:15:16.393,*chris evera is the biggest buffon i - Notepad,v
2025-11-13 19:15:16.404,*chris evera is the biggest buffon i - Notepad,h
2025-11-13 19:15:16.417,*chris evera is the biggest buffon i - Notepad,j
2025-11-13 19:15:16.465,*chris evera is the biggest buffon i - Notepad,f
2025-11-13 19:15:16.469,*chris evera is the biggest buffon i - Notepad,y
2025-11-13 19:15:16.518,*chris evera is the biggest buffon i - Notepad,t
2025-11-13 19:15:16.550,*chris evera is the biggest buffon i - Notepad,y
2025-11-13 19:15:16.614,*chris evera is the biggest buffon i - Notepad,h
2025-11-13 19:15:16.636,*chris evera is the biggest buffon i - Notepad,i
2025-11-13 19:15:16.681,*chris evera is the biggest buffon i - Notepad,b
2025-11-13 19:15:16.684,*chris evera is the biggest buffon i - Notepad,j
2025-11-13 19:15:16.717,*chris evera is the biggest buffon i - Notepad,h
2025-11-13 19:15:16.729,*chris evera is the biggest buffon i - Notepad,m
2025-11-13 19:15:16.771,*chris evera is the biggest buffon i - Notepad,g
2025-11-13 19:15:16.788,*chris evera is the biggest buffon i - Notepad,c
2025-11-13 19:15:16.795,*chris evera is the biggest buffon i - Notepad,h
2025-11-13 19:15:16.828,*chris evera is the biggest buffon i - Notepad,f
2025-11-13 19:15:16.842,*chris evera is the biggest buffon i - Notepad,y
2025-11-13 19:15:16.846,*chris evera is the biggest buffon i - Notepad,u
2025-11-13 19:15:16.859,*chris evera is the biggest buffon i - Notepad,g
2025-11-13 19:15:16.917,*chris evera is the biggest buffon i - Notepad,h
2025-11-13 19:15:16.926,*chris evera is the biggest buffon i - Notepad,o
2025-11-13 19:15:16.939,*chris evera is the biggest buffon i - Notepad,i
2025-11-13 19:15:16.980,*chris evera is the biggest buffon i - Notepad,l
2025-11-13 19:15:16.996,*chris evera is the biggest buffon i - Notepad,n
2025-11-13 19:15:17.018,*chris evera is the biggest buffon i - Notepad,k
2025-11-13 19:15:17.023,*chris evera is the biggest buffon i - Notepad,b
2025-11-13 19:15:17.033,*chris evera is the biggest buffon i - Notepad,j
2025-11-13 19:15:17.071,*chris evera is the biggest buffon i - Notepad,m
2025-11-13 19:15:17.114,*chris evera is the biggest buffon i - Notepad,v
2025-11-13 19:15:17.134,*chris evera is the biggest buffon i - Notepad,g
2025-11-13 19:15:17.165,*chris evera is the biggest buffon i - Notepad,f
2025-11-13 19:15:17.166,*chris evera is the biggest buffon i - Notepad,y
2025-11-13 19:15:17.182,*chris evera is the biggest buffon i - Notepad,u
2025-11-13 19:15:17.199,*chris evera is the biggest buffon i - Notepad,g
2025-11-13 19:15:17.226,*chris evera is the biggest buffon i - Notepad,i
2025-11-13 19:15:17.239,*chris evera is the biggest buffon i - Notepad,y
2025-11-13 19:15:17.253,*chris evera is the biggest buffon i - Notepad,8
2025-11-13 19:15:17.273,*chris evera is the biggest buffon i - Notepad,o
2025-11-13 19:15:17.303,*chris evera is the biggest buffon i - Notepad,i
2025-11-13 19:15:17.320,*chris evera is the biggest buffon i - Notepad,h
2025-11-13 19:15:17.358,*chris evera is the biggest buffon i - Notepad,l
2025-11-13 19:15:17.382,*chris evera is the biggest buffon i - Notepad,k
2025-11-13 19:15:17.387,*chris evera is the biggest buffon i - Notepad,j
2025-11-13 19:15:17.388,*chris evera is the biggest buffon i - Notepad,b
2025-11-13 19:15:17.432,*chris evera is the biggest buffon i - Notepad,h
2025-11-13 19:15:17.449,*chris evera is the biggest buffon i - Notepad,v
2025-11-13 19:15:17.512,*chris evera is the biggest buffon i - Notepad,y
2025-11-13 19:15:17.518,*chris evera is the biggest buffon i - Notepad,f
2025-11-13 19:15:17.520,*chris evera is the biggest buffon i - Notepad,u
2025-11-13 19:15:17.547,*chris evera is the biggest buffon i - Notepad,g
2025-11-13 19:15:17.595,*chris evera is the biggest buffon i - Notepad,i
2025-11-13 19:15:17.599,*chris evera is the biggest buffon i - Notepad,y
2025-11-13 19:15:17.628,*chris evera is the biggest buffon i - Notepad,o
2025-11-13 19:15:17.641,*chris evera is the biggest buffon i - Notepad,i
2025-11-13 19:15:17.665,*chris evera is the biggest buffon i - Notepad,j
2025-11-13 19:15:17.711,*chris evera is the biggest buffon i - Notepad,l
2025-11-13 19:15:17.714,*chris evera is the biggest buffon i - Notepad,n
2025-11-13 19:15:17.729,*chris evera is the biggest buffon i - Notepad,k
2025-11-13 19:15:17.734,*chris evera is the biggest buffon i - Notepad,j
2025-11-13 19:15:17.735,*chris evera is the biggest buffon i - Notepad,b
2025-11-13 19:15:17.780,*chris evera is the biggest buffon i - Notepad,h
2025-11-13 19:15:17.800,*chris evera is the biggest buffon i - Notepad,v
2025-11-13 19:15:17.841,*chris evera is the biggest buffon i - Notepad,y
2025-11-13 19:15:17.862,*chris evera is the biggest buffon i - Notepad,u
2025-11-13 19:15:17.870,*chris evera is the biggest buffon i - Notepad,g
2025-11-13 19:15:17.925,*chris evera is the biggest buffon i - Notepad,y
2025-11-13 19:15:17.961,*chris evera is the biggest buffon i - Notepad,u
2025-11-13 19:15:18.008,*chris evera is the biggest buffon i - Notepad,j
2025-11-13 19:15:18.041,*chris evera is the biggest buffon i - Notepad,l
2025-11-13 19:15:18.064,*chris evera is the biggest buffon i - Notepad,n
2025-11-13 19:15:18.088,*chris evera is the biggest buffon i - Notepad,j
2025-11-13 19:15:18.089,*chris evera is the biggest buffon i - Notepad,b
2025-11-13 19:15:18.112,*chris evera is the biggest buffon i - Notepad,m
2025-11-13 19:15:18.130,*chris evera is the biggest buffon i - Notepad,h
2025-11-13 19:15:18.154,*chris evera is the biggest buffon i - Notepad,n
2025-11-13 19:15:18.164,*chris evera is the biggest buffon i - Notepad,v
2025-11-13 19:15:18.229,*chris evera is the biggest buffon i - Notepad,y
2025-11-13 19:15:18.230,*chris evera is the biggest buffon i - Notepad,j
2025-11-13 19:15:18.246,*chris evera is the biggest buffon i - Notepad,g
2025-11-13 19:15:18.247,*chris evera is the biggest buffon i - Notepad,u
2025-11-13 19:15:18.274,*chris evera is the biggest buffon i - Notepad,i
2025-11-13 19:15:18.311,*chris evera is the biggest buffon i - Notepad,h
2025-11-13 19:15:18.314,*chris evera is the biggest buffon i - Notepad,o
2025-11-13 19:15:18.344,*chris evera is the biggest buffon i - Notepad,j
2025-11-13 19:15:18.385,*chris evera is the biggest buffon i - Notepad,l
2025-11-13 19:15:18.408,*chris evera is the biggest buffon i - Notepad,k
2025-11-13 19:15:18.409,*chris evera is the biggest buffon i - Notepad,n
2025-11-13 19:15:18.449,*chris evera is the biggest buffon i - Notepad,j
2025-11-13 19:15:18.455,*chris evera is the biggest buffon i - Notepad,b
2025-11-13 19:15:18.483,*chris evera is the biggest buffon i - Notepad,m
2025-11-13 19:15:18.497,*chris evera is the biggest buffon i - Notepad,h
2025-11-13 19:15:18.507,*chris evera is the biggest buffon i - Notepad,v
2025-11-13 19:15:18.552,*chris evera is the biggest buffon i - Notepad,y
2025-11-13 19:15:18.565,*chris evera is the biggest buffon i - Notepad,g
2025-11-13 19:15:18.573,*chris evera is the biggest buffon i - Notepad,u
2025-11-13 19:15:18.610,*chris evera is the biggest buffon i - Notepad,i
2025-11-13 19:15:18.638,*chris evera is the biggest buffon i - Notepad,8
2025-11-13 19:15:18.661,*chris evera is the biggest buffon i - Notepad,o
2025-11-13 19:15:18.668,*chris evera is the biggest buffon i - Notepad,u
2025-11-13 19:15:18.711,*chris evera is the biggest buffon i - Notepad,j
2025-11-13 19:15:18.718,*chris evera is the biggest buffon i - Notepad,i
2025-11-13 19:15:18.751,*chris evera is the biggest buffon i - Notepad,l
2025-11-13 19:15:18.765,*chris evera is the biggest buffon i - Notepad,k
2025-11-13 19:15:18.767,*chris evera is the biggest buffon i - Notepad,n
2025-11-13 19:15:18.785,*chris evera is the biggest buffon i - Notepad,b
2025-11-13 19:15:18.809,*chris evera is the biggest buffon i - Notepad,m
2025-11-13 19:15:18.817,*chris evera is the biggest buffon i - Notepad,h
2025-11-13 19:15:18.842,*chris evera is the biggest buffon i - Notepad,n
2025-11-13 19:15:18.863,*chris evera is the biggest buffon i - Notepad,v
2025-11-13 19:15:18.867,*chris evera is the biggest buffon i - Notepad,g
2025-11-13 19:15:18.893,*chris evera is the biggest buffon i - Notepad,c
2025-11-13 19:15:18.934,*chris evera is the biggest buffon i - Notepad,f
2025-11-13 19:15:18.990,*chris evera is the biggest buffon i - Notepad,t
2025-11-13 19:15:19.010,*chris evera is the biggest buffon i - Notepad,y
2025-11-13 19:15:19.023,*chris evera is the biggest buffon i - Notepad,8
2025-11-13 19:15:19.050,*chris evera is the biggest buffon i - Notepad,o
2025-11-13 19:15:19.067,*chris evera is the biggest buffon i - Notepad,h
2025-11-13 19:15:19.075,*chris evera is the biggest buffon i - Notepad,i
2025-11-13 19:15:19.118,*chris evera is the biggest buffon i - Notepad,k
2025-11-13 19:15:19.126,*chris evera is the biggest buffon i - Notepad,b
2025-11-13 19:15:19.137,*chris evera is the biggest buffon i - Notepad,j
2025-11-13 19:15:19.165,*chris evera is the biggest buffon i - Notepad,h
2025-11-13 19:15:19.171,*chris evera is the biggest buffon i - Notepad,v
2025-11-13 19:15:19.205,*chris evera is the biggest buffon i - Notepad,g
2025-11-13 19:15:19.215,*chris evera is the biggest buffon i - Notepad,c
2025-11-13 19:15:19.266,*chris evera is the biggest buffon i - Notepad,t
2025-11-13 19:15:19.280,*chris evera is the biggest buffon i - Notepad,d
2025-11-13 19:15:19.310,*chris evera is the biggest buffon i - Notepad,y
2025-11-13 19:15:19.333,*chris evera is the biggest buffon i - Notepad,r
2025-11-13 19:15:19.371,*chris evera is the biggest buffon i - Notepad,t
2025-11-13 19:15:19.388,*chris evera is the biggest buffon i - Notepad,8
2025-11-13 19:15:19.389,*chris evera is the biggest buffon i - Notepad,7
2025-11-13 19:15:19.440,*chris evera is the biggest buffon i - Notepad,g
2025-11-13 19:15:19.464,*chris evera is the biggest buffon i - Notepad,u
2025-11-13 19:15:19.471,*chris evera is the biggest buffon i - Notepad,i
2025-11-13 19:15:19.501,*chris evera is the biggest buffon i - Notepad,v
2025-11-13 19:15:19.536,*chris evera is the biggest buffon i - Notepad,h
2025-11-13 19:15:19.546,*chris evera is the biggest buffon i - Notepad,g
2025-11-13 19:15:19.553,*chris evera is the biggest buffon i - Notepad,c
2025-11-13 19:15:19.590,*chris evera is the biggest buffon i - Notepad,f
2025-11-13 19:15:19.607,*chris evera is the biggest buffon i - Notepad,x
2025-11-13 19:15:19.651,*chris evera is the biggest buffon i - Notepad,r
2025-11-13 19:15:19.667,*chris evera is the biggest buffon i - Notepad,d
2025-11-13 19:15:19.701,*chris evera is the biggest buffon i - Notepad,t
2025-11-13 19:15:19.737,*chris evera is the biggest buffon i - Notepad,r
2025-11-13 19:15:19.764,*chris evera is the biggest buffon i - Notepad,t
2025-11-13 19:15:19.797,*chris evera is the biggest buffon i - Notepad,g
2025-11-13 19:15:19.813,*chris evera is the biggest buffon i - Notepad,u
2025-11-13 19:15:19.864,*chris evera is the biggest buffon i - Notepad,v
2025-11-13 19:15:19.891,*chris evera is the biggest buffon i - Notepad,h
2025-11-13 19:15:19.901,*chris evera is the biggest buffon i - Notepad,g
2025-11-13 19:15:19.907,*chris evera is the biggest buffon i - Notepad,c
2025-11-13 19:15:19.946,*chris evera is the biggest buffon i - Notepad,f
2025-11-13 19:15:19.956,*chris evera is the biggest buffon i - Notepad,x
2025-11-13 19:15:19.993,*chris evera is the biggest buffon i - Notepad,r
2025-11-13 19:15:20.012,*chris evera is the biggest buffon i - Notepad,t
2025-11-13 19:15:20.016,*chris evera is the biggest buffon i - Notepad,s
2025-11-13 19:15:20.054,*chris evera is the biggest buffon i - Notepad,d
2025-11-13 19:15:20.077,*chris evera is the biggest buffon i - Notepad,e
2025-11-13 19:15:20.094,*chris evera is the biggest buffon i - Notepad,r
2025-11-13 19:15:20.121,*chris evera is the biggest buffon i - Notepad,6
2025-11-13 19:15:20.167,*chris evera is the biggest buffon i - Notepad,f
2025-11-13 19:15:20.188,*chris evera is the biggest buffon i - Notepad,y
2025-11-13 19:15:20.199,*chris evera is the biggest buffon i - Notepad,u
2025-11-13 19:15:20.233,*chris evera is the biggest buffon i - Notepad,c
2025-11-13 19:15:20.246,*chris evera is the biggest buffon i - Notepad,g
2025-11-13 19:15:20.270,*chris evera is the biggest buffon i - Notepad,f
2025-11-13 19:15:20.290,*chris evera is the biggest buffon i - Notepad,x
2025-11-13 19:15:20.327,*chris evera is the biggest buffon i - Notepad,d
2025-11-13 19:15:20.348,*chris evera is the biggest buffon i - Notepad,z
2025-11-13 19:15:20.357,*chris evera is the biggest buffon i - Notepad,e
2025-11-13 19:15:20.371,*chris evera is the biggest buffon i - Notepad,r
2025-11-13 19:15:20.374,*chris evera is the biggest buffon i - Notepad,s
2025-11-13 19:15:20.441,*chris evera is the biggest buffon i - Notepad,e
2025-11-13 19:15:20.479,*chris evera is the biggest buffon i - Notepad,5
2025-11-13 19:15:20.485,*chris evera is the biggest buffon i - Notepad,r
2025-11-13 19:15:20.512,*chris evera is the biggest buffon i - Notepad,6
2025-11-13 19:15:20.526,*chris evera is the biggest buffon i - Notepad,f
2025-11-13 19:15:20.590,*chris evera is the biggest buffon i - Notepad,c
2025-11-13 19:15:20.619,*chris evera is the biggest buffon i - Notepad,g
2025-11-13 19:15:20.626,*chris evera is the biggest buffon i - Notepad,f
2025-11-13 19:15:20.633,*chris evera is the biggest buffon i - Notepad,x
2025-11-13 19:15:20.694,*chris evera is the biggest buffon i - Notepad,d
2025-11-13 19:15:20.705,*chris evera is the biggest buffon i - Notepad,z
2025-11-13 19:15:20.713,*chris evera is the biggest buffon i - Notepad,e
2025-11-13 19:15:20.730,*chris evera is the biggest buffon i - Notepad,s
2025-11-13 19:15:20.732,*chris evera is the biggest buffon i - Notepad,r
2025-11-13 19:15:20.767,*chris evera is the biggest buffon i - Notepad,4
2025-11-13 19:15:20.791,*chris evera is the biggest buffon i - Notepad,e
2025-11-13 19:15:20.842,*chris evera is the biggest buffon i - Notepad,r
2025-11-13 19:15:20.885,*chris evera is the biggest buffon i - Notepad,f
2025-11-13 19:15:20.908,*chris evera is the biggest buffon i - Notepad,y
2025-11-13 19:15:20.956,*chris evera is the biggest buffon i - Notepad,c
2025-11-13 19:15:20.965,*chris evera is the biggest buffon i - Notepad,g
2025-11-13 19:15:20.968,*chris evera is the biggest buffon i - Notepad,h
2025-11-13 19:15:21.003,*chris evera is the biggest buffon i - Notepad,f
2025-11-13 19:15:21.059,*chris evera is the biggest buffon i - Notepad,x
2025-11-13 19:15:21.076,*chris evera is the biggest buffon i - Notepad,r
2025-11-13 19:15:21.099,*chris evera is the biggest buffon i - Notepad,d
2025-11-13 19:15:21.107,*chris evera is the biggest buffon i - Notepad,t
2025-11-13 19:15:21.117,*chris evera is the biggest buffon i - Notepad,y
2025-11-13 19:15:21.157,*chris evera is the biggest buffon i - Notepad,r
2025-11-13 19:15:21.161,*chris evera is the biggest buffon i - Notepad,6
2025-11-13 19:15:21.184,*chris evera is the biggest buffon i - Notepad,t
2025-11-13 19:15:21.204,*chris evera is the biggest buffon i - Notepad,g
2025-11-13 19:15:21.208,*chris evera is the biggest buffon i - Notepad,u
2025-11-13 19:15:21.292,*chris evera is the biggest buffon i - Notepad,v
2025-11-13 19:15:21.304,*chris evera is the biggest buffon i - Notepad,h
2025-11-13 19:15:21.349,*chris evera is the biggest buffon i - Notepad,g
2025-11-13 19:15:21.392,*chris evera is the biggest buffon i - Notepad,c
2025-11-13 19:15:21.439,*chris evera is the biggest buffon i - Notepad,t
2025-11-13 19:15:21.452,*chris evera is the biggest buffon i - Notepad,d
2025-11-13 19:15:21.459,*chris evera is the biggest buffon i - Notepad,y
2025-11-13 19:15:21.487,*chris evera is the biggest buffon i - Notepad,f
2025-11-13 19:15:21.514,*chris evera is the biggest buffon i - Notepad,t
2025-11-13 19:15:21.554,*chris evera is the biggest buffon i - Notepad,y
2025-11-13 19:15:21.567,*chris evera is the biggest buffon i - Notepad,8
2025-11-13 19:15:21.608,*chris evera is the biggest buffon i - Notepad,h
2025-11-13 19:15:21.624,*chris evera is the biggest buffon i - Notepad,i
2025-11-13 19:15:21.681,*chris evera is the biggest buffon i - Notepad,b
2025-11-13 19:15:21.717,*chris evera is the biggest buffon i - Notepad,h
2025-11-13 19:15:21.729,*chris evera is the biggest buffon i - Notepad,j
2025-11-13 19:15:21.745,*chris evera is the biggest buffon i - Notepad,v
2025-11-13 19:15:21.800,*chris evera is the biggest buffon i - Notepad,y
2025-11-13 19:15:21.808,*chris evera is the biggest buffon i - Notepad,f
2025-11-13 19:15:21.834,*chris evera is the biggest buffon i - Notepad,u
2025-11-13 19:15:21.858,*chris evera is the biggest buffon i - Notepad,g
2025-11-13 19:15:21.871,*chris evera is the biggest buffon i - Notepad,t
2025-11-13 19:15:21.889,*chris evera is the biggest buffon i - Notepad,y
2025-11-13 19:15:21.936,*chris evera is the biggest buffon i - Notepad,u
2025-11-13 19:15:21.959,*chris evera is the biggest buffon i - Notepad,j
2025-11-13 19:15:22.018,*chris evera is the biggest buffon i - Notepad,n
2025-11-13 19:15:22.032,*chris evera is the biggest buffon i - Notepad,k
2025-11-13 19:15:22.058,*chris evera is the biggest buffon i - Notepad,","
2025-11-13 19:15:22.065,*chris evera is the biggest buffon i - Notepad,j
2025-11-13 19:15:22.082,*chris evera is the biggest buffon i - Notepad,b
2025-11-13 19:15:22.124,*chris evera is the biggest buffon i - Notepad,k
2025-11-13 19:15:22.150,*chris evera is the biggest buffon i - Notepad,u
2025-11-13 19:15:22.160,*chris evera is the biggest buffon i - Notepad,h
2025-11-13 19:15:22.187,*chris evera is the biggest buffon i - Notepad,i
2025-11-13 19:15:22.191,*chris evera is the biggest buffon i - Notepad,o
2025-11-13 19:15:22.230,*chris evera is the biggest buffon i - Notepad,p
2025-11-13 19:15:22.261,*chris evera is the biggest buffon i - Notepad,k
2025-11-13 19:15:22.326,*chris evera is the biggest buffon i - Notepad,;
2025-11-13 19:15:22.336,*chris evera is the biggest buffon i - Notepad,l
2025-11-13 19:15:22.349,*chris evera is the biggest buffon i - Notepad,m
2025-11-13 19:15:22.391,*chris evera is the biggest buffon i - Notepad,.
2025-11-13 19:15:22.394,*chris evera is the biggest buffon i - Notepad,k
2025-11-13 19:15:22.414,*chris evera is the biggest buffon i - Notepad,","
2025-11-13 19:15:22.449,*chris evera is the biggest buffon i - Notepad,n
2025-11-13 19:15:22.481,*chris evera is the biggest buffon i - Notepad,l
2025-11-13 19:15:22.511,*chris evera is the biggest buffon i - Notepad,j
2025-11-13 19:15:22.567,*chris evera is the biggest buffon i - Notepad,k
2025-11-13 19:15:22.618,*chris evera is the biggest buffon i - Notepad,l
2025-11-13 19:15:22.629,*chris evera is the biggest buffon i - Notepad,'
2025-11-13 19:15:22.654,*chris evera is the biggest buffon i - Notepad,;
2025-11-13 19:15:22.661,*chris evera is the biggest buffon i - Notepad,","
2025-11-13 19:15:22.693,*chris evera is the biggest buffon i - Notepad,/
2025-11-13 19:15:22.723,*chris evera is the biggest buffon i - Notepad,l
2025-11-13 19:15:22.774,*chris evera is the biggest buffon i - Notepad,k
2025-11-13 19:15:22.784,*chris evera is the biggest buffon i - Notepad,n
2025-11-13 19:15:22.797,*chris evera is the biggest buffon i - Notepad,l
2025-11-13 19:15:22.817,*chris evera is the biggest buffon i - Notepad,j
2025-11-13 19:15:22.884,*chris evera is the biggest buffon i - Notepad,k
2025-11-13 19:15:22.937,*chris evera is the biggest buffon i - Notepad,l
2025-11-13 19:15:22.967,*chris evera is the biggest buffon i - Notepad,'
2025-11-13 19:15:22.998,*chris evera is the biggest buffon i - Notepad,;
2025-11-13 19:15:23.002,*chris evera is the biggest buffon i - Notepad,","
2025-11-13 19:15:23.018,*chris evera is the biggest buffon i - Notepad,/
2025-11-13 19:15:23.032,*chris evera is the biggest buffon i - Notepad,l
2025-11-13 19:15:23.033,*chris evera is the biggest buffon i - Notepad,m
2025-11-13 19:15:23.056,*chris evera is the biggest buffon i - Notepad,.
2025-11-13 19:15:23.083,*chris evera is the biggest buffon i - Notepad,","
2025-11-13 19:15:23.097,*chris evera is the biggest buffon i - Notepad,n
2025-11-13 19:15:23.137,*chris evera is the biggest buffon i - Notepad,k
2025-11-13 19:15:23.173,*chris evera is the biggest buffon i - Notepad,h
2025-11-13 19:15:23.221,*chris evera is the biggest buffon i - Notepad,j
2025-11-13 19:15:23.267,*chris evera is the biggest buffon i - Notepad,k
2025-11-13 19:15:23.297,*chris evera is the biggest buffon i - Notepad,;
2025-11-13 19:15:23.334,*chris evera is the biggest buffon i - Notepad,l
2025-11-13 19:15:23.341,*chris evera is the biggest buffon i - Notepad,m
2025-11-13 19:15:23.380,*chris evera is the biggest buffon i - Notepad,.
2025-11-13 19:15:23.384,*chris evera is the biggest buffon i - Notepad,k
2025-11-13 19:15:23.397,*chris evera is the biggest buffon i - Notepad,n
2025-11-13 19:15:23.404,*chris evera is the biggest buffon i - Notepad,","
2025-11-13 19:15:23.442,*chris evera is the biggest buffon i - Notepad,j
2025-11-13 19:15:23.443,*chris evera is the biggest buffon i - Notepad,m
2025-11-13 19:15:23.449,*chris evera is the biggest buffon i - Notepad,b
2025-11-13 19:15:23.513,*chris evera is the biggest buffon i - Notepad,g
2025-11-13 19:15:23.589,*chris evera is the biggest buffon i - Notepad,u
2025-11-13 19:15:23.649,*chris evera is the biggest buffon i - Notepad,k
2025-11-13 19:15:23.682,*chris evera is the biggest buffon i - Notepad,;
2025-11-13 19:15:23.712,*chris evera is the biggest buffon i - Notepad,m
2025-11-13 19:15:23.732,*chris evera is the biggest buffon i - Notepad,.
2025-11-13 19:15:23.749,*chris evera is the biggest buffon i - Notepad,n
2025-11-13 19:15:23.763,*chris evera is the biggest buffon i - Notepad,k
2025-11-13 19:15:23.765,*chris evera is the biggest buffon i - Notepad,","
2025-11-13 19:15:23.800,*chris evera is the biggest buffon i - Notepad,m
2025-11-13 19:15:23.847,*chris evera is the biggest buffon i - Notepad,j
2025-11-13 19:15:23.933,*chris evera is the biggest buffon i - Notepad,h
2025-11-13 19:15:23.955,*chris evera is the biggest buffon i - Notepad,o
2025-11-13 19:15:23.988,*chris evera is the biggest buffon i - Notepad,j
2025-11-13 19:15:24.008,*chris evera is the biggest buffon i - Notepad,l
2025-11-13 19:15:24.055,*chris evera is the biggest buffon i - Notepad,n
2025-11-13 19:15:24.068,*chris evera is the biggest buffon i - Notepad,k
2025-11-13 19:15:24.082,*chris evera is the biggest buffon i - Notepad,","
2025-11-13 19:15:24.096,*chris evera is the biggest buffon i - Notepad,b
2025-11-13 19:15:24.116,*chris evera is the biggest buffon i - Notepad,m
2025-11-13 19:15:24.147,*chris evera is the biggest buffon i - Notepad,v
2025-11-13 19:15:24.187,*chris evera is the biggest buffon i - Notepad,j
2025-11-13 19:15:24.217,*chris evera is the biggest buffon i - Notepad,f
2025-11-13 19:15:24.253,*chris evera is the biggest buffon i - Notepad,g
2025-11-13 19:15:24.296,*chris evera is the biggest buffon i - Notepad,y
2025-11-13 19:15:24.323,*chris evera is the biggest buffon i - Notepad,u
2025-11-13 19:15:24.356,*chris evera is the biggest buffon i - Notepad,j
2025-11-13 19:15:24.376,*chris evera is the biggest buffon i - Notepad,;
2025-11-13 19:15:24.431,*chris evera is the biggest buffon i - Notepad,n
2025-11-13 19:15:24.456,*chris evera is the biggest buffon i - Notepad,","
2025-11-13 19:15:24.470,*chris evera is the biggest buffon i - Notepad,b
2025-11-13 19:15:24.490,*chris evera is the biggest buffon i - Notepad,m
2025-11-13 19:15:24.517,*chris evera is the biggest buffon i - Notepad,v
2025-11-13 19:15:24.544,*chris evera is the biggest buffon i - Notepad,j
2025-11-13 19:15:24.584,*chris evera is the biggest buffon i - Notepad,g
2025-11-13 19:15:24.592,*chris evera is the biggest buffon i - Notepad,k
2025-11-13 19:15:24.631,*chris evera is the biggest buffon i - Notepad,h
2025-11-13 19:15:24.692,*chris evera is the biggest buffon i - Notepad,k
2025-11-13 19:15:24.710,*chris evera is the biggest buffon i - Notepad,'
2025-11-13 19:15:24.760,*chris evera is the biggest buffon i - Notepad,m
2025-11-13 19:15:24.790,*chris evera is the biggest buffon i - Notepad,.
2025-11-13 19:15:24.858,*chris evera is the biggest buffon i - Notepad,l
2025-11-13 19:15:24.967,*chris evera is the biggest buffon i - Notepad,'
2025-11-13 19:15:25.000,*chris evera is the biggest buffon i - Notepad,l
2025-11-13 19:15:25.006,*chris evera is the biggest buffon i - Notepad,[enter]
2025-11-13 19:15:25.151,*chris evera is the biggest buffon i - Notepad,/
2025-11-13 19:15:25.194,*chris evera is the biggest buffon i - Notepad,;
2025-11-13 19:15:25.328,*chris evera is the biggest buffon i - Notepad,l
2025-11-13 19:15:25.362,*chris evera is the biggest buffon i - Notepad,[enter]
2025-11-13 19:15:25.388,*chris evera is the biggest buffon i - Notepad,'
2025-11-13 19:15:25.402,*chris evera is the biggest buffon i - Notepad,.
2025-11-13 19:15:25.438,*chris evera is the biggest buffon i - Notepad,","
2025-11-13 19:15:25.462,*chris evera is the biggest buffon i - Notepad,/
2025-11-13 19:15:25.498,*chris evera is the biggest buffon i - Notepad,.
2025-11-13 19:15:25.518,*chris evera is the biggest buffon i - Notepad,k
2025-11-13 19:15:25.519,*chris evera is the biggest buffon i - Notepad,n
2025-11-13 19:15:25.558,*chris evera is the biggest buffon i - Notepad,l
2025-11-13 19:15:25.589,*chris evera is the biggest buffon i - Notepad,h
2025-11-13 19:15:25.691,*chris evera is the biggest buffon i - Notepad,k
2025-11-13 19:15:25.710,*chris evera is the biggest buffon i - Notepad,p
2025-11-13 19:15:25.783,*chris evera is the biggest buffon i - Notepad,m
2025-11-13 19:15:25.790,*chris evera is the biggest buffon i - Notepad,;
2025-11-13 19:15:25.791,*chris evera is the biggest buffon i - Notepad,l
2025-11-13 19:15:25.833,*chris evera is the biggest buffon i - Notepad,n
2025-11-13 19:15:25.847,*chris evera is the biggest buffon i - Notepad,k
2025-11-13 19:15:25.864,*chris evera is the biggest buffon i - Notepad,b
2025-11-13 19:15:25.881,*chris evera is the biggest buffon i - Notepad,j
2025-11-13 19:15:25.919,*chris evera is the biggest buffon i - Notepad,v
2025-11-13 19:15:25.920,*chris evera is the biggest buffon i - Notepad,h
2025-11-13 19:15:25.959,*chris evera is the biggest buffon i - Notepad,g
2025-11-13 19:15:25.972,*chris evera is the biggest buffon i - Notepad,u
2025-11-13 19:15:26.013,*chris evera is the biggest buffon i - Notepad,h
2025-11-13 19:15:26.019,*chris evera is the biggest buffon i - Notepad,i
2025-11-13 19:15:26.042,*chris evera is the biggest buffon i - Notepad,o
2025-11-13 19:15:26.053,*chris evera is the biggest buffon i - Notepad,j
2025-11-13 19:15:26.134,*chris evera is the biggest buffon i - Notepad,m
2025-11-13 19:15:26.137,*chris evera is the biggest buffon i - Notepad,;
2025-11-13 19:15:26.141,*chris evera is the biggest buffon i - Notepad,l
2025-11-13 19:15:26.180,*chris evera is the biggest buffon i - Notepad,n
2025-11-13 19:15:26.193,*chris evera is the biggest buffon i - Notepad,k
2025-11-13 19:15:26.230,*chris evera is the biggest buffon i - Notepad,","
2025-11-13 19:15:26.240,*chris evera is the biggest buffon i - Notepad,b
2025-11-13 19:15:26.253,*chris evera is the biggest buffon i - Notepad,j
2025-11-13 19:15:26.307,*chris evera is the biggest buffon i - Notepad,h
2025-11-13 19:15:26.347,*chris evera is the biggest buffon i - Notepad,j
2025-11-13 19:15:26.363,*chris evera is the biggest buffon i - Notepad,k
2025-11-13 19:15:26.387,*chris evera is the biggest buffon i - Notepad,l
2025-11-13 19:15:26.403,*chris evera is the biggest buffon i - Notepad,[
2025-11-13 19:15:26.417,*chris evera is the biggest buffon i - Notepad,;
2025-11-13 19:15:26.444,*chris evera is the biggest buffon i - Notepad,[enter]
2025-11-13 19:15:26.492,*chris evera is the biggest buffon i - Notepad,.
2025-11-13 19:15:26.519,*chris evera is the biggest buffon i - Notepad,[shift_r]
2025-11-13 19:15:26.562,*chris evera is the biggest buffon i - Notepad,?
2025-11-13 19:15:26.595,*chris evera is the biggest buffon i - Notepad,l
2025-11-13 19:15:26.606,*chris evera is the biggest buffon i - Notepad,m
2025-11-13 19:15:26.628,*chris evera is the biggest buffon i - Notepad,;
2025-11-13 19:15:26.668,*chris evera is the biggest buffon i - Notepad,k
2025-11-13 19:15:26.712,*chris evera is the biggest buffon i - Notepad,l
2025-11-13 19:15:26.755,*chris evera is the biggest buffon i - Notepad,;
2025-11-13 19:15:26.779,*chris evera is the biggest buffon i - Notepad,[enter]
2025-11-13 19:15:26.825,*chris evera is the biggest buffon i - Notepad,.
2025-11-13 19:15:26.832,*chris evera is the biggest buffon i - Notepad,'
2025-11-13 19:15:26.836,*chris evera is the biggest buffon i - Notepad,[shift_r]
2025-11-13 19:15:26.869,*chris evera is the biggest buffon i - Notepad,?
2025-11-13 19:15:26.909,*chris evera is the biggest buffon i - Notepad,.
2025-11-13 19:15:26.940,*chris evera is the biggest buffon i - Notepad,","
2025-11-13 19:15:26.966,*chris evera is the biggest buffon i - Notepad,n
2025-11-13 19:15:26.979,*chris evera is the biggest buffon i - Notepad,k
2025-11-13 19:15:27.020,*chris evera is the biggest buffon i - Notepad,l
2025-11-13 19:15:27.096,*chris evera is the biggest buffon i - Notepad,k
2025-11-13 19:15:27.123,*chris evera is the biggest buffon i - Notepad,l
2025-11-13 19:15:27.190,*chris evera is the biggest buffon i - Notepad,.
2025-11-13 19:15:27.192,*chris evera is the biggest buffon i - Notepad,[shift_r]
2025-11-13 19:15:27.273,*chris evera is the biggest buffon i - Notepad,[up]
2025-11-13 19:15:27.275,*chris evera is the biggest buffon i - Notepad,[alt_gr]
2025-11-13 19:15:27.277,*chris evera is the biggest buffon i - Notepad,/
2025-11-13 19:15:27.296,*chris evera is the biggest buffon i - Notepad,[left]
2025-11-13 19:15:27.304,*chris evera is the biggest buffon i - Notepad,.
2025-11-13 19:15:27.326,*chris evera is the biggest buffon i - Notepad,[space]
2025-11-13 19:15:27.340,*chris evera is the biggest buffon i - Notepad,","
2025-11-13 19:15:27.377,*chris evera is the biggest buffon i - Notepad,n
2025-11-13 19:15:27.394,*chris evera is the biggest buffon i - Notepad,k
2025-11-13 19:15:27.427,*chris evera is the biggest buffon i - Notepad,;
2025-11-13 19:15:27.447,*chris evera is the biggest buffon i - Notepad,k
2025-11-13 19:15:27.451,*chris evera is the biggest buffon i - Notepad,'
2025-11-13 19:15:27.482,*chris evera is the biggest buffon i - Notepad,l
2025-11-13 19:15:27.498,*chris evera is the biggest buffon i - Notepad,[enter]
2025-11-13 19:15:27.523,*chris evera is the biggest buffon i - Notepad,;
2025-11-13 19:15:27.539,*chris evera is the biggest buffon i - Notepad,[shift_r]
2025-11-13 19:15:27.556,*chris evera is the biggest buffon i - Notepad,?
2025-11-13 19:15:27.631,*chris evera is the biggest buffon i - Notepad,?
2025-11-13 19:15:27.651,*chris evera is the biggest buffon i - Notepad,[alt_gr]
2025-11-13 19:15:27.657,*chris evera is the biggest buffon i - Notepad,.
2025-11-13 19:15:27.701,*chris evera is the biggest buffon i - Notepad,","
2025-11-13 19:15:27.793,*chris evera is the biggest buffon i - Notepad,k
2025-11-13 19:15:27.797,*chris evera is the biggest buffon i - Notepad,l
2025-11-13 19:15:27.839,*chris evera is the biggest buffon i - Notepad,;
2025-11-13 19:15:27.880,*chris evera is the biggest buffon i - Notepad,'
2025-11-13 19:15:27.923,*chris evera is the biggest buffon i - Notepad,.
2025-11-13 19:15:27.927,*chris evera is the biggest buffon i - Notepad,[shift_r]
2025-11-13 19:15:27.988,*chris evera is the biggest buffon i - Notepad,?
2025-11-13 19:15:28.019,*chris evera is the biggest buffon i - Notepad,[alt_gr]
2025-11-13 19:15:28.050,*chris evera is the biggest buffon i - Notepad,[left]
2025-11-13 19:15:28.098,*chris evera is the biggest buffon i - Notepad,","
2025-11-13 19:15:28.103,*chris evera is the biggest buffon i - Notepad,[left]
2025-11-13 19:15:28.118,*chris evera is the biggest buffon i - Notepad,.
2025-11-13 19:15:28.168,*chris evera is the biggest buffon i - Notepad,/
2025-11-13 19:15:28.202,*chris evera is the biggest buffon i - Notepad,m
2025-11-13 19:15:28.225,*chris evera is the biggest buffon i - Notepad,;
2025-11-13 19:15:28.254,*chris evera is the biggest buffon i - Notepad,'
2025-11-13 19:15:28.257,*chris evera is the biggest buffon i - Notepad,[shift_r]
2025-11-13 19:15:28.273,*chris evera is the biggest buffon i - Notepad,>
2025-11-13 19:15:28.392,*chris evera is the biggest buffon i - Notepad,[alt_gr]
2025-11-13 19:15:28.437,*chris evera is the biggest buffon i - Notepad,[space]
2025-11-13 19:15:28.466,*chris evera is the biggest buffon i - Notepad,","
2025-11-13 19:15:28.480,*chris evera is the biggest buffon i - Notepad,/
2025-11-13 19:15:28.483,*chris evera is the biggest buffon i - Notepad,.
2025-11-13 19:15:28.586,*chris evera is the biggest buffon i - Notepad,;
2025-11-13 19:15:28.616,*chris evera is the biggest buffon i - Notepad,'
2025-11-13 19:15:28.626,*chris evera is the biggest buffon i - Notepad,[shift_r]
2025-11-13 19:15:28.631,*chris evera is the biggest buffon i - Notepad,>
2025-11-13 19:15:28.800,*chris evera is the biggest buffon i - Notepad,[alt_gr]
2025-11-13 19:15:28.837,*chris evera is the biggest buffon i - Notepad,[up]
2025-11-13 19:15:30.017,*chris evera is the biggest buffon i - Notepad,[left]
2025-11-13 19:15:30.058,*chris evera is the biggest buffon i - Notepad,/
2025-11-13 19:15:30.161,*chris evera is the biggest buffon i - Notepad,'
2025-11-13 19:15:30.171,*chris evera is the biggest buffon i - Notepad,[shift_r]
2025-11-13 19:15:30.255,*chris evera is the biggest buffon i - Notepad,[right]
2025-11-13 19:15:30.277,*chris evera is the biggest buffon i - Notepad,?
2025-11-13 19:15:30.350,*chris evera is the biggest buffon i - Notepad,.
2025-11-13 19:15:30.414,*chris evera is the biggest buffon i - Notepad,/
2025-11-13 19:15:30.529,*chris evera is the biggest buffon i - Notepad,[shift_r]
2025-11-13 19:15:30.583,*chris evera is the biggest buffon i - Notepad,[right]
2025-11-13 19:15:30.597,*chris evera is the biggest buffon i - Notepad,?
2025-11-13 19:15:30.679,*chris evera is the biggest buffon i - Notepad,[up]
2025-11-13 19:15:30.697,*chris evera is the biggest buffon i - Notepad,.
2025-11-13 19:15:30.701,*chris evera is the biggest buffon i - Notepad,/
2025-11-13 19:15:30.749,*chris evera is the biggest buffon i - Notepad,[shift_r]
2025-11-13 19:15:30.852,*chris evera is the biggest buffon i - Notepad,>
2025-11-13 19:15:30.864,*chris evera is the biggest buffon i - Notepad,""""
2025-11-13 19:15:30.936,*chris evera is the biggest buffon i - Notepad,?
2025-11-13 19:15:30.976,*chris evera is the biggest buffon i - Notepad,[alt_gr]
2025-11-13 19:15:31.008,*chris evera is the biggest buffon i - Notepad,[down]
2025-11-13 19:15:31.017,*chris evera is the biggest buffon i - Notepad,.
2025-11-13 19:15:31.028,*chris evera is the biggest buffon i - Notepad,/
2025-11-13 19:15:31.037,*chris evera is the biggest buffon i - Notepad,[space]
2025-11-13 19:15:31.078,*chris evera is the biggest buffon i - Notepad,m
2025-11-13 19:15:31.145,*chris evera is the biggest buffon i - Notepad,","
2025-11-13 19:15:31.196,*chris evera is the biggest buffon i - Notepad,[shift_r]
2025-11-13 19:15:31.219,*chris evera is the biggest buffon i - Notepad,>
2025-11-13 19:15:31.263,*chris evera is the biggest buffon i - Notepad,?
2025-11-13 19:15:31.352,*chris evera is the biggest buffon i - Notepad,[down]
2025-11-13 19:15:31.373,*chris evera is the biggest buffon i - Notepad,/
2025-11-13 19:15:31.456,*chris evera is the biggest buffon i - Notepad,/
2025-11-13 19:15:31.496,*chris evera is the biggest buffon i - Notepad,[shift_r]
2025-11-13 19:15:31.519,*chris evera is the biggest buffon i - Notepad,""""
2025-11-13 19:15:31.526,*chris evera is the biggest buffon i - Notepad,:
2025-11-13 19:15:31.609,*chris evera is the biggest buffon i - Notepad,>
2025-11-13 19:15:31.622,*chris evera is the biggest buffon i - Notepad,?
2025-11-13 19:15:31.726,*chris evera is the biggest buffon i - Notepad,/
2025-11-13 19:15:31.737,*chris evera is the biggest buffon i - Notepad,[up]
2025-11-13 19:15:31.820,*chris evera is the biggest buffon i - Notepad,[shift_r]
2025-11-13 19:15:31.874,*chris evera is the biggest buffon i - Notepad,""""
2025-11-13 19:15:31.875,*chris evera is the biggest buffon i - Notepad,:
2025-11-13 19:15:31.947,*chris evera is the biggest buffon i - Notepad,>
2025-11-13 19:15:31.956,*chris evera is the biggest buffon i - Notepad,?
2025-11-13 19:15:31.972,*chris evera is the biggest buffon i - Notepad,[right]
2025-11-13 19:15:32.080,*chris evera is the biggest buffon i - Notepad,[up]
2025-11-13 19:15:32.082,*chris evera is the biggest buffon i - Notepad,/
2025-11-13 19:15:32.135,*chris evera is the biggest buffon i - Notepad,[shift_r]
2025-11-13 19:15:32.180,*chris evera is the biggest buffon i - Notepad,""""
2025-11-13 19:15:32.186,*chris evera is the biggest buffon i - Notepad,:
2025-11-13 19:15:32.276,*chris evera is the biggest buffon i - Notepad,>
2025-11-13 19:15:32.342,*chris evera is the biggest buffon i - Notepad,[right]
2025-11-13 19:15:32.353,*chris evera is the biggest buffon i - Notepad,/
2025-11-13 19:15:32.443,*chris evera is the biggest buffon i - Notepad,[up]
2025-11-13 19:15:32.444,*chris evera is the biggest buffon i - Notepad,/
2025-11-13 19:15:32.515,*chris evera is the biggest buffon i - Notepad,[shift_r]
2025-11-13 19:15:32.554,*chris evera is the biggest buffon i - Notepad,""""
2025-11-13 19:15:32.567,*chris evera is the biggest buffon i - Notepad,:
2025-11-13 19:15:32.638,*chris evera is the biggest buffon i - Notepad,>
2025-11-13 19:15:32.670,*chris evera is the biggest buffon i - Notepad,[right]
2025-11-13 19:15:32.703,*chris evera is the biggest buffon i - Notepad,?
2025-11-13 19:15:32.780,*chris evera is the biggest buffon i - Notepad,[down]
2025-11-13 19:15:32.804,*chris evera is the biggest buffon i - Notepad,[up]
2025-11-13 19:15:32.878,*chris evera is the biggest buffon i - Notepad,/
2025-11-13 19:15:32.904,*chris evera is the biggest buffon i - Notepad,[shift_r]
2025-11-13 19:15:32.961,*chris evera is the biggest buffon i - Notepad,:
2025-11-13 19:15:33.007,*chris evera is the biggest buffon i - Notepad,>
2025-11-13 19:15:33.014,*chris evera is the biggest buffon i - Notepad,?
2025-11-13 19:15:33.149,*chris evera is the biggest buffon i - Notepad,[alt_gr]
2025-11-13 19:15:33.168,*chris evera is the biggest buffon i - Notepad,[up]
2025-11-13 19:15:33.170,*chris evera is the biggest buffon i - Notepad,.
2025-11-13 19:15:33.171,*chris evera is the biggest buffon i - Notepad,/
2025-11-13 19:15:33.245,*chris evera is the biggest buffon i - Notepad,[shift_r]
2025-11-13 19:15:33.306,*chris evera is the biggest buffon i - Notepad,""""
2025-11-13 19:15:33.308,*chris evera is the biggest buffon i - Notepad,:
2025-11-13 19:15:33.358,*chris evera is the biggest buffon i - Notepad,L
2025-11-13 19:15:33.398,*chris evera is the biggest buffon i - Notepad,>
2025-11-13 19:15:33.411,*chris evera is the biggest buffon i - Notepad,?
2025-11-13 19:15:33.447,*chris evera is the biggest buffon i - Notepad,[right]
2025-11-13 19:15:33.521,*chris evera is the biggest buffon i - Notepad,[up]
2025-11-13 19:15:33.552,*chris evera is the biggest buffon i - Notepad,/
2025-11-13 19:15:33.560,*chris evera is the biggest buffon i - Notepad,.
2025-11-13 19:15:33.605,*chris evera is the biggest buffon i - Notepad,[shift_r]
2025-11-13 19:15:33.676,*chris evera is the biggest buffon i - Notepad,""""
2025-11-13 19:15:33.690,*chris evera is the biggest buffon i - Notepad,:
2025-11-13 19:15:33.773,*chris evera is the biggest buffon i - Notepad,>
2025-11-13 19:15:33.827,*chris evera is the biggest buffon i - Notepad,?
2025-11-13 19:15:33.926,*chris evera is the biggest buffon i - Notepad,.
2025-11-13 19:15:33.933,*chris evera is the biggest buffon i - Notepad,[shift_r]
2025-11-13 19:15:34.039,*chris evera is the biggest buffon i - Notepad,""""
2025-11-13 19:15:34.053,*chris evera is the biggest buffon i - Notepad,;
2025-11-13 19:15:34.080,*chris evera is the biggest buffon i - Notepad,l
2025-11-13 19:15:34.104,*chris evera is the biggest buffon i - Notepad,[enter]
2025-11-13 19:15:34.115,*chris evera is the biggest buffon i - Notepad,[shift_r]
2025-11-13 19:15:34.153,*chris evera is the biggest buffon i - Notepad,?
2025-11-13 19:15:34.155,*chris evera is the biggest buffon i - Notepad,>
2025-11-13 19:15:34.201,*chris evera is the biggest buffon i - Notepad,[right]
2025-11-13 19:15:34.255,*chris evera is the biggest buffon i - Notepad,[up]
2025-11-13 19:15:34.289,*chris evera is the biggest buffon i - Notepad,/
2025-11-13 19:15:34.326,*chris evera is the biggest buffon i - Notepad,[shift_r]
2025-11-13 19:15:34.383,*chris evera is the biggest buffon i - Notepad,""""
2025-11-13 19:15:34.453,*chris evera is the biggest buffon i - Notepad,>
2025-11-13 19:15:34.512,*chris evera is the biggest buffon i - Notepad,[right]
2025-11-13 19:15:34.620,*chris evera is the biggest buffon i - Notepad,[down]
2025-11-13 19:15:34.631,*chris evera is the biggest buffon i - Notepad,[left]
2025-11-13 19:15:34.699,*chris evera is the biggest buffon i - Notepad,[shift_r]
2025-11-13 19:15:34.810,*chris evera is the biggest buffon i - Notepad,>
2025-11-13 19:15:34.813,*chris evera is the biggest buffon i - Notepad,?
2025-11-13 19:15:34.870,*chris evera is the biggest buffon i - Notepad,[right]
2025-11-13 19:15:35.011,*chris evera is the biggest buffon i - Notepad,/
2025-11-13 19:15:35.058,*chris evera is the biggest buffon i - Notepad,.
2025-11-13 19:15:35.095,*chris evera is the biggest buffon i - Notepad,;
2025-11-13 19:15:35.136,*chris evera is the biggest buffon i - Notepad,'
2025-11-13 19:15:35.156,*chris evera is the biggest buffon i - Notepad,[shift_r]
2025-11-13 19:15:35.211,*chris evera is the biggest buffon i - Notepad,>
2025-11-13 19:15:35.221,*chris evera is the biggest buffon i - Notepad,?
2025-11-13 19:15:35.306,*chris evera is the biggest buffon i - Notepad,[up]
2025-11-13 19:15:35.352,*chris evera is the biggest buffon i - Notepad,[left]
2025-11-13 19:15:35.409,*chris evera is the biggest buffon i - Notepad,.
2025-11-13 19:15:35.446,*chris evera is the biggest buffon i - Notepad,/
2025-11-13 19:15:35.479,*chris evera is the biggest buffon i - Notepad,[shift_r]
2025-11-13 19:15:35.496,*chris evera is the biggest buffon i - Notepad,<
2025-11-13 19:15:35.543,*chris evera is the biggest buffon i - Notepad,>
2025-11-13 19:15:35.583,*chris evera is the biggest buffon i - Notepad,[right]
2025-11-13 19:15:35.670,*chris evera is the biggest buffon i - Notepad,[down]
2025-11-13 19:15:35.775,*chris evera is the biggest buffon i - Notepad,/
2025-11-13 19:15:35.809,*chris evera is the biggest buffon i - Notepad,[shift_r]
2025-11-13 19:15:35.817,*chris evera is the biggest buffon i - Notepad,<
2025-11-13 19:15:35.864,*chris evera is the biggest buffon i - Notepad,L
2025-11-13 19:15:35.898,*chris evera is the biggest buffon i - Notepad,>
2025-11-13 19:15:35.905,*chris evera is the biggest buffon i - Notepad,?
2025-11-13 19:15:35.950,*chris evera is the biggest buffon i - Notepad,[right]
2025-11-13 19:15:35.973,*chris evera is the biggest buffon i - Notepad,[up]
2025-11-13 19:15:36.035,*chris evera is the biggest buffon i - Notepad,[down]
2025-11-13 19:15:36.114,*chris evera is the biggest buffon i - Notepad,[left]
2025-11-13 19:15:36.155,*chris evera is the biggest buffon i - Notepad,/
2025-11-13 19:15:36.168,*chris evera is the biggest buffon i - Notepad,[shift_r]
2025-11-13 19:15:36.185,*chris evera is the biggest buffon i - Notepad,<
2025-11-13 19:15:36.239,*chris evera is the biggest buffon i - Notepad,>
2025-11-13 19:15:36.283,*chris evera is the biggest buffon i - Notepad,[right]
2025-11-13 19:15:36.330,*chris evera is the biggest buffon i - Notepad,[up]
2025-11-13 19:15:36.503,*chris evera is the biggest buffon i - Notepad,/
2025-11-13 19:15:36.530,*chris evera is the biggest buffon i - Notepad,[shift_r]
2025-11-13 19:15:36.537,*chris evera is the biggest buffon i - Notepad,>
2025-11-13 19:15:36.541,*chris evera is the biggest buffon i - Notepad,<
2025-11-13 19:15:36.580,*chris evera is the biggest buffon i - Notepad,>
2025-11-13 19:15:36.632,*chris evera is the biggest buffon i - Notepad,[right]
2025-11-13 19:15:36.695,*chris evera is the biggest buffon i - Notepad,[up]
2025-11-13 19:15:36.780,*chris evera is the biggest buffon i - Notepad,[alt_gr]
2025-11-13 19:15:36.843,*chris evera is the biggest buffon i - Notepad,/
2025-11-13 19:15:36.878,*chris evera is the biggest buffon i - Notepad,[shift_r]
2025-11-13 19:15:36.915,*chris evera is the biggest buffon i - Notepad,<
2025-11-13 19:15:36.956,*chris evera is the biggest buffon i - Notepad,>
2025-11-13 19:15:37.047,*chris evera is the biggest buffon i - Notepad,[right]
2025-11-13 19:15:37.077,*chris evera is the biggest buffon i - Notepad,[up]
2025-11-13 19:15:37.148,*chris evera is the biggest buffon i - Notepad,[left]
2025-11-13 19:15:37.224,*chris evera is the biggest buffon i - Notepad,/
2025-11-13 19:15:37.252,*chris evera is the biggest buffon i - Notepad,[shift_r]
2025-11-13 19:15:37.266,*chris evera is the biggest buffon i - Notepad,>
2025-11-13 19:15:37.349,*chris evera is the biggest buffon i - Notepad,>
2025-11-13 19:15:37.404,*chris evera is the biggest buffon i - Notepad,[right]
2025-11-13 19:15:39.340,*chris evera is the biggest buffon i - Notepad,/
2025-11-13 19:15:39.349,*chris evera is the biggest buffon i - Notepad,.
2025-11-13 19:15:39.352,*chris evera is the biggest buffon i - Notepad,[shift_r]
2025-11-13 19:15:39.554,*chris evera is the biggest buffon i - Notepad,[right]
2025-11-13 19:15:39.599,*chris evera is the biggest buffon i - Notepad,[left]
2025-11-13 19:15:39.609,*chris evera is the biggest buffon i - Notepad,[up]
2025-11-13 19:15:39.731,*chris evera is the biggest buffon i - Notepad,/
2025-11-13 19:15:39.732,*chris evera is the biggest buffon i - Notepad,[shift_r]
2025-11-13 19:15:39.833,*chris evera is the biggest buffon i - Notepad,[right]
2025-11-13 19:15:39.880,*chris evera is the biggest buffon i - Notepad,[up]
2025-11-13 19:15:39.943,*chris evera is the biggest buffon i - Notepad,[down]
2025-11-13 19:15:39.965,*chris evera is the biggest buffon i - Notepad,[left]
2025-11-13 19:15:40.067,*chris evera is the biggest buffon i - Notepad,[up]
2025-11-13 19:15:40.084,*chris evera is the biggest buffon i - Notepad,/
2025-11-13 19:15:40.140,*chris evera is the biggest buffon i - Notepad,[shift_r]
2025-11-13 19:15:40.187,*chris evera is the biggest buffon i - Notepad,[right]
2025-11-13 19:15:40.224,*chris evera is the biggest buffon i - Notepad,[up]
2025-11-13 19:15:40.270,*chris evera is the biggest buffon i - Notepad,[down]
2025-11-13 19:15:40.393,*chris evera is the biggest buffon i - Notepad,[down]
2025-11-13 19:15:40.399,*chris evera is the biggest buffon i - Notepad,[left]
2025-11-13 19:15:40.459,*chris evera is the biggest buffon i - Notepad,[up]
2025-11-13 19:15:40.523,*chris evera is the biggest buffon i - Notepad,[right]
2025-11-13 19:15:40.542,*chris evera is the biggest buffon i - Notepad,[up]
2025-11-13 19:15:40.579,*chris evera is the biggest buffon i - Notepad,[left]
2025-11-13 19:15:40.735,*chris evera is the biggest buffon i - Notepad,[down]
2025-11-13 19:15:40.813,*chris evera is the biggest buffon i - Notepad,[up]
2025-11-13 19:15:40.920,*chris evera is the biggest buffon i - Notepad,[right]
2025-11-13 19:15:40.929,*chris evera is the biggest buffon i - Notepad,[up]
2025-11-13 19:15:40.964,*chris evera is the biggest buffon i - Notepad,[left]
2025-11-13 19:15:40.972,*chris evera is the biggest buffon i - Notepad,[down]
2025-11-13 19:15:41.388,*chris evera is the biggest buffon i - Notepad,[right]
2025-11-13 19:15:41.495,*chris evera is the biggest buffon i - Notepad,[down]
2025-11-13 19:15:41.545,*chris evera is the biggest buffon i - Notepad,[up]
2025-11-13 19:15:41.636,*chris evera is the biggest buffon i - Notepad,[shift_r]
2025-11-13 19:15:42.114,*chris evera is the biggest buffon i - Notepad,'
2025-11-13 19:15:42.163,*chris evera is the biggest buffon i - Notepad,/
2025-11-13 19:15:42.176,*chris evera is the biggest buffon i - Notepad,[enter]
2025-11-13 19:15:42.237,*chris evera is the biggest buffon i - Notepad,[shift_r]
2025-11-13 19:15:42.282,*chris evera is the biggest buffon i - Notepad,[left]
2025-11-13 19:15:42.350,*chris evera is the biggest buffon i - Notepad,[up]
2025-11-13 19:15:42.423,*chris evera is the biggest buffon i - Notepad,[alt_gr]
2025-11-13 19:15:42.431,*chris evera is the biggest buffon i - Notepad,/
2025-11-13 19:15:42.451,*chris evera is the biggest buffon i - Notepad,","
2025-11-13 19:15:42.562,*chris evera is the biggest buffon i - Notepad,/
2025-11-13 19:15:42.595,*chris evera is the biggest buffon i - Notepad,[shift_r]
2025-11-13 19:15:42.657,*chris evera is the biggest buffon i - Notepad,[left]
2025-11-13 19:15:42.713,*chris evera is the biggest buffon i - Notepad,[up]
2025-11-13 19:15:42.770,*chris evera is the biggest buffon i - Notepad,[up]
2025-11-13 19:15:42.809,*chris evera is the biggest buffon i - Notepad,[alt_gr]
2025-11-13 19:15:42.821,*chris evera is the biggest buffon i - Notepad,/
2025-11-13 19:15:42.861,*chris evera is the biggest buffon i - Notepad,.
2025-11-13 19:15:42.898,*chris evera is the biggest buffon i - Notepad,'
2025-11-13 19:15:42.905,*chris evera is the biggest buffon i - Notepad,[shift_r]
2025-11-13 19:15:42.914,*chris evera is the biggest buffon i - Notepad,?
2025-11-13 19:15:42.990,*chris evera is the biggest buffon i - Notepad,
2025-11-13 19:15:42.995,*chris evera is the biggest buffon i - Notepad,[shift_r]
2025-11-13 19:15:42.998,*chris evera is the biggest buffon i - Notepad,
2025-11-13 19:15:43.048,*chris evera is the biggest buffon i - Notepad,[shift_r]
2025-11-13 19:15:43.051,*chris evera is the biggest buffon i - Notepad,[up]
2025-11-13 19:15:43.075,*chris evera is the biggest buffon i - Notepad,[right]
2025-11-13 19:15:43.100,*chris evera is the biggest buffon i - Notepad,[up]
2025-11-13 19:15:43.240,*chris evera is the biggest buffon i - Notepad,.
2025-11-13 19:15:43.263,*chris evera is the biggest buffon i - Notepad,'
2025-11-13 19:15:43.319,*chris evera is the biggest buffon i - Notepad,[enter]
2025-11-13 19:15:43.333,*chris evera is the biggest buffon i - Notepad,/
2025-11-13 19:15:43.359,*chris evera is the biggest buffon i - Notepad,[shift_r]
2025-11-13 19:15:43.451,*chris evera is the biggest buffon i - Notepad,[left]
2025-11-13 19:15:43.490,*chris evera is the biggest buffon i - Notepad,[up]
2025-11-13 19:15:46.847,*chris evera is the biggest buffon i - Notepad,g
2025-11-13 19:15:47.057,*chris evera is the biggest buffon i - Notepad,j
2025-11-13 19:15:47.219,*chris evera is the biggest buffon i - Notepad,j
2025-11-13 19:15:47.326,*chris evera is the biggest buffon i - Notepad,f
2025-11-13 19:15:47.415,*chris evera is the biggest buffon i - Notepad,h
2025-11-13 19:15:47.553,*chris evera is the biggest buffon i - Notepad,f
2025-11-13 19:15:47.576,*chris evera is the biggest buffon i - Notepad,j
2025-11-13 19:15:47.730,*chris evera is the biggest buffon i - Notepad,h
2025-11-13 19:15:47.760,*chris evera is the biggest buffon i - Notepad,f
2025-11-13 19:15:47.885,*chris evera is the biggest buffon i - Notepad,j
2025-11-13 19:15:47.944,*chris evera is the biggest buffon i - Notepad,f
2025-11-13 19:15:48.057,*chris evera is the biggest buffon i - Notepad,h
2025-11-13 19:15:48.134,*chris evera is the biggest buffon i - Notepad,f
2025-11-13 19:15:48.189,*chris evera is the biggest buffon i - Notepad,j
2025-11-13 19:15:48.308,*chris evera is the biggest buffon i - Notepad,f
2025-11-13 19:15:48.347,*chris evera is the biggest buffon i - Notepad,h
2025-11-13 19:15:48.479,*chris evera is the biggest buffon i - Notepad,j
2025-11-13 19:15:48.511,*chris evera is the biggest buffon i - Notepad,f
2025-11-13 19:15:48.646,*chris evera is the biggest buffon i - Notepad,h
2025-11-13 19:15:48.713,*chris evera is the biggest buffon i - Notepad,f
2025-11-13 19:15:48.783,*chris evera is the biggest buffon i - Notepad,k
2025-11-13 19:15:48.898,*chris evera is the biggest buffon i - Notepad,f
2025-11-13 19:15:48.964,*chris evera is the biggest buffon i - Notepad,h
2025-11-13 19:15:49.085,*chris evera is the biggest buffon i - Notepad,f
2025-11-13 19:15:49.114,*chris evera is the biggest buffon i - Notepad,i
2025-11-13 19:15:49.244,*chris evera is the biggest buffon i - Notepad,f
2025-11-13 19:15:49.264,*chris evera is the biggest buffon i - Notepad,h
2025-11-13 19:15:49.410,*chris evera is the biggest buffon i - Notepad,f
2025-11-13 19:15:49.412,*chris evera is the biggest buffon i - Notepad,k
2025-11-13 19:15:49.569,*chris evera is the biggest buffon i - Notepad,h
2025-11-13 19:15:49.572,*chris evera is the biggest buffon i - Notepad,f
2025-11-13 19:15:49.709,*chris evera is the biggest buffon i - Notepad,k
2025-11-13 19:15:49.806,*chris evera is the biggest buffon i - Notepad,f
2025-11-13 19:15:49.886,*chris evera is the biggest buffon i - Notepad,h
2025-11-13 19:15:50.000,*chris evera is the biggest buffon i - Notepad,f
2025-11-13 19:15:50.072,*chris evera is the biggest buffon i - Notepad,i
2025-11-13 19:15:50.073,*chris evera is the biggest buffon i - Notepad,k
2025-11-13 19:15:50.178,*chris evera is the biggest buffon i - Notepad,f
2025-11-13 19:15:50.194,*chris evera is the biggest buffon i - Notepad,h
2025-11-13 19:15:50.342,*chris evera is the biggest buffon i - Notepad,f
2025-11-13 19:15:51.755,*chris evera is the biggest buffon i - Notepad,[ctrl_l]
2025-11-13 19:15:51.917,*chris evera is the biggest buffon i - Notepad,
2025-11-13 19:15:53.137,Save as,d
2025-11-13 19:15:53.312,Save as,r
2025-11-13 19:15:53.468,Save as,a
2025-11-13 19:15:53.537,Save as,m
2025-11-13 19:15:53.617,Save as,a
2025-11-13 19:15:53.778,Save as,[enter]
2025-11-13 19:16:06.096,Windows PowerShell,[esc]
2025-11-13 19:18:17.755,Windows PowerShell,[cmd]
2025-11-13 19:18:18.503,Search,n
2025-11-13 19:18:18.697,Search,o
2025-11-13 19:18:18.789,Search,t
2025-11-13 19:18:18.975,Search,e
2025-11-13 19:18:19.069,Search,[enter]
2025-11-13 19:18:20.456,drama.txt - Notepad,f
2025-11-13 19:18:20.957,*drama.txt - Notepad,f
2025-11-13 19:18:20.990,*drama.txt - Notepad,f
2025-11-13 19:18:21.023,*drama.txt - Notepad,f
2025-11-13 19:18:21.056,*drama.txt - Notepad,f
2025-11-13 19:18:21.089,*drama.txt - Notepad,f
2025-11-13 19:18:21.123,*drama.txt - Notepad,f
2025-11-13 19:18:21.156,*drama.txt - Notepad,f
2025-11-13 19:18:23.240,Untitled - Notepad,s
2025-11-13 19:18:23.740,*s - Notepad,s
2025-11-13 19:18:23.774,*ss - Notepad,s
2025-11-13 19:18:23.808,*sss - Notepad,s
2025-11-13 19:18:23.841,*ssss - Notepad,s
2025-11-13 19:18:23.875,*sssss - Notepad,s
2025-11-13 19:18:23.908,*ssssss - Notepad,s
2025-11-13 19:18:23.942,*sssssss - Notepad,s
2025-11-13 19:18:23.975,*ssssssss - Notepad,s
2025-11-13 19:18:24.008,*sssssssss - Notepad,s
2025-11-13 19:18:24.041,*ssssssssss - Notepad,s
2025-11-13 19:18:24.075,*sssssssssss - Notepad,s
2025-11-13 19:18:24.109,*ssssssssssss - Notepad,s
2025-11-13 19:18:24.143,*sssssssssssss - Notepad,s
2025-11-13 19:18:24.177,*ssssssssssssss - Notepad,s
2025-11-13 19:18:24.209,*sssssssssssssss - Notepad,s
2025-11-13 19:18:24.243,*ssssssssssssssss - Notepad,s
2025-11-13 19:18:24.276,*sssssssssssssssss - Notepad,s
2025-11-13 19:18:24.309,*ssssssssssssssssss - Notepad,s
2025-11-13 19:18:24.343,*sssssssssssssssssss - Notepad,s
2025-11-13 19:18:24.377,*ssssssssssssssssssss - Notepad,s
2025-11-13 19:18:24.409,*sssssssssssssssssssss - Notepad,s
2025-11-13 19:18:24.443,*ssssssssssssssssssssss - Notepad,s
2025-11-13 19:18:24.477,*sssssssssssssssssssssss - Notepad,s
2025-11-13 19:18:24.510,*ssssssssssssssssssssssss - Notepad,s
2025-11-13 19:18:24.544,*sssssssssssssssssssssssss - Notepad,s
2025-11-13 19:18:24.578,*ssssssssssssssssssssssssss - Notepad,s
2025-11-13 19:18:24.611,*sssssssssssssssssssssssssss - Notepad,s
2025-11-13 19:18:24.645,*ssssssssssssssssssssssssssss - Notepad,s
2025-11-13 19:18:24.678,*sssssssssssssssssssssssssssss - Notepad,s
2025-11-13 19:18:24.712,*ssssssssssssssssssssssssssssss - Notepad,s
2025-11-13 19:18:24.746,*sssssssssssssssssssssssssssssss - Notepad,s
2025-11-13 19:18:24.779,*ssssssssssssssssssssssssssssssss - Notepad,s
2025-11-13 19:18:24.812,*sssssssssssssssssssssssssssssssss - Notepad,s
2025-11-13 19:18:24.846,*ssssssssssssssssssssssssssssssssss - Notepad,s
2025-11-13 19:18:24.879,*sssssssssssssssssssssssssssssssssss - Notepad,s
2025-11-13 19:18:24.913,*sssssssssssssssssssssssssssssssssss - Notepad,s
2025-11-13 19:18:24.947,*sssssssssssssssssssssssssssssssssss - Notepad,s
2025-11-13 19:18:24.980,*sssssssssssssssssssssssssssssssssss - Notepad,s
2025-11-13 19:18:25.013,*sssssssssssssssssssssssssssssssssss - Notepad,s
2025-11-13 19:18:25.046,*sssssssssssssssssssssssssssssssssss - Notepad,s
2025-11-13 19:18:25.079,*sssssssssssssssssssssssssssssssssss - Notepad,s
2025-11-13 19:18:25.113,*sssssssssssssssssssssssssssssssssss - Notepad,s
2025-11-13 19:18:25.147,*sssssssssssssssssssssssssssssssssss - Notepad,s
2025-11-13 19:18:25.180,*sssssssssssssssssssssssssssssssssss - Notepad,s
2025-11-13 19:18:25.214,*sssssssssssssssssssssssssssssssssss - Notepad,s
2025-11-13 19:18:25.247,*sssssssssssssssssssssssssssssssssss - Notepad,s
2025-11-13 19:18:25.280,*sssssssssssssssssssssssssssssssssss - Notepad,s
2025-11-13 19:18:25.313,*sssssssssssssssssssssssssssssssssss - Notepad,s
2025-11-13 19:18:25.347,*sssssssssssssssssssssssssssssssssss - Notepad,s
2025-11-13 19:18:25.381,*sssssssssssssssssssssssssssssssssss - Notepad,s
2025-11-13 19:18:25.414,*sssssssssssssssssssssssssssssssssss - Notepad,s
2025-11-13 19:18:25.448,*sssssssssssssssssssssssssssssssssss - Notepad,s
2025-11-13 19:18:25.480,*sssssssssssssssssssssssssssssssssss - Notepad,s
2025-11-13 19:18:25.514,*sssssssssssssssssssssssssssssssssss - Notepad,s
2025-11-13 19:18:25.546,*sssssssssssssssssssssssssssssssssss - Notepad,s
2025-11-13 19:18:25.580,*sssssssssssssssssssssssssssssssssss - Notepad,s
2025-11-13 19:18:25.614,*sssssssssssssssssssssssssssssssssss - Notepad,s
2025-11-13 19:18:25.647,*sssssssssssssssssssssssssssssssssss - Notepad,s
2025-11-13 19:18:25.681,*sssssssssssssssssssssssssssssssssss - Notepad,s
2025-11-13 19:18:25.715,*sssssssssssssssssssssssssssssssssss - Notepad,s
2025-11-13 19:18:25.748,*sssssssssssssssssssssssssssssssssss - Notepad,s
2025-11-13 19:18:25.782,*sssssssssssssssssssssssssssssssssss - Notepad,s
2025-11-13 19:18:25.815,*sssssssssssssssssssssssssssssssssss - Notepad,s
2025-11-13 19:18:25.847,*sssssssssssssssssssssssssssssssssss - Notepad,s
2025-11-13 19:18:25.881,*sssssssssssssssssssssssssssssssssss - Notepad,s
2025-11-13 19:18:25.914,*sssssssssssssssssssssssssssssssssss - Notepad,s
2025-11-13 19:18:25.947,*sssssssssssssssssssssssssssssssssss - Notepad,s
2025-11-13 19:18:25.980,*sssssssssssssssssssssssssssssssssss - Notepad,s
2025-11-13 19:18:26.013,*sssssssssssssssssssssssssssssssssss - Notepad,s
2025-11-13 19:18:26.047,*sssssssssssssssssssssssssssssssssss - Notepad,s
2025-11-13 19:18:26.080,*sssssssssssssssssssssssssssssssssss - Notepad,s
2025-11-13 19:18:26.113,*sssssssssssssssssssssssssssssssssss - Notepad,s
2025-11-13 19:18:26.147,*sssssssssssssssssssssssssssssssssss - Notepad,s
2025-11-13 19:18:26.180,*sssssssssssssssssssssssssssssssssss - Notepad,s
2025-11-13 19:18:26.214,*sssssssssssssssssssssssssssssssssss - Notepad,s
2025-11-13 19:18:26.247,*sssssssssssssssssssssssssssssssssss - Notepad,s
2025-11-13 19:18:26.280,*sssssssssssssssssssssssssssssssssss - Notepad,s
2025-11-13 19:18:26.314,*sssssssssssssssssssssssssssssssssss - Notepad,s
2025-11-13 19:18:26.348,*sssssssssssssssssssssssssssssssssss - Notepad,s
2025-11-13 19:18:26.382,*sssssssssssssssssssssssssssssssssss - Notepad,s
2025-11-13 19:18:26.415,*sssssssssssssssssssssssssssssssssss - Notepad,s
2025-11-13 19:18:26.449,*sssssssssssssssssssssssssssssssssss - Notepad,s
2025-11-13 19:18:26.482,*sssssssssssssssssssssssssssssssssss - Notepad,s
2025-11-13 19:18:26.515,*sssssssssssssssssssssssssssssssssss - Notepad,s
2025-11-13 19:18:26.548,*sssssssssssssssssssssssssssssssssss - Notepad,s
2025-11-13 19:18:26.582,*sssssssssssssssssssssssssssssssssss - Notepad,s
2025-11-13 19:18:26.615,*sssssssssssssssssssssssssssssssssss - Notepad,s
2025-11-13 19:18:26.648,*sssssssssssssssssssssssssssssssssss - Notepad,s
2025-11-13 19:18:26.681,*sssssssssssssssssssssssssssssssssss - Notepad,s
2025-11-13 19:18:26.715,*sssssssssssssssssssssssssssssssssss - Notepad,s
2025-11-13 19:18:26.748,*sssssssssssssssssssssssssssssssssss - Notepad,s
2025-11-13 19:18:26.782,*sssssssssssssssssssssssssssssssssss - Notepad,s
2025-11-13 19:18:26.815,*sssssssssssssssssssssssssssssssssss - Notepad,s
2025-11-13 19:18:26.849,*sssssssssssssssssssssssssssssssssss - Notepad,s
2025-11-13 19:18:26.882,*sssssssssssssssssssssssssssssssssss - Notepad,s
2025-11-13 19:18:26.916,*sssssssssssssssssssssssssssssssssss - Notepad,s
2025-11-13 19:18:26.949,*sssssssssssssssssssssssssssssssssss - Notepad,s
2025-11-13 19:18:26.983,*sssssssssssssssssssssssssssssssssss - Notepad,s
2025-11-13 19:18:27.016,*sssssssssssssssssssssssssssssssssss - Notepad,s
2025-11-13 19:18:27.049,*sssssssssssssssssssssssssssssssssss - Notepad,s
2025-11-13 19:18:27.082,*sssssssssssssssssssssssssssssssssss - Notepad,s
2025-11-13 19:18:27.116,*sssssssssssssssssssssssssssssssssss - Notepad,s
2025-11-13 19:18:27.149,*sssssssssssssssssssssssssssssssssss - Notepad,s
2025-11-13 19:18:27.183,*sssssssssssssssssssssssssssssssssss - Notepad,s
2025-11-13 19:18:27.217,*sssssssssssssssssssssssssssssssssss - Notepad,s
2025-11-13 19:18:27.250,*sssssssssssssssssssssssssssssssssss - Notepad,s
2025-11-13 19:18:27.283,*sssssssssssssssssssssssssssssssssss - Notepad,s
2025-11-13 19:18:27.316,*sssssssssssssssssssssssssssssssssss - Notepad,s
2025-11-13 19:18:27.349,*sssssssssssssssssssssssssssssssssss - Notepad,s
2025-11-13 19:18:27.382,*sssssssssssssssssssssssssssssssssss - Notepad,s
2025-11-13 19:18:27.416,*sssssssssssssssssssssssssssssssssss - Notepad,s
2025-11-13 19:18:27.449,*sssssssssssssssssssssssssssssssssss - Notepad,s
2025-11-13 19:18:27.482,*sssssssssssssssssssssssssssssssssss - Notepad,s
2025-11-13 19:18:27.516,*sssssssssssssssssssssssssssssssssss - Notepad,s
2025-11-13 19:18:27.549,*sssssssssssssssssssssssssssssssssss - Notepad,s
2025-11-13 19:18:27.582,*sssssssssssssssssssssssssssssssssss - Notepad,s
2025-11-13 19:18:27.616,*sssssssssssssssssssssssssssssssssss - Notepad,s
2025-11-13 19:18:27.649,*sssssssssssssssssssssssssssssssssss - Notepad,s
2025-11-13 19:18:27.683,*sssssssssssssssssssssssssssssssssss - Notepad,s
2025-11-13 19:18:27.717,*sssssssssssssssssssssssssssssssssss - Notepad,s
2025-11-13 19:18:27.750,*sssssssssssssssssssssssssssssssssss - Notepad,s
2025-11-13 19:18:27.783,*sssssssssssssssssssssssssssssssssss - Notepad,s
2025-11-13 19:18:27.816,*sssssssssssssssssssssssssssssssssss - Notepad,s
2025-11-13 19:18:27.849,*sssssssssssssssssssssssssssssssssss - Notepad,s
2025-11-13 19:18:27.882,*sssssssssssssssssssssssssssssssssss - Notepad,s
2025-11-13 19:18:27.916,*sssssssssssssssssssssssssssssssssss - Notepad,s
2025-11-13 19:18:27.949,*sssssssssssssssssssssssssssssssssss - Notepad,s
2025-11-13 19:18:27.982,*sssssssssssssssssssssssssssssssssss - Notepad,s
2025-11-13 19:18:28.016,*sssssssssssssssssssssssssssssssssss - Notepad,s
2025-11-13 19:18:28.050,*sssssssssssssssssssssssssssssssssss - Notepad,s
2025-11-13 19:18:28.082,*sssssssssssssssssssssssssssssssssss - Notepad,s
2025-11-13 19:18:28.115,*sssssssssssssssssssssssssssssssssss - Notepad,s
2025-11-13 19:18:28.148,*sssssssssssssssssssssssssssssssssss - Notepad,s
2025-11-13 19:18:28.181,*sssssssssssssssssssssssssssssssssss - Notepad,s
2025-11-13 19:18:28.215,*sssssssssssssssssssssssssssssssssss - Notepad,s
2025-11-13 19:18:28.248,*sssssssssssssssssssssssssssssssssss - Notepad,s
2025-11-13 19:18:28.281,*sssssssssssssssssssssssssssssssssss - Notepad,s
2025-11-13 19:18:28.315,*sssssssssssssssssssssssssssssssssss - Notepad,s
2025-11-13 19:18:28.348,*sssssssssssssssssssssssssssssssssss - Notepad,s
2025-11-13 19:18:28.382,*sssssssssssssssssssssssssssssssssss - Notepad,s
2025-11-13 19:18:28.416,*sssssssssssssssssssssssssssssssssss - Notepad,s
2025-11-13 19:18:28.449,*sssssssssssssssssssssssssssssssssss - Notepad,s
2025-11-13 19:18:28.482,*sssssssssssssssssssssssssssssssssss - Notepad,s
2025-11-13 19:18:28.515,*sssssssssssssssssssssssssssssssssss - Notepad,s
2025-11-13 19:18:28.548,*sssssssssssssssssssssssssssssssssss - Notepad,s
2025-11-13 19:18:28.582,*sssssssssssssssssssssssssssssssssss - Notepad,s
2025-11-13 19:18:28.615,*sssssssssssssssssssssssssssssssssss - Notepad,s
2025-11-13 19:18:28.648,*sssssssssssssssssssssssssssssssssss - Notepad,s
2025-11-13 19:18:28.681,*sssssssssssssssssssssssssssssssssss - Notepad,s
2025-11-13 19:18:28.714,*sssssssssssssssssssssssssssssssssss - Notepad,s
2025-11-13 19:18:28.748,*sssssssssssssssssssssssssssssssssss - Notepad,s
2025-11-13 19:18:28.782,*sssssssssssssssssssssssssssssssssss - Notepad,s
2025-11-13 19:18:28.815,*sssssssssssssssssssssssssssssssssss - Notepad,s
2025-11-13 19:18:28.848,*sssssssssssssssssssssssssssssssssss - Notepad,s
2025-11-13 19:18:28.881,*sssssssssssssssssssssssssssssssssss - Notepad,s
2025-11-13 19:18:28.914,*sssssssssssssssssssssssssssssssssss - Notepad,s
2025-11-13 19:18:28.948,*sssssssssssssssssssssssssssssssssss - Notepad,s
2025-11-13 19:18:28.981,*sssssssssssssssssssssssssssssssssss - Notepad,s
2025-11-13 19:18:29.015,*sssssssssssssssssssssssssssssssssss - Notepad,s
2025-11-13 19:18:29.049,*sssssssssssssssssssssssssssssssssss - Notepad,s
2025-11-13 19:18:29.082,*sssssssssssssssssssssssssssssssssss - Notepad,s
2025-11-13 19:18:29.115,*sssssssssssssssssssssssssssssssssss - Notepad,s
2025-11-13 19:18:29.148,*sssssssssssssssssssssssssssssssssss - Notepad,s
2025-11-13 19:18:29.181,*sssssssssssssssssssssssssssssssssss - Notepad,s
2025-11-13 19:18:29.215,*sssssssssssssssssssssssssssssssssss - Notepad,s
2025-11-13 19:18:29.248,*sssssssssssssssssssssssssssssssssss - Notepad,s
2025-11-13 19:18:29.282,*sssssssssssssssssssssssssssssssssss - Notepad,s
2025-11-13 19:18:29.314,*sssssssssssssssssssssssssssssssssss - Notepad,s
2025-11-13 19:18:29.347,*sssssssssssssssssssssssssssssssssss - Notepad,s
2025-11-13 19:18:29.381,*sssssssssssssssssssssssssssssssssss - Notepad,s
2025-11-13 19:18:29.415,*sssssssssssssssssssssssssssssssssss - Notepad,s
2025-11-13 19:18:29.448,*sssssssssssssssssssssssssssssssssss - Notepad,s
2025-11-13 19:18:29.482,*sssssssssssssssssssssssssssssssssss - Notepad,s
2025-11-13 19:18:29.515,*sssssssssssssssssssssssssssssssssss - Notepad,s
2025-11-13 19:18:29.548,*sssssssssssssssssssssssssssssssssss - Notepad,s
2025-11-13 19:18:29.582,*sssssssssssssssssssssssssssssssssss - Notepad,s
2025-11-13 19:18:29.615,*sssssssssssssssssssssssssssssssssss - Notepad,s
2025-11-13 19:18:29.648,*sssssssssssssssssssssssssssssssssss - Notepad,s
2025-11-13 19:18:29.681,*sssssssssssssssssssssssssssssssssss - Notepad,s
2025-11-13 19:18:29.715,*sssssssssssssssssssssssssssssssssss - Notepad,s
2025-11-13 19:18:29.748,*sssssssssssssssssssssssssssssssssss - Notepad,s
2025-11-13 19:18:29.782,*sssssssssssssssssssssssssssssssssss - Notepad,s
2025-11-13 19:18:29.815,*sssssssssssssssssssssssssssssssssss - Notepad,s
2025-11-13 19:18:29.849,*sssssssssssssssssssssssssssssssssss - Notepad,s
2025-11-13 19:18:29.882,*sssssssssssssssssssssssssssssssssss - Notepad,s
2025-11-13 19:18:29.915,*sssssssssssssssssssssssssssssssssss - Notepad,s
2025-11-13 19:18:29.948,*sssssssssssssssssssssssssssssssssss - Notepad,s
2025-11-13 19:18:29.981,*sssssssssssssssssssssssssssssssssss - Notepad,s
2025-11-13 19:18:30.015,*sssssssssssssssssssssssssssssssssss - Notepad,s
2025-11-13 19:18:30.047,*sssssssssssssssssssssssssssssssssss - Notepad,s
2025-11-13 19:18:30.081,*sssssssssssssssssssssssssssssssssss - Notepad,s
2025-11-13 19:18:30.114,*sssssssssssssssssssssssssssssssssss - Notepad,s
2025-11-13 19:18:30.148,*sssssssssssssssssssssssssssssssssss - Notepad,s
2025-11-13 19:18:30.181,*sssssssssssssssssssssssssssssssssss - Notepad,s
2025-11-13 19:18:30.215,*sssssssssssssssssssssssssssssssssss - Notepad,s
2025-11-13 19:18:30.248,*sssssssssssssssssssssssssssssssssss - Notepad,s
2025-11-13 19:18:30.282,*sssssssssssssssssssssssssssssssssss - Notepad,s
2025-11-13 19:18:30.316,*sssssssssssssssssssssssssssssssssss - Notepad,s
2025-11-13 19:18:30.350,*sssssssssssssssssssssssssssssssssss - Notepad,s
2025-11-13 19:18:30.382,*sssssssssssssssssssssssssssssssssss - Notepad,s
2025-11-13 19:18:30.417,*sssssssssssssssssssssssssssssssssss - Notepad,s
2025-11-13 19:18:30.449,*sssssssssssssssssssssssssssssssssss - Notepad,s
2025-11-13 19:18:30.483,*sssssssssssssssssssssssssssssssssss - Notepad,s
2025-11-13 19:18:30.516,*sssssssssssssssssssssssssssssssssss - Notepad,s
2025-11-13 19:18:30.550,*sssssssssssssssssssssssssssssssssss - Notepad,s
2025-11-13 19:18:30.585,*sssssssssssssssssssssssssssssssssss - Notepad,s
2025-11-13 19:18:30.618,*sssssssssssssssssssssssssssssssssss - Notepad,s
2025-11-13 19:18:30.652,*sssssssssssssssssssssssssssssssssss - Notepad,s
2025-11-13 19:18:30.685,*sssssssssssssssssssssssssssssssssss - Notepad,s
2025-11-13 19:18:30.718,*sssssssssssssssssssssssssssssssssss - Notepad,s
2025-11-13 19:18:30.752,*sssssssssssssssssssssssssssssssssss - Notepad,s
2025-11-13 19:18:30.785,*sssssssssssssssssssssssssssssssssss - Notepad,s
2025-11-13 19:18:30.818,*sssssssssssssssssssssssssssssssssss - Notepad,s
2025-11-13 19:18:30.851,*sssssssssssssssssssssssssssssssssss - Notepad,s
2025-11-13 19:18:30.885,*sssssssssssssssssssssssssssssssssss - Notepad,s
2025-11-13 19:18:30.918,*sssssssssssssssssssssssssssssssssss - Notepad,s
2025-11-13 19:18:30.951,*sssssssssssssssssssssssssssssssssss - Notepad,s
2025-11-13 19:18:30.985,*sssssssssssssssssssssssssssssssssss - Notepad,s
2025-11-13 19:18:31.019,*sssssssssssssssssssssssssssssssssss - Notepad,s
2025-11-13 19:18:31.052,*sssssssssssssssssssssssssssssssssss - Notepad,s
2025-11-13 19:18:31.086,*sssssssssssssssssssssssssssssssssss - Notepad,s
2025-11-13 19:18:31.120,*sssssssssssssssssssssssssssssssssss - Notepad,s
2025-11-13 19:18:31.153,*sssssssssssssssssssssssssssssssssss - Notepad,s
2025-11-13 19:18:31.186,*sssssssssssssssssssssssssssssssssss - Notepad,s
2025-11-13 19:18:31.219,*sssssssssssssssssssssssssssssssssss - Notepad,s
2025-11-13 19:18:31.252,*sssssssssssssssssssssssssssssssssss - Notepad,s
2025-11-13 19:18:31.286,*sssssssssssssssssssssssssssssssssss - Notepad,s
2025-11-13 19:18:31.319,*sssssssssssssssssssssssssssssssssss - Notepad,s
2025-11-13 19:18:31.352,*sssssssssssssssssssssssssssssssssss - Notepad,s
2025-11-13 19:18:31.386,*sssssssssssssssssssssssssssssssssss - Notepad,s
2025-11-13 19:18:31.420,*sssssssssssssssssssssssssssssssssss - Notepad,s
2025-11-13 19:18:31.453,*sssssssssssssssssssssssssssssssssss - Notepad,s
2025-11-13 19:18:31.487,*sssssssssssssssssssssssssssssssssss - Notepad,s
2025-11-13 19:18:31.521,*sssssssssssssssssssssssssssssssssss - Notepad,s
2025-11-13 19:18:31.555,*sssssssssssssssssssssssssssssssssss - Notepad,s
2025-11-13 19:18:31.588,*sssssssssssssssssssssssssssssssssss - Notepad,s
2025-11-13 19:18:31.621,*sssssssssssssssssssssssssssssssssss - Notepad,s
2025-11-13 19:18:31.655,*sssssssssssssssssssssssssssssssssss - Notepad,s
2025-11-13 19:18:31.688,*sssssssssssssssssssssssssssssssssss - Notepad,s
2025-11-13 19:18:31.721,*sssssssssssssssssssssssssssssssssss - Notepad,s
2025-11-13 19:18:31.754,*sssssssssssssssssssssssssssssssssss - Notepad,s
2025-11-13 19:18:31.788,*sssssssssssssssssssssssssssssssssss - Notepad,s
2025-11-13 19:18:31.822,*sssssssssssssssssssssssssssssssssss - Notepad,s
2025-11-13 19:18:31.855,*sssssssssssssssssssssssssssssssssss - Notepad,s
2025-11-13 19:18:31.889,*sssssssssssssssssssssssssssssssssss - Notepad,s
2025-11-13 19:18:31.923,*sssssssssssssssssssssssssssssssssss - Notepad,s
2025-11-13 19:18:31.957,*sssssssssssssssssssssssssssssssssss - Notepad,s
2025-11-13 19:18:31.990,*sssssssssssssssssssssssssssssssssss - Notepad,s
2025-11-13 19:18:32.024,*sssssssssssssssssssssssssssssssssss - Notepad,s
2025-11-13 19:18:32.057,*sssssssssssssssssssssssssssssssssss - Notepad,s
2025-11-13 19:18:32.090,*sssssssssssssssssssssssssssssssssss - Notepad,s
2025-11-13 19:18:32.123,*sssssssssssssssssssssssssssssssssss - Notepad,s
2025-11-13 19:18:32.157,*sssssssssssssssssssssssssssssssssss - Notepad,s
2025-11-13 19:18:32.190,*sssssssssssssssssssssssssssssssssss - Notepad,s
2025-11-13 19:18:32.224,*sssssssssssssssssssssssssssssssssss - Notepad,s
2025-11-13 19:18:32.257,*sssssssssssssssssssssssssssssssssss - Notepad,s
2025-11-13 19:18:32.290,*sssssssssssssssssssssssssssssssssss - Notepad,s
2025-11-13 19:18:32.324,*sssssssssssssssssssssssssssssssssss - Notepad,s
2025-11-13 19:18:32.357,*sssssssssssssssssssssssssssssssssss - Notepad,s
2025-11-13 19:18:32.391,*sssssssssssssssssssssssssssssssssss - Notepad,s
2025-11-13 19:18:32.424,*sssssssssssssssssssssssssssssssssss - Notepad,s
2025-11-13 19:18:32.458,*sssssssssssssssssssssssssssssssssss - Notepad,s
2025-11-13 19:18:32.490,*sssssssssssssssssssssssssssssssssss - Notepad,s
2025-11-13 19:18:32.524,*sssssssssssssssssssssssssssssssssss - Notepad,s
2025-11-13 19:18:32.557,*sssssssssssssssssssssssssssssssssss - Notepad,s
2025-11-13 19:18:32.591,*sssssssssssssssssssssssssssssssssss - Notepad,s
2025-11-13 19:18:32.624,*sssssssssssssssssssssssssssssssssss - Notepad,s
2025-11-13 19:18:32.657,*sssssssssssssssssssssssssssssssssss - Notepad,s
2025-11-13 19:18:32.691,*sssssssssssssssssssssssssssssssssss - Notepad,s
2025-11-13 19:18:32.750,*sssssssssssssssssssssssssssssssssss - Notepad,[shift]
2025-11-13 19:18:33.178,*sssssssssssssssssssssssssssssssssss - Notepad,@
2025-11-13 19:18:33.679,*sssssssssssssssssssssssssssssssssss - Notepad,@
2025-11-13 19:18:33.712,*sssssssssssssssssssssssssssssssssss - Notepad,@
2025-11-13 19:18:33.746,*sssssssssssssssssssssssssssssssssss - Notepad,@
2025-11-13 19:18:33.780,*sssssssssssssssssssssssssssssssssss - Notepad,@
2025-11-13 19:18:33.813,*sssssssssssssssssssssssssssssssssss - Notepad,@
2025-11-13 19:18:33.847,*sssssssssssssssssssssssssssssssssss - Notepad,@
2025-11-13 19:18:33.880,*sssssssssssssssssssssssssssssssssss - Notepad,@
2025-11-13 19:18:33.913,*sssssssssssssssssssssssssssssssssss - Notepad,@
2025-11-13 19:18:33.946,*sssssssssssssssssssssssssssssssssss - Notepad,@
2025-11-13 19:18:33.979,*sssssssssssssssssssssssssssssssssss - Notepad,@
2025-11-13 19:18:34.012,*sssssssssssssssssssssssssssssssssss - Notepad,@
2025-11-13 19:18:34.045,*sssssssssssssssssssssssssssssssssss - Notepad,@
2025-11-13 19:18:34.078,*sssssssssssssssssssssssssssssssssss - Notepad,@
2025-11-13 19:18:34.113,*sssssssssssssssssssssssssssssssssss - Notepad,@
2025-11-13 19:18:34.146,*sssssssssssssssssssssssssssssssssss - Notepad,@
2025-11-13 19:18:34.179,*sssssssssssssssssssssssssssssssssss - Notepad,@
2025-11-13 19:18:34.212,*sssssssssssssssssssssssssssssssssss - Notepad,@
2025-11-13 19:18:34.245,*sssssssssssssssssssssssssssssssssss - Notepad,@
2025-11-13 19:18:34.279,*sssssssssssssssssssssssssssssssssss - Notepad,@
2025-11-13 19:18:34.312,*sssssssssssssssssssssssssssssssssss - Notepad,@
2025-11-13 19:18:34.345,*sssssssssssssssssssssssssssssssssss - Notepad,@
2025-11-13 19:18:34.379,*sssssssssssssssssssssssssssssssssss - Notepad,@
2025-11-13 19:18:34.411,*sssssssssssssssssssssssssssssssssss - Notepad,@
2025-11-13 19:18:34.445,*sssssssssssssssssssssssssssssssssss - Notepad,@
2025-11-13 19:18:34.479,*sssssssssssssssssssssssssssssssssss - Notepad,@
2025-11-13 19:18:34.513,*sssssssssssssssssssssssssssssssssss - Notepad,@
2025-11-13 19:18:34.546,*sssssssssssssssssssssssssssssssssss - Notepad,@
2025-11-13 19:18:34.578,*sssssssssssssssssssssssssssssssssss - Notepad,@
2025-11-13 19:18:34.612,*sssssssssssssssssssssssssssssssssss - Notepad,@
2025-11-13 19:18:34.645,*sssssssssssssssssssssssssssssssssss - Notepad,@
2025-11-13 19:18:34.678,*sssssssssssssssssssssssssssssssssss - Notepad,@
2025-11-13 19:18:34.712,*sssssssssssssssssssssssssssssssssss - Notepad,@
2025-11-13 19:18:34.746,*sssssssssssssssssssssssssssssssssss - Notepad,@
2025-11-13 19:18:34.778,*sssssssssssssssssssssssssssssssssss - Notepad,@
2025-11-13 19:18:34.812,*sssssssssssssssssssssssssssssssssss - Notepad,@
2025-11-13 19:18:34.844,*sssssssssssssssssssssssssssssssssss - Notepad,@
2025-11-13 19:18:34.878,*sssssssssssssssssssssssssssssssssss - Notepad,@
2025-11-13 19:18:34.911,*sssssssssssssssssssssssssssssssssss - Notepad,@
2025-11-13 19:18:34.944,*sssssssssssssssssssssssssssssssssss - Notepad,@
2025-11-13 19:18:34.977,*sssssssssssssssssssssssssssssssssss - Notepad,@
2025-11-13 19:18:35.010,*sssssssssssssssssssssssssssssssssss - Notepad,@
2025-11-13 19:18:35.044,*sssssssssssssssssssssssssssssssssss - Notepad,@
2025-11-13 19:18:35.077,*sssssssssssssssssssssssssssssssssss - Notepad,@
2025-11-13 19:18:35.110,*sssssssssssssssssssssssssssssssssss - Notepad,@
2025-11-13 19:18:35.143,*sssssssssssssssssssssssssssssssssss - Notepad,@
2025-11-13 19:18:35.177,*sssssssssssssssssssssssssssssssssss - Notepad,@
2025-11-13 19:18:35.210,*sssssssssssssssssssssssssssssssssss - Notepad,@
2025-11-13 19:18:35.243,*sssssssssssssssssssssssssssssssssss - Notepad,@
2025-11-13 19:18:35.277,*sssssssssssssssssssssssssssssssssss - Notepad,@
2025-11-13 19:18:35.310,*sssssssssssssssssssssssssssssssssss - Notepad,@
2025-11-13 19:18:35.343,*sssssssssssssssssssssssssssssssssss - Notepad,@
2025-11-13 19:18:35.376,*sssssssssssssssssssssssssssssssssss - Notepad,@
2025-11-13 19:18:35.410,*sssssssssssssssssssssssssssssssssss - Notepad,@
2025-11-13 19:18:35.444,*sssssssssssssssssssssssssssssssssss - Notepad,@
2025-11-13 19:18:35.478,*sssssssssssssssssssssssssssssssssss - Notepad,@
2025-11-13 19:18:35.512,*sssssssssssssssssssssssssssssssssss - Notepad,@
2025-11-13 19:18:35.545,*sssssssssssssssssssssssssssssssssss - Notepad,@
2025-11-13 19:18:35.579,*sssssssssssssssssssssssssssssssssss - Notepad,@
2025-11-13 19:18:35.613,*sssssssssssssssssssssssssssssssssss - Notepad,@
2025-11-13 19:18:35.646,*sssssssssssssssssssssssssssssssssss - Notepad,@
2025-11-13 19:18:35.679,*sssssssssssssssssssssssssssssssssss - Notepad,@
2025-11-13 19:18:35.713,*sssssssssssssssssssssssssssssssssss - Notepad,@
2025-11-13 19:18:35.746,*sssssssssssssssssssssssssssssssssss - Notepad,@
2025-11-13 19:18:35.779,*sssssssssssssssssssssssssssssssssss - Notepad,@
2025-11-13 19:18:35.813,*sssssssssssssssssssssssssssssssssss - Notepad,@
2025-11-13 19:18:35.846,*sssssssssssssssssssssssssssssssssss - Notepad,@
2025-11-13 19:18:35.879,*sssssssssssssssssssssssssssssssssss - Notepad,@
2025-11-13 19:18:35.913,*sssssssssssssssssssssssssssssssssss - Notepad,@
2025-11-13 19:18:35.947,*sssssssssssssssssssssssssssssssssss - Notepad,@
2025-11-13 19:18:35.981,*sssssssssssssssssssssssssssssssssss - Notepad,@
2025-11-13 19:18:36.014,*sssssssssssssssssssssssssssssssssss - Notepad,@
2025-11-13 19:18:36.047,*sssssssssssssssssssssssssssssssssss - Notepad,@
2025-11-13 19:18:36.081,*sssssssssssssssssssssssssssssssssss - Notepad,@
2025-11-13 19:18:36.114,*sssssssssssssssssssssssssssssssssss - Notepad,@
2025-11-13 19:18:36.147,*sssssssssssssssssssssssssssssssssss - Notepad,@
2025-11-13 19:18:36.180,*sssssssssssssssssssssssssssssssssss - Notepad,@
2025-11-13 19:18:36.213,*sssssssssssssssssssssssssssssssssss - Notepad,@
2025-11-13 19:18:36.247,*sssssssssssssssssssssssssssssssssss - Notepad,@
2025-11-13 19:18:36.280,*sssssssssssssssssssssssssssssssssss - Notepad,@
2025-11-13 19:18:36.313,*sssssssssssssssssssssssssssssssssss - Notepad,@
2025-11-13 19:18:36.346,*sssssssssssssssssssssssssssssssssss - Notepad,@
2025-11-13 19:18:36.380,*sssssssssssssssssssssssssssssssssss - Notepad,@
2025-11-13 19:18:36.414,*sssssssssssssssssssssssssssssssssss - Notepad,@
2025-11-13 19:18:36.447,*sssssssssssssssssssssssssssssssssss - Notepad,@
2025-11-13 19:18:36.480,*sssssssssssssssssssssssssssssssssss - Notepad,@
2025-11-13 19:18:36.514,*sssssssssssssssssssssssssssssssssss - Notepad,@
2025-11-13 19:18:36.548,*sssssssssssssssssssssssssssssssssss - Notepad,@
2025-11-13 19:18:36.580,*sssssssssssssssssssssssssssssssssss - Notepad,@
2025-11-13 19:18:36.613,*sssssssssssssssssssssssssssssssssss - Notepad,@
2025-11-13 19:18:36.647,*sssssssssssssssssssssssssssssssssss - Notepad,@
2025-11-13 19:18:36.680,*sssssssssssssssssssssssssssssssssss - Notepad,@
2025-11-13 19:18:36.714,*sssssssssssssssssssssssssssssssssss - Notepad,@
2025-11-13 19:18:36.748,*sssssssssssssssssssssssssssssssssss - Notepad,@
2025-11-13 19:18:36.781,*sssssssssssssssssssssssssssssssssss - Notepad,@
2025-11-13 19:18:36.815,*sssssssssssssssssssssssssssssssssss - Notepad,@
2025-11-13 19:18:36.849,*sssssssssssssssssssssssssssssssssss - Notepad,@
2025-11-13 19:18:36.881,*sssssssssssssssssssssssssssssssssss - Notepad,@
2025-11-13 19:18:36.915,*sssssssssssssssssssssssssssssssssss - Notepad,@
2025-11-13 19:18:36.948,*sssssssssssssssssssssssssssssssssss - Notepad,@
2025-11-13 19:18:36.981,*sssssssssssssssssssssssssssssssssss - Notepad,@
2025-11-13 19:18:37.015,*sssssssssssssssssssssssssssssssssss - Notepad,@
2025-11-13 19:18:37.048,*sssssssssssssssssssssssssssssssssss - Notepad,@
2025-11-13 19:18:37.081,*sssssssssssssssssssssssssssssssssss - Notepad,@
2025-11-13 19:18:37.115,*sssssssssssssssssssssssssssssssssss - Notepad,@
2025-11-13 19:18:37.148,*sssssssssssssssssssssssssssssssssss - Notepad,@
2025-11-13 19:18:37.182,*sssssssssssssssssssssssssssssssssss - Notepad,@
2025-11-13 19:18:37.215,*sssssssssssssssssssssssssssssssssss - Notepad,@
2025-11-13 19:18:37.248,*sssssssssssssssssssssssssssssssssss - Notepad,@
2025-11-13 19:18:37.281,*sssssssssssssssssssssssssssssssssss - Notepad,@
2025-11-13 19:18:37.315,*sssssssssssssssssssssssssssssssssss - Notepad,@
2025-11-13 19:18:37.348,*sssssssssssssssssssssssssssssssssss - Notepad,@
2025-11-13 19:18:37.381,*sssssssssssssssssssssssssssssssssss - Notepad,@
2025-11-13 19:18:37.415,*sssssssssssssssssssssssssssssssssss - Notepad,@
2025-11-13 19:18:37.448,*sssssssssssssssssssssssssssssssssss - Notepad,@
2025-11-13 19:18:37.481,*sssssssssssssssssssssssssssssssssss - Notepad,@
2025-11-13 19:18:37.515,*sssssssssssssssssssssssssssssssssss - Notepad,@
2025-11-13 19:18:37.548,*sssssssssssssssssssssssssssssssssss - Notepad,@
2025-11-13 19:18:37.582,*sssssssssssssssssssssssssssssssssss - Notepad,@
2025-11-13 19:18:37.615,*sssssssssssssssssssssssssssssssssss - Notepad,@
2025-11-13 19:18:37.648,*sssssssssssssssssssssssssssssssssss - Notepad,@
2025-11-13 19:18:37.681,*sssssssssssssssssssssssssssssssssss - Notepad,@
2025-11-13 19:18:37.715,*sssssssssssssssssssssssssssssssssss - Notepad,@
2025-11-13 19:18:37.748,*sssssssssssssssssssssssssssssssssss - Notepad,@
2025-11-13 19:18:37.781,*sssssssssssssssssssssssssssssssssss - Notepad,@
2025-11-13 19:18:37.814,*sssssssssssssssssssssssssssssssssss - Notepad,@
2025-11-13 19:18:37.849,*sssssssssssssssssssssssssssssssssss - Notepad,@
2025-11-13 19:18:37.882,*sssssssssssssssssssssssssssssssssss - Notepad,@
2025-11-13 19:18:37.915,*sssssssssssssssssssssssssssssssssss - Notepad,@
2025-11-13 19:18:37.948,*sssssssssssssssssssssssssssssssssss - Notepad,@
2025-11-13 19:18:37.982,*sssssssssssssssssssssssssssssssssss - Notepad,@
2025-11-13 19:18:38.015,*sssssssssssssssssssssssssssssssssss - Notepad,@
2025-11-13 19:18:38.048,*sssssssssssssssssssssssssssssssssss - Notepad,@
2025-11-13 19:18:38.081,*sssssssssssssssssssssssssssssssssss - Notepad,@
2025-11-13 19:18:38.115,*sssssssssssssssssssssssssssssssssss - Notepad,@
2025-11-13 19:18:38.148,*sssssssssssssssssssssssssssssssssss - Notepad,@
2025-11-13 19:18:38.182,*sssssssssssssssssssssssssssssssssss - Notepad,@
2025-11-13 19:18:38.214,*sssssssssssssssssssssssssssssssssss - Notepad,@
2025-11-13 19:18:38.248,*sssssssssssssssssssssssssssssssssss - Notepad,@
2025-11-13 19:18:38.281,*sssssssssssssssssssssssssssssssssss - Notepad,@
2025-11-13 19:18:38.314,*sssssssssssssssssssssssssssssssssss - Notepad,@
2025-11-13 19:18:38.348,*sssssssssssssssssssssssssssssssssss - Notepad,@
2025-11-13 19:18:38.382,*sssssssssssssssssssssssssssssssssss - Notepad,@
2025-11-13 19:18:38.416,*sssssssssssssssssssssssssssssssssss - Notepad,@
2025-11-13 19:18:38.449,*sssssssssssssssssssssssssssssssssss - Notepad,@
2025-11-13 19:18:38.483,*sssssssssssssssssssssssssssssssssss - Notepad,@
2025-11-13 19:18:38.516,*sssssssssssssssssssssssssssssssssss - Notepad,@
2025-11-13 19:18:38.550,*sssssssssssssssssssssssssssssssssss - Notepad,@
2025-11-13 19:18:38.584,*sssssssssssssssssssssssssssssssssss - Notepad,@
2025-11-13 19:18:38.617,*sssssssssssssssssssssssssssssssssss - Notepad,@
2025-11-13 19:18:38.651,*sssssssssssssssssssssssssssssssssss - Notepad,@
2025-11-13 19:18:38.684,*sssssssssssssssssssssssssssssssssss - Notepad,@
2025-11-13 19:18:38.717,*sssssssssssssssssssssssssssssssssss - Notepad,@
2025-11-13 19:18:38.751,*sssssssssssssssssssssssssssssssssss - Notepad,@
2025-11-13 19:18:38.785,*sssssssssssssssssssssssssssssssssss - Notepad,@
2025-11-13 19:18:38.819,*sssssssssssssssssssssssssssssssssss - Notepad,@
2025-11-13 19:18:38.851,*sssssssssssssssssssssssssssssssssss - Notepad,@
2025-11-13 19:18:38.885,*sssssssssssssssssssssssssssssssssss - Notepad,@
2025-11-13 19:18:38.918,*sssssssssssssssssssssssssssssssssss - Notepad,@
2025-11-13 19:18:38.951,*sssssssssssssssssssssssssssssssssss - Notepad,@
2025-11-13 19:18:38.985,*sssssssssssssssssssssssssssssssssss - Notepad,@
2025-11-13 19:18:39.018,*sssssssssssssssssssssssssssssssssss - Notepad,@
2025-11-13 19:18:39.051,*sssssssssssssssssssssssssssssssssss - Notepad,@
2025-11-13 19:18:39.084,*sssssssssssssssssssssssssssssssssss - Notepad,@
2025-11-13 19:18:39.117,*sssssssssssssssssssssssssssssssssss - Notepad,@
2025-11-13 19:18:39.150,*sssssssssssssssssssssssssssssssssss - Notepad,@
2025-11-13 19:18:39.184,*sssssssssssssssssssssssssssssssssss - Notepad,@
2025-11-13 19:18:39.217,*sssssssssssssssssssssssssssssssssss - Notepad,@
2025-11-13 19:18:39.249,*sssssssssssssssssssssssssssssssssss - Notepad,@
2025-11-13 19:18:39.283,*sssssssssssssssssssssssssssssssssss - Notepad,@
2025-11-13 19:18:39.317,*sssssssssssssssssssssssssssssssssss - Notepad,@
2025-11-13 19:18:39.350,*sssssssssssssssssssssssssssssssssss - Notepad,@
2025-11-13 19:18:39.383,*sssssssssssssssssssssssssssssssssss - Notepad,@
2025-11-13 19:18:39.417,*sssssssssssssssssssssssssssssssssss - Notepad,@
2025-11-13 19:18:39.449,*sssssssssssssssssssssssssssssssssss - Notepad,@
2025-11-13 19:18:39.483,*sssssssssssssssssssssssssssssssssss - Notepad,@
2025-11-13 19:18:39.517,*sssssssssssssssssssssssssssssssssss - Notepad,@
2025-11-13 19:18:39.551,*sssssssssssssssssssssssssssssssssss - Notepad,@
2025-11-13 19:18:39.585,*sssssssssssssssssssssssssssssssssss - Notepad,@
2025-11-13 19:18:39.619,*sssssssssssssssssssssssssssssssssss - Notepad,@
2025-11-13 19:18:39.653,*sssssssssssssssssssssssssssssssssss - Notepad,@
2025-11-13 19:18:39.686,*sssssssssssssssssssssssssssssssssss - Notepad,@
2025-11-13 19:18:39.719,*sssssssssssssssssssssssssssssssssss - Notepad,@
2025-11-13 19:18:39.752,*sssssssssssssssssssssssssssssssssss - Notepad,@
2025-11-13 19:18:39.785,*sssssssssssssssssssssssssssssssssss - Notepad,@
2025-11-13 19:18:39.818,*sssssssssssssssssssssssssssssssssss - Notepad,@
2025-11-13 19:18:39.852,*sssssssssssssssssssssssssssssssssss - Notepad,@
2025-11-13 19:18:39.885,*sssssssssssssssssssssssssssssssssss - Notepad,@
2025-11-13 19:18:39.918,*sssssssssssssssssssssssssssssssssss - Notepad,@
2025-11-13 19:18:39.952,*sssssssssssssssssssssssssssssssssss - Notepad,@
2025-11-13 19:18:39.985,*sssssssssssssssssssssssssssssssssss - Notepad,@
2025-11-13 19:18:40.019,*sssssssssssssssssssssssssssssssssss - Notepad,@
2025-11-13 19:18:40.053,*sssssssssssssssssssssssssssssssssss - Notepad,@
2025-11-13 19:18:40.085,*sssssssssssssssssssssssssssssssssss - Notepad,@
2025-11-13 19:18:40.119,*sssssssssssssssssssssssssssssssssss - Notepad,@
2025-11-13 19:18:40.153,*sssssssssssssssssssssssssssssssssss - Notepad,@
2025-11-13 19:18:40.186,*sssssssssssssssssssssssssssssssssss - Notepad,@
2025-11-13 19:18:40.220,*sssssssssssssssssssssssssssssssssss - Notepad,@
2025-11-13 19:18:40.253,*sssssssssssssssssssssssssssssssssss - Notepad,@
2025-11-13 19:18:40.287,*sssssssssssssssssssssssssssssssssss - Notepad,@
2025-11-13 19:18:40.320,*sssssssssssssssssssssssssssssssssss - Notepad,@
2025-11-13 19:18:40.353,*sssssssssssssssssssssssssssssssssss - Notepad,@
2025-11-13 19:18:40.386,*sssssssssssssssssssssssssssssssssss - Notepad,@
2025-11-13 19:18:40.420,*sssssssssssssssssssssssssssssssssss - Notepad,@
2025-11-13 19:18:40.453,*sssssssssssssssssssssssssssssssssss - Notepad,@
2025-11-13 19:18:40.486,*sssssssssssssssssssssssssssssssssss - Notepad,@
2025-11-13 19:18:40.519,*sssssssssssssssssssssssssssssssssss - Notepad,@
2025-11-13 19:18:40.552,*sssssssssssssssssssssssssssssssssss - Notepad,@
2025-11-13 19:18:40.585,*sssssssssssssssssssssssssssssssssss - Notepad,@
2025-11-13 19:18:40.619,*sssssssssssssssssssssssssssssssssss - Notepad,@
2025-11-13 19:18:40.652,*sssssssssssssssssssssssssssssssssss - Notepad,@
2025-11-13 19:18:40.685,*sssssssssssssssssssssssssssssssssss - Notepad,@
2025-11-13 19:18:40.719,*sssssssssssssssssssssssssssssssssss - Notepad,@
2025-11-13 19:18:40.753,*sssssssssssssssssssssssssssssssssss - Notepad,@
2025-11-13 19:18:40.786,*sssssssssssssssssssssssssssssssssss - Notepad,@
2025-11-13 19:18:40.819,*sssssssssssssssssssssssssssssssssss - Notepad,@
2025-11-13 19:18:40.852,*sssssssssssssssssssssssssssssssssss - Notepad,@
2025-11-13 19:18:40.886,*sssssssssssssssssssssssssssssssssss - Notepad,@
2025-11-13 19:18:40.919,*sssssssssssssssssssssssssssssssssss - Notepad,@
2025-11-13 19:18:40.952,*sssssssssssssssssssssssssssssssssss - Notepad,@
2025-11-13 19:18:40.986,*sssssssssssssssssssssssssssssssssss - Notepad,@
2025-11-13 19:18:41.019,*sssssssssssssssssssssssssssssssssss - Notepad,@
2025-11-13 19:18:41.052,*sssssssssssssssssssssssssssssssssss - Notepad,@
2025-11-13 19:18:41.085,*sssssssssssssssssssssssssssssssssss - Notepad,@
2025-11-13 19:18:41.119,*sssssssssssssssssssssssssssssssssss - Notepad,@
2025-11-13 19:18:41.152,*sssssssssssssssssssssssssssssssssss - Notepad,@
2025-11-13 19:18:41.185,*sssssssssssssssssssssssssssssssssss - Notepad,@
2025-11-13 19:18:41.219,*sssssssssssssssssssssssssssssssssss - Notepad,@
2025-11-13 19:18:41.253,*sssssssssssssssssssssssssssssssssss - Notepad,@
2025-11-13 19:18:41.286,*sssssssssssssssssssssssssssssssssss - Notepad,@
2025-11-13 19:18:41.320,*sssssssssssssssssssssssssssssssssss - Notepad,@
2025-11-13 19:18:41.354,*sssssssssssssssssssssssssssssssssss - Notepad,@
2025-11-13 19:18:41.387,*sssssssssssssssssssssssssssssssssss - Notepad,@
2025-11-13 19:18:41.421,*sssssssssssssssssssssssssssssssssss - Notepad,@
2025-11-13 19:18:41.455,*sssssssssssssssssssssssssssssssssss - Notepad,@
2025-11-13 19:18:41.488,*sssssssssssssssssssssssssssssssssss - Notepad,@
2025-11-13 19:18:41.522,*sssssssssssssssssssssssssssssssssss - Notepad,@
2025-11-13 19:18:41.555,*sssssssssssssssssssssssssssssssssss - Notepad,@
2025-11-13 19:18:41.589,*sssssssssssssssssssssssssssssssssss - Notepad,@
2025-11-13 19:18:41.622,*sssssssssssssssssssssssssssssssssss - Notepad,@
2025-11-13 19:18:41.655,*sssssssssssssssssssssssssssssssssss - Notepad,@
2025-11-13 19:18:41.688,*sssssssssssssssssssssssssssssssssss - Notepad,@
2025-11-13 19:18:41.721,*sssssssssssssssssssssssssssssssssss - Notepad,@
2025-11-13 19:18:41.755,*sssssssssssssssssssssssssssssssssss - Notepad,@
2025-11-13 19:18:41.788,*sssssssssssssssssssssssssssssssssss - Notepad,@
2025-11-13 19:18:41.821,*sssssssssssssssssssssssssssssssssss - Notepad,@
2025-11-13 19:18:41.855,*sssssssssssssssssssssssssssssssssss - Notepad,@
2025-11-13 19:18:41.888,*sssssssssssssssssssssssssssssssssss - Notepad,@
2025-11-13 19:18:41.922,*sssssssssssssssssssssssssssssssssss - Notepad,@
2025-11-13 19:18:41.955,*sssssssssssssssssssssssssssssssssss - Notepad,@
2025-11-13 19:18:41.989,*sssssssssssssssssssssssssssssssssss - Notepad,@
2025-11-13 19:18:42.022,*sssssssssssssssssssssssssssssssssss - Notepad,@
2025-11-13 19:18:42.055,*sssssssssssssssssssssssssssssssssss - Notepad,@
2025-11-13 19:18:42.088,*sssssssssssssssssssssssssssssssssss - Notepad,@
2025-11-13 19:18:42.122,*sssssssssssssssssssssssssssssssssss - Notepad,@
2025-11-13 19:18:42.155,*sssssssssssssssssssssssssssssssssss - Notepad,@
2025-11-13 19:18:42.188,*sssssssssssssssssssssssssssssssssss - Notepad,@
2025-11-13 19:18:42.221,*sssssssssssssssssssssssssssssssssss - Notepad,@
2025-11-13 19:18:42.255,*sssssssssssssssssssssssssssssssssss - Notepad,@
2025-11-13 19:18:42.288,*sssssssssssssssssssssssssssssssssss - Notepad,@
2025-11-13 19:18:42.322,*sssssssssssssssssssssssssssssssssss - Notepad,@
2025-11-13 19:18:42.355,*sssssssssssssssssssssssssssssssssss - Notepad,@
2025-11-13 19:18:42.389,*sssssssssssssssssssssssssssssssssss - Notepad,@
2025-11-13 19:18:42.423,*sssssssssssssssssssssssssssssssssss - Notepad,@
2025-11-13 19:18:42.456,*sssssssssssssssssssssssssssssssssss - Notepad,@
2025-11-13 19:18:42.490,*sssssssssssssssssssssssssssssssssss - Notepad,@
2025-11-13 19:18:42.523,*sssssssssssssssssssssssssssssssssss - Notepad,@
2025-11-13 19:18:42.556,*sssssssssssssssssssssssssssssssssss - Notepad,@
2025-11-13 19:18:42.589,*sssssssssssssssssssssssssssssssssss - Notepad,@
2025-11-13 19:18:42.623,*sssssssssssssssssssssssssssssssssss - Notepad,@
2025-11-13 19:18:42.656,*sssssssssssssssssssssssssssssssssss - Notepad,@
2025-11-13 19:18:42.689,*sssssssssssssssssssssssssssssssssss - Notepad,@
2025-11-13 19:18:42.723,*sssssssssssssssssssssssssssssssssss - Notepad,@
2025-11-13 19:18:42.755,*sssssssssssssssssssssssssssssssssss - Notepad,@
2025-11-13 19:18:42.790,*sssssssssssssssssssssssssssssssssss - Notepad,@
2025-11-13 19:18:42.823,*sssssssssssssssssssssssssssssssssss - Notepad,@
2025-11-13 19:18:42.856,*sssssssssssssssssssssssssssssssssss - Notepad,@
2025-11-13 19:18:42.889,*sssssssssssssssssssssssssssssssssss - Notepad,@
2025-11-13 19:18:42.923,*sssssssssssssssssssssssssssssssssss - Notepad,@
2025-11-13 19:18:42.956,*sssssssssssssssssssssssssssssssssss - Notepad,@
2025-11-13 19:18:42.989,*sssssssssssssssssssssssssssssssssss - Notepad,@
2025-11-13 19:18:43.022,*sssssssssssssssssssssssssssssssssss - Notepad,@
2025-11-13 19:18:43.055,*sssssssssssssssssssssssssssssssssss - Notepad,@
2025-11-13 19:18:43.089,*sssssssssssssssssssssssssssssssssss - Notepad,@
2025-11-13 19:18:43.122,*sssssssssssssssssssssssssssssssssss - Notepad,@
2025-11-13 19:18:43.155,*sssssssssssssssssssssssssssssssssss - Notepad,@
2025-11-13 19:18:43.188,*sssssssssssssssssssssssssssssssssss - Notepad,@
2025-11-13 19:18:43.221,*sssssssssssssssssssssssssssssssssss - Notepad,@
2025-11-13 19:18:43.254,*sssssssssssssssssssssssssssssssssss - Notepad,@
2025-11-13 19:18:43.288,*sssssssssssssssssssssssssssssssssss - Notepad,@
2025-11-13 19:18:43.321,*sssssssssssssssssssssssssssssssssss - Notepad,@
2025-11-13 19:18:43.355,*sssssssssssssssssssssssssssssssssss - Notepad,@
2025-11-13 19:18:43.388,*sssssssssssssssssssssssssssssssssss - Notepad,@
2025-11-13 19:18:43.421,*sssssssssssssssssssssssssssssssssss - Notepad,@
2025-11-13 19:18:43.455,*sssssssssssssssssssssssssssssssssss - Notepad,@
2025-11-13 19:18:43.488,*sssssssssssssssssssssssssssssssssss - Notepad,@
2025-11-13 19:18:43.521,*sssssssssssssssssssssssssssssssssss - Notepad,@
2025-11-13 19:18:43.555,*sssssssssssssssssssssssssssssssssss - Notepad,@
2025-11-13 19:18:43.588,*sssssssssssssssssssssssssssssssssss - Notepad,@
2025-11-13 19:18:43.622,*sssssssssssssssssssssssssssssssssss - Notepad,@
2025-11-13 19:18:43.655,*sssssssssssssssssssssssssssssssssss - Notepad,@
2025-11-13 19:18:43.689,*sssssssssssssssssssssssssssssssssss - Notepad,@
2025-11-13 19:18:43.722,*sssssssssssssssssssssssssssssssssss - Notepad,@
2025-11-13 19:18:43.755,*sssssssssssssssssssssssssssssssssss - Notepad,@
2025-11-13 19:18:43.788,*sssssssssssssssssssssssssssssssssss - Notepad,@
2025-11-13 19:18:43.821,*sssssssssssssssssssssssssssssssssss - Notepad,@
2025-11-13 19:18:43.855,*sssssssssssssssssssssssssssssssssss - Notepad,@
2025-11-13 19:18:43.888,*sssssssssssssssssssssssssssssssssss - Notepad,@
2025-11-13 19:18:43.921,*sssssssssssssssssssssssssssssssssss - Notepad,@
2025-11-13 19:18:43.955,*sssssssssssssssssssssssssssssssssss - Notepad,@
2025-11-13 19:18:43.988,*sssssssssssssssssssssssssssssssssss - Notepad,@
2025-11-13 19:18:44.021,*sssssssssssssssssssssssssssssssssss - Notepad,@
2025-11-13 19:18:44.055,*sssssssssssssssssssssssssssssssssss - Notepad,@
2025-11-13 19:18:44.088,*sssssssssssssssssssssssssssssssssss - Notepad,@
2025-11-13 19:18:44.122,*sssssssssssssssssssssssssssssssssss - Notepad,@
2025-11-13 19:18:44.155,*sssssssssssssssssssssssssssssssssss - Notepad,@
2025-11-13 19:18:44.188,*sssssssssssssssssssssssssssssssssss - Notepad,@
2025-11-13 19:18:44.222,*sssssssssssssssssssssssssssssssssss - Notepad,@
2025-11-13 19:18:44.255,*sssssssssssssssssssssssssssssssssss - Notepad,@
2025-11-13 19:18:44.289,*sssssssssssssssssssssssssssssssssss - Notepad,@
2025-11-13 19:18:44.321,*sssssssssssssssssssssssssssssssssss - Notepad,@
2025-11-13 19:18:44.355,*sssssssssssssssssssssssssssssssssss - Notepad,@
2025-11-13 19:18:44.389,*sssssssssssssssssssssssssssssssssss - Notepad,@
2025-11-13 19:18:44.422,*sssssssssssssssssssssssssssssssssss - Notepad,@
2025-11-13 19:18:44.455,*sssssssssssssssssssssssssssssssssss - Notepad,@
2025-11-13 19:18:44.489,*sssssssssssssssssssssssssssssssssss - Notepad,@
2025-11-13 19:18:44.523,*sssssssssssssssssssssssssssssssssss - Notepad,@
2025-11-13 19:18:44.556,*sssssssssssssssssssssssssssssssssss - Notepad,@
2025-11-13 19:18:44.589,*sssssssssssssssssssssssssssssssssss - Notepad,@
2025-11-13 19:18:44.623,*sssssssssssssssssssssssssssssssssss - Notepad,@
2025-11-13 19:18:44.656,*sssssssssssssssssssssssssssssssssss - Notepad,@
2025-11-13 19:18:44.689,*sssssssssssssssssssssssssssssssssss - Notepad,@
2025-11-13 19:18:44.722,*sssssssssssssssssssssssssssssssssss - Notepad,@
2025-11-13 19:18:44.756,*sssssssssssssssssssssssssssssssssss - Notepad,@
2025-11-13 19:18:44.789,*sssssssssssssssssssssssssssssssssss - Notepad,@
2025-11-13 19:18:44.823,*sssssssssssssssssssssssssssssssssss - Notepad,@
2025-11-13 19:18:44.856,*sssssssssssssssssssssssssssssssssss - Notepad,@
2025-11-13 19:18:44.889,*sssssssssssssssssssssssssssssssssss - Notepad,@
2025-11-13 19:18:44.923,*sssssssssssssssssssssssssssssssssss - Notepad,@
2025-11-13 19:18:44.956,*sssssssssssssssssssssssssssssssssss - Notepad,@
2025-11-13 19:18:44.989,*sssssssssssssssssssssssssssssssssss - Notepad,@
2025-11-13 19:18:45.022,*sssssssssssssssssssssssssssssssssss - Notepad,@
2025-11-13 19:18:45.057,*sssssssssssssssssssssssssssssssssss - Notepad,@
2025-11-13 19:18:45.090,*sssssssssssssssssssssssssssssssssss - Notepad,@
2025-11-13 19:18:45.125,*sssssssssssssssssssssssssssssssssss - Notepad,@
2025-11-13 19:18:45.157,*sssssssssssssssssssssssssssssssssss - Notepad,@
2025-11-13 19:18:45.191,*sssssssssssssssssssssssssssssssssss - Notepad,@
2025-11-13 19:18:45.225,*sssssssssssssssssssssssssssssssssss - Notepad,@
2025-11-13 19:18:45.258,*sssssssssssssssssssssssssssssssssss - Notepad,@
2025-11-13 19:18:45.292,*sssssssssssssssssssssssssssssssssss - Notepad,@
2025-11-13 19:18:45.325,*sssssssssssssssssssssssssssssssssss - Notepad,@
2025-11-13 19:18:45.358,*sssssssssssssssssssssssssssssssssss - Notepad,@
2025-11-13 19:18:45.392,*sssssssssssssssssssssssssssssssssss - Notepad,@
2025-11-13 19:18:45.425,*sssssssssssssssssssssssssssssssssss - Notepad,@
2025-11-13 19:18:45.458,*sssssssssssssssssssssssssssssssssss - Notepad,@
2025-11-13 19:18:45.492,*sssssssssssssssssssssssssssssssssss - Notepad,@
2025-11-13 19:18:45.526,*sssssssssssssssssssssssssssssssssss - Notepad,@
2025-11-13 19:18:45.560,*sssssssssssssssssssssssssssssssssss - Notepad,@
2025-11-13 19:18:45.593,*sssssssssssssssssssssssssssssssssss - Notepad,@
2025-11-13 19:18:45.626,*sssssssssssssssssssssssssssssssssss - Notepad,@
2025-11-13 19:18:45.659,*sssssssssssssssssssssssssssssssssss - Notepad,@
2025-11-13 19:18:45.692,*sssssssssssssssssssssssssssssssssss - Notepad,@
2025-11-13 19:18:45.726,*sssssssssssssssssssssssssssssssssss - Notepad,@
2025-11-13 19:18:45.759,*sssssssssssssssssssssssssssssssssss - Notepad,@
2025-11-13 19:18:45.792,*sssssssssssssssssssssssssssssssssss - Notepad,@
2025-11-13 19:18:45.825,*sssssssssssssssssssssssssssssssssss - Notepad,@
2025-11-13 19:18:45.858,*sssssssssssssssssssssssssssssssssss - Notepad,@
2025-11-13 19:18:45.891,*sssssssssssssssssssssssssssssssssss - Notepad,@
2025-11-13 19:18:45.925,*sssssssssssssssssssssssssssssssssss - Notepad,@
2025-11-13 19:18:45.958,*sssssssssssssssssssssssssssssssssss - Notepad,@
2025-11-13 19:18:45.991,*sssssssssssssssssssssssssssssssssss - Notepad,@
2025-11-13 19:18:46.025,*sssssssssssssssssssssssssssssssssss - Notepad,@
2025-11-13 19:18:46.058,*sssssssssssssssssssssssssssssssssss - Notepad,@
2025-11-13 19:18:46.091,*sssssssssssssssssssssssssssssssssss - Notepad,@
2025-11-13 19:18:46.125,*sssssssssssssssssssssssssssssssssss - Notepad,@
2025-11-13 19:18:46.158,*sssssssssssssssssssssssssssssssssss - Notepad,@
2025-11-13 19:18:46.191,*sssssssssssssssssssssssssssssssssss - Notepad,@
2025-11-13 19:18:46.224,*sssssssssssssssssssssssssssssssssss - Notepad,@
2025-11-13 19:18:46.258,*sssssssssssssssssssssssssssssssssss - Notepad,@
2025-11-13 19:18:46.292,*sssssssssssssssssssssssssssssssssss - Notepad,@
2025-11-13 19:18:46.326,*sssssssssssssssssssssssssssssssssss - Notepad,@
2025-11-13 19:18:46.360,*sssssssssssssssssssssssssssssssssss - Notepad,@
2025-11-13 19:18:46.393,*sssssssssssssssssssssssssssssssssss - Notepad,@
2025-11-13 19:18:46.427,*sssssssssssssssssssssssssssssssssss - Notepad,@
2025-11-13 19:18:46.461,*sssssssssssssssssssssssssssssssssss - Notepad,@
2025-11-13 19:18:46.493,*sssssssssssssssssssssssssssssssssss - Notepad,@
2025-11-13 19:18:46.527,*sssssssssssssssssssssssssssssssssss - Notepad,@
2025-11-13 19:18:46.560,*sssssssssssssssssssssssssssssssssss - Notepad,@
2025-11-13 19:18:46.597,*sssssssssssssssssssssssssssssssssss - Notepad,@
2025-11-13 19:18:46.629,*sssssssssssssssssssssssssssssssssss - Notepad,@
2025-11-13 19:18:46.663,*sssssssssssssssssssssssssssssssssss - Notepad,@
2025-11-13 19:18:46.697,*sssssssssssssssssssssssssssssssssss - Notepad,@
2025-11-13 19:18:46.730,*sssssssssssssssssssssssssssssssssss - Notepad,@
2025-11-13 19:18:46.762,*sssssssssssssssssssssssssssssssssss - Notepad,@
2025-11-13 19:18:46.796,*sssssssssssssssssssssssssssssssssss - Notepad,@
2025-11-13 19:18:46.829,*sssssssssssssssssssssssssssssssssss - Notepad,@
2025-11-13 19:18:46.862,*sssssssssssssssssssssssssssssssssss - Notepad,@
2025-11-13 19:18:46.895,*sssssssssssssssssssssssssssssssssss - Notepad,@
2025-11-13 19:18:46.929,*sssssssssssssssssssssssssssssssssss - Notepad,@
2025-11-13 19:18:46.962,*sssssssssssssssssssssssssssssssssss - Notepad,@
2025-11-13 19:18:46.996,*sssssssssssssssssssssssssssssssssss - Notepad,@
2025-11-13 19:18:47.029,*sssssssssssssssssssssssssssssssssss - Notepad,@
2025-11-13 19:18:47.063,*sssssssssssssssssssssssssssssssssss - Notepad,@
2025-11-13 19:18:47.096,*sssssssssssssssssssssssssssssssssss - Notepad,@
2025-11-13 19:18:47.129,*sssssssssssssssssssssssssssssssssss - Notepad,@
2025-11-13 19:18:47.163,*sssssssssssssssssssssssssssssssssss - Notepad,@
2025-11-13 19:18:47.196,*sssssssssssssssssssssssssssssssssss - Notepad,@
2025-11-13 19:18:47.230,*sssssssssssssssssssssssssssssssssss - Notepad,@
2025-11-13 19:18:47.262,*sssssssssssssssssssssssssssssssssss - Notepad,@
2025-11-13 19:18:47.295,*sssssssssssssssssssssssssssssssssss - Notepad,@
2025-11-13 19:18:47.329,*sssssssssssssssssssssssssssssssssss - Notepad,@
2025-11-13 19:18:47.362,*sssssssssssssssssssssssssssssssssss - Notepad,@
2025-11-13 19:18:47.396,*sssssssssssssssssssssssssssssssssss - Notepad,@
2025-11-13 19:18:47.430,*sssssssssssssssssssssssssssssssssss - Notepad,@
2025-11-13 19:18:47.462,*sssssssssssssssssssssssssssssssssss - Notepad,@
2025-11-13 19:18:47.496,*sssssssssssssssssssssssssssssssssss - Notepad,@
2025-11-13 19:18:47.530,*sssssssssssssssssssssssssssssssssss - Notepad,@
2025-11-13 19:18:47.563,*sssssssssssssssssssssssssssssssssss - Notepad,@
2025-11-13 19:18:47.597,*sssssssssssssssssssssssssssssssssss - Notepad,@
2025-11-13 19:18:47.630,*sssssssssssssssssssssssssssssssssss - Notepad,@
2025-11-13 19:18:47.664,*sssssssssssssssssssssssssssssssssss - Notepad,@
2025-11-13 19:18:47.697,*sssssssssssssssssssssssssssssssssss - Notepad,@
2025-11-13 19:18:47.730,*sssssssssssssssssssssssssssssssssss - Notepad,@
2025-11-13 19:18:47.765,*sssssssssssssssssssssssssssssssssss - Notepad,@
2025-11-13 19:18:47.798,*sssssssssssssssssssssssssssssssssss - Notepad,@
2025-11-13 19:18:47.832,*sssssssssssssssssssssssssssssssssss - Notepad,@
2025-11-13 19:18:47.865,*sssssssssssssssssssssssssssssssssss - Notepad,@
2025-11-13 19:18:47.898,*sssssssssssssssssssssssssssssssssss - Notepad,@
2025-11-13 19:18:47.931,*sssssssssssssssssssssssssssssssssss - Notepad,@
2025-11-13 19:18:47.965,*sssssssssssssssssssssssssssssssssss - Notepad,@
2025-11-13 19:18:47.998,*sssssssssssssssssssssssssssssssssss - Notepad,@
2025-11-13 19:18:49.603,*sssssssssssssssssssssssssssssssssss - Notepad,[ctrl_l]
2025-11-13 19:18:50.012,*sssssssssssssssssssssssssssssssssss - Notepad,
2025-11-13 19:18:52.282,*drama.txt - Notepad,[ctrl_l]
2025-11-13 19:18:52.483,*drama.txt - Notepad,
2025-11-13 19:18:54.120,ronaldo password.txt - Notepad,[ctrl_l]
2025-11-13 19:18:54.424,ronaldo password.txt - Notepad,
2025-11-13 19:18:55.067,*ddddddddddddddddddddddddddddddddddd - Notepad,[ctrl_l]
2025-11-13 19:18:55.156,*ddddddddddddddddddddddddddddddddddd - Notepad,
2025-11-13 19:18:56.982,*🔍 RUNNING KEYLOGGER DETECTION DEBU - Notepad,[ctrl_l]
2025-11-13 19:18:57.160,*🔍 RUNNING KEYLOGGER DETECTION DEBU - Notepad,
2025-11-13 19:18:59.771,*testdata@rit.edu - Notepad,[ctrl_l]
2025-11-13 19:19:00.120,*testdata@rit.edu - Notepad,
2025-11-13 19:19:01.836,*bonargo_muchahi@outlook.com - Notepad,[ctrl_l]
2025-11-13 19:19:02.004,*bonargo_muchahi@outlook.com - Notepad,
2025-11-13 19:19:03.793,*secure coding - keylogger - Notepad,[ctrl_l]
2025-11-13 19:19:03.889,*secure coding - keylogger - Notepad,
2025-11-13 19:19:04.909,*secure coding - keylogger - Notepad,[ctrl_l]
2025-11-13 19:19:05.834,*Untitled - Notepad,[ctrl_l]
2025-11-13 19:19:05.955,*Untitled - Notepad,
2025-11-13 19:19:08.352,*tesdata@hotmail.om - Notepad,[ctrl_l]
2025-11-13 19:19:08.467,*tesdata@hotmail.om - Notepad,
2025-11-13 19:19:14.571,Windows PowerShell,[up]
2025-11-13 19:19:16.992,Windows PowerShell,[cmd]
2025-11-13 19:19:17.446,Search,t
2025-11-13 19:19:17.665,Search,a
2025-11-13 19:19:17.778,Search,s
2025-11-13 19:19:17.916,Search,k
2025-11-13 19:19:18.165,Search,[enter]
2025-11-13 19:19:25.394,Windows PowerShell,[enter]
2025-11-13 19:23:11.680,Windows PowerShell,[cmd]
2025-11-13 19:23:11.886,Windows PowerShell,[shift]
2025-11-13 19:23:12.100,Windows PowerShell,S
2025-11-13 19:23:22.149,Snipping Tool,[ctrl_l]
2025-11-13 19:23:22.350,Snipping Tool,
2025-11-13 19:23:28.265,Save As,[down]
2025-11-13 19:23:28.619,Save As,[enter]
2025-11-13 19:23:29.034,Save As,[down]
2025-11-13 19:23:32.950,Save As,d
2025-11-13 19:23:33.079,Save As,e
2025-11-13 19:23:33.378,Save As,t
2025-11-13 19:23:33.599,Save As,e
2025-11-13 19:23:33.839,Save As,c
2025-11-13 19:23:34.044,Save As,t
2025-11-13 19:23:34.165,Save As,o
2025-11-13 19:23:34.257,Save As,r
2025-11-13 19:23:34.558,Save As,[space]
2025-11-13 19:23:34.747,Save As,[space]
2025-11-13 19:23:47.205,Windows PowerShell,[cmd]
2025-11-13 19:23:47.356,Windows PowerShell,[shift]
2025-11-13 19:23:47.543,Windows PowerShell,S
2025-11-13 19:23:52.929,Snipping Tool,[ctrl_l]
2025-11-13 19:23:53.428,Snipping Tool,[ctrl_l]
2025-11-13 19:23:53.461,Snipping Tool,[ctrl_l]
2025-11-13 19:23:53.494,Snipping Tool,[ctrl_l]
2025-11-13 19:23:53.527,Snipping Tool,[ctrl_l]
2025-11-13 19:23:53.561,Snipping Tool,[ctrl_l]
2025-11-13 19:23:53.594,Snipping Tool,[ctrl_l]
2025-11-13 19:23:53.627,Snipping Tool,[ctrl_l]
2025-11-13 19:23:53.661,Snipping Tool,[ctrl_l]
2025-11-13 19:23:53.693,Snipping Tool,[ctrl_l]
2025-11-13 19:23:53.727,Snipping Tool,[ctrl_l]
2025-11-13 19:23:53.760,Snipping Tool,[ctrl_l]
2025-11-13 19:23:53.776,Snipping Tool,
2025-11-13 19:23:55.929,Save As,l
2025-11-13 19:23:56.029,Save As,a
2025-11-13 19:23:56.184,Save As,b
2025-11-13 19:23:56.280,Save As,e
2025-11-13 19:23:56.415,Save As,l
2025-11-13 19:23:56.562,Save As,[space]
2025-11-13 19:23:56.754,Save As,d
2025-11-13 19:23:56.878,Save As,i
2025-11-13 19:23:56.956,Save As,s
2025-11-13 19:23:57.164,Save As,t
2025-11-13 19:23:57.343,Save As,r
2025-11-13 19:23:57.490,Save As,i
2025-11-13 19:23:57.632,Save As,b
2025-11-13 19:23:57.760,Save As,u
2025-11-13 19:23:57.851,Save As,t
2025-11-13 19:23:58.005,Save As,i
2025-11-13 19:23:58.144,Save As,o
2025-11-13 19:23:58.299,Save As,n
2025-11-13 19:24:04.888,Save As,[enter]
2025-11-13 19:24:05.641,Save As,[down]
2025-11-13 19:24:06.120,Save As,[enter]
2025-11-13 19:25:29.650,Save As,[left]
2025-11-13 19:25:30.150,Save As,[left]
2025-11-13 19:25:30.182,Save As,[left]
2025-11-13 19:25:30.216,Save As,[left]
2025-11-13 19:25:30.249,Save As,[left]
2025-11-13 19:25:30.282,Save As,[left]
2025-11-13 19:25:30.315,Save As,[left]
2025-11-13 19:25:30.349,Save As,[left]
2025-11-13 19:25:30.383,Save As,[left]
2025-11-13 19:25:30.417,Save As,[left]
2025-11-13 19:25:30.627,Save As,[left]
2025-11-13 19:25:30.787,Save As,[left]
2025-11-13 19:25:31.220,Save As,[backspace]
2025-11-13 19:27:03.293,Windows PowerShell,g
2025-11-13 19:27:03.457,Windows PowerShell,i
2025-11-13 19:27:03.504,Windows PowerShell,t
2025-11-13 19:27:03.627,Windows PowerShell,[space]
2025-11-13 19:27:03.745,Windows PowerShell,a
2025-11-13 19:27:03.861,Windows PowerShell,d
2025-11-13 19:27:04.047,Windows PowerShell,d
2025-11-13 19:27:04.427,Windows PowerShell,[space]
2025-11-13 19:27:04.549,Windows PowerShell,.
2025-11-13 19:27:04.761,Windows PowerShell,[enter]
2025-11-13 19:27:05.566,Windows PowerShell,g
2025-11-13 19:27:05.779,Windows PowerShell,i
2025-11-13 19:27:05.844,Windows PowerShell,t
2025-11-13 19:27:05.951,Windows PowerShell,[space]
2025-11-13 19:27:06.078,Windows PowerShell,c
2025-11-13 19:27:06.164,Windows PowerShell,o
2025-11-13 19:27:06.320,Windows PowerShell,m
2025-11-13 19:27:06.433,Windows PowerShell,m
2025-11-13 19:27:06.574,Windows PowerShell,i
2025-11-13 19:27:06.648,Windows PowerShell,t
2025-11-13 19:27:06.741,Windows PowerShell,[space]
2025-11-13 19:27:07.494,Windows PowerShell,-
2025-11-13 19:27:07.804,Windows PowerShell,m
2025-11-13 19:27:08.017,Windows PowerShell,[space]
2025-11-13 19:27:08.211,Windows PowerShell,[shift_r]
2025-11-13 19:27:08.317,Windows PowerShell,""""
2025-11-13 19:27:08.451,Windows PowerShell,[space]
2025-11-13 19:27:09.166,Windows PowerShell,[backspace]
2025-11-13 19:27:11.927,Windows PowerShell,m
2025-11-13 19:27:12.122,Windows PowerShell,o
2025-11-13 19:27:12.170,Windows PowerShell,r
2025-11-13 19:27:12.370,Windows PowerShell,e
2025-11-13 19:27:12.464,Windows PowerShell,[space]
2025-11-13 19:27:12.579,Windows PowerShell,d
2025-11-13 19:27:12.681,Windows PowerShell,a
2025-11-13 19:27:12.792,Windows PowerShell,t
2025-11-13 19:27:12.869,Windows PowerShell,a
2025-11-13 19:27:13.541,Windows PowerShell,[space]
2025-11-13 19:27:13.693,Windows PowerShell,n
2025-11-13 19:27:13.811,Windows PowerShell,e
2025-11-13 19:27:13.942,Windows PowerShell,e
2025-11-13 19:27:14.075,Windows PowerShell,d
2025-11-13 19:27:14.805,Windows PowerShell,e
2025-11-13 19:27:14.891,Windows PowerShell,d
2025-11-13 19:27:16.494,Windows PowerShell,[left]
2025-11-13 19:27:16.993,Windows PowerShell,[left]
2025-11-13 19:27:17.027,Windows PowerShell,[left]
2025-11-13 19:27:17.061,Windows PowerShell,[left]
2025-11-13 19:27:17.095,Windows PowerShell,[left]
2025-11-13 19:27:17.127,Windows PowerShell,[left]
2025-11-13 19:27:17.161,Windows PowerShell,[left]
2025-11-13 19:27:17.195,Windows PowerShell,[left]
2025-11-13 19:27:17.228,Windows PowerShell,[left]
2025-11-13 19:27:17.261,Windows PowerShell,[left]
2025-11-13 19:27:17.295,Windows PowerShell,[left]
2025-11-13 19:27:17.328,Windows PowerShell,[left]
2025-11-13 19:27:17.874,Windows PowerShell,[backspace]
2025-11-13 19:27:18.033,Windows PowerShell,[backspace]
2025-11-13 19:27:18.188,Windows PowerShell,[backspace]
2025-11-13 19:27:18.382,Windows PowerShell,[backspace]
2025-11-13 19:27:19.161,Windows PowerShell,b
2025-11-13 19:27:19.334,Windows PowerShell,e
2025-11-13 19:27:19.434,Windows PowerShell,t
2025-11-13 19:27:19.553,Windows PowerShell,t
2025-11-13 19:27:19.589,Windows PowerShell,e
2025-11-13 19:27:19.760,Windows PowerShell,r
2025-11-13 19:27:19.873,Windows PowerShell,[space]
2025-11-13 19:27:20.134,Windows PowerShell,q
2025-11-13 19:27:20.350,Windows PowerShell,u
2025-11-13 19:27:20.507,Windows PowerShell,a
2025-11-13 19:27:20.631,Windows PowerShell,l
2025-11-13 19:27:22.475,Windows PowerShell,i
2025-11-13 19:27:22.608,Windows PowerShell,t
2025-11-13 19:27:22.739,Windows PowerShell,y
2025-11-13 19:27:23.344,Windows PowerShell,[right]
2025-11-13 19:27:23.843,Windows PowerShell,[right]
2025-11-13 19:27:23.877,Windows PowerShell,[right]
2025-11-13 19:27:23.909,Windows PowerShell,[right]
2025-11-13 19:27:23.942,Windows PowerShell,[right]
2025-11-13 19:27:23.976,Windows PowerShell,[right]
2025-11-13 19:27:24.009,Windows PowerShell,[right]
2025-11-13 19:27:24.043,Windows PowerShell,[right]
2025-11-13 19:27:24.076,Windows PowerShell,[right]
2025-11-13 19:27:24.108,Windows PowerShell,[right]
2025-11-13 19:27:24.141,Windows PowerShell,[right]
2025-11-13 19:27:24.176,Windows PowerShell,[right]
2025-11-13 19:27:24.520,Windows PowerShell,[right]
2025-11-13 19:27:25.184,Windows PowerShell,[shift_r]
2025-11-13 19:27:25.303,Windows PowerShell,""""
2025-11-13 19:27:25.755,Windows PowerShell,[enter]
2025-11-13 19:27:26.677,Windows PowerShell,g
2025-11-13 19:27:26.816,Windows PowerShell,i
2025-11-13 19:27:26.912,Windows PowerShell,t
2025-11-13 19:27:26.982,Windows PowerShell,[space]
2025-11-13 19:27:27.135,Windows PowerShell,p
2025-11-13 19:27:27.386,Windows PowerShell,u
2025-11-13 19:27:27.529,Windows PowerShell,s
2025-11-13 19:27:28.168,Windows PowerShell,h
2025-11-13 19:27:28.444,Windows PowerShell,[enter]
2025-11-13 19:28:24.170,Windows PowerShell,[ctrl_l]
2025-11-13 19:28:24.671,Windows PowerShell,[ctrl_l]
2025-11-13 19:28:24.704,Windows PowerShell,[ctrl_l]
2025-11-13 19:28:24.737,Windows PowerShell,[ctrl_l]
2025-11-13 19:28:24.770,Windows PowerShell,[ctrl_l]
2025-11-13 19:28:24.803,Windows PowerShell,[ctrl_l]
2025-11-13 19:28:24.836,Windows PowerShell,[ctrl_l]
2025-11-13 19:28:24.870,Windows PowerShell,[ctrl_l]
2025-11-13 19:28:24.904,Windows PowerShell,[ctrl_l]
2025-11-13 19:28:24.937,Windows PowerShell,[ctrl_l]
2025-11-13 19:28:24.971,Windows PowerShell,[ctrl_l]
2025-11-13 19:28:25.004,Windows PowerShell,[ctrl_l]
2025-11-13 19:28:25.037,Windows PowerShell,[ctrl_l]
2025-11-13 19:28:25.070,Windows PowerShell,[ctrl_l]
2025-11-13 19:28:25.104,Windows PowerShell,[ctrl_l]
2025-11-13 19:28:25.138,Windows PowerShell,[ctrl_l]
2025-11-13 19:28:25.172,Windows PowerShell,[ctrl_l]
2025-11-13 19:28:25.205,Windows PowerShell,[ctrl_l]
2025-11-13 19:28:25.238,Windows PowerShell,[ctrl_l]
2025-11-13 19:28:25.272,Windows PowerShell,[ctrl_l]
2025-11-13 19:28:25.305,Windows PowerShell,[ctrl_l]
2025-11-13 19:28:25.339,Windows PowerShell,[ctrl_l]
2025-11-13 19:28:25.373,Windows PowerShell,[ctrl_l]
2025-11-13 19:28:25.406,Windows PowerShell,[ctrl_l]
2025-11-13 19:28:25.440,Windows PowerShell,[ctrl_l]
2025-11-13 19:28:25.474,Windows PowerShell,[ctrl_l]
2025-11-13 19:28:25.488,Windows PowerShell,
2025-11-13 19:50:11.576,Windows PowerShell,g
2025-11-13 19:50:11.690,Windows PowerShell,i
2025-11-13 19:50:11.791,Windows PowerShell,t
2025-11-13 19:50:11.904,Windows PowerShell,[space]
2025-11-13 19:50:12.033,Windows PowerShell,p
2025-11-13 19:50:12.248,Windows PowerShell,u
2025-11-13 19:50:12.475,Windows PowerShell,l
2025-11-13 19:50:12.614,Windows PowerShell,l
2025-11-13 19:50:12.912,Windows PowerShell,[enter]
2025-11-13 19:50:29.028,Windows PowerShell,p
2025-11-13 19:50:30.025,Windows PowerShell,y
2025-11-13 19:50:30.424,Windows PowerShell,t
2025-11-13 19:50:30.533,Windows PowerShell,h
2025-11-13 19:50:30.782,Windows PowerShell,o
2025-11-13 19:50:31.025,Windows PowerShell,n
2025-11-13 19:50:31.271,Windows PowerShell,[space]
2025-11-13 19:50:31.789,Windows PowerShell,p
2025-11-13 19:50:31.959,Windows PowerShell,l
2025-11-13 19:50:32.124,Windows PowerShell,[tab]
2025-11-13 19:50:43.228,Windows PowerShell,[enter]
2025-11-13 19:52:08.652,feature_importance.png - Keylogger_CSCI642 - Visual Studio Code,[down]
2025-11-13 19:52:09.487,feature_importance.png - Keylogger_CSCI642 - Visual Studio Code,[enter]
2025-11-13 19:52:11.436,involuntary_ctx_switches_boxplot.png - Keylogger_CSCI642 - Visual Studio Code,[down]
2025-11-13 19:52:14.301,involuntary_ctx_switches_boxplot.png - Keylogger_CSCI642 - Visual Studio Code,[down]
2025-11-13 20:01:54.073,Windows PowerShell,g
2025-11-13 20:01:54.198,Windows PowerShell,i
2025-11-13 20:01:54.295,Windows PowerShell,t
2025-11-13 20:01:54.412,Windows PowerShell,[space]
2025-11-13 20:01:54.536,Windows PowerShell,p
2025-11-13 20:01:54.765,Windows PowerShell,u
2025-11-13 20:01:55.001,Windows PowerShell,l
2025-11-13 20:01:55.119,Windows PowerShell,l
2025-11-13 20:01:55.752,Windows PowerShell,[enter]
2025-11-13 20:02:07.029,Windows PowerShell,p
2025-11-13 20:02:07.312,Windows PowerShell,y
2025-11-13 20:02:07.466,Windows PowerShell,t
2025-11-13 20:02:07.526,Windows PowerShell,h
2025-11-13 20:02:07.686,Windows PowerShell,o
2025-11-13 20:02:07.863,Windows PowerShell,n
2025-11-13 20:02:07.988,Windows PowerShell,[space]
2025-11-13 20:02:08.135,Windows PowerShell,[tab]
2025-11-13 20:02:08.852,Windows PowerShell,[backspace]
2025-11-13 20:02:09.352,Windows PowerShell,[backspace]
2025-11-13 20:02:09.385,Windows PowerShell,[backspace]
2025-11-13 20:02:09.419,Windows PowerShell,[backspace]
2025-11-13 20:02:09.452,Windows PowerShell,[backspace]
2025-11-13 20:02:09.486,Windows PowerShell,[backspace]
2025-11-13 20:02:09.629,Windows PowerShell,[backspace]
2025-11-13 20:02:10.311,Windows PowerShell,m
2025-11-13 20:02:10.461,Windows PowerShell,e
2025-11-13 20:02:10.749,Windows PowerShell,r
2025-11-13 20:02:10.876,Windows PowerShell,g
2025-11-13 20:02:10.960,Windows PowerShell,[tab]
2025-11-13 20:02:11.721,Windows PowerShell,[enter]
2025-11-13 20:02:55.577,training_model.py - Keylogger_CSCI642 - Visual Studio Code,[ctrl_l]
2025-11-13 20:02:56.030,training_model.py - Keylogger_CSCI642 - Visual Studio Code,
2025-11-13 20:02:59.729,training_model.py - Keylogger_CSCI642 - Visual Studio Code,l
2025-11-13 20:02:59.842,training_model.py - Keylogger_CSCI642 - Visual Studio Code,a
2025-11-13 20:03:00.007,training_model.py - Keylogger_CSCI642 - Visual Studio Code,b
2025-11-13 20:03:00.156,training_model.py - Keylogger_CSCI642 - Visual Studio Code,e
2025-11-13 20:03:00.378,training_model.py - Keylogger_CSCI642 - Visual Studio Code,l
2025-11-13 20:03:01.268,training_model.py - Keylogger_CSCI642 - Visual Studio Code,e
2025-11-13 20:03:01.385,training_model.py - Keylogger_CSCI642 - Visual Studio Code,d
2025-11-13 20:03:02.012,training_model.py - Keylogger_CSCI642 - Visual Studio Code,[shift]
2025-11-13 20:03:02.381,training_model.py - Keylogger_CSCI642 - Visual Studio Code,_
2025-11-13 20:03:03.133,training_model.py - Keylogger_CSCI642 - Visual Studio Code,b
2025-11-13 20:03:03.339,training_model.py - Keylogger_CSCI642 - Visual Studio Code,e
2025-11-13 20:03:03.444,training_model.py - Keylogger_CSCI642 - Visual Studio Code,h
2025-11-13 20:03:07.646,training_model.py - Keylogger_CSCI642 - Visual Studio Code,[ctrl_l]
2025-11-13 20:03:07.899,training_model.py - Keylogger_CSCI642 - Visual Studio Code,
2025-11-13 20:03:09.053,training_model.py - Keylogger_CSCI642 - Visual Studio Code,[ctrl_l]
2025-11-13 20:03:09.236,training_model.py - Keylogger_CSCI642 - Visual Studio Code,
2025-11-13 20:03:09.655,training_model.py - Keylogger_CSCI642 - Visual Studio Code,
2025-11-13 20:03:17.668,training_model.py - Keylogger_CSCI642 - Visual Studio Code,c
2025-11-13 20:03:17.792,training_model.py - Keylogger_CSCI642 - Visual Studio Code,o
2025-11-13 20:03:17.997,training_model.py - Keylogger_CSCI642 - Visual Studio Code,m
2025-11-13 20:03:18.280,training_model.py - Keylogger_CSCI642 - Visual Studio Code,b
2025-11-13 20:03:18.482,training_model.py - Keylogger_CSCI642 - Visual Studio Code,i
2025-11-13 20:03:18.653,training_model.py - Keylogger_CSCI642 - Visual Studio Code,n
2025-11-13 20:03:18.787,training_model.py - Keylogger_CSCI642 - Visual Studio Code,e
2025-11-13 20:03:18.987,training_model.py - Keylogger_CSCI642 - Visual Studio Code,d
2025-11-13 20:03:24.328,training_model.py - Keylogger_CSCI642 - Visual Studio Code,[shift]
2025-11-13 20:03:24.588,training_model.py - Keylogger_CSCI642 - Visual Studio Code,_
2025-11-13 20:03:24.801,training_model.py - Keylogger_CSCI642 - Visual Studio Code,d
2025-11-13 20:03:24.933,training_model.py - Keylogger_CSCI642 - Visual Studio Code,a
2025-11-13 20:03:25.068,training_model.py - Keylogger_CSCI642 - Visual Studio Code,t
2025-11-13 20:03:25.152,training_model.py - Keylogger_CSCI642 - Visual Studio Code,a
2025-11-13 20:03:25.369,training_model.py - Keylogger_CSCI642 - Visual Studio Code,s
2025-11-13 20:03:25.542,training_model.py - Keylogger_CSCI642 - Visual Studio Code,e
2025-11-13 20:03:25.774,training_model.py - Keylogger_CSCI642 - Visual Studio Code,t
2025-11-13 20:03:26.129,training_model.py - Keylogger_CSCI642 - Visual Studio Code,.
2025-11-13 20:03:26.347,training_model.py - Keylogger_CSCI642 - Visual Studio Code,c
2025-11-13 20:03:26.433,training_model.py - Keylogger_CSCI642 - Visual Studio Code,s
2025-11-13 20:03:26.597,training_model.py - Keylogger_CSCI642 - Visual Studio Code,v
2025-11-13 20:03:27.998,training_model.py - Keylogger_CSCI642 - Visual Studio Code,[enter]
2025-11-13 20:03:35.453,● training_model.py - Keylogger_CSCI642 - Visual Studio Code,[delete]
2025-11-13 20:03:35.644,● training_model.py - Keylogger_CSCI642 - Visual Studio Code,[delete]
2025-11-13 20:03:35.818,● training_model.py - Keylogger_CSCI642 - Visual Studio Code,[delete]
2025-11-13 20:03:36.300,● training_model.py - Keylogger_CSCI642 - Visual Studio Code,[delete]
2025-11-13 20:03:36.631,● training_model.py - Keylogger_CSCI642 - Visual Studio Code,[ctrl_l]
2025-11-13 20:03:36.822,● training_model.py - Keylogger_CSCI642 - Visual Studio Code,
2025-11-13 20:04:00.750,Windows PowerShell,[up]
2025-11-13 20:04:01.122,Windows PowerShell,[up]
2025-11-13 20:04:01.328,Windows PowerShell,[up]
2025-11-13 20:04:01.580,Windows PowerShell,[up]
2025-11-13 20:04:01.895,Windows PowerShell,[up]
2025-11-13 20:04:02.240,Windows PowerShell,[up]
2025-11-13 20:04:02.506,Windows PowerShell,[up]
2025-11-13 20:04:02.788,Windows PowerShell,[up]
2025-11-13 20:04:03.056,Windows PowerShell,[up]
2025-11-13 20:04:03.628,Windows PowerShell,[down]
2025-11-13 20:04:04.397,Windows PowerShell,[enter]
2025-11-13 20:06:12.902,Windows PowerShell,[up]
2025-11-13 20:06:13.600,Windows PowerShell,[up]
2025-11-13 20:06:14.632,Windows PowerShell,[up]
2025-11-13 20:06:15.054,Windows PowerShell,[down]
2025-11-13 20:06:15.939,Windows PowerShell,[down]
2025-11-13 20:06:16.805,Windows PowerShell,[down]
2025-11-13 20:06:17.339,Windows PowerShell,[up]
2025-11-13 20:06:17.524,Windows PowerShell,[up]
2025-11-13 20:06:17.682,Windows PowerShell,[up]
2025-11-13 20:06:17.823,Windows PowerShell,[up]
2025-11-13 20:06:17.947,Windows PowerShell,[up]
2025-11-13 20:06:18.173,Windows PowerShell,[up]
2025-11-13 20:06:18.442,Windows PowerShell,[up]
2025-11-13 20:06:18.642,Windows PowerShell,[up]
2025-11-13 20:06:18.829,Windows PowerShell,[up]
2025-11-13 20:06:19.407,Windows PowerShell,[down]
2025-11-13 20:06:20.180,Windows PowerShell,[enter]
2025-11-13 20:06:34.598,Windows PowerShell,[esc]
