memory_percent,num_threads,cpu_percent,num_handles,open_files,name,cmdline,exe,pid,nice,read_count,write_count,read_bytes,write_bytes,cpu_times_user,cpu_times_system,voluntary_ctx_switches,involuntary_ctx_switches,memory_rss,memory_vms,label
0.0018121911823545,111,0.0,4863,[],System,[],,4,,163,2697,260064,296211880,0.0,269.546875,2045720,0,0.1484375,0.19140625,benign
0.3544741331168877,4,0.0,0,,Registry,,Registry,92,,4,4654,16384,98545664,0.0,2.75,6584,0,29.03515625,5.08984375,benign
0.2419752120859799,3,0.0,273,,RuntimeBroker.exe,,C:\Windows\System32\RuntimeBroker.exe,276,,13,0,4874,0,0.015625,0.078125,152,0,19.8203125,3.140625,benign
0.0146405971837595,2,0.0,59,,smss.exe,,C:\Windows\System32\smss.exe,300,,22,13,16804,65684,0.03125,0.1875,1213,0,1.19921875,1.03515625,benign
0.0631882451742064,11,0.0,518,,csrss.exe,,C:\Windows\System32\csrss.exe,416,,247,0,189401,0,0.0625,0.484375,11901,0,5.17578125,1.71484375,benign
0.328245050214387,9,0.0,527,,sihost.exe,,C:\Windows\System32\sihost.exe,464,,122,0,499712,0,1.109375,1.28125,4068,0,26.88671875,5.609375,benign
0.1301439404380447,1,0.0,231,,svchost.exe,,C:\Windows\System32\svchost.exe,504,,4,40,16384,196608,0.21875,0.203125,59,0,10.66015625,2.3359375,benign
0.0848868501208206,1,0.0,164,,wininit.exe,,C:\Windows\System32\wininit.exe,508,,2,0,9732,0,0.109375,0.078125,288,0,6.953125,1.3828125,benign
0.0656203964978928,5,0.0,36,,fontdrvhost.exe,,C:\Windows\System32\fontdrvhost.exe,580,,1,0,1846,0,0.09375,0.125,5421,0,5.375,1.75390625,benign
0.3187548911278458,13,0.0,301,"[popenfile(path='C:\\Users\\sctest13\\AppData\\Local\\Microsoft\\Edge\\User Data\\Default\\Cookies-journal', fd=-1), popenfile(path='C:\\Users\\sctest13\\AppData\\Local\\Microsoft\\Edge\\User Data\\Safe Browsing Cookies-journal', fd=-1), popenfile(path='C:\\Program Files (x86)\\Microsoft\\Edge\\Application\\92.0.902.67\\Locales\\en-US.pak', fd=-1), popenfile(path='C:\\Users\\sctest13\\AppData\\Local\\Microsoft\\Edge\\User Data\\Default\\Reporting and NEL', fd=-1), popenfile(path='C:\\Program Files (x86)\\Microsoft\\Edge\\Application\\92.0.902.67\\resources.pak', fd=-1), popenfile(path='C:\\Program Files (x86)\\Microsoft\\Edge\\Application\\92.0.902.67\\msedge_100_percent.pak', fd=-1), popenfile(path='C:\\Users\\sctest13\\AppData\\Local\\Microsoft\\Edge\\User Data\\Default\\Cache\\data_1', fd=-1), popenfile(path='C:\\Users\\sctest13\\AppData\\Local\\Microsoft\\Edge\\User Data\\Safe Browsing Cookies', fd=-1), popenfile(path='C:\\Users\\sctest13\\AppData\\Local\\Microsoft\\Edge\\User Data\\Default\\Cache\\data_0', fd=-1), popenfile(path='C:\\Users\\sctest13\\AppData\\Local\\Microsoft\\Edge\\User Data\\Default\\Cookies', fd=-1), popenfile(path='C:\\Users\\sctest13\\AppData\\Local\\Microsoft\\Edge\\User Data\\Default\\Cache\\data_2', fd=-1), popenfile(path='C:\\Program Files (x86)\\Microsoft\\Edge\\Application\\92.0.902.67\\icudtl.dat', fd=-1), popenfile(path='C:\\Users\\sctest13\\AppData\\Local\\Microsoft\\Edge\\User Data\\Default\\Cache\\index', fd=-1), popenfile(path='C:\\Users\\sctest13\\AppData\\Local\\Microsoft\\Edge\\User Data\\Default\\Reporting and NEL-journal', fd=-1), popenfile(path='C:\\Program Files (x86)\\Microsoft\\Edge\\Application\\92.0.902.67\\v8_context_snapshot.bin', fd=-1), popenfile(path='C:\\Users\\sctest13\\AppData\\Local\\Microsoft\\Edge\\User Data\\Default\\Cache\\data_3', fd=-1), popenfile(path='C:\\Program Files (x86)\\Microsoft\\Edge\\Application\\92.0.902.67\\msedge_200_percent.pak', fd=-1)]",msedge.exe,"['C:\\Program Files (x86)\\Microsoft\\Edge\\Application\\msedge.exe', '--type=utility', '--utility-sub-type=network.mojom.NetworkService', '--field-trial-handle=2152,16853155897898354280,12150533147287318553,131072', '--lang=en-US', '--service-sandbox-type=none', '--mojo-platform-channel-handle=2480', '/prefetch:3']",C:\Program Files (x86)\Microsoft\Edge\Application\msedge.exe,632,32.0,702,1020,897335,896836,0.265625,0.1875,3592,0,26.109375,7.796875,benign
0.1267103150398991,10,0.0,687,,services.exe,,C:\Windows\System32\services.exe,648,,3,1099,8308,2073912,1.78125,2.96875,13846,0,10.37890625,5.47265625,benign
0.2154599937336336,9,0.0,1261,,lsass.exe,,C:\Windows\System32\lsass.exe,664,,615,180,191622,703586,2.84375,3.453125,58548,0,17.6484375,5.7578125,benign
0.2205150533475701,13,0.0,355,,WmiPrvSE.exe,,C:\Windows\System32\wbem\WmiPrvSE.exe,692,,1452,1450,1034256,141696,2.96875,3.28125,41534,0,18.0625,9.4921875,benign
1.035905706923858,25,0.0,782,"[popenfile(path='C:\\Windows\\System32\\en-US\\combase.dll.mui', fd=-1), popenfile(path='C:\\Windows\\System32\\WinMetadata\\Windows.Foundation.winmd', fd=-1), popenfile(path='C:\\Windows\\System32\\WinMetadata\\Windows.UI.winmd', fd=-1), popenfile(path='C:\\Windows\\System32\\WinMetadata\\Windows.UI.Xaml.winmd', fd=-1), popenfile(path='C:\\Program Files\\WindowsApps\\Microsoft.BingWeather_4.25.20211.0_x64__8wekyb3d8bbwe\\Microsoft.Msn.Shell\\Themes\\Glyphs\\Font\\MSNMDL2.ttf', fd=-1), popenfile(path='C:\\Windows\\System32\\en-US\\KernelBase.dll.mui', fd=-1), popenfile(path='C:\\Windows\\System32\\en-US\\windows.storage.dll.mui', fd=-1), popenfile(path='C:\\Windows\\System32\\WinMetadata\\Windows.ApplicationModel.winmd', fd=-1), popenfile(path='C:\\Program Files\\WindowsApps\\Microsoft.BingWeather_4.25.20211.0_x64__8wekyb3d8bbwe\\Images\\fre_background.jpg', fd=-1), popenfile(path='C:\\Windows\\Fonts\\segoeuil.ttf', fd=-1), popenfile(path='C:\\Windows\\Fonts\\segoeui.ttf', fd=-1), popenfile(path='C:\\Windows\\System32\\en-US\\windows.ui.xaml.dll.mui', fd=-1), popenfile(path='C:\\Windows\\System32\\en-US\\Windows.Security.Authentication.Web.Core.dll.mui', fd=-1)]",Microsoft.Msn.Weather.exe,"['C:\\Program Files\\WindowsApps\\Microsoft.BingWeather_4.25.20211.0_x64__8wekyb3d8bbwe\\Microsoft.Msn.Weather.exe', '-ServerName:App.AppX2m6wj6jceb8yq7ppx1b3drf7yy51ha6f.mca']",C:\Program Files\WindowsApps\Microsoft.BingWeather_4.25.20211.0_x64__8wekyb3d8bbwe\Microsoft.Msn.Weather.exe,704,32.0,52,41,176476,87785,0.703125,0.5,3986,0,84.8515625,36.83203125,benign
0.8717116479542032,13,0.0,283,"[popenfile(path='C:\\Program Files (x86)\\Microsoft\\Edge\\Application\\92.0.902.67\\Locales\\en-US.pak', fd=-1), popenfile(path='C:\\Windows\\Fonts\\seguisli.ttf', fd=-1), popenfile(path='C:\\Users\\sctest13\\AppData\\Local\\Temp\\b4ac86b5-d0ae-49fa-99b0-53ca910c99ee.tmp', fd=-1), popenfile(path='C:\\Windows\\Fonts\\segoeuii.ttf', fd=-1), popenfile(path='C:\\Windows\\Fonts\\seguili.ttf', fd=-1), popenfile(path='C:\\Windows\\Fonts\\seguisbi.ttf', fd=-1), popenfile(path='C:\\Windows\\Fonts\\seguibli.ttf', fd=-1), popenfile(path='C:\\Program Files (x86)\\Microsoft\\Edge\\Application\\92.0.902.67\\msedge_100_percent.pak', fd=-1), popenfile(path='C:\\Windows\\Fonts\\seguibl.ttf', fd=-1), popenfile(path='C:\\Windows\\Fonts\\segoeuib.ttf', fd=-1), popenfile(path='C:\\Windows\\Fonts\\segoeuisl.ttf', fd=-1), popenfile(path='C:\\Windows\\Fonts\\segoeuil.ttf', fd=-1), popenfile(path='C:\\Windows\\Fonts\\segoeui.ttf', fd=-1), popenfile(path='C:\\Windows\\Fonts\\segoeuiz.ttf', fd=-1), popenfile(path='C:\\Program Files (x86)\\Microsoft\\Edge\\Application\\92.0.902.67\\resources.pak', fd=-1), popenfile(path='C:\\Program Files (x86)\\Microsoft\\Edge\\Application\\92.0.902.67\\icudtl.dat', fd=-1), popenfile(path='C:\\Program Files (x86)\\Microsoft\\Edge\\Application\\92.0.902.67\\v8_context_snapshot.bin', fd=-1), popenfile(path='C:\\Windows\\Fonts\\seguisb.ttf', fd=-1), popenfile(path='C:\\Program Files (x86)\\Microsoft\\Edge\\Application\\92.0.902.67\\msedge_200_percent.pak', fd=-1)]",msedge.exe,"['C:\\Program Files (x86)\\Microsoft\\Edge\\Application\\msedge.exe', '--type=renderer', '--field-trial-handle=2152,16853155897898354280,12150533147287318553,131072', '--lang=en-US', '--disable-client-side-phishing-detection', '--instant-process', '--device-scale-factor=1', '--num-raster-threads=1', '--renderer-client-id=10', '--no-v8-untrusted-code-mitigations', '--mojo-platform-channel-handle=4596', '/prefetch:1']",C:\Program Files (x86)\Microsoft\Edge\Application\msedge.exe,728,64.0,732,1094,493908,787864,1.765625,0.21875,8020,0,71.40234375,22.78125,benign
0.3824677179601022,20,0.0,2166,,svchost.exe,,C:\Windows\System32\svchost.exe,772,,75,6,611328,135168,3.484375,6.71875,40477,0,31.328125,13.16796875,benign
0.0402974091865693,5,0.0,36,,fontdrvhost.exe,,C:\Windows\System32\fontdrvhost.exe,800,,0,0,0,0,0.0,0.03125,1549,0,3.30078125,1.2265625,benign
0.233915730248666,13,0.0,1632,,svchost.exe,,C:\Windows\System32\svchost.exe,884,,73,0,299008,0,13.984375,9.71875,38128,0,19.16015625,10.6171875,benign
0.1948582413447603,9,0.0,313,,svchost.exe,,C:\Windows\System32\svchost.exe,900,,13,12,4739,12605,0.53125,0.125,375,0,15.9609375,4.08203125,benign
0.1032948973942121,4,0.0,371,,svchost.exe,,C:\Windows\System32\svchost.exe,936,,0,0,0,0,0.53125,0.703125,6864,0,8.4609375,2.5,benign
0.1269010720064628,2,0.0,205,,svchost.exe,,C:\Windows\System32\svchost.exe,992,,0,0,0,0,0.25,0.09375,182,0,10.39453125,2.8203125,benign
0.0789733841573478,2,0.0,232,,svchost.exe,,C:\Windows\System32\svchost.exe,1044,,0,0,0,0,0.4375,0.25,127482,0,6.46875,2.01171875,benign
0.5472340478294481,5,0.0,564,,RuntimeBroker.exe,,C:\Windows\System32\RuntimeBroker.exe,1052,,952,8,1924326,15520,2.96875,4.390625,1030,0,44.82421875,22.203125,benign
0.1681999552674913,5,0.0,355,,svchost.exe,,C:\Windows\System32\svchost.exe,1056,,4,0,44961,0,0.078125,0.078125,566,0,13.77734375,3.66796875,benign
0.1477889598451816,4,0.0,303,,svchost.exe,,C:\Windows\System32\svchost.exe,1076,,0,0,0,0,0.21875,0.078125,143,0,12.10546875,2.30859375,benign
0.2074958903796016,3,0.0,291,,svchost.exe,,C:\Windows\System32\svchost.exe,1084,,43,83,121331,163224,0.078125,0.140625,75,0,16.99609375,3.98046875,benign
0.0903234236678844,12,0.0,254,,svchost.exe,,C:\Windows\System32\svchost.exe,1088,,2,0,824,0,41.71875,60.9375,252044,0,7.3984375,2.3828125,benign
0.1857972854329873,7,0.0,413,,svchost.exe,,C:\Windows\System32\svchost.exe,1092,,1,44,6,2252972,0.703125,0.78125,2037,0,15.21875,5.640625,benign
0.1842712297004781,2,0.0,288,,svchost.exe,,C:\Windows\System32\svchost.exe,1124,,109,179,761130,1809790,0.359375,0.90625,87,0,15.09375,3.40625,benign
0.2368724632304024,8,0.0,466,,svchost.exe,,C:\Windows\System32\svchost.exe,1180,,1391,1299,13128832,34473288,1.703125,2.03125,4368,0,19.40234375,17.85546875,benign
0.1250888808241082,8,0.0,334,,svchost.exe,,C:\Windows\System32\svchost.exe,1240,,0,2,0,937984,1.109375,1.140625,4393,0,10.24609375,2.96875,benign
0.1170293989867943,1,0.0,163,,SecurityHealthSystray.exe,,C:\Windows\System32\SecurityHealthSystray.exe,1272,,1,0,5045,0,0.046875,0.046875,423,0,9.5859375,1.69140625,benign
0.0980490808137119,4,0.0,149,,svchost.exe,,C:\Windows\System32\svchost.exe,1316,,0,0,0,0,0.171875,0.140625,223,0,8.03125,3.94140625,benign
0.0735844998519249,3,0.0,129,,svchost.exe,,C:\Windows\System32\svchost.exe,1356,,0,0,0,0,0.03125,0.015625,143,0,6.02734375,1.41796875,benign
0.0881774077940435,1,0.0,124,,svchost.exe,,C:\Windows\System32\svchost.exe,1376,,0,0,0,0,0.046875,0.015625,65,0,7.22265625,1.37890625,benign
0.1202245781767353,7,0.0,384,,svchost.exe,,C:\Windows\System32\svchost.exe,1388,,0,0,0,0,0.15625,0.09375,377,0,9.84765625,2.40625,benign
0.0838853760463615,6,0.0,223,,svchost.exe,,C:\Windows\System32\svchost.exe,1408,,0,0,0,0,11.140625,9.9375,83499,0,6.87109375,1.9453125,benign
0.5349779127277341,19,0.0,656,"[popenfile(path='C:\\Windows\\System32\\en-US\\propsys.dll.mui', fd=-1), popenfile(path='C:\\Users\\sctest13\\AppData\\Local\\Microsoft\\Windows\\Explorer\\iconcache_idx.db', fd=-1), popenfile(path='C:\\Windows\\System32\\en-US\\oleaccrc.dll.mui', fd=-1), popenfile(path='C:\\Windows\\SystemResources\\Taskmgr.exe.mun', fd=-1), popenfile(path='C:\\Users\\sctest13\\AppData\\Local\\Microsoft\\Windows\\Explorer\\iconcache_16.db', fd=-1), popenfile(path='C:\\Windows\\System32\\en-US\\Taskmgr.exe.mui', fd=-1), popenfile(path='C:\\Windows\\Fonts\\StaticCache.dat', fd=-1), popenfile(path='C:\\Windows\\Registration\\R000000000006.clb', fd=-1)]",Taskmgr.exe,"['C:\\Windows\\system32\\taskmgr.exe', '/7']",C:\Windows\System32\Taskmgr.exe,1436,32.0,382,16,875017,197616,5.1875,7.34375,93901,0,43.8203125,21.2109375,benign
0.1371542589592586,3,0.0,145,,svchost.exe,,C:\Windows\System32\svchost.exe,1476,,0,0,0,0,0.03125,0.015625,88,0,11.234375,1.5859375,benign
0.1368204342677722,4,0.0,313,,svchost.exe,,C:\Windows\System32\svchost.exe,1496,,0,0,0,0,0.234375,0.8125,758,0,11.20703125,3.484375,benign
0.205111428297556,6,0.0,301,,taskhostw.exe,,C:\Windows\System32\taskhostw.exe,1508,,29,124,2087646,3321856,0.34375,0.546875,986,0,16.80078125,5.5546875,benign
0.1086360924579941,7,0.0,450,,svchost.exe,,C:\Windows\System32\svchost.exe,1524,,34,0,714,0,0.59375,0.15625,242,0,8.8984375,3.0,benign
0.1718243376322005,6,0.0,241,,svchost.exe,,C:\Windows\System32\svchost.exe,1556,,1,640,49756,7937463,1.984375,33.84375,11877,0,14.07421875,2.96484375,benign
0.0698170497622929,3,0.0,305,,svchost.exe,,C:\Windows\System32\svchost.exe,1580,,0,0,0,0,0.03125,0.1875,1730,0,5.71875,1.2578125,benign
0.5277768372399566,10,0.0,535,,ShellExperienceHost.exe,,C:\Windows\SystemApps\ShellExperienceHost_cw5n1h2txyewy\ShellExperienceHost.exe,1648,,4,0,13882,0,0.46875,0.375,33206,0,43.23046875,14.421875,benign
0.1215121877010399,5,0.0,371,,svchost.exe,,C:\Windows\System32\svchost.exe,1712,,1,1,116,160,0.125,0.09375,344,0,9.953125,3.49609375,benign
0.0520289626302333,154,0.0,0,,MemCompression,,MemCompression,1732,,0,0,0,0,0.0,1.84375,10016,0,4.26171875,0.1328125,benign
0.0986690409550438,2,0.0,169,,svchost.exe,,C:\Windows\System32\svchost.exe,1756,,468,0,9412,0,0.140625,0.09375,548,0,8.08203125,1.77734375,benign
0.0952831047985391,2,0.0,173,,svchost.exe,,C:\Windows\System32\svchost.exe,1804,,0,0,0,0,0.078125,0.15625,235,0,7.8046875,1.65625,benign
0.1147880046296715,8,0.0,242,,svchost.exe,,C:\Windows\System32\svchost.exe,1812,,0,0,0,0,0.296875,0.171875,1440,0,9.40234375,2.24609375,benign
0.109732945015735,9,0.0,417,,svchost.exe,,C:\Windows\System32\svchost.exe,1916,,0,0,0,0,0.125,0.1875,182,0,8.98828125,2.62109375,benign
0.1703936603829732,12,0.0,395,,svchost.exe,,C:\Windows\System32\svchost.exe,1944,,0,0,0,0,1.09375,0.71875,3298,0,13.95703125,3.359375,benign
0.2430720646437208,1,0.0,247,,RuntimeBroker.exe,,C:\Windows\System32\RuntimeBroker.exe,2016,,0,0,0,0,0.046875,0.03125,77,0,19.91015625,2.94140625,benign
0.1681999552674913,5,0.0,241,,svchost.exe,,C:\Windows\System32\svchost.exe,2076,,0,0,0,0,0.09375,0.109375,1799,0,13.77734375,2.4921875,benign
0.3339677592112962,14,0.0,275,,svchost.exe,,C:\Windows\System32\svchost.exe,2152,,95005,2358,386483140,4869712,37.640625,12.234375,83178,0,27.35546875,18.77734375,benign
0.1703459711413323,5,0.0,238,,dllhost.exe,,C:\Windows\System32\dllhost.exe,2240,,87,202,6086828,5087232,0.0625,0.078125,663,0,13.953125,5.4921875,benign
0.2380646942714252,7,0.0,481,,spoolsv.exe,,C:\Windows\System32\spoolsv.exe,2260,,326,872,134500,100148,0.5,0.484375,612,0,19.5,6.390625,benign
0.0908003160842935,6,0.0,193,,svchost.exe,,C:\Windows\System32\svchost.exe,2268,,0,0,0,0,72.875,125.3125,1018783,0,7.4375,2.1484375,benign
0.1548946568496773,3,0.0,280,,svchost.exe,,C:\Windows\System32\svchost.exe,2284,,0,16,0,3008,0.359375,0.109375,243,0,12.6875,2.81640625,benign
0.2306251725754431,14,0.0,404,,svchost.exe,,C:\Windows\System32\svchost.exe,2316,,1,2,116,32928,1.140625,2.609375,4019,0,18.890625,10.12890625,benign
0.5469956016212435,11,0.0,747,"[popenfile(path='C:\\Windows\\System32\\en-US\\combase.dll.mui', fd=-1), popenfile(path='C:\\Windows\\System32\\WinMetadata\\Windows.Foundation.winmd', fd=-1), popenfile(path='C:\\Windows\\System32\\WinMetadata\\Windows.UI.winmd', fd=-1), popenfile(path='C:\\Windows\\System32\\en-US\\KernelBase.dll.mui', fd=-1), popenfile(path='C:\\Windows\\System32\\en-US\\ApplicationFrame.dll.mui', fd=-1), popenfile(path='C:\\Windows\\Fonts\\StaticCache.dat', fd=-1), popenfile(path='C:\\Windows\\Registration\\R000000000006.clb', fd=-1)]",ApplicationFrameHost.exe,"['C:\\Windows\\system32\\ApplicationFrameHost.exe', '-Embedding']",C:\Windows\System32\ApplicationFrameHost.exe,2336,32.0,65,0,29316,0,0.453125,0.40625,8641,0,44.8046875,27.484375,benign
1.4606737822194478,50,0.0,2110,,explorer.exe,,C:\Windows\explorer.exe,2380,,1576,35,1197828,231212,5.890625,7.40625,169596,0,119.64453125,55.2734375,benign
0.0989074871632483,5,0.0,187,,svchost.exe,,C:\Windows\System32\svchost.exe,2392,,3398,3082,160188,302700,0.3125,0.421875,2890,0,8.1015625,2.0078125,benign
0.0893219495934253,4,0.0,129,,vm3dservice.exe,,C:\Windows\System32\vm3dservice.exe,2448,,1,0,4333,0,0.0,0.03125,9093,0,7.31640625,1.6875,benign
0.1021026663531893,5,0.0,198,,svchost.exe,,C:\Windows\System32\svchost.exe,2468,,0,0,0,0,0.03125,0.046875,121,0,8.36328125,1.8359375,benign
2.4087835952823893,13,97.7,556,,HxTsr.exe,,C:\Program Files\WindowsApps\microsoft.windowscommunicationsapps_16005.11629.20316.0_x64__8wekyb3d8bbwe\HxTsr.exe,2504,,16,4783,411234,313540213,732.671875,320.765625,7783685,0,197.3046875,188.5625,benign
0.3892872795147524,10,0.0,628,,sihost.exe,,C:\Windows\System32\sihost.exe,2580,,155,0,618487,0,2.125,2.125,8403,0,31.88671875,6.4375,benign
0.252562223730262,10,0.0,479,,ctfmon.exe,['ctfmon.exe'],C:\Windows\System32\ctfmon.exe,2636,128.0,0,0,0,0,1.140625,1.359375,38188,0,20.6875,4.11328125,benign
1.7653603470632249,88,0.0,3162,"[popenfile(path='C:\\Windows\\System32\\en-US\\propsys.dll.mui', fd=-1), popenfile(path='C:\\Windows\\System32\\en-US\\shell32.dll.mui', fd=-1), popenfile(path='C:\\Windows\\System32\\en-US\\ieframe.dll.mui', fd=-1), popenfile(path='C:\\Users\\sctest13\\AppData\\Local\\Microsoft\\Windows\\Explorer\\iconcache_32.db', fd=-1), popenfile(path='C:\\Windows\\System32\\en-US\\combase.dll.mui', fd=-1), popenfile(path='C:\\Windows\\System32\\en-US\\twext.dll.mui', fd=-1), popenfile(path='C:\\Users\\sctest13\\AppData\\Local\\Microsoft\\Windows\\Explorer\\iconcache_16.db', fd=-1), popenfile(path='C:\\Windows\\System32\\en-US\\mpr.dll.mui', fd=-1), popenfile(path='C:\\Windows\\System32\\en-US\\stobject.dll.mui', fd=-1), popenfile(path='C:\\Windows\\SystemResources\\stobject.dll.mun', fd=-1), popenfile(path='C:\\Windows\\Fonts\\StaticCache.dat', fd=-1), popenfile(path='C:\\Windows\\System32\\en-US\\winnlsres.dll.mui', fd=-1), popenfile(path='C:\\Windows\\en-US\\explorer.exe.mui', fd=-1), popenfile(path='C:\\Windows\\System32\\en-US\\themeui.dll.mui', fd=-1), popenfile(path='C:\\Windows\\SystemResources\\SndVolSSO.dll.mun', fd=-1), popenfile(path='C:\\Windows\\System32\\en-US\\UIRibbon.dll.mui', fd=-1), popenfile(path='C:\\Users\\sctest13\\AppData\\Local\\Microsoft\\GameDVR\\KnownGameList.bin', fd=-1), popenfile(path='C:\\Program Files\\Windows Defender\\en-US\\shellext.dll.mui', fd=-1), popenfile(path='C:\\Users\\sctest13\\AppData\\Local\\Microsoft\\Windows\\Explorer\\thumbcache_32.db', fd=-1), popenfile(path='C:\\Windows\\System32\\en-US\\dui70.dll.mui', fd=-1), popenfile(path='C:\\Windows\\System32\\en-US\\hcproviders.dll.mui', fd=-1), popenfile(path='C:\\Windows\\System32\\en-US\\crypt32.dll.mui', fd=-1), popenfile(path='C:\\Windows\\System32\\en-US\\imapi2.dll.mui', fd=-1), popenfile(path='C:\\Windows\\System32\\en-US\\oleaccrc.dll.mui', fd=-1), popenfile(path='C:\\Windows\\System32\\en-US\\NetworkExplorer.dll.mui', fd=-1), popenfile(path='C:\\Windows\\System32\\en-US\\ApplicationFrame.dll.mui', fd=-1), popenfile(path='C:\\Windows\\System32\\en-US\\wscui.cpl.mui', fd=-1), popenfile(path='C:\\Users\\sctest13\\AppData\\Local\\Microsoft\\Windows\\Explorer\\thumbcache_idx.db', fd=-1), popenfile(path='C:\\Users\\sctest13\\AppData\\Local\\Microsoft\\Windows\\Explorer\\thumbcache_256.db', fd=-1), popenfile(path='C:\\Windows\\System32\\en-US\\sndvolsso.dll.mui', fd=-1), popenfile(path='C:\\Users\\sctest13\\AppData\\Local\\Microsoft\\Windows\\Explorer\\iconcache_idx.db', fd=-1), popenfile(path='C:\\Windows\\System32\\WinMetadata\\Windows.UI.winmd', fd=-1), popenfile(path='C:\\Windows\\SystemResources\\ExplorerFrame.dll.mun', fd=-1), popenfile(path='C:\\Windows\\System32\\en-US\\dsreg.dll.mui', fd=-1), popenfile(path='C:\\Windows\\System32\\en-US\\windows.storage.dll.mui', fd=-1), popenfile(path='C:\\Windows\\System32\\en-US\\pnidui.dll.mui', fd=-1), popenfile(path='C:\\Windows\\SystemResources\\zipfldr.dll.mun', fd=-1), popenfile(path='C:\\Windows\\System32\\en-US\\twinui.pcshell.dll.mui', fd=-1), popenfile(path='C:\\Users\\sctest13\\AppData\\Local\\Microsoft\\Windows\\Explorer\\iconcache_48.db', fd=-1), popenfile(path='C:\\Windows\\Fonts\\segoeui.ttf', fd=-1), popenfile(path='C:\\Windows\\System32\\en-US\\ActionCenter.dll.mui', fd=-1), popenfile(path='C:\\Windows\\System32\\en-US\\explorerframe.dll.mui', fd=-1), popenfile(path='C:\\Windows\\SystemResources\\imageres.dll.mun', fd=-1), popenfile(path='C:\\Windows\\System32\\en-US\\ole32.dll.mui', fd=-1), popenfile(path='C:\\Windows\\SystemResources\\shell32.dll.mun', fd=-1), popenfile(path='C:\\Windows\\System32\\en-US\\zipfldr.dll.mui', fd=-1), popenfile(path='C:\\Windows\\System32\\en-US\\KernelBase.dll.mui', fd=-1), popenfile(path='C:\\Users\\sctest13\\AppData\\Local\\Microsoft\\Windows\\Explorer\\thumbcache_16.db', fd=-1), popenfile(path='C:\\Windows\\System32\\en-US\\bthprops.cpl.mui', fd=-1), popenfile(path='C:\\Windows\\System32\\en-US\\InputSwitch.dll.mui', fd=-1), popenfile(path='C:\\Windows\\System32\\en-US\\ntshrui.dll.mui', fd=-1), popenfile(path='C:\\Windows\\Registration\\R000000000006.clb', fd=-1), popenfile(path='C:\\Users\\sctest13\\AppData\\Local\\Microsoft\\Windows\\Explorer\\thumbcache_48.db', fd=-1)]",explorer.exe,['C:\\Windows\\Explorer.EXE'],C:\Windows\explorer.exe,2652,32.0,3616,477,17265101,10375395,16.40625,17.796875,273444,0,144.6015625,73.421875,benign
0.4205237327895488,13,0.0,470,,OneDrive.exe,,C:\Users\sctest1\AppData\Local\Microsoft\OneDrive\OneDrive.exe,2692,,32,1093,24740,199153,0.75,1.296875,1353,0,34.4453125,8.6796875,benign
0.1199384427268899,5,0.0,193,,svchost.exe,,C:\Windows\System32\svchost.exe,2708,,38,0,540672,0,0.15625,0.0625,287,0,9.82421875,2.4921875,benign
0.3437440537476829,16,0.0,510,,svchost.exe,,C:\Windows\System32\svchost.exe,2720,,79,109,1859131,202086,1.59375,1.359375,6498,0,28.15625,12.8984375,benign
0.3751712639890429,13,0.0,349,,svchost.exe,,C:\Windows\System32\svchost.exe,2736,,317,1071,47057728,5609046,1.34375,1.0,11149,0,30.73046875,25.57421875,benign
0.1693921863085141,7,0.0,165,"[popenfile(path='C:\\Windows\\Registration\\R000000000006.clb', fd=-1)]",RuntimeBroker.exe,"['C:\\Windows\\System32\\RuntimeBroker.exe', '-Embedding']",C:\Windows\System32\RuntimeBroker.exe,2744,32.0,1,0,7657,0,0.0,0.03125,91,0,13.875,2.5,benign
0.2633876815827487,21,0.0,424,,svchost.exe,,C:\Windows\System32\svchost.exe,2776,,10061,6490,82138772,54432532,8.171875,3.484375,16834,0,21.57421875,11.828125,benign
0.1117835824062942,6,0.0,213,,svchost.exe,,C:\Windows\System32\svchost.exe,2848,,1569,1062,105156,212960,0.0625,0.21875,4180,0,9.15625,2.359375,benign
0.067098762988761,3,0.0,128,,svchost.exe,,C:\Windows\System32\svchost.exe,2868,,1,0,512,0,0.015625,0.03125,163,0,5.49609375,1.2265625,benign
0.2101664879114926,12,0.0,310,,vmtoolsd.exe,,C:\Program Files\VMware\VMware Tools\vmtoolsd.exe,2884,,1501,760,19424,167232,0.3125,0.5625,72642,0,17.21484375,6.0390625,benign
0.0770658144917113,3,0.0,124,,vm3dservice.exe,,C:\Windows\System32\vm3dservice.exe,2892,,0,0,0,0,0.03125,0.046875,5233,0,6.3125,1.53515625,benign
0.1299054942298402,2,0.0,167,,VGAuthService.exe,,C:\Program Files\VMware\VMware Tools\VMware VGAuth\VGAuthService.exe,2900,,30,22,32424,2280,0.0625,0.09375,347,0,10.640625,2.45703125,benign
1.8339851657844952,24,0.0,683,,MsMpEng.exe,,C:\Program Files\Windows Defender\MsMpEng.exe,2908,,1886,5351,163300589,11168580,82.0625,23.15625,332650,0,150.22265625,144.3515625,benign
0.1506980035852771,1,0.0,153,,svchost.exe,,C:\Windows\System32\svchost.exe,2920,,0,0,0,0,0.125,0.015625,45,0,12.34375,1.84765625,benign
0.0657634642228155,4,0.0,106,,svchost.exe,,C:\Windows\System32\svchost.exe,2940,,0,0,0,0,0.03125,0.171875,68,0,5.38671875,1.3125,benign
0.0933755351329027,4,0.0,144,,SkypeBackgroundHost.exe,,C:\Program Files\WindowsApps\Microsoft.SkypeApp_14.53.77.0_x64__kzf8qxf38zg5c\SkypeBackgroundHost.exe,3000,,0,0,0,0,0.03125,0.015625,237,0,7.6484375,1.82421875,benign
0.128951709397022,5,0.0,373,,svchost.exe,,C:\Windows\System32\svchost.exe,3076,,1,1,116,160,0.1875,0.09375,456,0,10.5625,2.64453125,benign
0.1249935023408264,9,0.0,230,,msdtc.exe,,C:\Windows\System32\msdtc.exe,3208,,1,9,116,5075104,0.015625,0.171875,8660,0,10.23828125,2.67578125,benign
0.3107907877738137,17,0.0,525,"[popenfile(path='C:\\Users\\sctest13\\AppData\\Local\\Comms\\UnistoreDB\\store.vol', fd=-1), popenfile(path='C:\\Users\\sctest13\\AppData\\Local\\Comms\\UnistoreDB\\USS.jtx', fd=-1), popenfile(path='C:\\Users\\sctest13\\AppData\\Local\\Comms\\UnistoreDB\\store.jfm', fd=-1), popenfile(path='C:\\Windows\\System32\\en-US\\svchost.exe.mui', fd=-1), popenfile(path='C:\\Users\\sctest13\\AppData\\Local\\Comms\\UnistoreDB\\tmp.edb', fd=-1), popenfile(path='C:\\Users\\sctest13\\AppData\\Local\\Comms\\UnistoreDB\\USStmp.jtx', fd=-1), popenfile(path='C:\\Windows\\System32\\en-US\\ESENT.dll.mui', fd=-1), popenfile(path='C:\\Windows\\Registration\\R000000000006.clb', fd=-1), popenfile(path='C:\\Windows\\System32\\en-US\\UserDataAccessRes.dll.mui', fd=-1)]",svchost.exe,"['C:\\Windows\\system32\\svchost.exe', '-k', 'UnistackSvcGroup']",C:\Windows\System32\svchost.exe,3356,32.0,9,125,3167625,14548996,0.625,0.234375,3514,0,25.45703125,8.3125,benign
0.0891311926268617,4,0.0,129,,vm3dservice.exe,,C:\Windows\System32\vm3dservice.exe,3448,,1,0,4333,0,0.09375,0.0625,7058,0,7.30078125,1.6875,benign
1.6063167261907885,58,0.0,2107,,explorer.exe,,C:\Windows\explorer.exe,3476,,4633,583,35856023,18868655,19.203125,22.734375,164974,0,131.57421875,66.12890625,benign
0.0432064529266649,3,0.0,211,,MicrosoftEdgeUpdate.exe,,C:\Program Files (x86)\Microsoft\EdgeUpdate\MicrosoftEdgeUpdate.exe,3488,,0,25,0,1886,0.1875,0.03125,971,0,3.5390625,1.85546875,benign
0.2658198329064351,7,0.0,382,,svchost.exe,,C:\Windows\System32\svchost.exe,3620,,0,0,0,0,1.921875,1.328125,3785,0,21.7734375,3.8515625,benign
0.0824070095554933,10,0.0,500,,csrss.exe,,C:\Windows\System32\csrss.exe,3700,,23883,0,1435161,0,0.328125,2.484375,115724,0,6.75,1.72265625,benign
0.6323116549168324,13,0.0,539,,HxAccounts.exe,,C:\Program Files\WindowsApps\microsoft.windowscommunicationsapps_16005.11629.20316.0_x64__8wekyb3d8bbwe\HxAccounts.exe,3712,,0,1,0,65536,0.375,0.34375,6188,0,51.79296875,16.421875,benign
0.097476809914021,3,0.0,191,,svchost.exe,,C:\Windows\System32\svchost.exe,3768,,297,0,6066,0,0.109375,0.078125,274,0,7.984375,1.73828125,benign
0.2397338177288571,4,0.0,270,"[popenfile(path='C:\\Windows\\System32\\en-US\\propsys.dll.mui', fd=-1), popenfile(path='C:\\Windows\\System32\\en-US\\user32.dll.mui', fd=-1), popenfile(path='C:\\Windows\\Fonts\\StaticCache.dat', fd=-1), popenfile(path='C:\\Windows\\System32\\en-US\\Conhost.exe.mui', fd=-1), popenfile(path='C:\\Windows\\Registration\\R000000000006.clb', fd=-1)]",conhost.exe,"['\\??\\C:\\Windows\\system32\\conhost.exe', '0x4']",C:\Windows\System32\conhost.exe,3824,32.0,17,0,7350,0,0.28125,0.546875,49028,0,19.63671875,9.3671875,benign
0.168343022992414,10,0.0,268,,dllhost.exe,,C:\Windows\System32\dllhost.exe,3836,,4281,7,2094377,3745,0.234375,0.1875,7674,0,13.7890625,3.8203125,benign
0.029805776025569,38,0.0,963,,SkypeApp.exe,,C:\Program Files\WindowsApps\Microsoft.SkypeApp_14.53.77.0_x64__kzf8qxf38zg5c\SkypeApp.exe,3852,,13,58,28563724,28487787,22.75,4.828125,7585,0,2.44140625,112.4921875,benign
0.4075045698215802,13,0.0,463,"[popenfile(path='C:\\Users\\sctest13\\AppData\\Local\\Microsoft\\OneDrive\\19.043.0304.0013\\en\\FileSync.LocalizedResources.dll.mui', fd=-1), popenfile(path='C:\\Users\\sctest13\\AppData\\Local\\Temp\\aria-debug-10140.log', fd=-1), popenfile(path='C:\\Users\\sctest13\\AppData\\Local\\Microsoft\\OneDrive\\logs\\Personal\\TraceCurrent.0304.0013.etl', fd=-1), popenfile(path='C:\\Users\\sctest13\\AppData\\Local\\Microsoft\\OneDrive\\setup\\logs\\Update_2025-11-13_162509_1018-2938.log', fd=-1), popenfile(path='C:\\Users\\sctest13\\AppData\\Local\\Temp\\aria-debug-9768.log', fd=-1), popenfile(path='C:\\Windows\\System32\\en-US\\KernelBase.dll.mui', fd=-1), popenfile(path='C:\\Users\\sctest13\\AppData\\Local\\Microsoft\\OneDrive\\logs\\Personal\\SyncEngine-2025-11-13.1625.4120.1.aodl', fd=-1), popenfile(path='C:\\Windows\\Registration\\R000000000006.clb', fd=-1), popenfile(path='C:\\Users\\sctest13\\AppData\\Local\\Temp\\aria-debug-4120.log', fd=-1)]",OneDrive.exe,"['', '/setautostart', '/background']",C:\Users\sctest13\AppData\Local\Microsoft\OneDrive\OneDrive.exe,4120,32.0,27,759,320,230445,0.421875,0.359375,1428,0,33.37890625,8.65234375,benign
0.6557747618041603,32,0.0,687,,svchost.exe,,C:\Windows\System32\svchost.exe,4204,,59686,15332,244075876,45935180,8.03125,8.0,87134,0,53.71484375,27.6328125,benign
0.160903501296432,1,0.0,214,,RuntimeBroker.exe,,C:\Windows\System32\RuntimeBroker.exe,4216,,165,0,30497,0,0.078125,0.078125,91,0,13.1796875,2.19140625,benign
0.0985259732301211,4,0.0,142,"[popenfile(path='C:\\Windows\\System32\\en-US\\rundll32.exe.mui', fd=-1)]",rundll32.exe,"['rundll32.exe', 'AppXDeploymentExtensions.OneCore.dll,ShellRefresh']",C:\Windows\System32\rundll32.exe,4220,32.0,0,0,0,0,0.03125,0.015625,131,0,8.0703125,2.08984375,benign
0.5058397860851377,8,0.0,414,"[popenfile(path='C:\\Windows\\System32\\en-US\\KernelBase.dll.mui', fd=-1), popenfile(path='C:\\Windows\\Fonts\\segoeui.ttf', fd=-1), popenfile(path='C:\\Windows\\System32\\en-US\\windows.storage.dll.mui', fd=-1)]",GameBar.exe,"['C:\\Program Files\\WindowsApps\\Microsoft.XboxGamingOverlay_2.34.28001.0_x64__8wekyb3d8bbwe\\GameBar.exe', '-ServerName:App.AppXbdkk0yrkwpcgeaem8zk81k8py1eaahny.mca']",C:\Program Files\WindowsApps\Microsoft.XboxGamingOverlay_2.34.28001.0_x64__8wekyb3d8bbwe\GameBar.exe,4244,32.0,2,0,8192,0,0.203125,0.171875,2481,0,41.43359375,11.546875,benign
0.0747767308929476,2,0.0,106,,svchost.exe,,C:\Windows\System32\svchost.exe,4252,,0,0,0,0,0.0625,0.0,56,0,6.125,1.234375,benign
0.3625813041958425,5,0.0,342,,LogonUI.exe,,C:\Windows\System32\LogonUI.exe,4284,,1,0,33607,0,0.203125,0.0625,463,0,29.69921875,11.73046875,benign
0.2212303919721838,3,0.0,294,,svchost.exe,,C:\Windows\System32\svchost.exe,4392,,15,1691,17205,3445755,0.34375,0.265625,109,0,18.12109375,4.37890625,benign
1.311835659058166,28,0.0,1158,"[popenfile(path='C:\\Windows\\System32\\en-US\\user32.dll.mui', fd=-1), popenfile(path='C:\\Users\\sctest13\\AppData\\Local\\Microsoft\\Edge\\User Data\\Default\\GPUCache\\index', fd=-1), popenfile(path='C:\\Users\\sctest13\\AppData\\Local\\Microsoft\\Edge\\User Data\\Default\\data_reduction_proxy_leveldb\\LOCK', fd=-1), popenfile(path='C:\\Users\\sctest13\\AppData\\Local\\Microsoft\\Edge\\User Data\\Default\\Site Characteristics Database\\MANIFEST-000001', fd=-1), popenfile(path='C:\\Users\\sctest13\\AppData\\Local\\Microsoft\\Edge\\User Data\\Default\\Site Characteristics Database\\LOG', fd=-1), popenfile(path='C:\\Users\\sctest13\\AppData\\Local\\Microsoft\\Edge\\User Data\\ShaderCache\\GPUCache\\data_2', fd=-1), popenfile(path='C:\\Program Files (x86)\\Microsoft\\Edge\\Application\\92.0.902.67\\msedge_100_percent.pak', fd=-1), popenfile(path='C:\\Users\\sctest13\\AppData\\Local\\Microsoft\\Edge\\User Data\\Default\\load_statistics.db-shm', fd=-1), popenfile(path='C:\\Users\\sctest13\\AppData\\Local\\Microsoft\\Edge\\User Data\\Default\\shared_proto_db\\metadata\\000003.log', fd=-1), popenfile(path='C:\\Windows\\Fonts\\segoeuib.ttf', fd=-1), popenfile(path='C:\\Users\\sctest13\\AppData\\Local\\Microsoft\\Edge\\User Data\\ShaderCache\\GPUCache\\data_1', fd=-1), popenfile(path='C:\\Users\\sctest13\\AppData\\Local\\Microsoft\\Edge\\User Data\\Default\\Sync Data\\LevelDB\\MANIFEST-000001', fd=-1), popenfile(path='C:\\Users\\sctest13\\AppData\\Local\\Microsoft\\Edge\\User Data\\Default\\Sessions\\Session_13407524564278052', fd=-1), popenfile(path='C:\\Users\\sctest13\\AppData\\Local\\Microsoft\\Edge\\User Data\\Default\\Top Sites', fd=-1), popenfile(path='C:\\Users\\sctest13\\AppData\\Local\\Microsoft\\Edge\\User Data\\Default\\Extension State\\000003.log', fd=-1), popenfile(path='C:\\Users\\sctest13\\AppData\\Local\\Microsoft\\Edge\\User Data\\Default\\Sync Data\\LevelDB\\LOG', fd=-1), popenfile(path='C:\\Users\\sctest13\\AppData\\Local\\Microsoft\\Edge\\User Data\\GrShaderCache\\GPUCache\\index', fd=-1), popenfile(path='C:\\Users\\sctest13\\AppData\\Local\\Microsoft\\Edge\\User Data\\Default\\shared_proto_db\\metadata\\MANIFEST-000001', fd=-1), popenfile(path='C:\\Windows\\System32\\en-US\\KernelBase.dll.mui', fd=-1), popenfile(path='C:\\Program Files (x86)\\Microsoft\\Edge\\Application\\92.0.902.67\\icudtl.dat', fd=-1), popenfile(path='C:\\Users\\sctest13\\AppData\\Local\\Microsoft\\Edge\\User Data\\Default\\data_reduction_proxy_leveldb\\000003.log', fd=-1), popenfile(path='C:\\Users\\sctest13\\AppData\\Local\\Microsoft\\Edge\\User Data\\GrShaderCache\\GPUCache\\data_3', fd=-1), popenfile(path='C:\\Users\\sctest13\\AppData\\Local\\Microsoft\\Edge\\User Data\\Default\\shared_proto_db\\metadata\\LOCK', fd=-1), popenfile(path='C:\\Users\\sctest13\\AppData\\Local\\Microsoft\\Edge\\User Data\\SmartScreen\\local\\warnStateCache', fd=-1), popenfile(path='C:\\Users\\sctest13\\AppData\\Local\\Microsoft\\Edge\\User Data\\Default\\Site Characteristics Database\\LOCK', fd=-1), popenfile(path='C:\\Windows\\System32\\en-US\\combase.dll.mui', fd=-1), popenfile(path='C:\\Users\\sctest13\\AppData\\Local\\Microsoft\\Edge\\User Data\\Default\\Top Sites-journal', fd=-1), popenfile(path='C:\\Windows\\System32\\en-US\\propsys.dll.mui', fd=-1), popenfile(path='C:\\Program Files (x86)\\Microsoft\\Edge\\Application\\92.0.902.67\\Locales\\en-US.pak', fd=-1), popenfile(path='C:\\Users\\sctest13\\AppData\\Local\\Microsoft\\Edge\\User Data\\Default\\Login Data', fd=-1), popenfile(path='C:\\Users\\sctest13\\AppData\\Local\\Microsoft\\Edge\\User Data\\Default\\History-journal', fd=-1), popenfile(path='C:\\Users\\sctest13\\AppData\\Local\\Microsoft\\Edge\\User Data\\Default\\GPUCache\\data_3', fd=-1), popenfile(path='C:\\Users\\sctest13\\AppData\\Local\\Microsoft\\Edge\\User Data\\BrowserMetrics\\BrowserMetrics-691605D1-112C.pma', fd=-1), popenfile(path='C:\\Users\\sctest13\\AppData\\Local\\Microsoft\\Edge\\User Data\\lockfile', fd=-1), popenfile(path='C:\\Users\\sctest13\\AppData\\Local\\Microsoft\\Edge\\User Data\\Default\\shared_proto_db\\LOCK', fd=-1), popenfile(path='C:\\Users\\sctest13\\AppData\\Local\\Microsoft\\Edge\\User Data\\Default\\Sessions\\Tabs_13407524592592426', fd=-1), popenfile(path='C:\\Users\\sctest13\\AppData\\Local\\Microsoft\\Edge\\User Data\\Default\\GPUCache\\data_0', fd=-1), popenfile(path='C:\\Users\\sctest13\\AppData\\Local\\Microsoft\\Edge\\User Data\\Default\\GPUCache\\data_2', fd=-1), popenfile(path='C:\\Users\\sctest13\\AppData\\Local\\Microsoft\\Edge\\User Data\\Default\\Network Action Predictor-journal', fd=-1), popenfile(path='C:\\Users\\sctest13\\AppData\\Local\\Microsoft\\Edge\\User Data\\Default\\Network Action Predictor', fd=-1), popenfile(path='C:\\Users\\sctest13\\AppData\\Local\\Microsoft\\Edge\\User Data\\SmartScreen\\local\\cache', fd=-1), popenfile(path='C:\\Users\\sctest13\\AppData\\Local\\Microsoft\\Edge\\User Data\\Default\\load_statistics.db-wal', fd=-1), popenfile(path='C:\\Users\\sctest13\\AppData\\Local\\Microsoft\\Edge\\User Data\\Functional SAN Data', fd=-1), popenfile(path='C:\\Users\\sctest13\\AppData\\Local\\Microsoft\\Edge\\User Data\\ShaderCache\\GPUCache\\data_3', fd=-1), popenfile(path='C:\\Users\\sctest13\\AppData\\Local\\Microsoft\\Edge\\User Data\\Default\\Local Storage\\leveldb\\LOCK', fd=-1), popenfile(path='C:\\Program Files (x86)\\Microsoft\\Edge\\Application\\92.0.902.67\\v8_context_snapshot.bin', fd=-1), popenfile(path='C:\\Users\\sctest13\\AppData\\Local\\Microsoft\\Edge\\User Data\\Default\\Shortcuts-journal', fd=-1), popenfile(path='C:\\Program Files (x86)\\Microsoft\\Edge\\Application\\92.0.902.67\\msedge_200_percent.pak', fd=-1), popenfile(path='C:\\Users\\sctest13\\AppData\\Local\\Microsoft\\Edge\\User Data\\Default\\GPUCache\\data_1', fd=-1), popenfile(path='C:\\Users\\sctest13\\AppData\\Local\\Microsoft\\Edge\\User Data\\Default\\WebAssistDatabase-journal', fd=-1), popenfile(path='C:\\Windows\\Fonts\\seguisbi.ttf', fd=-1), popenfile(path='C:\\Users\\sctest13\\AppData\\Local\\Microsoft\\Edge\\User Data\\Default\\Visited Links', fd=-1), popenfile(path='C:\\Users\\sctest13\\AppData\\Local\\Microsoft\\Edge\\User Data\\Default\\Sync Data\\LevelDB\\000003.log', fd=-1), popenfile(path='C:\\Users\\sctest13\\AppData\\Local\\Microsoft\\Edge\\User Data\\ShaderCache\\GPUCache\\index', fd=-1), popenfile(path='C:\\Windows\\System32\\en-US\\winhttp.dll.mui', fd=-1), popenfile(path='C:\\Users\\sctest13\\AppData\\Local\\Microsoft\\Edge\\User Data\\Default\\Extension State\\LOCK', fd=-1), popenfile(path='C:\\Users\\sctest13\\AppData\\Local\\Microsoft\\Edge\\User Data\\Default\\Favicons', fd=-1), popenfile(path='C:\\Users\\sctest13\\AppData\\Local\\Microsoft\\Edge\\User Data\\Default\\WebAssistDatabase', fd=-1), popenfile(path='C:\\Users\\sctest13\\AppData\\Local\\Microsoft\\Edge\\User Data\\GrShaderCache\\GPUCache\\data_1', fd=-1), popenfile(path='C:\\Users\\sctest13\\AppData\\Local\\Microsoft\\Edge\\User Data\\Default\\shared_proto_db\\000003.log', fd=-1), popenfile(path='C:\\Users\\sctest13\\AppData\\Local\\Microsoft\\Edge\\User Data\\GrShaderCache\\GPUCache\\data_2', fd=-1), popenfile(path='C:\\Users\\sctest13\\AppData\\Local\\Microsoft\\Edge\\User Data\\Default\\shared_proto_db\\metadata\\LOG', fd=-1), popenfile(path='C:\\Users\\sctest13\\AppData\\Local\\Microsoft\\Edge\\User Data\\Functional SAN Data-wal', fd=-1), popenfile(path='C:\\Users\\sctest13\\AppData\\Local\\Microsoft\\Edge\\User Data\\Functional Data', fd=-1), popenfile(path='C:\\Windows\\Registration\\R000000000006.clb', fd=-1), popenfile(path='C:\\Users\\sctest13\\AppData\\Local\\Microsoft\\Edge\\User Data\\Default\\data_reduction_proxy_leveldb\\MANIFEST-000002', fd=-1), popenfile(path='C:\\Users\\sctest13\\AppData\\Local\\Microsoft\\Edge\\User Data\\Default\\heavy_ad_intervention_opt_out.db-journal', fd=-1), popenfile(path='C:\\Users\\sctest13\\AppData\\Local\\Microsoft\\Edge\\User Data\\Default\\heavy_ad_intervention_opt_out.db', fd=-1), popenfile(path='C:\\Windows\\System32\\en-US\\winnlsres.dll.mui', fd=-1), popenfile(path='C:\\Users\\sctest13\\AppData\\Local\\Microsoft\\Edge\\User Data\\Default\\shared_proto_db\\MANIFEST-000001', fd=-1), popenfile(path='C:\\Users\\sctest13\\AppData\\Local\\Microsoft\\Edge\\User Data\\Default\\Site Characteristics Database\\000003.log', fd=-1), popenfile(path='C:\\Users\\sctest13\\AppData\\Local\\Microsoft\\Edge\\User Data\\Default\\shared_proto_db\\LOG', fd=-1), popenfile(path='C:\\Windows\\System32\\en-US\\kernel32.dll.mui', fd=-1), popenfile(path='C:\\Users\\sctest13\\AppData\\Local\\Microsoft\\Edge\\User Data\\ShaderCache\\GPUCache\\data_0', fd=-1), popenfile(path='C:\\Users\\sctest13\\AppData\\Local\\Microsoft\\Edge\\User Data\\Default\\Shortcuts', fd=-1), popenfile(path='C:\\Users\\sctest13\\AppData\\Local\\Microsoft\\Edge\\User Data\\Functional Data-wal', fd=-1), popenfile(path='C:\\Users\\sctest13\\AppData\\Local\\Microsoft\\Edge\\User Data\\Default\\Session Storage\\LOCK', fd=-1), popenfile(path='C:\\Users\\sctest13\\AppData\\Local\\Microsoft\\Edge\\User Data\\GrShaderCache\\GPUCache\\data_0', fd=-1), popenfile(path='C:\\Users\\sctest13\\AppData\\Local\\Microsoft\\Edge\\User Data\\Default\\data_reduction_proxy_leveldb\\LOG', fd=-1), popenfile(path='C:\\Windows\\Fonts\\segoeui.ttf', fd=-1), popenfile(path='C:\\Users\\sctest13\\AppData\\Local\\Microsoft\\Edge\\User Data\\Default\\History', fd=-1), popenfile(path='C:\\Users\\sctest13\\AppData\\Local\\Microsoft\\Edge\\User Data\\SmartScreen\\local\\download_cache', fd=-1), popenfile(path='C:\\Users\\sctest13\\AppData\\Local\\Microsoft\\Edge\\User Data\\Default\\Extension State\\LOG', fd=-1), popenfile(path='C:\\Users\\sctest13\\AppData\\Local\\Microsoft\\Edge\\User Data\\Default\\Sync Data\\LevelDB\\LOCK', fd=-1), popenfile(path='C:\\Users\\sctest13\\AppData\\Local\\Microsoft\\Edge\\User Data\\Default\\Web Data-journal', fd=-1), popenfile(path='C:\\Program Files (x86)\\Microsoft\\Edge\\Application\\92.0.902.67\\resources.pak', fd=-1), popenfile(path='C:\\Users\\sctest13\\AppData\\Local\\Microsoft\\Edge\\User Data\\Default\\load_statistics.db', fd=-1), popenfile(path='C:\\Users\\sctest13\\AppData\\Local\\Microsoft\\Edge\\User Data\\Default\\Web Data', fd=-1), popenfile(path='C:\\Windows\\System32\\en-US\\Windows.Web.dll.mui', fd=-1), popenfile(path='C:\\Users\\sctest13\\AppData\\Local\\Microsoft\\Edge\\User Data\\Default\\Extension State\\MANIFEST-000001', fd=-1), popenfile(path='C:\\Windows\\Fonts\\seguisb.ttf', fd=-1), popenfile(path='C:\\Windows\\System32\\en-US\\Windows.Security.Authentication.Web.Core.dll.mui', fd=-1)]",msedge.exe,['C:\\Program Files (x86)\\Microsoft\\Edge\\Application\\msedge.exe'],C:\Program Files (x86)\Microsoft\Edge\Application\msedge.exe,4396,32.0,5506,6557,3160390,6849296,2.484375,1.390625,39429,0,107.453125,27.36328125,benign
0.3254313849575733,3,0.0,357,,svchost.exe,,C:\Windows\System32\svchost.exe,4416,,162,7541,659972,15842404,0.609375,0.40625,361,0,26.65625,5.69140625,benign
0.2719240558364716,2,0.0,248,,RuntimeBroker.exe,,C:\Windows\System32\RuntimeBroker.exe,4444,,1,0,7611,0,0.171875,0.171875,198,0,22.2734375,5.11328125,benign
0.3203763253436367,4,0.0,335,,RuntimeBroker.exe,,C:\Windows\System32\RuntimeBroker.exe,4452,,16,1,19434,160,0.1875,0.1875,118,0,26.2421875,4.27734375,benign
0.4227651271466716,8,0.0,446,,vmtoolsd.exe,,C:\Program Files\VMware\VMware Tools\vmtoolsd.exe,4500,,1307,137,3702734,11598,3.71875,2.84375,86424,0,34.62890625,15.94140625,benign
0.2107387588111834,8,0.0,325,,taskhostw.exe,,C:\Windows\System32\taskhostw.exe,4584,,6,298,743301,7853325,22.46875,12.375,176721,0,17.26171875,6.34765625,benign
0.8224486613391426,14,0.0,637,,StartMenuExperienceHost.exe,,C:\Windows\SystemApps\Microsoft.Windows.StartMenuExperienceHost_cw5n1h2txyewy\StartMenuExperienceHost.exe,4592,,45,0,151244,0,1.171875,0.59375,4476,0,67.3671875,19.41796875,benign
0.0190280074147232,4,0.0,144,,SkypeBackgroundHost.exe,,C:\Program Files\WindowsApps\Microsoft.SkypeApp_14.53.77.0_x64__kzf8qxf38zg5c\SkypeBackgroundHost.exe,4604,,0,0,0,0,0.046875,0.015625,117,0,1.55859375,1.79296875,benign
0.4710743289289139,10,0.0,510,,TextInputHost.exe,,C:\Windows\SystemApps\MicrosoftWindows.Client.CBS_cw5n1h2txyewy\TextInputHost.exe,4612,,3,0,31201,0,0.359375,0.21875,50116,0,38.5859375,12.4375,benign
0.21474465510902,3,0.0,242,,RuntimeBroker.exe,,C:\Windows\System32\RuntimeBroker.exe,4640,,8,0,14535,0,0.046875,0.046875,98,0,17.58984375,2.84375,benign
0.1504118681354317,7,0.0,170,[],backgroundTaskHost.exe,"['C:\\Windows\\system32\\backgroundTaskHost.exe', '-ServerName:App.AppXxw3e32mpkfkfbh0tznpwwqfw96t0tfx6.mca']",C:\Windows\System32\backgroundTaskHost.exe,4644,32.0,1,0,4096,0,0.0625,0.03125,471,0,12.3203125,2.2734375,benign
0.1049163316100031,4,0.0,181,,NisSrv.exe,,C:\Program Files\Windows Defender\NisSrv.exe,4716,,0,0,0,0,0.0625,0.109375,376,0,8.59375,3.70703125,benign
0.1242304744745718,3,0.0,261,,winlogon.exe,,C:\Windows\System32\winlogon.exe,4740,,2,0,15882,0,0.09375,0.078125,540,0,10.17578125,2.27734375,benign
0.0173111947156505,28,0.0,823,,HxOutlook.exe,,C:\Program Files\WindowsApps\microsoft.windowscommunicationsapps_16005.11629.20316.0_x64__8wekyb3d8bbwe\HxOutlook.exe,4796,,2,1,8192,65536,0.65625,0.328125,2709,0,1.41796875,30.49609375,benign
0.2128370854433836,13,0.0,363,,svchost.exe,,C:\Windows\System32\svchost.exe,4836,,17,6,2719744,49428,0.09375,0.125,1922,0,17.43359375,8.5234375,benign
0.076731989800225,5,0.0,136,,svchost.exe,,C:\Windows\System32\svchost.exe,4840,,0,0,0,0,0.015625,0.09375,229,0,6.28515625,1.67578125,benign
0.4848088305214961,14,0.0,391,"[popenfile(path='C:\\Windows\\System32\\WinMetadata\\Windows.System.winmd', fd=-1), popenfile(path='C:\\Windows\\Fonts\\segoeui.ttf', fd=-1), popenfile(path='C:\\Windows\\System32\\en-US\\windows.storage.dll.mui', fd=-1), popenfile(path='C:\\Users\\sctest13\\AppData\\Local\\Packages\\Microsoft.SkypeApp_kzf8qxf38zg5c\\LocalState\\DiagOutputDir\\SkypeApp0.txt', fd=-1)]",SkypeApp.exe,"['C:\\Program Files\\WindowsApps\\Microsoft.SkypeApp_14.53.77.0_x64__kzf8qxf38zg5c\\SkypeApp.exe', '-ServerName:App.AppXffn3yxqvgawq9fpmnhy90fr3y01d1t5b.mca']",C:\Program Files\WindowsApps\Microsoft.SkypeApp_14.53.77.0_x64__kzf8qxf38zg5c\SkypeApp.exe,4848,32.0,0,0,0,0,0.296875,0.109375,987,0,39.7109375,15.1640625,benign
0.1242781637162127,9,0.0,248,,svchost.exe,,C:\Windows\System32\svchost.exe,4864,,1,0,63940,0,0.234375,0.15625,548,0,10.1796875,4.66796875,benign
0.0890358141435799,7,0.0,105,,SgrmBroker.exe,,C:\Windows\System32\SgrmBroker.exe,5032,,2,0,80480,0,0.15625,0.046875,5092,0,7.29296875,4.41796875,benign
0.3091216643163819,4,0.0,528,,svchost.exe,,C:\Windows\System32\svchost.exe,5040,,12,141,3212255,15392772,0.625,0.28125,332,0,25.3203125,7.5078125,benign
0.1817436998935099,7,0.0,187,,svchost.exe,,C:\Windows\System32\svchost.exe,5044,,0,0,0,0,0.234375,0.0625,425,0,14.88671875,2.7890625,benign
0.1919491976046647,3,0.0,184,"[popenfile(path='C:\\Windows\\Registration\\R000000000006.clb', fd=-1)]",RuntimeBroker.exe,"['C:\\Windows\\System32\\RuntimeBroker.exe', '-Embedding']",C:\Windows\System32\RuntimeBroker.exe,5116,32.0,1,0,9730,0,0.046875,0.078125,83,0,15.72265625,2.54296875,benign
1.1518382533529117,15,0.0,1283,,dwm.exe,,C:\Windows\System32\dwm.exe,5156,,3,0,88405,0,5.875,4.328125,173487,0,94.34765625,66.48046875,benign
0.214172384209329,5,0.0,241,,svchost.exe,,C:\Windows\System32\svchost.exe,5224,,0,0,0,0,0.0625,0.015625,7038,0,17.54296875,3.125,benign
0.1256611517237991,3,0.0,266,,winlogon.exe,,C:\Windows\System32\winlogon.exe,5296,,2,0,15454,0,0.09375,0.09375,578,0,10.29296875,2.35546875,benign
1.5612027035984872,18,0.0,732,"[popenfile(path='C:\\Windows\\Fonts\\seguisb.ttf', fd=-1), popenfile(path='C:\\Windows\\System32\\en-US\\combase.dll.mui', fd=-1), popenfile(path='C:\\Windows\\System32\\WinMetadata\\Windows.UI.winmd', fd=-1), popenfile(path='C:\\Windows\\System32\\en-US\\KernelBase.dll.mui', fd=-1), popenfile(path='C:\\Windows\\System32\\WinMetadata\\Windows.System.winmd', fd=-1), popenfile(path='C:\\Windows\\System32\\en-US\\windows.storage.dll.mui', fd=-1), popenfile(path='C:\\Windows\\Fonts\\seguibl.ttf', fd=-1), popenfile(path='C:\\Users\\sctest13\\AppData\\Local\\Packages\\Microsoft.MicrosoftSolitaireCollection_8wekyb3d8bbwe\\LocalState\\logs\\Solitaire.log', fd=-1), popenfile(path='C:\\Windows\\Fonts\\segoeuisl.ttf', fd=-1), popenfile(path='C:\\Windows\\System32\\WinMetadata\\Windows.ApplicationModel.winmd', fd=-1), popenfile(path='C:\\Windows\\Fonts\\segoeuib.ttf', fd=-1), popenfile(path='C:\\Users\\sctest13\\AppData\\Local\\Packages\\Microsoft.MicrosoftSolitaireCollection_8wekyb3d8bbwe\\AC\\Temp\\aria-debug-5304.log', fd=-1), popenfile(path='C:\\Windows\\Fonts\\segoeuil.ttf', fd=-1), popenfile(path='C:\\Windows\\Fonts\\segoeui.ttf', fd=-1)]",Solitaire.exe,"['C:\\Program Files\\WindowsApps\\Microsoft.MicrosoftSolitaireCollection_4.4.8204.0_x64__8wekyb3d8bbwe\\Solitaire.exe', '-ServerName:App.AppXx8xn0rs58sab7mvbtxgdhw97cpm1dzhb.mca']",C:\Program Files\WindowsApps\Microsoft.MicrosoftSolitaireCollection_4.4.8204.0_x64__8wekyb3d8bbwe\Solitaire.exe,5304,32.0,18554,177,11189770,35366,6.9375,3.03125,260440,0,127.87890625,91.53125,benign
0.3045434971188545,1,0.0,269,,ApplicationFrameHost.exe,,C:\Windows\System32\ApplicationFrameHost.exe,5316,,8,0,3030,0,0.171875,0.125,110,0,24.9453125,4.27734375,benign
0.0531735044296152,5,0.0,36,,fontdrvhost.exe,,C:\Windows\System32\fontdrvhost.exe,5364,,0,0,0,0,0.0625,0.046875,3502,0,4.35546875,1.39453125,benign
0.2979146925307679,3,0.0,493,,svchost.exe,,C:\Windows\System32\svchost.exe,5432,,10,147,3170304,15347716,0.4375,0.265625,376,0,24.40234375,6.94140625,benign
0.1506980035852771,6,0.0,156,[],backgroundTaskHost.exe,"['C:\\Windows\\system32\\backgroundTaskHost.exe', '-ServerName:App.AppXsqpbawq1jx69hhfyy1dr9y35whgstkrr.mca']",C:\Windows\System32\backgroundTaskHost.exe,5464,32.0,1,0,4096,0,0.015625,0.015625,100,0,12.34375,2.2578125,benign
0.3875227775740387,3,0.0,402,,svchost.exe,,C:\Windows\System32\svchost.exe,5504,,91,332,367695,682883,0.453125,0.3125,236,0,31.7421875,7.10546875,benign
0.1533209118755272,2,0.0,184,,audiodg.exe,"['C:\\Windows\\system32\\AUDIODG.EXE', '0x2ec']",C:\Windows\System32\audiodg.exe,5568,32.0,1,0,5470,0,3.953125,5.40625,74002,0,12.55859375,6.9375,benign
0.1232766896417536,8,0.0,225,,svchost.exe,,C:\Windows\System32\svchost.exe,5652,,3,3,348,480,0.078125,0.09375,226,0,10.09765625,2.5078125,benign
0.1244212314411355,3,0.0,277,,winlogon.exe,,C:\Windows\System32\winlogon.exe,5708,,1,0,9728,0,0.078125,0.109375,505,0,10.19140625,2.29296875,benign
0.377269590621243,13,0.0,678,"[popenfile(path='C:\\Windows\\System32\\en-US\\KernelBase.dll.mui', fd=-1), popenfile(path='C:\\Windows\\Registration\\R000000000006.clb', fd=-1)]",sihost.exe,['sihost.exe'],C:\Windows\System32\sihost.exe,5716,32.0,102,0,427494,0,1.328125,1.390625,13158,0,30.90234375,6.72265625,benign
0.1485042984697953,3,0.0,234,,svchost.exe,,C:\Windows\System32\svchost.exe,5724,,0,0,0,0,0.140625,0.015625,169,0,12.1640625,2.72265625,benign
0.4181392707075033,22,0.0,899,,SearchIndexer.exe,,C:\Windows\System32\SearchIndexer.exe,5756,,4956,5098,4177226,54505040,20.015625,5.21875,83629,0,34.25,34.5234375,benign
0.7057053978021935,15,0.0,902,,dwm.exe,,C:\Windows\System32\dwm.exe,5860,,2,0,72092,0,1.390625,0.984375,38337,0,57.8046875,35.8046875,benign
0.3501821013692058,5,0.0,441,,RuntimeBroker.exe,,C:\Windows\System32\RuntimeBroker.exe,5868,,271,2,58067,248,0.34375,0.625,506,0,28.68359375,7.8046875,benign
0.1040102360188258,6,0.0,173,,svchost.exe,,C:\Windows\System32\svchost.exe,5880,,0,1,0,4096,0.109375,0.0,95,0,8.51953125,1.9921875,benign
1.625106287397307,28,0.0,984,,SearchApp.exe,,C:\Windows\SystemApps\Microsoft.Windows.Search_cw5n1h2txyewy\SearchApp.exe,5908,,2200,335,11360356,4137458,2.0625,1.390625,58430,0,133.11328125,78.203125,benign
0.6231553205217775,12,0.0,489,"[popenfile(path='C:\\Windows\\Fonts\\seguisb.ttf', fd=-1), popenfile(path='C:\\Windows\\System32\\en-US\\KernelBase.dll.mui', fd=-1), popenfile(path='C:\\Windows\\System32\\en-US\\windows.storage.dll.mui', fd=-1), popenfile(path='C:\\Program Files\\WindowsApps\\Microsoft.WindowsAlarms_10.1906.2182.0_x64__8wekyb3d8bbwe\\Assets\\AlarmMDL2.ttf', fd=-1), popenfile(path='C:\\Windows\\Fonts\\segoeuisl.ttf', fd=-1), popenfile(path='C:\\Windows\\System32\\WinMetadata\\Windows.ApplicationModel.winmd', fd=-1), popenfile(path='C:\\Program Files\\WindowsApps\\Microsoft.UI.Xaml.2.0_2.1810.18004.0_x64__8wekyb3d8bbwe\\Microsoft.UI.Xaml\\Assets\\NoiseAsset_256x256_PNG.png', fd=-1), popenfile(path='C:\\Windows\\Fonts\\segoeui.ttf', fd=-1), popenfile(path='C:\\Windows\\System32\\en-US\\windows.ui.xaml.dll.mui', fd=-1)]",Time.exe,"['C:\\Program Files\\WindowsApps\\Microsoft.WindowsAlarms_10.1906.2182.0_x64__8wekyb3d8bbwe\\Time.exe', '-ServerName:App.AppXq8avk61zazpy808ab5ppkf6taqp47km6.mca']",C:\Program Files\WindowsApps\Microsoft.WindowsAlarms_10.1906.2182.0_x64__8wekyb3d8bbwe\Time.exe,6036,32.0,2,1,8192,119,0.40625,0.171875,1512,0,51.04296875,16.734375,benign
0.1295239802967129,1,0.0,132,"[popenfile(path='C:\\Windows\\System32\\en-US\\propsys.dll.mui', fd=-1), popenfile(path='C:\\Windows\\Registration\\R000000000006.clb', fd=-1)]",RuntimeBroker.exe,"['C:\\Windows\\System32\\RuntimeBroker.exe', '-Embedding']",C:\Windows\System32\RuntimeBroker.exe,6056,32.0,0,0,0,0,0.109375,0.015625,79,0,10.609375,3.421875,benign
0.3520419817932013,13,0.0,234,"[popenfile(path='C:\\Program Files (x86)\\Microsoft\\Edge\\Application\\92.0.902.67\\Locales\\en-US.pak', fd=-1), popenfile(path='C:\\Program Files (x86)\\Microsoft\\Edge\\Application\\92.0.902.67\\resources.pak', fd=-1), popenfile(path='C:\\Program Files (x86)\\Microsoft\\Edge\\Application\\92.0.902.67\\msedge_100_percent.pak', fd=-1), popenfile(path='C:\\Users\\sctest13\\AppData\\Local\\Temp\\dd3b2c9a-533c-4c7c-bd3d-039061556e6d.tmp', fd=-1), popenfile(path='C:\\Program Files (x86)\\Microsoft\\Edge\\Application\\92.0.902.67\\icudtl.dat', fd=-1), popenfile(path='C:\\Program Files (x86)\\Microsoft\\Edge\\Application\\92.0.902.67\\v8_context_snapshot.bin', fd=-1), popenfile(path='C:\\Program Files (x86)\\Microsoft\\Edge\\Application\\92.0.902.67\\msedge_200_percent.pak', fd=-1)]",msedge.exe,"['C:\\Program Files (x86)\\Microsoft\\Edge\\Application\\msedge.exe', '--type=renderer', '--field-trial-handle=2152,16853155897898354280,12150533147287318553,131072', '--lang=en-US', '--disable-client-side-phishing-detection', '--device-scale-factor=1', '--num-raster-threads=1', '--renderer-client-id=19', '--no-v8-untrusted-code-mitigations', '--mojo-platform-channel-handle=5260', '/prefetch:1']",C:\Program Files (x86)\Microsoft\Edge\Application\msedge.exe,6152,64.0,71,78,60828,30560,0.09375,0.0625,789,0,28.8359375,12.328125,benign
0.15556230623265,4,0.0,238,,svchost.exe,,C:\Windows\System32\svchost.exe,6188,,23,0,7754,0,1.03125,15.6875,73,0,12.7421875,3.10546875,benign
0.0685294402379883,9,0.0,325,,csrss.exe,,C:\Windows\System32\csrss.exe,6252,,4765,0,384069,0,0.03125,1.125,68900,0,5.61328125,1.64453125,benign
0.3417887948404055,6,0.0,375,"[popenfile(path='C:\\Windows\\System32\\en-US\\QuietHours.dll.mui', fd=-1), popenfile(path='C:\\Users\\sctest13\\AppData\\Local\\Microsoft\\Windows\\Notifications\\wpndatabase.db-wal', fd=-1), popenfile(path='C:\\Windows\\System32\\en-US\\KernelBase.dll.mui', fd=-1), popenfile(path='C:\\Users\\sctest13\\AppData\\Local\\Microsoft\\Windows\\Notifications\\wpndatabase.db', fd=-1), popenfile(path='C:\\Users\\sctest13\\AppData\\Local\\Microsoft\\Windows\\Notifications\\WPNPRMRY.tmp', fd=-1), popenfile(path='C:\\Windows\\System32\\en-US\\svchost.exe.mui', fd=-1), popenfile(path='C:\\Windows\\Registration\\R000000000006.clb', fd=-1), popenfile(path='C:\\Users\\sctest13\\AppData\\Local\\Microsoft\\Windows\\Notifications\\wpndatabase.db-shm', fd=-1)]",svchost.exe,"['C:\\Windows\\system32\\svchost.exe', '-k', 'UnistackSvcGroup', '-s', 'WpnUserService']",C:\Windows\System32\svchost.exe,6276,32.0,174,9530,709124,19962148,1.03125,0.46875,12317,0,27.99609375,6.19140625,benign
2.471018055623777,51,0.0,1781,"[popenfile(path='C:\\Users\\sctest13\\AppData\\Local\\Packages\\Microsoft.Windows.Search_cw5n1h2txyewy\\LocalState\\AppIconCache\\100\\Microsoft_BingWeather_8wekyb3d8bbwe!App', fd=-1), popenfile(path='C:\\Windows\\System32\\en-US\\shell32.dll.mui', fd=-1), popenfile(path='C:\\Users\\sctest13\\AppData\\Local\\Packages\\Microsoft.Windows.Search_cw5n1h2txyewy\\LocalState\\AppIconCache\\100\\Microsoft_Windows_Computer', fd=-1), popenfile(path='C:\\Users\\sctest13\\AppData\\Local\\Packages\\Microsoft.Windows.Search_cw5n1h2txyewy\\LocalState\\AppIconCache\\100\\Microsoft_MicrosoftSolitaireCollection_8wekyb3d8bbwe!App', fd=-1), popenfile(path='C:\\Windows\\SystemApps\\Microsoft.Windows.Search_cw5n1h2txyewy\\Cortana.Internal.Search.winmd', fd=-1), popenfile(path='C:\\Users\\sctest13\\AppData\\Local\\Packages\\Microsoft.Windows.Search_cw5n1h2txyewy\\LocalState\\AppIconCache\\100\\Microsoft_WindowsFeedbackHub_8wekyb3d8bbwe!App', fd=-1), popenfile(path='C:\\Users\\sctest13\\AppData\\Local\\Packages\\Microsoft.Windows.Search_cw5n1h2txyewy\\LocalState\\AppIconCache\\100\\{1AC14E77-02E7-4E5D-B744-2EB1AE5198B7}_notepad_exe', fd=-1), popenfile(path='C:\\Windows\\System32\\WinMetadata\\Windows.System.winmd', fd=-1), popenfile(path='C:\\Users\\sctest13\\AppData\\Local\\Packages\\Microsoft.Windows.Search_cw5n1h2txyewy\\LocalState\\AppIconCache\\100\\MSEdge', fd=-1), popenfile(path='C:\\Windows\\System32\\WinMetadata\\Windows.ApplicationModel.winmd', fd=-1), popenfile(path='C:\\Users\\sctest13\\AppData\\Local\\Packages\\Microsoft.Windows.Search_cw5n1h2txyewy\\LocalState\\AppIconCache\\100\\Microsoft_Windows_Explorer', fd=-1), popenfile(path='C:\\Users\\sctest13\\AppData\\Local\\Packages\\Microsoft.Windows.Search_cw5n1h2txyewy\\LocalState\\AppIconCache\\100\\{1AC14E77-02E7-4E5D-B744-2EB1AE5198B7}_cmd_exe', fd=-1), popenfile(path='C:\\Users\\sctest13\\AppData\\Local\\Packages\\Microsoft.Windows.Search_cw5n1h2txyewy\\LocalState\\AppIconCache\\100\\Microsoft_Getstarted_8wekyb3d8bbwe!App', fd=-1), popenfile(path='C:\\Windows\\SystemApps\\Microsoft.Windows.Search_cw5n1h2txyewy\\Cortana.Search.winmd', fd=-1), popenfile(path='C:\\Users\\sctest13\\AppData\\Local\\Packages\\Microsoft.Windows.Search_cw5n1h2txyewy\\LocalState\\AppIconCache\\100\\{1AC14E77-02E7-4E5D-B744-2EB1AE5198B7}_mspaint_exe', fd=-1), popenfile(path='C:\\Windows\\System32\\WinMetadata\\Windows.Foundation.winmd', fd=-1), popenfile(path='C:\\Users\\sctest13\\AppData\\Local\\Packages\\Microsoft.Windows.Search_cw5n1h2txyewy\\LocalState\\AppIconCache\\100\\{1AC14E77-02E7-4E5D-B744-2EB1AE5198B7}_SnippingTool_exe', fd=-1), popenfile(path='C:\\Windows\\System32\\WinMetadata\\Windows.UI.winmd', fd=-1), popenfile(path='C:\\Users\\sctest13\\AppData\\Local\\Packages\\Microsoft.Windows.Search_cw5n1h2txyewy\\LocalState\\AppIconCache\\100\\{1AC14E77-02E7-4E5D-B744-2EB1AE5198B7}_narrator_exe', fd=-1), popenfile(path='C:\\Windows\\System32\\en-US\\windows.storage.dll.mui', fd=-1), popenfile(path='C:\\Users\\sctest13\\AppData\\Local\\Packages\\Microsoft.Windows.Search_cw5n1h2txyewy\\LocalState\\AppIconCache\\100\\Microsoft_SkyDrive_Desktop', fd=-1), popenfile(path='C:\\Windows\\System32\\en-US\\d2d1.dll.mui', fd=-1), popenfile(path='C:\\Windows\\Fonts\\segoeui.ttf', fd=-1), popenfile(path='C:\\Users\\sctest13\\AppData\\Local\\Packages\\Microsoft.Windows.Search_cw5n1h2txyewy\\LocalState\\AppIconCache\\100\\Microsoft_MicrosoftStickyNotes_8wekyb3d8bbwe!App', fd=-1), popenfile(path='C:\\Windows\\System32\\en-US\\edgehtml.dll.mui', fd=-1), popenfile(path='C:\\Windows\\System32\\en-US\\KernelBase.dll.mui', fd=-1), popenfile(path='C:\\Windows\\SystemResources\\edgehtml.dll.mun', fd=-1), popenfile(path='C:\\Windows\\System32\\WinMetadata\\Windows.Storage.winmd', fd=-1), popenfile(path='C:\\Users\\sctest13\\AppData\\Local\\Packages\\Microsoft.Windows.Search_cw5n1h2txyewy\\LocalState\\AppIconCache\\100\\Microsoft_AutoGenerated_{923DD477-5846-686B-A659-0FCCD73851A8}', fd=-1), popenfile(path='C:\\Windows\\Fonts\\simsun.ttc', fd=-1), popenfile(path='C:\\Users\\sctest13\\AppData\\Local\\Packages\\Microsoft.Windows.Search_cw5n1h2txyewy\\LocalState\\AppIconCache\\100\\Microsoft_WindowsAlarms_8wekyb3d8bbwe!App', fd=-1), popenfile(path='C:\\Windows\\Fonts\\seguisb.ttf', fd=-1), popenfile(path='C:\\Windows\\System32\\WinMetadata\\Windows.Security.winmd', fd=-1)]",SearchApp.exe,"['C:\\Windows\\SystemApps\\Microsoft.Windows.Search_cw5n1h2txyewy\\SearchApp.exe', '-ServerName:CortanaUI.AppX8z9r6jm96hw4bsbneegw0kyxx296wr9t.mca']",C:\Windows\SystemApps\Microsoft.Windows.Search_cw5n1h2txyewy\SearchApp.exe,6316,32.0,17006,7419,74589423,50724786,21.296875,5.6875,77443,0,202.40234375,134.08984375,benign
0.3623905472292789,5,0.0,342,,LogonUI.exe,,C:\Windows\System32\LogonUI.exe,6424,,1,0,26845,0,0.078125,0.09375,464,0,29.68359375,11.85546875,benign
0.224330192678843,13,0.0,399,,svchost.exe,,C:\Windows\System32\svchost.exe,6456,,86,18,2796310,90500,0.296875,0.140625,697,0,18.375,8.98828125,benign
0.088415854002248,6,0.0,210,,svchost.exe,,C:\Windows\System32\svchost.exe,6492,,1,0,4014,0,0.078125,0.0,82,0,7.2421875,1.8359375,benign
0.1529393979423999,9,0.0,222,,svchost.exe,,C:\Windows\System32\svchost.exe,6536,,1,0,5917,0,0.609375,0.71875,4829,0,12.52734375,2.84375,benign
0.2441689172014617,8,0.0,266,,svchost.exe,,C:\Windows\System32\svchost.exe,6648,,0,0,0,0,0.109375,0.046875,485,0,20.0,3.84765625,benign
0.7523454761270041,15,0.0,1007,,dwm.exe,,C:\Windows\System32\dwm.exe,6716,,3,0,87546,0,2.53125,1.8125,134295,0,61.625,40.09375,benign
0.2294329415344204,13,0.0,541,,SecurityHealthService.exe,,C:\Windows\System32\SecurityHealthService.exe,6832,,0,1,0,4096,0.84375,0.328125,8061,0,18.79296875,4.67578125,benign
2.3561346725108243,36,0.0,1323,,SearchApp.exe,,C:\Windows\SystemApps\Microsoft.Windows.Search_cw5n1h2txyewy\SearchApp.exe,7200,,14466,6341,63724878,44349325,13.75,4.53125,53274,0,192.9921875,129.50390625,benign
0.190184695663951,1,0.0,245,,RuntimeBroker.exe,,C:\Windows\System32\RuntimeBroker.exe,7224,,1120,0,251853,0,0.5,0.671875,142,0,15.578125,2.87890625,benign
0.2971993539061542,4,0.0,335,"[popenfile(path='C:\\Windows\\System32\\en-US\\propsys.dll.mui', fd=-1), popenfile(path='C:\\Windows\\System32\\en-US\\netmsg.dll.mui', fd=-1), popenfile(path='C:\\Windows\\System32\\en-US\\KernelBase.dll.mui', fd=-1), popenfile(path='C:\\Windows\\System32\\en-US\\wininet.dll.mui', fd=-1), popenfile(path='C:\\Windows\\Registration\\R000000000006.clb', fd=-1)]",RuntimeBroker.exe,"['C:\\Windows\\System32\\RuntimeBroker.exe', '-Embedding']",C:\Windows\System32\RuntimeBroker.exe,7376,32.0,0,0,0,0,0.4375,0.25,2049,0,24.34375,5.76171875,benign
0.4708358827207093,10,0.0,509,,TextInputHost.exe,,C:\Windows\SystemApps\MicrosoftWindows.Client.CBS_cw5n1h2txyewy\TextInputHost.exe,7380,,2,0,27105,0,0.875,0.3125,25362,0,38.56640625,12.55078125,benign
0.2079727827960107,14,0.0,569,,csrss.exe,,C:\Windows\System32\csrss.exe,7428,,15329,0,1070937,0,0.3125,1.78125,112877,0,17.03515625,2.8203125,benign
0.2258562484113521,9,0.0,307,"[popenfile(path='C:\\Windows\\System32\\en-US\\crypt32.dll.mui', fd=-1), popenfile(path='C:\\Windows\\System32\\en-US\\KernelBase.dll.mui', fd=-1), popenfile(path='C:\\Windows\\System32\\en-US\\svchost.exe.mui', fd=-1), popenfile(path='C:\\Users\\sctest13\\AppData\\Local\\ConnectedDevicesPlatform\\L.sctest13\\ActivitiesCache.db-shm', fd=-1), popenfile(path='C:\\Windows\\Registration\\R000000000006.clb', fd=-1), popenfile(path='C:\\Users\\sctest13\\AppData\\Local\\ConnectedDevicesPlatform\\L.sctest13\\ActivitiesCache.db-wal', fd=-1), popenfile(path='C:\\Users\\sctest13\\AppData\\Local\\ConnectedDevicesPlatform\\L.sctest13\\ActivitiesCache.db', fd=-1)]",svchost.exe,"['C:\\Windows\\system32\\svchost.exe', '-k', 'UnistackSvcGroup', '-s', 'CDPUserSvc']",C:\Windows\System32\svchost.exe,7504,32.0,15,1363,17205,2770076,0.609375,0.203125,563,0,18.5,4.9140625,benign
0.2114064081941562,9,0.0,323,"[popenfile(path='C:\\Windows\\System32\\en-US\\taskhostw.exe.mui', fd=-1), popenfile(path='C:\\Users\\sctest13\\AppData\\Local\\Microsoft\\Windows\\WebCacheLock.dat', fd=-1), popenfile(path='C:\\Windows\\System32\\en-US\\wdmaud.drv.mui', fd=-1), popenfile(path='C:\\Windows\\System32\\en-US\\winmm.dll.mui', fd=-1), popenfile(path='C:\\Users\\sctest13\\AppData\\Local\\Microsoft\\Windows\\WebCache\\WebCacheV01.jfm', fd=-1), popenfile(path='C:\\Users\\sctest13\\AppData\\Local\\Microsoft\\Windows\\WebCache\\V01tmp.log', fd=-1), popenfile(path='C:\\Users\\sctest13\\AppData\\Local\\Microsoft\\Windows\\WebCache\\WebCacheV01.dat', fd=-1), popenfile(path='C:\\Windows\\System32\\en-US\\ESENT.dll.mui', fd=-1), popenfile(path='C:\\Windows\\Registration\\R000000000006.clb', fd=-1), popenfile(path='C:\\Windows\\System32\\en-US\\MsCtfMonitor.dll.mui', fd=-1), popenfile(path='C:\\Windows\\System32\\en-US\\MMDevAPI.dll.mui', fd=-1), popenfile(path='C:\\Users\\sctest13\\AppData\\Local\\Microsoft\\Windows\\WebCache\\V01.log', fd=-1)]",taskhostw.exe,"['taskhostw.exe', '{222A245B-E637-4AE9-A93F-A59CA119A75E}']",C:\Windows\System32\taskhostw.exe,7672,32.0,7,309,756647,8631565,0.234375,0.234375,2012,0,17.31640625,6.37890625,benign
0.352709631176174,4,0.0,358,,RuntimeBroker.exe,,C:\Windows\System32\RuntimeBroker.exe,7764,,45,11,89082,17668,1.109375,0.703125,122,0,28.890625,4.88671875,benign
0.088988124901939,4,0.0,130,,svchost.exe,,C:\Windows\System32\svchost.exe,7784,,245,2,329506,1011,0.046875,0.34375,393,0,7.2890625,1.76171875,benign
0.9163487781300952,14,0.0,642,,StartMenuExperienceHost.exe,,C:\Windows\SystemApps\Microsoft.Windows.StartMenuExperienceHost_cw5n1h2txyewy\StartMenuExperienceHost.exe,7888,,125,1915,492662,457302,2.84375,1.5,11287,0,75.05859375,22.9609375,benign
0.0648096793899973,5,0.0,36,,fontdrvhost.exe,,C:\Windows\System32\fontdrvhost.exe,7960,,1,0,2006,0,0.1875,0.046875,4840,0,5.30859375,1.76953125,benign
0.2505115863397029,8,0.0,169,[],backgroundTaskHost.exe,"['C:\\Windows\\system32\\backgroundTaskHost.exe', '-ServerName:Microsoft.XboxApp.AppXf74jmpwd42x7vxttda454sh29n0qpb8x.mca']",C:\Windows\System32\backgroundTaskHost.exe,7988,32.0,2,0,15537,0,0.203125,0.0625,295,0,20.51953125,9.28515625,benign
0.2432628216102844,4,0.0,211,,RuntimeBroker.exe,,C:\Windows\System32\RuntimeBroker.exe,8024,,1,0,10796,0,0.234375,0.09375,146,0,19.92578125,6.1875,benign
0.2566158092697394,4,0.0,289,,svchost.exe,,C:\Windows\System32\svchost.exe,8028,,5,0,5710,0,0.109375,0.03125,7577,0,21.01953125,3.53125,benign
0.0643327869735882,1,0.0,83,"[popenfile(path='C:\\Windows\\System32\\en-US\\cmd.exe.mui', fd=-1)]",cmd.exe,['C:\\Windows\\system32\\cmd.exe'],C:\Windows\System32\cmd.exe,8048,32.0,0,0,0,0,0.0,0.015625,284,0,5.26953125,2.6640625,benign
0.5440865578811479,9,0.0,498,"[popenfile(path='C:\\Windows\\System32\\en-US\\propsys.dll.mui', fd=-1), popenfile(path='C:\\Windows\\System32\\en-US\\combase.dll.mui', fd=-1), popenfile(path='C:\\Windows\\System32\\en-US\\shell32.dll.mui', fd=-1), popenfile(path='C:\\Windows\\SystemResources\\shell32.dll.mun', fd=-1), popenfile(path='C:\\Windows\\System32\\en-US\\KernelBase.dll.mui', fd=-1), popenfile(path='C:\\Windows\\System32\\en-US\\windows.storage.dll.mui', fd=-1), popenfile(path='C:\\Windows\\Registration\\R000000000006.clb', fd=-1)]",RuntimeBroker.exe,"['C:\\Windows\\System32\\RuntimeBroker.exe', '-Embedding']",C:\Windows\System32\RuntimeBroker.exe,8064,32.0,1131,8,1961027,15520,3.546875,4.328125,2070,0,44.56640625,21.91796875,benign
0.1714428236990732,5,0.0,259,,dllhost.exe,,C:\Windows\System32\dllhost.exe,8288,,88,265,6013918,11132928,0.109375,0.09375,804,0,14.04296875,4.34375,benign
0.2311020649918523,8,0.0,231,"[popenfile(path='C:\\Program Files (x86)\\Microsoft\\Edge\\Application\\92.0.902.67\\Locales\\en-US.pak', fd=-1), popenfile(path='C:\\Users\\sctest13\\AppData\\Local\\Microsoft\\Edge\\User Data\\Default\\Local Storage\\leveldb\\LOG', fd=-1), popenfile(path='C:\\Program Files (x86)\\Microsoft\\Edge\\Application\\92.0.902.67\\resources.pak', fd=-1), popenfile(path='C:\\Program Files (x86)\\Microsoft\\Edge\\Application\\92.0.902.67\\msedge_100_percent.pak', fd=-1), popenfile(path='C:\\Users\\sctest13\\AppData\\Local\\Microsoft\\Edge\\User Data\\Default\\Local Storage\\leveldb\\000003.log', fd=-1), popenfile(path='C:\\Users\\sctest13\\AppData\\Local\\Microsoft\\Edge\\User Data\\Default\\Session Storage\\LOG', fd=-1), popenfile(path='C:\\Users\\sctest13\\AppData\\Local\\Microsoft\\Edge\\User Data\\Default\\Session Storage\\MANIFEST-000001', fd=-1), popenfile(path='C:\\Program Files (x86)\\Microsoft\\Edge\\Application\\92.0.902.67\\icudtl.dat', fd=-1), popenfile(path='C:\\Program Files (x86)\\Microsoft\\Edge\\Application\\92.0.902.67\\v8_context_snapshot.bin', fd=-1), popenfile(path='C:\\Users\\sctest13\\AppData\\Local\\Microsoft\\Edge\\User Data\\Default\\Local Storage\\leveldb\\MANIFEST-000001', fd=-1), popenfile(path='C:\\Users\\sctest13\\AppData\\Local\\Microsoft\\Edge\\User Data\\Default\\Session Storage\\000003.log', fd=-1), popenfile(path='C:\\Program Files (x86)\\Microsoft\\Edge\\Application\\92.0.902.67\\msedge_200_percent.pak', fd=-1)]",msedge.exe,"['C:\\Program Files (x86)\\Microsoft\\Edge\\Application\\msedge.exe', '--type=utility', '--utility-sub-type=storage.mojom.StorageService', '--field-trial-handle=2152,16853155897898354280,12150533147287318553,131072', '--lang=en-US', '--service-sandbox-type=utility', '--mojo-platform-channel-handle=2908', '/prefetch:8']",C:\Program Files (x86)\Microsoft\Edge\Application\msedge.exe,8436,32.0,129,128,28348,27388,0.109375,0.078125,427,0,18.9296875,6.29296875,benign
0.4839027349303189,4,0.0,504,,ApplicationFrameHost.exe,,C:\Windows\System32\ApplicationFrameHost.exe,8504,,72,0,37693,0,0.5625,0.84375,2212,0,39.63671875,17.67578125,benign
0.0174065731989323,10,0.0,485,,WinStore.App.exe,,C:\Program Files\WindowsApps\Microsoft.WindowsStore_11910.1002.5.0_x64__8wekyb3d8bbwe\WinStore.App.exe,8520,,0,0,0,0,0.421875,0.171875,951,0,1.42578125,18.50390625,benign
0.0893696388350662,4,0.0,129,,vm3dservice.exe,,C:\Windows\System32\vm3dservice.exe,8524,,1,0,4717,0,0.015625,0.203125,5576,0,7.3203125,1.6875,benign
5.74364457398962,43,0.0,979,,SkypeApp.exe,,C:\Program Files\WindowsApps\Microsoft.SkypeApp_14.53.77.0_x64__kzf8qxf38zg5c\SkypeApp.exe,8528,,13,68,28559632,119474,16.265625,3.1875,59596,0,470.46484375,495.88671875,benign
0.0186941827232369,16,0.0,519,,Microsoft.Photos.exe,,C:\Program Files\WindowsApps\Microsoft.Windows.Photos_2019.19071.12548.0_x64__8wekyb3d8bbwe\Microsoft.Photos.exe,8568,,234,649,906032,1396828,0.625,0.578125,1965,0,1.53125,23.90625,benign
0.1199861319685308,4,0.0,173,,svchost.exe,,C:\Windows\System32\svchost.exe,8624,,0,0,0,0,0.046875,0.0625,191,0,9.828125,2.22265625,benign
0.0872713122028662,3,0.0,122,"[popenfile(path='C:\\Windows\\Registration\\R000000000006.clb', fd=-1)]",GameBarPresenceWriter.exe,"['C:\\Windows\\System32\\GameBarPresenceWriter.exe', '-ServerName:Windows.Gaming.GameBar.Internal.PresenceWriterServer']",C:\Windows\System32\GameBarPresenceWriter.exe,8640,32.0,0,0,0,0,0.0,0.0,84,0,7.1484375,1.33203125,benign
0.1176016698864853,1,0.0,164,,SecurityHealthSystray.exe,,C:\Windows\System32\SecurityHealthSystray.exe,8816,,1,0,5331,0,0.03125,0.0625,405,0,9.6328125,1.6953125,benign
0.4079814622379893,13,0.0,457,,OneDrive.exe,,C:\Users\sctest12\AppData\Local\Microsoft\OneDrive\OneDrive.exe,8820,,27,1011,320,261701,0.125,0.296875,1209,0,33.41796875,8.40625,benign
0.2281930212517567,9,0.0,321,,svchost.exe,,C:\Windows\System32\svchost.exe,8824,,0,2,0,536576,0.671875,1.59375,5038,0,18.69140625,3.5390625,benign
0.1124989210309078,1,0.0,148,,RuntimeBroker.exe,,C:\Windows\System32\RuntimeBroker.exe,8952,,1,0,8356,0,0.046875,0.015625,87,0,9.21484375,1.98828125,benign
0.2573788371359939,9,0.0,410,,SearchProtocolHost.exe,,C:\Windows\System32\SearchProtocolHost.exe,8964,,76,2,736904,248,1.28125,1.0625,17388,0,21.08203125,3.78515625,benign
0.3251452495077278,5,0.0,334,,RuntimeBroker.exe,,C:\Windows\System32\RuntimeBroker.exe,9052,,108,9,879771,2731,0.28125,0.375,2499,0,26.6328125,6.94140625,benign
0.6129498228106227,23,0.0,706,,WWAHost.exe,,C:\Windows\System32\WWAHost.exe,9180,,8,2,40077,261,0.125,0.140625,996,0,50.20703125,16.38671875,benign
0.8390445174301794,13,0.0,462,"[popenfile(path='C:\\Windows\\Registration\\R000000000006.clb', fd=-1), popenfile(path='C:\\Program Files (x86)\\Microsoft\\Edge\\Application\\92.0.902.67\\icudtl.dat', fd=-1)]",msedge.exe,"['C:\\Program Files (x86)\\Microsoft\\Edge\\Application\\msedge.exe', '--type=gpu-process', '--field-trial-handle=2152,16853155897898354280,12150533147287318553,131072', '--gpu-preferences=UAAAAAAAAADgAAAQAAAAAAAAAAAAAAAAAABgAAAAAAAwAAAAAAAAAAAAAAAAAAAAAAAAAAAAAAAAAAAAAAAAAHgAAAAAAAAAeAAAAAAAAAAoAAAABAAAACAAAAAAAAAAKAAAAAAAAAAwAAAAAAAAADgAAAAAAAAAEAAAAAAAAAAAAAAADQAAABAAAAAAAAAAAQAAAA0AAAAQAAAAAAAAAAQAAAANAAAAEAAAAAAAAAAHAAAADQAAAAgAAAAAAAAACAAAAAAAAAA=', '--mojo-platform-channel-handle=2196', '/prefetch:2']",C:\Program Files (x86)\Microsoft\Edge\Application\msedge.exe,9256,32768.0,4370,3702,8584514,1272776,1.671875,0.640625,27710,0,68.7265625,48.78125,benign
0.2729255299109308,7,0.0,309,"[popenfile(path='C:\\Windows\\System32\\en-US\\propsys.dll.mui', fd=-1), popenfile(path='C:\\Windows\\System32\\en-US\\ole32.dll.mui', fd=-1), popenfile(path='C:\\Windows\\System32\\en-US\\KernelBase.dll.mui', fd=-1), popenfile(path='C:\\Windows\\System32\\en-US\\svchost.exe.mui', fd=-1), popenfile(path='C:\\Windows\\System32\\en-US\\windows.applicationmodel.datatransfer.dll.mui', fd=-1), popenfile(path='C:\\Windows\\Registration\\R000000000006.clb', fd=-1)]",svchost.exe,"['C:\\Windows\\system32\\svchost.exe', '-k', 'ClipboardSvcGroup', '-p', '-s', 'cbdhsvc']",C:\Windows\System32\svchost.exe,9388,32.0,2,0,9684,0,0.265625,0.046875,3666,0,22.35546875,3.7265625,benign
0.0966184035644846,4,0.0,122,,svchost.exe,,C:\Windows\System32\svchost.exe,9668,,0,0,0,0,0.296875,0.09375,1682,0,7.9140625,2.76171875,benign
0.8942209700087128,15,0.0,657,"[popenfile(path='C:\\Users\\sctest13\\AppData\\Local\\Packages\\Microsoft.Windows.StartMenuExperienceHost_cw5n1h2txyewy\\TempState\\TileCache_100_3_PNGEncoded_Data.bin', fd=-1), popenfile(path='C:\\Windows\\SystemResources\\Windows.UI.ShellCommon\\StartUI\\Assets\\Fonts\\BitMDL2.ttf', fd=-1), popenfile(path='C:\\Users\\sctest13\\AppData\\Local\\Packages\\Microsoft.Windows.StartMenuExperienceHost_cw5n1h2txyewy\\TempState\\TileCache_100_3_PNGEncoded_Header.bin', fd=-1), popenfile(path='C:\\Windows\\System32\\en-US\\KernelBase.dll.mui', fd=-1), popenfile(path='C:\\Windows\\System32\\en-US\\windows.storage.dll.mui', fd=-1), popenfile(path='C:\\Windows\\System32\\en-US\\Windows.Globalization.dll.mui', fd=-1), popenfile(path='C:\\Windows\\Fonts\\segoeuib.ttf', fd=-1), popenfile(path='C:\\Windows\\Fonts\\segmdl2.ttf', fd=-1), popenfile(path='C:\\Windows\\Fonts\\segoeui.ttf', fd=-1), popenfile(path='C:\\Windows\\System32\\en-US\\windows.ui.xaml.dll.mui', fd=-1)]",StartMenuExperienceHost.exe,"['C:\\Windows\\SystemApps\\Microsoft.Windows.StartMenuExperienceHost_cw5n1h2txyewy\\StartMenuExperienceHost.exe', '-ServerName:App.AppXywbrabmsek0gm3tkwpr5kwzbs55tkqay.mca']",C:\Windows\SystemApps\Microsoft.Windows.StartMenuExperienceHost_cw5n1h2txyewy\StartMenuExperienceHost.exe,9820,32.0,112,1741,458926,415218,3.234375,1.6875,27264,0,73.24609375,22.40234375,benign
0.3396904682082055,7,0.0,355,"[popenfile(path='C:\\Windows\\System32\\en-US\\propsys.dll.mui', fd=-1), popenfile(path='C:\\Windows\\System32\\en-US\\combase.dll.mui', fd=-1), popenfile(path='C:\\Windows\\System32\\en-US\\netmsg.dll.mui', fd=-1), popenfile(path='C:\\Windows\\System32\\en-US\\KernelBase.dll.mui', fd=-1), popenfile(path='C:\\Windows\\System32\\en-US\\windows.storage.dll.mui', fd=-1), popenfile(path='C:\\Windows\\Registration\\R000000000006.clb', fd=-1)]",RuntimeBroker.exe,"['C:\\Windows\\System32\\RuntimeBroker.exe', '-Embedding']",C:\Windows\System32\RuntimeBroker.exe,9916,32.0,44,10,88966,17508,0.828125,0.5625,10415,0,27.82421875,4.6328125,benign
0.4668776756645138,10,0.0,517,"[popenfile(path='C:\\Windows\\System32\\en-US\\KernelBase.dll.mui', fd=-1), popenfile(path='C:\\Windows\\Fonts\\segoeui.ttf', fd=-1), popenfile(path='C:\\Windows\\System32\\WinMetadata\\Windows.UI.winmd', fd=-1)]",TextInputHost.exe,"['C:\\Windows\\SystemApps\\MicrosoftWindows.Client.CBS_cw5n1h2txyewy\\TextInputHost.exe', '-ServerName:InputApp.AppXjd5de1g66v206tj52m9d0dtpppx4cgpn.mca']",C:\Windows\SystemApps\MicrosoftWindows.Client.CBS_cw5n1h2txyewy\TextInputHost.exe,9996,32.0,2,0,27626,0,0.4375,0.234375,4781,0,38.2421875,12.21484375,benign
1.238298848447882,31,0.0,1017,"[popenfile(path='C:\\Windows\\System32\\en-US\\combase.dll.mui', fd=-1), popenfile(path='C:\\Users\\sctest13\\AppData\\Local\\Packages\\Microsoft.MicrosoftStickyNotes_8wekyb3d8bbwe\\LocalState\\plum.sqlite-shm', fd=-1), popenfile(path='C:\\Program Files\\WindowsApps\\Microsoft.MicrosoftStickyNotes_3.6.73.0_x64__8wekyb3d8bbwe\\Assets\\NewNotePlaceholder-light.png', fd=-1), popenfile(path='C:\\Windows\\System32\\WinMetadata\\Windows.System.winmd', fd=-1), popenfile(path='C:\\Windows\\System32\\WinMetadata\\Windows.Foundation.winmd', fd=-1), popenfile(path='C:\\Windows\\System32\\en-US\\netmsg.dll.mui', fd=-1), popenfile(path='C:\\Windows\\Fonts\\calibri.ttf', fd=-1), popenfile(path='C:\\Users\\sctest13\\AppData\\Local\\Packages\\Microsoft.MicrosoftStickyNotes_8wekyb3d8bbwe\\LocalState\\plum.sqlite', fd=-1), popenfile(path='C:\\Windows\\Fonts\\segoeuib.ttf', fd=-1), popenfile(path='C:\\Windows\\System32\\WinMetadata\\Windows.Web.winmd', fd=-1), popenfile(path='C:\\Windows\\System32\\WinMetadata\\Windows.UI.winmd', fd=-1), popenfile(path='C:\\Windows\\System32\\WinMetadata\\Windows.UI.Xaml.winmd', fd=-1), popenfile(path='C:\\Windows\\System32\\en-US\\windows.storage.dll.mui', fd=-1), popenfile(path='C:\\Program Files\\WindowsApps\\Microsoft.MicrosoftStickyNotes_3.6.73.0_x64__8wekyb3d8bbwe\\Assets\\SearchPlaceholder-light.png', fd=-1), popenfile(path='C:\\Windows\\Fonts\\segoeui.ttf', fd=-1), popenfile(path='C:\\Windows\\System32\\en-US\\windows.ui.xaml.dll.mui', fd=-1), popenfile(path='C:\\Program Files\\WindowsApps\\Microsoft.MicrosoftStickyNotes_3.6.73.0_x64__8wekyb3d8bbwe\\Assets\\ExtendedSplashScreen.png', fd=-1), popenfile(path='C:\\Windows\\System32\\en-US\\KernelBase.dll.mui', fd=-1), popenfile(path='C:\\Users\\sctest13\\AppData\\Local\\Packages\\Microsoft.MicrosoftStickyNotes_8wekyb3d8bbwe\\LocalState\\plum.sqlite-wal', fd=-1), popenfile(path='C:\\Windows\\System32\\en-US\\wininet.dll.mui', fd=-1), popenfile(path='C:\\Windows\\System32\\en-US\\windows.applicationmodel.datatransfer.dll.mui', fd=-1), popenfile(path='C:\\Windows\\Fonts\\seguisb.ttf', fd=-1), popenfile(path='C:\\Windows\\System32\\en-US\\Windows.Security.Authentication.Web.Core.dll.mui', fd=-1)]",Microsoft.Notes.exe,"['C:\\Program Files\\WindowsApps\\Microsoft.MicrosoftStickyNotes_3.6.73.0_x64__8wekyb3d8bbwe\\Microsoft.Notes.exe', '-ServerName:App.AppX495fygk72hjw82j58ny5h3nr8hpsd8vs.mca']",C:\Program Files\WindowsApps\Microsoft.MicrosoftStickyNotes_3.6.73.0_x64__8wekyb3d8bbwe\Microsoft.Notes.exe,10108,32.0,45,172,61988,336912,3.796875,0.84375,21117,0,101.4296875,33.97265625,benign
0.075110555584434,3,0.0,95,[],generate_data.exe,"['.\\generate_data.exe', '[1340, 10404]']",C:\Users\Public\Downloads\generate_data.exe,10144,32.0,6963,35139,53051584,143178226,0.8125,1.5,5910,0,6.15234375,1.2734375,benign
0.1196999965186853,6,0.0,179,,SearchFilterHost.exe,,C:\Windows\System32\SearchFilterHost.exe,10196,,363,0,7414,0,0.0,0.0625,360,0,9.8046875,2.22265625,benign
0.8715208909876395,4,0.0,604,"[popenfile(path='C:\\Windows\\System32\\en-US\\KernelBase.dll.mui', fd=-1), popenfile(path='C:\\Users\\sctest13\\AppData\\Local\\Temp\\_MEI101442\\base_library.zip', fd=-1), popenfile(path='C:\\Windows\\System32\\en-US\\tzres.dll.mui', fd=-1)]",generate_data.exe,"['.\\generate_data.exe', '[1340, 10404]']",C:\Users\Public\Downloads\generate_data.exe,10432,32.0,891,0,10018358,0,1.421875,5.5,33993,0,71.38671875,86.32421875,benign
0.0780195993245295,16,0.0,519,"[popenfile(path='C:\\Users\\sctest13\\AppData\\Local\\Packages\\Microsoft.Windows.Photos_8wekyb3d8bbwe\\LocalState\\MediaDb.v1.sqlite-shm', fd=-1), popenfile(path='C:\\Windows\\System32\\en-US\\KernelBase.dll.mui', fd=-1), popenfile(path='C:\\Users\\sctest13\\AppData\\Local\\Packages\\Microsoft.Windows.Photos_8wekyb3d8bbwe\\LocalState\\PhotosAppTracing_startedInBGMode.etl', fd=-1), popenfile(path='C:\\Windows\\System32\\en-US\\windows.storage.dll.mui', fd=-1), popenfile(path='C:\\Users\\sctest13\\AppData\\Local\\Packages\\Microsoft.Windows.Photos_8wekyb3d8bbwe\\LocalState\\MediaDb.v1.sqlite-wal', fd=-1), popenfile(path='C:\\Windows\\System32\\WinMetadata\\Windows.Storage.winmd', fd=-1), popenfile(path='C:\\Users\\sctest13\\AppData\\Local\\Packages\\Microsoft.Windows.Photos_8wekyb3d8bbwe\\LocalState\\MediaDb.v1.sqlite', fd=-1), popenfile(path='C:\\Windows\\Fonts\\segoeui.ttf', fd=-1)]",Microsoft.Photos.exe,"['C:\\Program Files\\WindowsApps\\Microsoft.Windows.Photos_2019.19071.12548.0_x64__8wekyb3d8bbwe\\Microsoft.Photos.exe', '-ServerName:App.AppXzst44mncqdg84v7sv6p7yznqwssy6f7f.mca']",C:\Program Files\WindowsApps\Microsoft.Windows.Photos_2019.19071.12548.0_x64__8wekyb3d8bbwe\Microsoft.Photos.exe,10464,32.0,291,689,1135508,1479228,0.984375,0.65625,1920,0,6.390625,24.23828125,benign
0.2108341372944653,4,0.0,219,"[popenfile(path='C:\\Windows\\Registration\\R000000000006.clb', fd=-1)]",RuntimeBroker.exe,"['C:\\Windows\\System32\\RuntimeBroker.exe', '-Embedding']",C:\Windows\System32\RuntimeBroker.exe,10508,32.0,0,0,0,0,0.03125,0.015625,186,0,17.26953125,2.71484375,benign
0.236538638538916,3,0.0,268,"[popenfile(path='C:\\Windows\\System32\\en-US\\propsys.dll.mui', fd=-1), popenfile(path='C:\\Windows\\System32\\en-US\\user32.dll.mui', fd=-1), popenfile(path='C:\\Windows\\Fonts\\StaticCache.dat', fd=-1), popenfile(path='C:\\Windows\\System32\\en-US\\Conhost.exe.mui', fd=-1), popenfile(path='C:\\Windows\\Registration\\R000000000006.clb', fd=-1)]",conhost.exe,"['\\??\\C:\\Windows\\system32\\conhost.exe', '0x4']",C:\Windows\System32\conhost.exe,10516,32.0,18,0,17750,0,0.1875,0.171875,4414,0,19.375,8.40234375,benign
0.1788823453950553,5,0.0,259,"[popenfile(path='C:\\Users\\sctest13\\AppData\\Local\\Packages\\Microsoft.Windows.Search_cw5n1h2txyewy\\AppData\\Indexed DB\\IndexedDB.edb', fd=-1), popenfile(path='C:\\Users\\sctest13\\AppData\\Local\\Packages\\Microsoft.Windows.Search_cw5n1h2txyewy\\AppData\\Indexed DB\\edb.log', fd=-1), popenfile(path='C:\\Users\\sctest13\\AppData\\Local\\Packages\\Microsoft.Windows.Search_cw5n1h2txyewy\\AppData\\Indexed DB\\edbtmp.log', fd=-1), popenfile(path='C:\\Users\\sctest13\\AppData\\Local\\Microsoft\\Internet Explorer\\CacheStorage\\edb.log', fd=-1), popenfile(path='C:\\Users\\sctest13\\AppData\\Local\\Packages\\Microsoft.Windows.Search_cw5n1h2txyewy\\AppData\\CacheStorage\\CacheStorage.edb', fd=-1), popenfile(path='C:\\Users\\sctest13\\AppData\\Local\\Packages\\Microsoft.Windows.Search_cw5n1h2txyewy\\AppData\\Indexed DB\\IndexedDB.jfm', fd=-1), popenfile(path='C:\\Users\\sctest13\\AppData\\Local\\Microsoft\\Internet Explorer\\CacheStorage\\edbtmp.log', fd=-1), popenfile(path='C:\\Users\\sctest13\\AppData\\Local\\Packages\\Microsoft.Windows.Search_cw5n1h2txyewy\\AppData\\CacheStorage\\CacheStorage.jfm', fd=-1), popenfile(path='C:\\Windows\\System32\\en-US\\ESENT.dll.mui', fd=-1), popenfile(path='C:\\Windows\\Registration\\R000000000006.clb', fd=-1), popenfile(path='C:\\Users\\sctest13\\AppData\\Local\\Packages\\Microsoft.Windows.Search_cw5n1h2txyewy\\AppData\\Indexed DB\\temp.edb', fd=-1)]",dllhost.exe,"['C:\\Windows\\system32\\DllHost.exe', '/Processid:{973D20D7-562D-44B9-B70B-5A0F49CCDF3F}']",C:\Windows\System32\dllhost.exe,10540,32.0,9,208,1067265,10563584,0.140625,0.1875,487,0,14.65234375,4.75,benign
0.065525018014611,1,0.0,86,"[popenfile(path='C:\\Windows\\System32\\en-US\\cmd.exe.mui', fd=-1)]",cmd.exe,['C:\\Windows\\system32\\cmd.exe'],C:\Windows\System32\cmd.exe,10548,32.0,1,0,2355,0,0.03125,0.0,375,0,5.3671875,2.63671875,benign
0.2665351715310488,5,0.0,292,"[popenfile(path='C:\\Windows\\System32\\en-US\\propsys.dll.mui', fd=-1), popenfile(path='C:\\Windows\\System32\\en-US\\shell32.dll.mui', fd=-1), popenfile(path='C:\\Windows\\Registration\\R000000000006.clb', fd=-1), popenfile(path='C:\\Windows\\System32\\en-US\\windows.storage.dll.mui', fd=-1)]",RuntimeBroker.exe,"['C:\\Windows\\System32\\RuntimeBroker.exe', '-Embedding']",C:\Windows\System32\RuntimeBroker.exe,10688,32.0,1513,0,314686,0,0.484375,0.875,473,0,21.83203125,3.79296875,benign
0.6244906192877231,12,0.0,576,"[popenfile(path='C:\\Windows\\System32\\en-US\\combase.dll.mui', fd=-1), popenfile(path='C:\\Program Files\\WindowsApps\\Microsoft.WindowsCamera_2018.826.98.0_x64__8wekyb3d8bbwe\\Assets\\Icons\\CamMDL2.ttf', fd=-1), popenfile(path='C:\\Windows\\System32\\WinMetadata\\Windows.Foundation.winmd', fd=-1), popenfile(path='C:\\Program Files\\WindowsApps\\Microsoft.WindowsCamera_2018.826.98.0_x64__8wekyb3d8bbwe\\Assets\\WindowsIcons\\WindowsCameraSplashScreen.scale-100.png', fd=-1), popenfile(path='C:\\Windows\\System32\\WinMetadata\\Windows.UI.winmd', fd=-1), popenfile(path='C:\\Windows\\System32\\WinMetadata\\Windows.UI.Xaml.winmd', fd=-1), popenfile(path='C:\\Windows\\System32\\WinMetadata\\Windows.System.winmd', fd=-1), popenfile(path='C:\\Windows\\System32\\en-US\\KernelBase.dll.mui', fd=-1), popenfile(path='C:\\Windows\\Fonts\\segoeuisl.ttf', fd=-1), popenfile(path='C:\\Windows\\Fonts\\segoeui.ttf', fd=-1), popenfile(path='C:\\Windows\\System32\\en-US\\windows.ui.xaml.dll.mui', fd=-1)]",WindowsCamera.exe,"['C:\\Program Files\\WindowsApps\\Microsoft.WindowsCamera_2018.826.98.0_x64__8wekyb3d8bbwe\\WindowsCamera.exe', '-ServerName:App.AppX3wjje43c7tprx3dar9vyjkqx3g35smht.mca']",C:\Program Files\WindowsApps\Microsoft.WindowsCamera_2018.826.98.0_x64__8wekyb3d8bbwe\WindowsCamera.exe,10772,32.0,2,0,8192,0,1.109375,0.53125,1812,0,51.15234375,19.32421875,benign
0.4452744492011813,11,0.0,444,"[popenfile(path='C:\\Windows\\System32\\en-US\\propsys.dll.mui', fd=-1), popenfile(path='C:\\Windows\\System32\\en-US\\netmsg.dll.mui', fd=-1), popenfile(path='C:\\Windows\\System32\\en-US\\KernelBase.dll.mui', fd=-1), popenfile(path='C:\\Windows\\System32\\en-US\\windows.storage.dll.mui', fd=-1), popenfile(path='C:\\Windows\\Registration\\R000000000006.clb', fd=-1)]",RuntimeBroker.exe,"['C:\\Windows\\System32\\RuntimeBroker.exe', '-Embedding']",C:\Windows\System32\RuntimeBroker.exe,10920,32.0,5,2,9980,2748,0.609375,0.53125,6184,0,36.47265625,14.85546875,benign
0.1004812321373984,7,0.0,160,"[popenfile(path='C:\\Windows\\System32\\en-US\\KernelBase.dll.mui', fd=-1), popenfile(path='C:\\Users\\sctest13\\AppData\\Local\\Microsoft\\Edge\\User Data\\CrashpadMetrics-active.pma', fd=-1)]",msedge.exe,"['C:\\Program Files (x86)\\Microsoft\\Edge\\Application\\msedge.exe', '--type=crashpad-handler', '--user-data-dir=C:\\Users\\sctest13\\AppData\\Local\\Microsoft\\Edge\\User Data', '/prefetch:7', '--monitor-self-annotation=ptype=crashpad-handler', '--database=C:\\Users\\sctest13\\AppData\\Local\\Microsoft\\Edge\\User Data\\Crashpad', '--metrics-dir=C:\\Users\\sctest13\\AppData\\Local\\Microsoft\\Edge\\User Data', '--annotation=IsOfficialBuild=1', '--annotation=channel=', '--annotation=chromium-version=92.0.4515.131', '--annotation=exe=C:\\Program Files (x86)\\Microsoft\\Edge\\Application\\msedge.exe', '--annotation=plat=Win64', '--annotation=prod=Microsoft Edge', '--annotation=ver=92.0.902.67', '--initial-client-data=0x118,0x11c,0x120,0xf4,0x124,0x7ff8e1c446f8,0x7ff8e1c44708,0x7ff8e1c44718']",C:\Program Files (x86)\Microsoft\Edge\Application\msedge.exe,11000,32.0,22,16,5260,192,0.015625,0.03125,168,0,8.23046875,1.9609375,benign
0.3249068032995232,5,0.0,336,"[popenfile(path='C:\\Windows\\System32\\en-US\\propsys.dll.mui', fd=-1), popenfile(path='C:\\Windows\\System32\\en-US\\shell32.dll.mui', fd=-1), popenfile(path='C:\\Windows\\SystemResources\\shell32.dll.mun', fd=-1), popenfile(path='C:\\Windows\\System32\\en-US\\windows.storage.dll.mui', fd=-1), popenfile(path='C:\\Windows\\Registration\\R000000000006.clb', fd=-1)]",RuntimeBroker.exe,"['C:\\Windows\\System32\\RuntimeBroker.exe', '-Embedding']",C:\Windows\System32\RuntimeBroker.exe,11176,32.0,109,9,883640,2731,0.40625,0.375,3105,0,26.61328125,6.9140625,benign
0.1169340205035125,1,0.0,164,"[popenfile(path='C:\\Windows\\System32\\en-US\\securityhealthsso.dll.mui', fd=-1), popenfile(path='C:\\Windows\\Registration\\R000000000006.clb', fd=-1)]",SecurityHealthSystray.exe,['C:\\Windows\\System32\\SecurityHealthSystray.exe'],C:\Windows\System32\SecurityHealthSystray.exe,11220,32.0,1,0,5372,0,0.015625,0.0625,267,0,9.578125,1.6875,benign
0.0018598804239955,104,0.0,2323,[],System,[],,4,,148,720,252864,177575782,0.0,81.09375,309884,0,0.15234375,0.19140625,benign
0.2058744561638106,4,0.0,0,,Registry,,Registry,92,,4,2172,16384,44752896,0.0,2.234375,2581,0,16.86328125,3.74609375,benign
0.0145452187004777,2,0.0,53,,smss.exe,,C:\Windows\System32\smss.exe,300,,22,13,16804,65684,0.015625,0.15625,980,0,1.19140625,1.03515625,benign
0.1462629041126725,1,0.0,154,"[popenfile(path='C:\\Windows\\Registration\\R000000000006.clb', fd=-1)]",RuntimeBroker.exe,"['C:\\Windows\\System32\\RuntimeBroker.exe', '-Embedding']",C:\Windows\System32\RuntimeBroker.exe,336,32.0,0,0,0,0,0.03125,0.09375,46,0,11.98046875,2.05078125,benign
0.0621390818581063,10,0.0,469,,csrss.exe,,C:\Windows\System32\csrss.exe,416,,202,0,155808,0,0.03125,0.421875,6296,0,5.08984375,1.6875,benign
0.125756530207081,1,0.0,224,,svchost.exe,,C:\Windows\System32\svchost.exe,504,,2,20,8192,98304,0.125,0.125,31,0,10.30078125,2.00390625,benign
0.0844576469460525,1,0.0,164,,wininit.exe,,C:\Windows\System32\wininit.exe,508,,2,0,9732,0,0.046875,0.078125,288,0,6.91796875,1.31640625,benign
0.1641940589696548,12,0.0,411,,csrss.exe,,C:\Windows\System32\csrss.exe,516,,5114,0,464158,0,0.140625,0.765625,40747,0,13.44921875,2.0546875,benign
0.141207844498736,3,0.0,275,,winlogon.exe,,C:\Windows\System32\winlogon.exe,580,,3,1,206304,160,0.109375,0.109375,721,0,11.56640625,2.34765625,benign
0.1200338212101717,10,0.0,586,,services.exe,,C:\Windows\System32\services.exe,648,,3,1099,8308,2073912,0.890625,1.671875,11399,0,9.83203125,4.91796875,benign
0.0652865718064064,2,0.0,86,"[popenfile(path='C:\\Windows\\System32\\en-US\\cmd.exe.mui', fd=-1)]",cmd.exe,['C:\\Windows\\system32\\cmd.exe'],C:\Windows\System32\cmd.exe,656,32.0,0,0,0,0,0.03125,0.03125,212,0,5.34765625,3.953125,benign
0.201391667449565,7,0.0,1002,,lsass.exe,,C:\Windows\System32\lsass.exe,664,,210,39,83662,77362,0.796875,1.0,12439,0,16.49609375,5.1875,benign
0.2143631411758927,12,0.0,353,,WmiPrvSE.exe,,C:\Windows\System32\wbem\WmiPrvSE.exe,692,,380,378,861736,37012,0.84375,1.015625,12093,0,17.55859375,8.98046875,benign
0.3297234167052552,11,0.0,1247,,svchost.exe,,C:\Windows\System32\svchost.exe,772,,28,6,418816,135168,0.765625,1.375,10345,0,27.0078125,9.203125,benign
0.0403450984282102,5,0.0,36,,fontdrvhost.exe,,C:\Windows\System32\fontdrvhost.exe,800,,0,0,0,0,0.0,0.03125,1530,0,3.3046875,1.2265625,benign
0.0493583650983423,5,0.0,36,,fontdrvhost.exe,,C:\Windows\System32\fontdrvhost.exe,804,,0,0,0,0,0.0625,0.109375,3350,0,4.04296875,1.4765625,benign
0.1791684808449007,8,0.0,1104,,svchost.exe,,C:\Windows\System32\svchost.exe,884,,17,0,69632,0,3.21875,2.296875,2001,0,14.67578125,6.7890625,benign
0.1904708311137965,7,0.0,303,,svchost.exe,,C:\Windows\System32\svchost.exe,900,,11,4,4739,4201,0.15625,0.078125,78,0,15.6015625,3.8671875,benign
0.091086451534139,5,0.0,256,,svchost.exe,,C:\Windows\System32\svchost.exe,936,,0,0,0,0,0.140625,0.1875,2780,0,7.4609375,2.08203125,benign
0.1186985224442262,2,0.0,205,,svchost.exe,,C:\Windows\System32\svchost.exe,992,,0,0,0,0,0.046875,0.09375,50,0,9.72265625,2.234375,benign
0.7656030853031772,15,0.0,1005,,dwm.exe,,C:\Windows\System32\dwm.exe,1000,,2,0,72092,0,1.640625,1.3125,25869,0,62.7109375,38.5546875,benign
0.0731076074355158,3,0.0,157,,svchost.exe,,C:\Windows\System32\svchost.exe,1044,,0,0,0,0,0.046875,0.03125,2378,0,5.98828125,1.4375,benign
0.1180785623028943,7,0.0,172,,SearchFilterHost.exe,,C:\Windows\System32\SearchFilterHost.exe,1068,,363,0,7414,0,0.015625,0.078125,294,0,9.671875,2.1484375,benign
0.1428292787145269,2,0.0,207,,svchost.exe,,C:\Windows\System32\svchost.exe,1076,,0,0,0,0,0.078125,0.03125,35,0,11.69921875,1.83203125,benign
0.0878435831025571,8,0.0,229,,svchost.exe,,C:\Windows\System32\svchost.exe,1088,,2,0,824,0,0.09375,0.03125,159,0,7.1953125,2.0390625,benign
0.1826974847263281,6,0.0,390,,svchost.exe,,C:\Windows\System32\svchost.exe,1092,,1,31,6,1740640,0.34375,0.59375,1947,0,14.96484375,5.390625,benign
0.1685337799589777,5,0.0,255,,svchost.exe,,C:\Windows\System32\svchost.exe,1124,,2,0,8192,0,0.09375,0.140625,172,0,13.8046875,3.25,benign
0.2299098339508295,8,0.0,389,,svchost.exe,,C:\Windows\System32\svchost.exe,1180,,479,432,4966912,11914472,0.25,0.703125,2195,0,18.83203125,16.30078125,benign
0.2277161288353476,4,0.0,270,"[popenfile(path='C:\\Windows\\Registration\\R000000000006.clb', fd=-1), popenfile(path='C:\\Windows\\System32\\en-US\\propsys.dll.mui', fd=-1), popenfile(path='C:\\Windows\\System32\\en-US\\user32.dll.mui', fd=-1), popenfile(path='C:\\Windows\\Fonts\\StaticCache.dat', fd=-1), popenfile(path='C:\\Windows\\System32\\en-US\\Conhost.exe.mui', fd=-1)]",conhost.exe,"['\\??\\C:\\Windows\\system32\\conhost.exe', '0x4']",C:\Windows\System32\conhost.exe,1192,32.0,18,0,7448,0,0.109375,0.21875,3769,0,18.65234375,7.29296875,benign
0.1155510324959261,6,0.0,235,,svchost.exe,,C:\Windows\System32\svchost.exe,1240,,0,0,0,0,0.21875,0.25,533,0,9.46484375,2.45703125,benign
0.0915633439505481,1,0.0,123,"[popenfile(path='C:\\Windows\\Registration\\R000000000006.clb', fd=-1)]",RuntimeBroker.exe,"['C:\\Windows\\System32\\RuntimeBroker.exe', '-Embedding']",C:\Windows\System32\RuntimeBroker.exe,1296,32.0,1,0,7407,0,0.015625,0.015625,56,0,7.5,1.44140625,benign
0.0861744596451252,2,0.0,126,,svchost.exe,,C:\Windows\System32\svchost.exe,1316,,0,0,0,0,0.0625,0.046875,43,0,7.05859375,2.875,benign
0.0738229460601294,3,0.0,129,,svchost.exe,,C:\Windows\System32\svchost.exe,1356,,0,0,0,0,0.03125,0.015625,85,0,6.046875,1.41796875,benign
0.0881774077940435,2,0.0,121,,svchost.exe,,C:\Windows\System32\svchost.exe,1376,,0,0,0,0,0.015625,0.015625,66,0,7.22265625,1.41015625,benign
0.1199384427268899,4,0.0,377,,svchost.exe,,C:\Windows\System32\svchost.exe,1388,,0,0,0,0,0.0625,0.09375,171,0,9.82421875,2.1875,benign
0.083122348180107,5,0.0,202,,svchost.exe,,C:\Windows\System32\svchost.exe,1408,,0,0,0,0,0.015625,0.078125,432,0,6.80859375,1.796875,benign
0.1371542589592586,5,0.0,311,,svchost.exe,,C:\Windows\System32\svchost.exe,1496,,0,0,0,0,0.125,0.78125,344,0,11.234375,3.53515625,benign
0.108159200041585,5,0.0,431,,svchost.exe,,C:\Windows\System32\svchost.exe,1524,,34,0,714,0,0.3125,0.078125,107,0,8.859375,2.89453125,benign
0.1637171665532457,5,0.0,225,,svchost.exe,,C:\Windows\System32\svchost.exe,1556,,1,300,49756,2080075,0.546875,8.46875,3462,0,13.41015625,2.44140625,benign
0.0698647390039338,3,0.0,179,,svchost.exe,,C:\Windows\System32\svchost.exe,1580,,0,0,0,0,0.0,0.15625,314,0,5.72265625,1.2421875,benign
0.2720671235613944,4,0.0,330,"[popenfile(path='C:\\Windows\\Registration\\R000000000006.clb', fd=-1), popenfile(path='C:\\Windows\\System32\\en-US\\KernelBase.dll.mui', fd=-1), popenfile(path='C:\\Windows\\System32\\WinMetadata\\Windows.Foundation.winmd', fd=-1), popenfile(path='C:\\Windows\\System32\\en-US\\wininet.dll.mui', fd=-1), popenfile(path='C:\\Windows\\System32\\en-US\\Windows.Web.Http.dll.mui', fd=-1), popenfile(path='C:\\Windows\\System32\\en-US\\netmsg.dll.mui', fd=-1), popenfile(path='C:\\Windows\\System32\\en-US\\smartscreen.exe.mui', fd=-1)]",smartscreen.exe,"['C:\\Windows\\System32\\smartscreen.exe', '-Embedding']",C:\Windows\System32\smartscreen.exe,1672,32.0,1,1,116,160,0.375,0.109375,241,0,22.28515625,7.58984375,benign
0.1203676459016581,5,0.0,369,,svchost.exe,,C:\Windows\System32\svchost.exe,1712,,1,1,116,160,0.0625,0.078125,135,0,9.859375,3.44921875,benign
0.0199817922475415,38,0.0,0,,MemCompression,,MemCompression,1732,,0,0,0,0,0.0,0.75,5215,0,1.63671875,0.08203125,benign
0.0964753358395619,2,0.0,162,,svchost.exe,,C:\Windows\System32\svchost.exe,1756,,108,0,2172,0,0.03125,0.0625,166,0,7.90234375,1.67578125,benign
0.0956646187316664,4,0.0,173,,svchost.exe,,C:\Windows\System32\svchost.exe,1804,,0,0,0,0,0.0625,0.15625,170,0,7.8359375,1.7578125,benign
0.104391749951953,6,0.0,165,,svchost.exe,,C:\Windows\System32\svchost.exe,1812,,0,0,0,0,0.046875,0.09375,296,0,8.55078125,1.9140625,benign
0.1073484829336895,6,0.0,340,,svchost.exe,,C:\Windows\System32\svchost.exe,1916,,0,0,0,0,0.03125,0.09375,71,0,8.79296875,2.34765625,benign
0.1554192385077273,11,0.0,326,,svchost.exe,,C:\Windows\System32\svchost.exe,1944,,0,0,0,0,0.3125,0.234375,383,0,12.73046875,2.95703125,benign
0.2105956910862608,2,0.0,242,"[popenfile(path='C:\\Windows\\System32\\en-US\\propsys.dll.mui', fd=-1), popenfile(path='C:\\Windows\\Registration\\R000000000006.clb', fd=-1)]",RuntimeBroker.exe,"['C:\\Windows\\System32\\RuntimeBroker.exe', '-Embedding']",C:\Windows\System32\RuntimeBroker.exe,1968,32.0,6,0,2478,0,0.078125,0.125,64,0,17.25,2.76953125,benign
0.1674369274012367,5,0.0,236,,svchost.exe,,C:\Windows\System32\svchost.exe,2076,,0,0,0,0,0.046875,0.0625,695,0,13.71484375,2.46484375,benign
0.2259516268946339,4,0.0,270,"[popenfile(path='C:\\Windows\\Registration\\R000000000006.clb', fd=-1), popenfile(path='C:\\Windows\\System32\\en-US\\propsys.dll.mui', fd=-1), popenfile(path='C:\\Windows\\System32\\en-US\\user32.dll.mui', fd=-1), popenfile(path='C:\\Windows\\Fonts\\StaticCache.dat', fd=-1), popenfile(path='C:\\Windows\\System32\\en-US\\Conhost.exe.mui', fd=-1)]",conhost.exe,"['\\??\\C:\\Windows\\system32\\conhost.exe', '0x4']",C:\Windows\System32\conhost.exe,2124,32.0,18,0,7448,0,0.171875,0.203125,1895,0,18.5078125,7.2890625,benign
0.2873753701281267,4,0.0,195,,svchost.exe,,C:\Windows\System32\svchost.exe,2152,,25586,780,104140916,1619032,10.296875,4.125,555,0,23.5390625,15.109375,benign
0.2355371644644569,7,0.0,475,,spoolsv.exe,,C:\Windows\System32\spoolsv.exe,2260,,181,454,87964,63984,0.078125,0.375,482,0,19.29296875,5.82421875,benign
0.0869374875113798,2,0.0,162,,svchost.exe,,C:\Windows\System32\svchost.exe,2268,,0,0,0,0,0.03125,0.125,180,0,7.12109375,1.5703125,benign
0.1463582825959543,1,0.0,268,,svchost.exe,,C:\Windows\System32\svchost.exe,2284,,0,0,0,0,0.0625,0.078125,36,0,11.98828125,2.2578125,benign
0.2079250935543698,11,0.0,393,,svchost.exe,,C:\Windows\System32\svchost.exe,2316,,1,2,116,32928,0.453125,1.1875,1063,0,17.03125,7.98046875,benign
0.0987644194383256,5,0.0,185,,svchost.exe,,C:\Windows\System32\svchost.exe,2392,,640,557,31904,59168,0.0625,0.15625,1482,0,8.08984375,1.98046875,benign
0.1022457340781121,6,0.0,197,,svchost.exe,,C:\Windows\System32\svchost.exe,2468,,0,0,0,0,0.0,0.046875,122,0,8.375,1.90234375,benign
0.0827408342469797,4,0.0,128,,vm3dservice.exe,,C:\Windows\System32\vm3dservice.exe,2656,,0,0,0,0,0.015625,0.046875,3441,0,6.77734375,1.66015625,benign
0.117744737611408,4,0.0,183,,svchost.exe,,C:\Windows\System32\svchost.exe,2708,,38,0,540672,0,0.046875,0.0625,145,0,9.64453125,2.3671875,benign
0.3237622615001413,11,0.0,450,,svchost.exe,,C:\Windows\System32\svchost.exe,2720,,79,37,1859131,53766,1.25,1.0625,2431,0,26.51953125,11.80078125,benign
0.2057790776805288,14,0.0,344,,svchost.exe,,C:\Windows\System32\svchost.exe,2736,,211,123,46046016,1128022,0.6875,0.453125,5627,0,16.85546875,11.671875,benign
0.2456949729339709,19,0.0,412,,svchost.exe,,C:\Windows\System32\svchost.exe,2776,,9369,6416,76469908,53402844,4.84375,1.953125,6985,0,20.125,10.2421875,benign
0.1118312716479351,6,0.0,213,,svchost.exe,,C:\Windows\System32\svchost.exe,2848,,404,270,26836,46856,0.015625,0.125,1390,0,9.16015625,2.3359375,benign
0.0672895199553247,3,0.0,128,,svchost.exe,,C:\Windows\System32\svchost.exe,2868,,1,0,512,0,0.0,0.03125,83,0,5.51171875,1.2265625,benign
0.1703936603829732,7,0.0,357,,SearchProtocolHost.exe,,C:\Windows\System32\SearchProtocolHost.exe,2880,,16,0,21213,0,0.109375,0.109375,623,0,13.95703125,2.4921875,benign
0.2068282409966288,12,0.0,305,,vmtoolsd.exe,,C:\Program Files\VMware\VMware Tools\vmtoolsd.exe,2884,,463,241,9816,49048,0.09375,0.21875,19722,0,16.94140625,5.75,benign
0.0770658144917113,3,0.0,121,,vm3dservice.exe,,C:\Windows\System32\vm3dservice.exe,2892,,0,0,0,0,0.0,0.046875,1569,0,6.3125,1.53515625,benign
0.1301439404380447,2,0.0,167,,VGAuthService.exe,,C:\Program Files\VMware\VMware Tools\VMware VGAuth\VGAuthService.exe,2900,,30,22,32424,2280,0.046875,0.09375,347,0,10.66015625,2.45703125,benign
1.7176234161806736,25,0.0,600,,MsMpEng.exe,,C:\Program Files\Windows Defender\MsMpEng.exe,2908,,298,2419,15615925,5017544,18.828125,6.90625,76987,0,140.69140625,142.98828125,benign
0.1490288801278453,4,0.0,152,,svchost.exe,,C:\Windows\System32\svchost.exe,2920,,0,0,0,0,0.046875,0.015625,58,0,12.20703125,1.97265625,benign
0.0657634642228155,3,0.0,106,,svchost.exe,,C:\Windows\System32\svchost.exe,2940,,0,0,0,0,0.0,0.015625,49,0,5.38671875,1.2578125,benign
0.4037371197319483,13,0.0,457,"[popenfile(path='C:\\Users\\sctest1\\AppData\\Local\\Microsoft\\OneDrive\\19.043.0304.0013\\en\\FileSync.LocalizedResources.dll.mui', fd=-1), popenfile(path='C:\\Users\\sctest1\\AppData\\Local\\Temp\\aria-debug-7072.log', fd=-1), popenfile(path='C:\\Windows\\Registration\\R000000000006.clb', fd=-1), popenfile(path='C:\\Users\\sctest1\\AppData\\Local\\Temp\\aria-debug-3000.log', fd=-1), popenfile(path='C:\\Users\\sctest1\\AppData\\Local\\Microsoft\\OneDrive\\logs\\Personal\\TraceCurrent.0304.0013.etl', fd=-1), popenfile(path='C:\\Users\\sctest1\\AppData\\Local\\Temp\\aria-debug-6124.log', fd=-1), popenfile(path='C:\\Windows\\System32\\en-US\\KernelBase.dll.mui', fd=-1), popenfile(path='C:\\Users\\sctest1\\AppData\\Local\\Microsoft\\OneDrive\\setup\\logs\\Update_2025-11-13_152156_bb8-17a0.log', fd=-1), popenfile(path='C:\\Users\\sctest1\\AppData\\Local\\Microsoft\\OneDrive\\logs\\Personal\\SyncEngine-2025-11-13.1521.3000.1.aodl', fd=-1)]",OneDrive.exe,"['', '/setautostart', '/background']",C:\Users\sctest1\AppData\Local\Microsoft\OneDrive\OneDrive.exe,3000,32.0,27,827,320,238978,0.265625,0.390625,658,0,33.0703125,8.390625,benign
0.1290470878803038,5,0.0,363,,svchost.exe,,C:\Windows\System32\svchost.exe,3076,,1,1,116,160,0.0625,0.0625,121,0,10.5703125,2.62890625,benign
0.075110555584434,3,0.0,95,[],generate_data.exe,"['.\\generate_data.exe', '[752, 332]']",C:\Users\sctest1\Desktop\generate_data.exe,3136,32.0,6963,35139,53051584,143178226,1.453125,2.9375,1622,0,6.15234375,1.296875,benign
0.1252796377906719,9,0.0,230,,msdtc.exe,,C:\Windows\System32\msdtc.exe,3208,,1,9,116,5075104,0.015625,0.171875,8660,0,10.26171875,2.67578125,benign
0.3076909870671546,9,0.0,521,"[popenfile(path='C:\\Windows\\System32\\en-US\\KernelBase.dll.mui', fd=-1), popenfile(path='C:\\Windows\\Registration\\R000000000006.clb', fd=-1)]",sihost.exe,['sihost.exe'],C:\Windows\System32\sihost.exe,3232,32.0,30,0,122880,0,1.109375,0.78125,1889,0,25.203125,5.1171875,benign
0.2098803524616471,9,0.0,296,"[popenfile(path='C:\\Windows\\System32\\en-US\\svchost.exe.mui', fd=-1), popenfile(path='C:\\Windows\\Registration\\R000000000006.clb', fd=-1), popenfile(path='C:\\Users\\sctest1\\AppData\\Local\\ConnectedDevicesPlatform\\L.sctest1\\ActivitiesCache.db-wal', fd=-1), popenfile(path='C:\\Users\\sctest1\\AppData\\Local\\ConnectedDevicesPlatform\\L.sctest1\\ActivitiesCache.db', fd=-1), popenfile(path='C:\\Users\\sctest1\\AppData\\Local\\ConnectedDevicesPlatform\\L.sctest1\\ActivitiesCache.db-shm', fd=-1), popenfile(path='C:\\Windows\\System32\\en-US\\crypt32.dll.mui', fd=-1)]",svchost.exe,"['C:\\Windows\\system32\\svchost.exe', '-k', 'UnistackSvcGroup', '-s', 'CDPUserSvc']",C:\Windows\System32\svchost.exe,3240,32.0,41,271,113116,550504,0.359375,0.15625,350,0,17.19140625,4.671875,benign
0.4016864823413892,5,0.0,417,"[popenfile(path='C:\\Windows\\System32\\en-US\\svchost.exe.mui', fd=-1), popenfile(path='C:\\Windows\\Registration\\R000000000006.clb', fd=-1), popenfile(path='C:\\Windows\\System32\\en-US\\QuietHours.dll.mui', fd=-1), popenfile(path='C:\\Windows\\System32\\en-US\\KernelBase.dll.mui', fd=-1), popenfile(path='C:\\Users\\sctest1\\AppData\\Local\\Microsoft\\Windows\\Notifications\\WPNPRMRY.tmp', fd=-1), popenfile(path='C:\\Users\\sctest1\\AppData\\Local\\Microsoft\\Windows\\Notifications\\wpndatabase.db', fd=-1), popenfile(path='C:\\Users\\sctest1\\AppData\\Local\\Microsoft\\Windows\\Notifications\\wpndatabase.db-wal', fd=-1), popenfile(path='C:\\Users\\sctest1\\AppData\\Local\\Microsoft\\Windows\\Notifications\\wpndatabase.db-shm', fd=-1)]",svchost.exe,"['C:\\Windows\\system32\\svchost.exe', '-k', 'UnistackSvcGroup', '-s', 'WpnUserService']",C:\Windows\System32\svchost.exe,3300,32.0,174,4604,708708,9696008,0.953125,0.453125,177,0,32.90234375,7.29296875,benign
0.0536027076043834,1,0.0,77,"[popenfile(path='C:\\Windows\\System32\\en-US\\cmd.exe.mui', fd=-1)]",cmd.exe,['C:\\Windows\\system32\\cmd.exe'],C:\Windows\System32\cmd.exe,3480,32.0,0,0,0,0,0.0,0.0625,181,0,4.390625,2.30078125,benign
0.0371022299966283,3,0.0,211,,MicrosoftEdgeUpdate.exe,,C:\Program Files (x86)\Microsoft\EdgeUpdate\MicrosoftEdgeUpdate.exe,3488,,0,22,0,1700,0.0625,0.03125,930,0,3.0390625,1.83984375,benign
0.1930937394040466,8,0.0,304,"[popenfile(path='C:\\Windows\\System32\\en-US\\taskhostw.exe.mui', fd=-1), popenfile(path='C:\\Users\\sctest1\\AppData\\Local\\Microsoft\\Windows\\WebCacheLock.dat', fd=-1), popenfile(path='C:\\Users\\sctest1\\AppData\\Local\\Microsoft\\Windows\\WebCache\\WebCacheV01.jfm', fd=-1), popenfile(path='C:\\Windows\\Registration\\R000000000006.clb', fd=-1), popenfile(path='C:\\Windows\\System32\\en-US\\wdmaud.drv.mui', fd=-1), popenfile(path='C:\\Windows\\System32\\en-US\\MsCtfMonitor.dll.mui', fd=-1), popenfile(path='C:\\Users\\sctest1\\AppData\\Local\\Microsoft\\Windows\\WebCache\\WebCacheV01.dat', fd=-1), popenfile(path='C:\\Windows\\System32\\en-US\\MMDevAPI.dll.mui', fd=-1), popenfile(path='C:\\Windows\\System32\\en-US\\ESENT.dll.mui', fd=-1), popenfile(path='C:\\Windows\\System32\\en-US\\winmm.dll.mui', fd=-1), popenfile(path='C:\\Users\\sctest1\\AppData\\Local\\Microsoft\\Windows\\WebCache\\V01.log', fd=-1)]",taskhostw.exe,"['taskhostw.exe', '{222A245B-E637-4AE9-A93F-A59CA119A75E}']",C:\Windows\System32\taskhostw.exe,3500,32.0,27,91,1884792,2134016,0.296875,0.265625,781,0,15.81640625,5.9453125,benign
0.1782623852537234,8,0.0,252,"[popenfile(path='C:\\Windows\\Registration\\R000000000006.clb', fd=-1), popenfile(path='C:\\Users\\sctest1\\AppData\\Local\\Packages\\Microsoft.Windows.Search_cw5n1h2txyewy\\AppData\\Indexed DB\\temp.edb', fd=-1), popenfile(path='C:\\Users\\sctest1\\AppData\\Local\\Packages\\Microsoft.Windows.Search_cw5n1h2txyewy\\AppData\\CacheStorage\\CacheStorage.edb', fd=-1), popenfile(path='C:\\Users\\sctest1\\AppData\\Local\\Packages\\Microsoft.Windows.Search_cw5n1h2txyewy\\AppData\\CacheStorage\\CacheStorage.jfm', fd=-1), popenfile(path='C:\\Users\\sctest1\\AppData\\Local\\Packages\\Microsoft.Windows.Search_cw5n1h2txyewy\\AppData\\Indexed DB\\IndexedDB.jfm', fd=-1), popenfile(path='C:\\Users\\sctest1\\AppData\\Local\\Packages\\Microsoft.Windows.Search_cw5n1h2txyewy\\AppData\\Indexed DB\\IndexedDB.edb', fd=-1), popenfile(path='C:\\Users\\sctest1\\AppData\\Local\\Packages\\Microsoft.Windows.Search_cw5n1h2txyewy\\AppData\\Indexed DB\\edbtmp.log', fd=-1), popenfile(path='C:\\Windows\\System32\\en-US\\ESENT.dll.mui', fd=-1), popenfile(path='C:\\Users\\sctest1\\AppData\\Local\\Microsoft\\Internet Explorer\\CacheStorage\\edbtmp.log', fd=-1), popenfile(path='C:\\Users\\sctest1\\AppData\\Local\\Microsoft\\Internet Explorer\\CacheStorage\\edb.log', fd=-1), popenfile(path='C:\\Users\\sctest1\\AppData\\Local\\Packages\\Microsoft.Windows.Search_cw5n1h2txyewy\\AppData\\Indexed DB\\edb.log', fd=-1)]",dllhost.exe,"['C:\\Windows\\system32\\DllHost.exe', '/Processid:{973D20D7-562D-44B9-B70B-5A0F49CCDF3F}']",C:\Windows\System32\dllhost.exe,3580,32.0,8,179,1056768,10199040,0.09375,0.09375,503,0,14.6015625,4.9921875,benign
0.4943943680913191,16,0.0,626,,Taskmgr.exe,"['C:\\Windows\\system32\\taskmgr.exe', '/7']",C:\Windows\System32\Taskmgr.exe,3584,32.0,120,21,821769,212304,2.296875,3.546875,21211,0,40.49609375,18.3359375,benign
0.2649614265568987,11,0.0,333,"[popenfile(path='C:\\Windows\\System32\\en-US\\svchost.exe.mui', fd=-1), popenfile(path='C:\\Windows\\Registration\\R000000000006.clb', fd=-1), popenfile(path='C:\\Windows\\System32\\en-US\\propsys.dll.mui', fd=-1), popenfile(path='C:\\Windows\\System32\\en-US\\KernelBase.dll.mui', fd=-1), popenfile(path='C:\\Windows\\System32\\en-US\\windows.applicationmodel.datatransfer.dll.mui', fd=-1), popenfile(path='C:\\Windows\\System32\\en-US\\ole32.dll.mui', fd=-1)]",svchost.exe,"['C:\\Windows\\system32\\svchost.exe', '-k', 'ClipboardSvcGroup', '-p', '-s', 'cbdhsvc']",C:\Windows\System32\svchost.exe,3596,32.0,1,0,1142,0,0.25,0.09375,3207,0,21.703125,3.90234375,benign
0.161428082954482,5,0.0,231,,svchost.exe,,C:\Windows\System32\svchost.exe,3620,,0,0,0,0,0.515625,0.359375,116,0,13.22265625,2.84765625,benign
0.0973337421890983,4,0.0,166,,svchost.exe,,C:\Windows\System32\svchost.exe,3768,,297,0,6066,0,0.015625,0.046875,75,0,7.97265625,1.7734375,benign
0.168915293892105,11,0.0,268,,dllhost.exe,,C:\Windows\System32\dllhost.exe,3836,,4281,7,2094377,3745,0.171875,0.140625,7403,0,13.8359375,3.87109375,benign
0.2424997937440298,11,0.0,433,,ctfmon.exe,['ctfmon.exe'],C:\Windows\System32\ctfmon.exe,3864,128.0,0,0,0,0,0.5,0.4375,5651,0,19.86328125,3.921875,benign
0.484379627346728,11,0.0,525,"[popenfile(path='C:\\Windows\\System32\\en-US\\KernelBase.dll.mui', fd=-1), popenfile(path='C:\\Windows\\System32\\WinMetadata\\Windows.UI.winmd', fd=-1), popenfile(path='C:\\Windows\\Fonts\\segoeui.ttf', fd=-1)]",TextInputHost.exe,"['C:\\Windows\\SystemApps\\MicrosoftWindows.Client.CBS_cw5n1h2txyewy\\TextInputHost.exe', '-ServerName:InputApp.AppXjd5de1g66v206tj52m9d0dtpppx4cgpn.mca']",C:\Windows\SystemApps\MicrosoftWindows.Client.CBS_cw5n1h2txyewy\TextInputHost.exe,3888,32.0,3,0,28075,0,0.515625,0.28125,1817,0,39.67578125,12.31640625,benign
0.440696282003654,12,0.0,397,"[popenfile(path='C:\\Users\\sctest1\\AppData\\Local\\Packages\\Microsoft.SkypeApp_kzf8qxf38zg5c\\LocalState\\DiagOutputDir\\SkypeApp0.txt', fd=-1), popenfile(path='C:\\Windows\\System32\\en-US\\windows.storage.dll.mui', fd=-1), popenfile(path='C:\\Windows\\System32\\en-US\\KernelBase.dll.mui', fd=-1), popenfile(path='C:\\Windows\\System32\\WinMetadata\\Windows.System.winmd', fd=-1), popenfile(path='C:\\Windows\\Fonts\\segoeui.ttf', fd=-1)]",SkypeApp.exe,"['C:\\Program Files\\WindowsApps\\Microsoft.SkypeApp_14.53.77.0_x64__kzf8qxf38zg5c\\SkypeApp.exe', '-ServerName:App.AppXffn3yxqvgawq9fpmnhy90fr3y01d1t5b.mca']",C:\Program Files\WindowsApps\Microsoft.SkypeApp_14.53.77.0_x64__kzf8qxf38zg5c\SkypeApp.exe,4080,32.0,1,1,4096,132,0.09375,0.171875,1032,0,36.09765625,15.42578125,benign
0.6095638866541181,23,0.0,703,"[popenfile(path='C:\\Windows\\System32\\WinMetadata\\Windows.ApplicationModel.winmd', fd=-1), popenfile(path='C:\\Windows\\System32\\en-US\\edgehtml.dll.mui', fd=-1), popenfile(path='C:\\Windows\\System32\\WinMetadata\\Windows.UI.winmd', fd=-1), popenfile(path='C:\\Windows\\System32\\en-US\\WWAHost.exe.mui', fd=-1), popenfile(path='C:\\Windows\\System32\\en-US\\KernelBase.dll.mui', fd=-1), popenfile(path='C:\\Windows\\System32\\WinMetadata\\Windows.Storage.winmd', fd=-1), popenfile(path='C:\\Program Files\\WindowsApps\\Microsoft.MicrosoftOfficeHub_18.1903.1152.0_x64__8wekyb3d8bbwe\\microsoft.system.package.metadata\\Autogen\\JSByteCodeCache_64', fd=-1), popenfile(path='C:\\Windows\\System32\\WinMetadata\\Windows.System.winmd', fd=-1), popenfile(path='C:\\Windows\\System32\\WinMetadata\\Windows.Foundation.winmd', fd=-1)]",WWAHost.exe,"['C:\\Windows\\system32\\wwahost.exe', '-ServerName:Microsoft.MicrosoftOfficeHub.wwa']",C:\Windows\System32\WWAHost.exe,4272,32.0,7,2,15120,261,0.328125,0.328125,996,0,49.9296875,16.3984375,benign
1.3057314361281296,56,0.0,2124,"[popenfile(path='C:\\Windows\\System32\\en-US\\ActionCenter.dll.mui', fd=-1), popenfile(path='C:\\Windows\\System32\\en-US\\sndvolsso.dll.mui', fd=-1), popenfile(path='C:\\Windows\\System32\\en-US\\KernelBase.dll.mui', fd=-1), popenfile(path='C:\\Windows\\System32\\en-US\\combase.dll.mui', fd=-1), popenfile(path='C:\\Windows\\System32\\en-US\\pnidui.dll.mui', fd=-1), popenfile(path='C:\\Windows\\System32\\en-US\\InputSwitch.dll.mui', fd=-1), popenfile(path='C:\\Windows\\Fonts\\seguisb.ttf', fd=-1), popenfile(path='C:\\Users\\sctest1\\AppData\\Local\\Microsoft\\GameDVR\\KnownGameList.bin', fd=-1), popenfile(path='C:\\Windows\\SystemResources\\stobject.dll.mun', fd=-1), popenfile(path='C:\\Windows\\System32\\en-US\\crypt32.dll.mui', fd=-1), popenfile(path='C:\\Users\\sctest1\\AppData\\Local\\Microsoft\\Windows\\Explorer\\thumbcache_256.db', fd=-1), popenfile(path='C:\\Windows\\Registration\\R000000000006.clb', fd=-1), popenfile(path='C:\\Users\\sctest1\\AppData\\Local\\Microsoft\\Windows\\Explorer\\thumbcache_idx.db', fd=-1), popenfile(path='C:\\Windows\\System32\\en-US\\imapi2.dll.mui', fd=-1), popenfile(path='C:\\Windows\\System32\\en-US\\explorerframe.dll.mui', fd=-1), popenfile(path='C:\\Windows\\en-US\\explorer.exe.mui', fd=-1), popenfile(path='C:\\Windows\\SystemResources\\shell32.dll.mun', fd=-1), popenfile(path='C:\\Windows\\System32\\en-US\\hcproviders.dll.mui', fd=-1), popenfile(path='C:\\Windows\\System32\\en-US\\stobject.dll.mui', fd=-1), popenfile(path='C:\\Users\\sctest1\\AppData\\Local\\Microsoft\\Windows\\Explorer\\thumbcache_48.db', fd=-1), popenfile(path='C:\\Windows\\System32\\en-US\\propsys.dll.mui', fd=-1), popenfile(path='C:\\Windows\\System32\\en-US\\user32.dll.mui', fd=-1), popenfile(path='C:\\Windows\\System32\\en-US\\windows.storage.dll.mui', fd=-1), popenfile(path='C:\\Windows\\Fonts\\segoeui.ttf', fd=-1), popenfile(path='C:\\Windows\\SystemResources\\SndVolSSO.dll.mun', fd=-1), popenfile(path='C:\\Windows\\System32\\en-US\\shell32.dll.mui', fd=-1), popenfile(path='C:\\Windows\\System32\\en-US\\bthprops.cpl.mui', fd=-1), popenfile(path='C:\\Windows\\System32\\en-US\\twinui.pcshell.dll.mui', fd=-1), popenfile(path='C:\\Windows\\System32\\en-US\\dsreg.dll.mui', fd=-1), popenfile(path='C:\\Windows\\Fonts\\StaticCache.dat', fd=-1), popenfile(path='C:\\Windows\\System32\\en-US\\winnlsres.dll.mui', fd=-1), popenfile(path='C:\\Windows\\System32\\en-US\\ApplicationFrame.dll.mui', fd=-1), popenfile(path='C:\\Windows\\System32\\en-US\\oleaccrc.dll.mui', fd=-1), popenfile(path='C:\\Windows\\System32\\en-US\\wscui.cpl.mui', fd=-1)]",explorer.exe,['C:\\Windows\\Explorer.EXE'],C:\Windows\explorer.exe,4340,32.0,730,29,4216953,9113,8.015625,6.8125,39279,0,106.953125,50.984375,benign
0.0222231866046642,12,0.0,494,"[popenfile(path='C:\\Windows\\System32\\en-US\\Windows.Security.Authentication.Web.Core.dll.mui', fd=-1), popenfile(path='C:\\Windows\\System32\\WinMetadata\\Windows.UI.Xaml.winmd', fd=-1), popenfile(path='C:\\Windows\\System32\\WinMetadata\\Windows.ApplicationModel.winmd', fd=-1), popenfile(path='C:\\Windows\\System32\\en-US\\KernelBase.dll.mui', fd=-1), popenfile(path='C:\\Windows\\Fonts\\segoeui.ttf', fd=-1)]",WinStore.App.exe,"['C:\\Program Files\\WindowsApps\\Microsoft.WindowsStore_11910.1002.5.0_x64__8wekyb3d8bbwe\\WinStore.App.exe', '-ServerName:App.AppXc75wvwned5vhz4xyxxecvgdjhdkgsdza.mca']",C:\Program Files\WindowsApps\Microsoft.WindowsStore_11910.1002.5.0_x64__8wekyb3d8bbwe\WinStore.App.exe,4548,32.0,2,0,8192,0,0.359375,0.6875,1053,0,1.8203125,18.53125,benign
0.104964020851644,4,0.0,181,,NisSrv.exe,,C:\Program Files\Windows Defender\NisSrv.exe,4716,,0,0,0,0,0.015625,0.09375,185,0,8.59765625,3.69921875,benign
0.0683386832714247,3,0.0,120,,svchost.exe,,C:\Windows\System32\svchost.exe,4840,,0,0,0,0,0.015625,0.046875,63,0,5.59765625,1.390625,benign
0.1147403153880306,7,0.0,226,,svchost.exe,,C:\Windows\System32\svchost.exe,4864,,1,0,63940,0,0.015625,0.03125,93,0,9.3984375,3.8828125,benign
0.1563253340989046,1,0.0,213,"[popenfile(path='C:\\Windows\\System32\\en-US\\propsys.dll.mui', fd=-1), popenfile(path='C:\\Windows\\Registration\\R000000000006.clb', fd=-1), popenfile(path='C:\\Windows\\System32\\en-US\\shell32.dll.mui', fd=-1)]",RuntimeBroker.exe,"['C:\\Windows\\System32\\RuntimeBroker.exe', '-Embedding']",C:\Windows\System32\RuntimeBroker.exe,4996,32.0,660,0,87085,0,0.1875,0.234375,63,0,12.8046875,2.23046875,benign
0.0753966910342795,7,0.0,105,,SgrmBroker.exe,,C:\Windows\System32\SgrmBroker.exe,5032,,2,0,80480,0,0.0625,0.046875,1307,0,6.17578125,3.34765625,benign
0.1632402741368366,4,0.0,167,,svchost.exe,,C:\Windows\System32\svchost.exe,5044,,0,0,0,0,0.0625,0.03125,149,0,13.37109375,2.421875,benign
0.7847264712011822,8,0.0,606,"[popenfile(path='C:\\Users\\sctest1\\AppData\\Local\\Packages\\Microsoft.Windows.StartMenuExperienceHost_cw5n1h2txyewy\\TempState\\TileCache_100_3_PNGEncoded_Data.bin', fd=-1), popenfile(path='C:\\Users\\sctest1\\AppData\\Local\\Packages\\Microsoft.Windows.StartMenuExperienceHost_cw5n1h2txyewy\\TempState\\TileCache_100_3_PNGEncoded_Header.bin', fd=-1), popenfile(path='C:\\Windows\\System32\\en-US\\windows.ui.xaml.dll.mui', fd=-1), popenfile(path='C:\\Windows\\System32\\en-US\\windows.storage.dll.mui', fd=-1), popenfile(path='C:\\Windows\\System32\\en-US\\KernelBase.dll.mui', fd=-1), popenfile(path='C:\\Windows\\Fonts\\segoeui.ttf', fd=-1), popenfile(path='C:\\Windows\\Fonts\\segoeuib.ttf', fd=-1), popenfile(path='C:\\Windows\\System32\\en-US\\Windows.Globalization.dll.mui', fd=-1)]",StartMenuExperienceHost.exe,"['C:\\Windows\\SystemApps\\Microsoft.Windows.StartMenuExperienceHost_cw5n1h2txyewy\\StartMenuExperienceHost.exe', '-ServerName:App.AppXywbrabmsek0gm3tkwpr5kwzbs55tkqay.mca']",C:\Windows\SystemApps\Microsoft.Windows.StartMenuExperienceHost_cw5n1h2txyewy\StartMenuExperienceHost.exe,5152,32.0,211,2784,792352,669736,2.6875,1.03125,3644,0,64.27734375,22.16015625,benign
0.286135449845463,2,0.0,308,"[popenfile(path='C:\\Windows\\System32\\en-US\\windows.storage.dll.mui', fd=-1), popenfile(path='C:\\Windows\\System32\\en-US\\propsys.dll.mui', fd=-1), popenfile(path='C:\\Windows\\Registration\\R000000000006.clb', fd=-1)]",RuntimeBroker.exe,"['C:\\Windows\\System32\\RuntimeBroker.exe', '-Embedding']",C:\Windows\System32\RuntimeBroker.exe,5216,32.0,18,0,19354,0,0.8125,0.5,89,0,23.4375,3.7578125,benign
0.143306171130936,5,0.0,172,,audiodg.exe,"['C:\\Windows\\system32\\AUDIODG.EXE', '0x2ec']",C:\Windows\System32\audiodg.exe,5296,32.0,0,0,0,0,0.1875,2.359375,243,0,11.73828125,6.1328125,benign
1.993744125281545,36,0.0,1102,"[popenfile(path='C:\\Windows\\System32\\WinMetadata\\Windows.ApplicationModel.winmd', fd=-1), popenfile(path='C:\\Windows\\System32\\en-US\\StartTileData.dll.mui', fd=-1), popenfile(path='C:\\Windows\\SystemApps\\Microsoft.Windows.Search_cw5n1h2txyewy\\Cortana.Internal.Search.winmd', fd=-1), popenfile(path='C:\\Windows\\System32\\en-US\\edgehtml.dll.mui', fd=-1), popenfile(path='C:\\Windows\\SystemApps\\Microsoft.Windows.Search_cw5n1h2txyewy\\Cortana.Search.winmd', fd=-1), popenfile(path='C:\\Windows\\System32\\WinMetadata\\Windows.UI.winmd', fd=-1), popenfile(path='C:\\Windows\\Fonts\\simsun.ttc', fd=-1), popenfile(path='C:\\Windows\\System32\\WinMetadata\\Windows.Storage.winmd', fd=-1), popenfile(path='C:\\Windows\\System32\\en-US\\windows.storage.dll.mui', fd=-1), popenfile(path='C:\\Windows\\System32\\en-US\\KernelBase.dll.mui', fd=-1), popenfile(path='C:\\Windows\\System32\\WinMetadata\\Windows.System.winmd', fd=-1), popenfile(path='C:\\Windows\\System32\\WinMetadata\\Windows.Foundation.winmd', fd=-1), popenfile(path='C:\\Windows\\Fonts\\segoeui.ttf', fd=-1), popenfile(path='C:\\Windows\\Fonts\\seguisb.ttf', fd=-1), popenfile(path='C:\\Windows\\System32\\WinMetadata\\Windows.Security.winmd', fd=-1), popenfile(path='C:\\Windows\\Fonts\\seguiemj.ttf', fd=-1)]",SearchApp.exe,"['C:\\Windows\\SystemApps\\Microsoft.Windows.Search_cw5n1h2txyewy\\SearchApp.exe', '-ServerName:CortanaUI.AppX8z9r6jm96hw4bsbneegw0kyxx296wr9t.mca']",C:\Windows\SystemApps\Microsoft.Windows.Search_cw5n1h2txyewy\SearchApp.exe,5344,32.0,6323,1108,26965377,10469622,11.703125,2.90625,23667,0,163.30859375,104.44921875,benign
0.3767450089631929,3,0.0,383,"[popenfile(path='C:\\Windows\\System32\\en-US\\ApplicationFrame.dll.mui', fd=-1), popenfile(path='C:\\Windows\\Registration\\R000000000006.clb', fd=-1), popenfile(path='C:\\Windows\\System32\\en-US\\user32.dll.mui', fd=-1), popenfile(path='C:\\Windows\\Fonts\\StaticCache.dat', fd=-1)]",ApplicationFrameHost.exe,"['C:\\Windows\\system32\\ApplicationFrameHost.exe', '-Embedding']",C:\Windows\System32\ApplicationFrameHost.exe,5396,32.0,19,0,15604,0,0.15625,0.21875,787,0,30.859375,11.58203125,benign
0.4404101465538085,10,0.0,559,"[popenfile(path='C:\\Windows\\Registration\\R000000000006.clb', fd=-1), popenfile(path='C:\\Windows\\System32\\en-US\\StartTileData.dll.mui', fd=-1), popenfile(path='C:\\Windows\\System32\\en-US\\propsys.dll.mui', fd=-1), popenfile(path='C:\\Windows\\System32\\en-US\\AppResolver.dll.mui', fd=-1), popenfile(path='C:\\Windows\\System32\\en-US\\windows.storage.dll.mui', fd=-1), popenfile(path='C:\\Windows\\System32\\en-US\\KernelBase.dll.mui', fd=-1), popenfile(path='C:\\Windows\\System32\\en-US\\combase.dll.mui', fd=-1), popenfile(path='C:\\Windows\\SystemResources\\imageres.dll.mun', fd=-1), popenfile(path='C:\\Windows\\System32\\en-US\\shell32.dll.mui', fd=-1)]",RuntimeBroker.exe,"['C:\\Windows\\System32\\RuntimeBroker.exe', '-Embedding']",C:\Windows\System32\RuntimeBroker.exe,5468,32.0,505,3,988973,760,1.75,1.59375,1869,0,36.07421875,11.0078125,benign
0.1218460123925263,8,0.0,217,,svchost.exe,,C:\Windows\System32\svchost.exe,5652,,0,0,0,0,0.015625,0.09375,91,0,9.98046875,2.4375,benign
0.1426862109896042,4,0.0,231,,svchost.exe,,C:\Windows\System32\svchost.exe,5724,,0,0,0,0,0.0625,0.015625,103,0,11.6875,2.375,benign
0.4000650481255982,18,0.0,738,,SearchIndexer.exe,,C:\Windows\System32\SearchIndexer.exe,5756,,1292,1546,2864586,11569168,2.734375,1.046875,15987,0,32.76953125,23.36328125,benign
0.0486907157153696,16,0.0,522,"[popenfile(path='C:\\Users\\sctest1\\AppData\\Local\\Packages\\Microsoft.Windows.Photos_8wekyb3d8bbwe\\LocalState\\MediaDb.v1.sqlite-wal', fd=-1), popenfile(path='C:\\Windows\\System32\\WinMetadata\\Windows.Storage.winmd', fd=-1), popenfile(path='C:\\Users\\sctest1\\AppData\\Local\\Packages\\Microsoft.Windows.Photos_8wekyb3d8bbwe\\LocalState\\MediaDb.v1.sqlite', fd=-1), popenfile(path='C:\\Windows\\System32\\en-US\\windows.storage.dll.mui', fd=-1), popenfile(path='C:\\Windows\\System32\\en-US\\KernelBase.dll.mui', fd=-1), popenfile(path='C:\\Windows\\Fonts\\segoeui.ttf', fd=-1), popenfile(path='C:\\Users\\sctest1\\AppData\\Local\\Packages\\Microsoft.Windows.Photos_8wekyb3d8bbwe\\LocalState\\MediaDb.v1.sqlite-shm', fd=-1), popenfile(path='C:\\Users\\sctest1\\AppData\\Local\\Packages\\Microsoft.Windows.Photos_8wekyb3d8bbwe\\LocalState\\PhotosAppTracing_startedInBGMode.etl', fd=-1)]",Microsoft.Photos.exe,"['C:\\Program Files\\WindowsApps\\Microsoft.Windows.Photos_2019.19071.12548.0_x64__8wekyb3d8bbwe\\Microsoft.Photos.exe', '-ServerName:App.AppXzst44mncqdg84v7sv6p7yznqwssy6f7f.mca']",C:\Program Files\WindowsApps\Microsoft.Windows.Photos_2019.19071.12548.0_x64__8wekyb3d8bbwe\Microsoft.Photos.exe,5852,32.0,235,677,910128,1454508,0.390625,0.515625,2660,0,3.98828125,23.8828125,benign
0.1042486822270303,6,0.0,173,,svchost.exe,,C:\Windows\System32\svchost.exe,5880,,0,1,0,4096,0.078125,0.0,72,0,8.5390625,1.9921875,benign
0.1649093975942685,1,0.0,274,"[popenfile(path='C:\\Windows\\System32\\en-US\\svchost.exe.mui', fd=-1), popenfile(path='C:\\Windows\\Registration\\R000000000006.clb', fd=-1)]",svchost.exe,"['C:\\Windows\\system32\\svchost.exe', '-k', 'UnistackSvcGroup']",C:\Windows\System32\svchost.exe,6172,32.0,0,0,0,0,0.03125,0.078125,35,0,13.5078125,2.87109375,benign
0.153416290358809,3,0.0,229,,svchost.exe,,C:\Windows\System32\svchost.exe,6188,,2,0,24,0,0.359375,2.203125,40,0,12.56640625,2.9296875,benign
0.8666088990986257,4,0.0,516,"[popenfile(path='C:\\Windows\\System32\\en-US\\KernelBase.dll.mui', fd=-1), popenfile(path='C:\\Users\\sctest1\\AppData\\Local\\Temp\\_MEI31362\\base_library.zip', fd=-1), popenfile(path='C:\\Windows\\System32\\en-US\\tzres.dll.mui', fd=-1)]",generate_data.exe,"['.\\generate_data.exe', '[752, 332]']",C:\Users\sctest1\Desktop\generate_data.exe,6220,32.0,891,0,10018358,0,2.15625,3.703125,9847,0,70.984375,85.109375,benign
0.219513579273111,13,0.0,384,,svchost.exe,,C:\Windows\System32\svchost.exe,6456,,86,12,2796310,61828,0.0625,0.078125,519,0,17.98046875,8.6328125,benign
0.0888450571770162,7,0.0,210,,svchost.exe,,C:\Windows\System32\svchost.exe,6492,,1,0,4014,0,0.046875,0.0,74,0,7.27734375,1.88671875,benign
0.1577560113481319,5,0.0,267,,svchost.exe,,C:\Windows\System32\svchost.exe,6644,,3,0,38085,0,0.046875,0.125,250,0,12.921875,3.01953125,benign
0.3229992336338868,5,0.0,332,"[popenfile(path='C:\\Windows\\Registration\\R000000000006.clb', fd=-1), popenfile(path='C:\\Windows\\System32\\en-US\\propsys.dll.mui', fd=-1), popenfile(path='C:\\Windows\\System32\\en-US\\windows.storage.dll.mui', fd=-1), popenfile(path='C:\\Windows\\SystemResources\\shell32.dll.mun', fd=-1), popenfile(path='C:\\Windows\\System32\\en-US\\shell32.dll.mui', fd=-1)]",RuntimeBroker.exe,"['C:\\Windows\\System32\\RuntimeBroker.exe', '-Embedding']",C:\Windows\System32\RuntimeBroker.exe,6728,32.0,46,9,17859,2731,0.203125,0.28125,1025,0,26.45703125,6.95703125,benign
0.1127850564807533,2,0.0,164,"[popenfile(path='C:\\Windows\\System32\\en-US\\securityhealthsso.dll.mui', fd=-1), popenfile(path='C:\\Windows\\Registration\\R000000000006.clb', fd=-1)]",SecurityHealthSystray.exe,['C:\\Windows\\System32\\SecurityHealthSystray.exe'],C:\Windows\System32\SecurityHealthSystray.exe,6796,32.0,0,0,0,0,0.03125,0.046875,313,0,9.23828125,1.70703125,benign
0.2194182007898292,7,0.0,382,,SecurityHealthService.exe,,C:\Windows\System32\SecurityHealthService.exe,6832,,0,1,0,4096,0.171875,0.109375,2230,0,17.97265625,3.7265625,benign
0.5718416965161579,10,0.0,1794,"[popenfile(path='C:\\Users\\sctest1\\AppData\\Local\\Microsoft\\Windows\\Explorer\\iconcache_16.db', fd=-1), popenfile(path='C:\\Windows\\Registration\\R000000000006.clb', fd=-1), popenfile(path='C:\\Users\\sctest1\\AppData\\Local\\Microsoft\\Windows\\Explorer\\iconcache_256.db', fd=-1), popenfile(path='C:\\Users\\sctest1\\AppData\\Local\\Microsoft\\Windows\\Explorer\\iconcache_32.db', fd=-1), popenfile(path='C:\\Windows\\System32\\en-US\\propsys.dll.mui', fd=-1), popenfile(path='C:\\Windows\\System32\\en-US\\msxml6r.dll.mui', fd=-1), popenfile(path='C:\\Users\\sctest1\\AppData\\Local\\Microsoft\\Windows\\Explorer\\iconcache_idx.db', fd=-1), popenfile(path='C:\\Windows\\System32\\en-US\\KernelBase.dll.mui', fd=-1), popenfile(path='C:\\Windows\\Temp\\vmware-vmusr-sctest1.log', fd=-1), popenfile(path='C:\\Windows\\SystemResources\\shell32.dll.mun', fd=-1), popenfile(path='C:\\Users\\sctest1\\AppData\\Local\\Microsoft\\Windows\\Explorer\\iconcache_48.db', fd=-1), popenfile(path='C:\\Windows\\System32\\en-US\\crypt32.dll.mui', fd=-1), popenfile(path='C:\\Windows\\System32\\en-US\\shell32.dll.mui', fd=-1)]",vmtoolsd.exe,"['C:\\Program Files\\VMware\\VMware Tools\\vmtoolsd.exe', '-n', 'vmusr']",C:\Program Files\VMware\VMware Tools\vmtoolsd.exe,6956,32.0,11708,231,38527070,71892685,24.53125,8.84375,76531,0,46.83984375,28.109375,benign
0.0018598804239955,119,0.0,3303,[],System,[],,4,,158,799,253920,178871720,0.0,95.0625,524160,0,0.15234375,0.19140625,benign
0.321854691834505,4,0.0,0,,Registry,,Registry,92,,4,2473,16384,58376192,0.0,2.265625,3139,0,26.36328125,7.9609375,benign
0.2516561281390847,6,0.0,295,,RuntimeBroker.exe,,C:\Windows\System32\RuntimeBroker.exe,276,,13,0,4874,0,0.015625,0.078125,273,0,20.61328125,3.4453125,benign
0.0145929079421186,2,0.0,56,,smss.exe,,C:\Windows\System32\smss.exe,300,,22,13,16804,65684,0.03125,0.171875,1187,0,1.1953125,1.03515625,benign
0.0627113527577973,10,0.0,520,,csrss.exe,,C:\Windows\System32\csrss.exe,416,,232,0,179643,0,0.046875,0.4375,8051,0,5.13671875,1.69921875,benign
0.3421703087735328,9,0.0,533,,sihost.exe,,C:\Windows\System32\sihost.exe,464,,24,0,98304,0,0.640625,0.640625,5261,0,28.02734375,5.69921875,benign
0.1260426656569264,1,0.0,221,,svchost.exe,,C:\Windows\System32\svchost.exe,504,,2,20,8192,98304,0.140625,0.125,50,0,10.32421875,2.00390625,benign
0.0852683640539479,1,0.0,164,,wininit.exe,,C:\Windows\System32\wininit.exe,508,,2,0,9732,0,0.09375,0.078125,288,0,6.984375,1.3828125,benign
0.2004378826167468,11,0.0,279,,SearchFilterHost.exe,,C:\Windows\System32\SearchFilterHost.exe,548,,364,0,11285,0,0.046875,0.0625,910,0,16.41796875,3.44140625,benign
0.0599453767426245,5,0.0,36,,fontdrvhost.exe,,C:\Windows\System32\fontdrvhost.exe,580,,1,0,1846,0,0.078125,0.09375,3985,0,4.91015625,1.63671875,benign
0.8010361918423737,28,0.0,506,,svchost.exe,,C:\Windows\System32\svchost.exe,644,,23395,5481,95546134,19979164,4.1875,2.515625,13773,0,65.61328125,38.13671875,benign
0.1255657732405173,8,0.0,648,,services.exe,,C:\Windows\System32\services.exe,648,,3,1099,8308,2073912,1.03125,1.953125,15329,0,10.28515625,5.2734375,benign
0.2118833006105653,8,0.0,1118,,lsass.exe,,C:\Windows\System32\lsass.exe,664,,388,127,127694,655386,1.4375,1.890625,18857,0,17.35546875,5.46484375,benign
0.2245209496454066,12,0.0,351,,WmiPrvSE.exe,,C:\Windows\System32\wbem\WmiPrvSE.exe,692,,685,683,910996,66764,1.4375,1.640625,16269,0,18.390625,10.07421875,benign
0.1239443390247264,6,0.0,232,,svchost.exe,,C:\Windows\System32\svchost.exe,728,,3,3,324,436,0.0625,0.09375,84,0,10.15234375,2.3046875,benign
0.3493713842613103,17,0.0,1573,,svchost.exe,,C:\Windows\System32\svchost.exe,772,,43,6,480256,135168,1.6875,2.8125,20097,0,28.6171875,10.66796875,benign
0.0402974091865693,5,0.0,36,,fontdrvhost.exe,,C:\Windows\System32\fontdrvhost.exe,800,,0,0,0,0,0.0,0.03125,1530,0,3.30078125,1.2265625,benign
0.2077343365878061,13,0.0,1314,,svchost.exe,,C:\Windows\System32\svchost.exe,884,,34,0,139264,0,5.515625,4.453125,29248,0,17.015625,8.61328125,benign
0.1951443767946057,10,0.0,315,,svchost.exe,,C:\Windows\System32\svchost.exe,900,,12,8,4739,8403,0.375,0.109375,212,0,15.984375,4.125,benign
0.1021980448364712,6,0.0,323,,svchost.exe,,C:\Windows\System32\svchost.exe,936,,0,0,0,0,0.203125,0.359375,6329,0,8.37109375,2.453125,benign
0.1219413908758081,4,0.0,214,,svchost.exe,,C:\Windows\System32\svchost.exe,992,,0,0,0,0,0.171875,0.09375,259,0,9.98828125,2.46484375,benign
0.0755397587592022,2,0.0,180,,svchost.exe,,C:\Windows\System32\svchost.exe,1044,,0,0,0,0,0.109375,0.09375,13279,0,6.1875,1.58984375,benign
0.5778505409629126,10,0.0,535,"[popenfile(path='C:\\Windows\\SystemResources\\shell32.dll.mun', fd=-1), popenfile(path='C:\\Windows\\System32\\en-US\\shell32.dll.mui', fd=-1), popenfile(path='C:\\Windows\\System32\\en-US\\windows.storage.dll.mui', fd=-1), popenfile(path='C:\\Windows\\System32\\en-US\\combase.dll.mui', fd=-1), popenfile(path='C:\\Windows\\System32\\en-US\\KernelBase.dll.mui', fd=-1), popenfile(path='C:\\Windows\\System32\\en-US\\propsys.dll.mui', fd=-1), popenfile(path='C:\\Windows\\Registration\\R000000000006.clb', fd=-1)]",RuntimeBroker.exe,"['C:\\Windows\\System32\\RuntimeBroker.exe', '-Embedding']",C:\Windows\System32\RuntimeBroker.exe,1052,32.0,554,8,1871132,15520,2.21875,3.375,2695,0,47.33203125,21.171875,benign
0.1454044977631361,5,0.0,254,,svchost.exe,,C:\Windows\System32\svchost.exe,1076,,0,0,0,0,0.15625,0.03125,301,0,11.91015625,2.18359375,benign
0.2079250935543698,4,0.0,291,,svchost.exe,,C:\Windows\System32\svchost.exe,1084,,43,83,121331,163224,0.078125,0.140625,77,0,17.03125,4.03125,benign
0.0883204755189662,9,0.0,236,,svchost.exe,,C:\Windows\System32\svchost.exe,1088,,2,0,824,0,0.15625,0.03125,327,0,7.234375,2.109375,benign
0.1871802734405737,14,0.0,423,,svchost.exe,,C:\Windows\System32\svchost.exe,1092,,1,39,6,2036010,0.53125,0.6875,3088,0,15.33203125,5.98046875,benign
0.8615061502430483,4,0.0,428,"[popenfile(path='C:\\Windows\\System32\\en-US\\tzres.dll.mui', fd=-1), popenfile(path='C:\\Users\\sctest12\\AppData\\Local\\Temp\\_MEI26042\\base_library.zip', fd=-1), popenfile(path='C:\\Windows\\System32\\en-US\\KernelBase.dll.mui', fd=-1)]",generate_data.exe,"['.\\generate_data.exe', '[3944, 7836]']",C:\Users\Public\Downloads\generate_data.exe,1100,32.0,891,0,10018358,0,1.359375,1.625,971,0,70.56640625,84.90625,benign
0.2868984777117176,7,0.0,357,"[popenfile(path='C:\\Windows\\System32\\en-US\\netmsg.dll.mui', fd=-1), popenfile(path='C:\\Windows\\System32\\en-US\\wininet.dll.mui', fd=-1), popenfile(path='C:\\Windows\\System32\\en-US\\KernelBase.dll.mui', fd=-1), popenfile(path='C:\\Windows\\System32\\en-US\\smartscreen.exe.mui', fd=-1), popenfile(path='C:\\Windows\\System32\\WinMetadata\\Windows.Foundation.winmd', fd=-1), popenfile(path='C:\\Windows\\Registration\\R000000000006.clb', fd=-1), popenfile(path='C:\\Windows\\System32\\en-US\\Windows.Web.Http.dll.mui', fd=-1)]",smartscreen.exe,"['C:\\Windows\\System32\\smartscreen.exe', '-Embedding']",C:\Windows\System32\smartscreen.exe,1120,32.0,3,1,11861,160,0.0625,0.109375,1124,0,23.5,8.078125,benign
0.1851296360500145,4,0.0,295,,svchost.exe,,C:\Windows\System32\svchost.exe,1124,,57,119,388815,1261327,0.21875,0.625,117,0,15.1640625,3.51953125,benign
0.2223272445299247,8,0.0,431,,svchost.exe,,C:\Windows\System32\svchost.exe,1180,,797,662,8408832,16990400,1.046875,1.109375,3350,0,18.2109375,16.6953125,benign
0.1222752155672945,8,0.0,289,,svchost.exe,,C:\Windows\System32\svchost.exe,1240,,0,1,0,667648,0.609375,0.53125,2065,0,10.015625,2.79296875,benign
0.1173155344366398,4,0.0,174,,SecurityHealthSystray.exe,,C:\Windows\System32\SecurityHealthSystray.exe,1272,,1,0,5045,0,0.03125,0.03125,336,0,9.609375,1.79296875,benign
0.0868897982697389,3,0.0,134,,svchost.exe,,C:\Windows\System32\svchost.exe,1316,,0,0,0,0,0.09375,0.09375,154,0,7.1171875,2.96875,benign
0.0738229460601294,3,0.0,129,,svchost.exe,,C:\Windows\System32\svchost.exe,1356,,0,0,0,0,0.03125,0.015625,100,0,6.046875,1.41796875,benign
0.0887019894520935,2,0.0,125,,svchost.exe,,C:\Windows\System32\svchost.exe,1376,,0,0,0,0,0.03125,0.015625,79,0,7.265625,1.4296875,benign
0.1199384427268899,4,0.0,377,,svchost.exe,,C:\Windows\System32\svchost.exe,1388,,0,0,0,0,0.140625,0.09375,233,0,9.82421875,2.1875,benign
0.0835992405965161,7,0.0,210,,svchost.exe,,C:\Windows\System32\svchost.exe,1408,,0,0,0,0,0.03125,0.078125,1335,0,6.84765625,1.96875,benign
0.1126896779974715,7,0.0,175,,WmiPrvSE.exe,,C:\Windows\System32\wbem\WmiPrvSE.exe,1428,,0,0,0,0,0.078125,0.125,83,0,9.23046875,2.73046875,benign
0.1368681235094131,4,0.0,137,,svchost.exe,,C:\Windows\System32\svchost.exe,1476,,0,0,0,0,0.0,0.015625,87,0,11.2109375,1.59765625,benign
0.1372019482008995,5,0.0,311,,svchost.exe,,C:\Windows\System32\svchost.exe,1496,,0,0,0,0,0.21875,0.8125,524,0,11.23828125,3.53515625,benign
0.2068282409966288,8,0.0,310,,taskhostw.exe,,C:\Windows\System32\taskhostw.exe,1508,,29,121,2087646,3276800,0.34375,0.515625,1527,0,16.94140625,5.8046875,benign
0.1086360924579941,7,0.0,446,,svchost.exe,,C:\Windows\System32\svchost.exe,1524,,34,0,714,0,0.34375,0.125,366,0,8.8984375,3.0,benign
0.1698690787249232,6,0.0,239,,svchost.exe,,C:\Windows\System32\svchost.exe,1556,,1,426,49756,3585701,0.859375,15.5625,5357,0,13.9140625,2.75,benign
0.0699601174872157,3,0.0,227,,svchost.exe,,C:\Windows\System32\svchost.exe,1580,,0,0,0,0,0.0,0.1875,1054,0,5.73046875,1.25,benign
0.5272522555819065,10,0.0,536,,ShellExperienceHost.exe,,C:\Windows\SystemApps\ShellExperienceHost_cw5n1h2txyewy\ShellExperienceHost.exe,1648,,4,0,13882,0,0.390625,0.28125,4940,0,43.1875,14.4375,benign
0.1215598769426808,5,0.0,370,,svchost.exe,,C:\Windows\System32\svchost.exe,1712,,1,1,116,160,0.078125,0.09375,223,0,9.95703125,3.48046875,benign
0.1405401951157632,58,0.0,0,,MemCompression,,MemCompression,1732,,0,0,0,0,0.0,0.953125,5290,0,11.51171875,0.08984375,benign
0.0988121086799665,4,0.0,172,,svchost.exe,,C:\Windows\System32\svchost.exe,1756,,360,0,7240,0,0.078125,0.09375,308,0,8.09375,1.86328125,benign
0.0954738617651028,2,0.0,173,,svchost.exe,,C:\Windows\System32\svchost.exe,1804,,0,0,0,0,0.078125,0.15625,210,0,7.8203125,1.65625,benign
0.1121650963394215,9,0.0,204,,svchost.exe,,C:\Windows\System32\svchost.exe,1812,,0,0,0,0,0.140625,0.109375,746,0,9.1875,2.19921875,benign
0.1547992783663954,4,0.0,199,,audiodg.exe,"['C:\\Windows\\system32\\AUDIODG.EXE', '0x2ec']",C:\Windows\System32\audiodg.exe,1868,32.0,0,0,0,0,0.234375,10.6875,786,0,12.6796875,6.3125,benign
0.1082068892832259,6,0.0,367,,svchost.exe,,C:\Windows\System32\svchost.exe,1916,,0,0,0,0,0.078125,0.09375,191,0,8.86328125,2.390625,benign
0.1688199154088231,10,0.0,374,,svchost.exe,,C:\Windows\System32\svchost.exe,1944,,0,0,0,0,0.59375,0.3125,2433,0,13.828125,3.14453125,benign
0.1686291584422595,7,0.0,243,,svchost.exe,,C:\Windows\System32\svchost.exe,2076,,0,0,0,0,0.0625,0.109375,1194,0,13.8125,2.58203125,benign
0.2156984399418381,12,0.0,422,,SearchProtocolHost.exe,,C:\Windows\System32\SearchProtocolHost.exe,2132,,74,2,89763,248,0.96875,0.90625,9347,0,17.66796875,3.91796875,benign
0.4661146477982592,8,0.0,255,,svchost.exe,,C:\Windows\System32\svchost.exe,2152,,42811,1112,173795416,2302952,17.046875,5.90625,26986,0,38.1796875,29.55078125,benign
0.1706797958328187,8,0.0,250,,dllhost.exe,,C:\Windows\System32\dllhost.exe,2240,,87,202,6086828,5087232,0.0625,0.078125,969,0,13.98046875,5.65234375,benign
0.2355371644644569,7,0.0,476,,spoolsv.exe,,C:\Windows\System32\spoolsv.exe,2260,,181,454,87964,63984,0.15625,0.375,562,0,19.29296875,5.82421875,benign
0.0888927464186571,6,0.0,180,,svchost.exe,,C:\Windows\System32\svchost.exe,2268,,0,0,0,0,0.0625,0.1875,844,0,7.28125,1.93359375,benign
0.1512225852433272,4,0.0,279,,svchost.exe,,C:\Windows\System32\svchost.exe,2284,,0,2,0,376,0.25,0.09375,154,0,12.38671875,2.5859375,benign
0.2129801531683063,13,0.0,404,,svchost.exe,,C:\Windows\System32\svchost.exe,2316,,1,2,116,32928,0.640625,1.5,2117,0,17.4453125,8.421875,benign
1.476554299685871,51,0.0,2145,,explorer.exe,,C:\Windows\explorer.exe,2380,,1337,30,991678,230556,4.59375,5.453125,63912,0,120.9453125,55.4296875,benign
0.0990505548881711,5,0.0,188,,svchost.exe,,C:\Windows\System32\svchost.exe,2392,,1822,1659,85432,161452,0.140625,0.265625,3103,0,8.11328125,2.00390625,benign
0.0887019894520935,4,0.0,129,,vm3dservice.exe,,C:\Windows\System32\vm3dservice.exe,2448,,1,0,4333,0,0.0,0.0,1227,0,7.265625,1.6875,benign
0.1028656942194439,8,0.0,204,,svchost.exe,,C:\Windows\System32\svchost.exe,2468,,0,0,0,0,0.015625,0.046875,140,0,8.42578125,2.0546875,benign
0.3416934163571237,10,0.0,545,"[popenfile(path='C:\\Windows\\Registration\\R000000000006.clb', fd=-1), popenfile(path='C:\\Windows\\System32\\en-US\\KernelBase.dll.mui', fd=-1)]",sihost.exe,['sihost.exe'],C:\Windows\System32\sihost.exe,2580,32.0,49,0,210406,0,0.53125,0.59375,4550,0,27.98828125,5.671875,benign
0.0752059340677158,3,0.0,95,[],generate_data.exe,"['.\\generate_data.exe', '[3944, 7836]']",C:\Users\Public\Downloads\generate_data.exe,2604,32.0,6963,35139,53051584,143178226,1.59375,5.53125,2309,0,6.16015625,1.3125,benign
0.4211436929308806,14,0.0,471,,OneDrive.exe,,C:\Users\sctest1\AppData\Local\Microsoft\OneDrive\OneDrive.exe,2692,,32,777,24740,160127,0.75,1.296875,971,0,34.49609375,8.78515625,benign
0.1200815104518126,5,0.0,193,,svchost.exe,,C:\Windows\System32\svchost.exe,2708,,38,0,540672,0,0.09375,0.0625,214,0,9.8359375,2.4921875,benign
0.3329185958951962,11,0.0,454,,svchost.exe,,C:\Windows\System32\svchost.exe,2720,,79,61,1859131,103206,1.34375,1.1875,3691,0,27.26953125,12.08984375,benign
0.2491285983321164,15,0.0,357,,svchost.exe,,C:\Windows\System32\svchost.exe,2736,,211,123,46046016,1128022,0.78125,0.453125,8420,0,20.40625,14.9765625,benign
0.2602401916344486,22,0.0,427,,svchost.exe,,C:\Windows\System32\svchost.exe,2776,,9979,6456,81467028,54012692,6.015625,2.640625,11389,0,21.31640625,11.5703125,benign
0.1121650963394215,7,0.0,213,,svchost.exe,,C:\Windows\System32\svchost.exe,2848,,760,518,51220,108832,0.046875,0.15625,2266,0,9.1875,2.40234375,benign
0.0672895199553247,3,0.0,128,,svchost.exe,,C:\Windows\System32\svchost.exe,2868,,1,0,512,0,0.0,0.03125,112,0,5.51171875,1.2265625,benign
0.2100711094282107,12,0.0,310,,vmtoolsd.exe,,C:\Program Files\VMware\VMware Tools\vmtoolsd.exe,2884,,759,389,12564,82439,0.1875,0.328125,34521,0,17.20703125,6.0390625,benign
0.0773042606999159,3,0.0,123,,vm3dservice.exe,,C:\Windows\System32\vm3dservice.exe,2892,,0,0,0,0,0.0,0.046875,2684,0,6.33203125,1.53515625,benign
0.1301439404380447,2,0.0,167,,VGAuthService.exe,,C:\Program Files\VMware\VMware Tools\VMware VGAuth\VGAuthService.exe,2900,,30,22,32424,2280,0.046875,0.09375,347,0,10.66015625,2.45703125,benign
1.9051852035543744,28,0.0,702,,MsMpEng.exe,,C:\Program Files\Windows Defender\MsMpEng.exe,2908,,1837,3553,163111519,7345560,33.375,11.015625,155286,0,156.0546875,152.203125,benign
0.1514133422098908,4,0.0,160,,svchost.exe,,C:\Windows\System32\svchost.exe,2920,,0,0,0,0,0.09375,0.015625,68,0,12.40234375,2.00390625,benign
0.2230902723961793,5,0.0,374,,svchost.exe,,C:\Windows\System32\svchost.exe,2928,,0,2,0,184320,0.390625,0.5,55,0,18.2734375,3.22265625,benign
0.0662880458808656,4,0.0,106,,svchost.exe,,C:\Windows\System32\svchost.exe,2940,,0,0,0,0,0.0,0.03125,54,0,5.4296875,1.3125,benign
0.1292855340885083,5,0.0,369,,svchost.exe,,C:\Windows\System32\svchost.exe,3076,,1,1,116,160,0.15625,0.09375,292,0,10.58984375,2.64453125,benign
0.0886066109688117,2,0.0,124,,svchost.exe,,C:\Windows\System32\svchost.exe,3112,,244,2,325437,1011,0.0,0.21875,118,0,7.2578125,1.66015625,benign
0.1252796377906719,9,0.0,230,,msdtc.exe,,C:\Windows\System32\msdtc.exe,3208,,1,9,116,5075104,0.015625,0.171875,8660,0,10.26171875,2.67578125,benign
0.2127417069601017,14,0.0,357,,svchost.exe,,C:\Windows\System32\svchost.exe,3376,,21,6,2785280,49428,0.171875,0.109375,1004,0,17.42578125,8.55859375,benign
0.0891788818685026,4,0.0,129,,vm3dservice.exe,,C:\Windows\System32\vm3dservice.exe,3448,,1,0,4333,0,0.0625,0.0625,1843,0,7.3046875,1.67578125,benign
1.5870025833262198,69,0.0,2778,"[popenfile(path='C:\\Users\\sctest12\\AppData\\Local\\Microsoft\\GameDVR\\KnownGameList.bin', fd=-1), popenfile(path='C:\\Windows\\System32\\en-US\\twinui.pcshell.dll.mui', fd=-1), popenfile(path='C:\\Users\\sctest12\\AppData\\Local\\Microsoft\\Windows\\Explorer\\iconcache_96.db', fd=-1), popenfile(path='C:\\Windows\\System32\\en-US\\bthprops.cpl.mui', fd=-1), popenfile(path='C:\\Users\\sctest12\\AppData\\Local\\Microsoft\\Windows\\Explorer\\thumbcache_768.db', fd=-1), popenfile(path='C:\\Windows\\SystemResources\\SndVolSSO.dll.mun', fd=-1), popenfile(path='C:\\Windows\\System32\\en-US\\combase.dll.mui', fd=-1), popenfile(path='C:\\Windows\\SystemResources\\imageres.dll.mun', fd=-1), popenfile(path='C:\\Users\\sctest12\\AppData\\Local\\Microsoft\\Windows\\Explorer\\thumbcache_custom_stream.db', fd=-1), popenfile(path='C:\\Windows\\System32\\en-US\\themeui.dll.mui', fd=-1), popenfile(path='C:\\Users\\sctest12\\AppData\\Local\\Microsoft\\Windows\\Explorer\\thumbcache_exif.db', fd=-1), popenfile(path='C:\\Windows\\Registration\\R000000000006.clb', fd=-1), popenfile(path='C:\\Windows\\System32\\en-US\\dsreg.dll.mui', fd=-1), popenfile(path='C:\\Windows\\en-US\\explorer.exe.mui', fd=-1), popenfile(path='C:\\Windows\\System32\\en-US\\ApplicationFrame.dll.mui', fd=-1), popenfile(path='C:\\Users\\sctest12\\AppData\\Local\\Microsoft\\Windows\\Explorer\\thumbcache_idx.db', fd=-1), popenfile(path='C:\\Users\\sctest12\\AppData\\Local\\Microsoft\\Windows\\Explorer\\iconcache_1280.db', fd=-1), popenfile(path='C:\\Users\\sctest12\\AppData\\Local\\Microsoft\\Windows\\Explorer\\iconcache_32.db', fd=-1), popenfile(path='C:\\Windows\\System32\\en-US\\InputSwitch.dll.mui', fd=-1), popenfile(path='C:\\Users\\sctest12\\AppData\\Local\\Microsoft\\Windows\\Explorer\\iconcache_768.db', fd=-1), popenfile(path='C:\\Users\\sctest12\\AppData\\Local\\Microsoft\\Windows\\Explorer\\iconcache_wide_alternate.db', fd=-1), popenfile(path='C:\\Windows\\System32\\en-US\\imapi2.dll.mui', fd=-1), popenfile(path='C:\\Users\\sctest12\\AppData\\Local\\Microsoft\\Windows\\Explorer\\iconcache_256.db', fd=-1), popenfile(path='C:\\Users\\sctest12\\AppData\\Local\\Microsoft\\Windows\\Explorer\\iconcache_exif.db', fd=-1), popenfile(path='C:\\Users\\sctest12\\AppData\\Local\\Microsoft\\Windows\\Explorer\\iconcache_idx.db', fd=-1), popenfile(path='C:\\Windows\\SystemResources\\ExplorerFrame.dll.mun', fd=-1), popenfile(path='C:\\Windows\\System32\\en-US\\KernelBase.dll.mui', fd=-1), popenfile(path='C:\\Windows\\System32\\en-US\\UIRibbon.dll.mui', fd=-1), popenfile(path='C:\\Users\\sctest12\\AppData\\Local\\Microsoft\\Windows\\Explorer\\thumbcache_wide_alternate.db', fd=-1), popenfile(path='C:\\Windows\\System32\\en-US\\propsys.dll.mui', fd=-1), popenfile(path='C:\\Users\\sctest12\\AppData\\Local\\Microsoft\\Windows\\Explorer\\iconcache_sr.db', fd=-1), popenfile(path='C:\\Users\\sctest12\\AppData\\Local\\Microsoft\\Windows\\Explorer\\iconcache_wide.db', fd=-1), popenfile(path='C:\\Users\\sctest12\\AppData\\Local\\Microsoft\\Windows\\Explorer\\thumbcache_1920.db', fd=-1), popenfile(path='C:\\Windows\\Fonts\\StaticCache.dat', fd=-1), popenfile(path='C:\\Users\\sctest12\\AppData\\Local\\Microsoft\\Windows\\Explorer\\thumbcache_256.db', fd=-1), popenfile(path='C:\\Users\\sctest12\\AppData\\Local\\Microsoft\\Windows\\Explorer\\thumbcache_16.db', fd=-1), popenfile(path='C:\\Windows\\System32\\en-US\\oleaccrc.dll.mui', fd=-1), popenfile(path='C:\\Users\\sctest12\\AppData\\Local\\Microsoft\\Windows\\Explorer\\iconcache_16.db', fd=-1), popenfile(path='C:\\Users\\sctest12\\AppData\\Local\\Microsoft\\Windows\\Explorer\\iconcache_1920.db', fd=-1), popenfile(path='C:\\Windows\\System32\\en-US\\dui70.dll.mui', fd=-1), popenfile(path='C:\\Users\\sctest12\\AppData\\Local\\Microsoft\\Windows\\Explorer\\thumbcache_sr.db', fd=-1), popenfile(path='C:\\Windows\\System32\\en-US\\ActionCenter.dll.mui', fd=-1), popenfile(path='C:\\Users\\sctest12\\AppData\\Local\\Microsoft\\Windows\\Explorer\\iconcache_48.db', fd=-1), popenfile(path='C:\\Windows\\System32\\en-US\\crypt32.dll.mui', fd=-1), popenfile(path='C:\\Windows\\Fonts\\segoeui.ttf', fd=-1), popenfile(path='C:\\Windows\\System32\\en-US\\mpr.dll.mui', fd=-1), popenfile(path='C:\\Users\\sctest12\\AppData\\Local\\Microsoft\\Windows\\Explorer\\thumbcache_2560.db', fd=-1), popenfile(path='C:\\Windows\\System32\\en-US\\explorerframe.dll.mui', fd=-1), popenfile(path='C:\\Users\\sctest12\\AppData\\Local\\Microsoft\\Windows\\Explorer\\thumbcache_32.db', fd=-1), popenfile(path='C:\\Windows\\System32\\en-US\\stobject.dll.mui', fd=-1), popenfile(path='C:\\Windows\\SystemResources\\shell32.dll.mun', fd=-1), popenfile(path='C:\\Windows\\System32\\en-US\\shell32.dll.mui', fd=-1), popenfile(path='C:\\Users\\sctest12\\AppData\\Local\\Microsoft\\Windows\\Explorer\\iconcache_custom_stream.db', fd=-1), popenfile(path='C:\\Windows\\SystemResources\\stobject.dll.mun', fd=-1), popenfile(path='C:\\Windows\\System32\\en-US\\winnlsres.dll.mui', fd=-1), popenfile(path='C:\\Windows\\System32\\en-US\\wscui.cpl.mui', fd=-1), popenfile(path='C:\\Windows\\System32\\en-US\\pnidui.dll.mui', fd=-1), popenfile(path='C:\\Windows\\System32\\en-US\\hcproviders.dll.mui', fd=-1), popenfile(path='C:\\Users\\sctest12\\AppData\\Local\\Microsoft\\Windows\\Explorer\\thumbcache_96.db', fd=-1), popenfile(path='C:\\Users\\sctest12\\AppData\\Local\\Microsoft\\Windows\\Explorer\\iconcache_2560.db', fd=-1), popenfile(path='C:\\Windows\\System32\\en-US\\NetworkExplorer.dll.mui', fd=-1), popenfile(path='C:\\Windows\\System32\\en-US\\windows.storage.dll.mui', fd=-1), popenfile(path='C:\\Windows\\System32\\en-US\\sndvolsso.dll.mui', fd=-1), popenfile(path='C:\\Users\\sctest12\\AppData\\Local\\Microsoft\\Windows\\Explorer\\thumbcache_wide.db', fd=-1), popenfile(path='C:\\Users\\sctest12\\AppData\\Local\\Microsoft\\Windows\\Explorer\\thumbcache_1280.db', fd=-1), popenfile(path='C:\\Users\\sctest12\\AppData\\Local\\Microsoft\\Windows\\Explorer\\thumbcache_48.db', fd=-1)]",explorer.exe,['C:\\Windows\\Explorer.EXE'],C:\Windows\explorer.exe,3476,32.0,1852,381,4027533,1754459,6.59375,7.8125,78965,0,129.9921875,64.20703125,benign
0.0106823901275639,3,0.0,211,,MicrosoftEdgeUpdate.exe,,C:\Program Files (x86)\Microsoft\EdgeUpdate\MicrosoftEdgeUpdate.exe,3488,,0,22,0,1700,0.078125,0.03125,945,0,0.875,1.83984375,benign
0.2651998727651033,8,0.0,338,,svchost.exe,,C:\Windows\System32\svchost.exe,3620,,0,0,0,0,1.015625,0.59375,1438,0,21.72265625,3.83203125,benign
0.2002471256501831,13,0.0,447,,csrss.exe,,C:\Windows\System32\csrss.exe,3700,,6106,0,659373,0,0.125,0.65625,26067,0,16.40234375,3.4765625,benign
0.0977629453638665,4,0.0,182,,svchost.exe,,C:\Windows\System32\svchost.exe,3768,,297,0,6066,0,0.0625,0.0625,196,0,8.0078125,1.78515625,benign
0.1687245369255413,10,0.0,268,,dllhost.exe,,C:\Windows\System32\dllhost.exe,3836,,4281,7,2094377,3745,0.171875,0.140625,7481,0,13.8203125,3.8203125,benign
1.3290991645321757,38,0.0,963,,SkypeApp.exe,,C:\Program Files\WindowsApps\Microsoft.SkypeApp_14.53.77.0_x64__kzf8qxf38zg5c\SkypeApp.exe,3852,,13,58,28563724,28487787,22.75,4.828125,7585,0,108.8671875,112.4921875,benign
0.1498395972357408,5,0.0,203,,svchost.exe,,C:\Windows\System32\svchost.exe,4172,,1,0,4811,0,0.390625,0.296875,3033,0,12.2734375,2.56640625,benign
0.1686768476839004,3,0.0,225,,RuntimeBroker.exe,,C:\Windows\System32\RuntimeBroker.exe,4216,,165,0,30497,0,0.03125,0.078125,58,0,13.81640625,2.41015625,benign
0.0750151771011522,2,0.0,106,,svchost.exe,,C:\Windows\System32\svchost.exe,4252,,0,0,0,0,0.03125,0.0,56,0,6.14453125,1.234375,benign
0.2218980413551565,10,0.0,311,"[popenfile(path='C:\\Users\\sctest12\\AppData\\Local\\ConnectedDevicesPlatform\\L.sctest12\\ActivitiesCache.db-shm', fd=-1), popenfile(path='C:\\Windows\\System32\\en-US\\crypt32.dll.mui', fd=-1), popenfile(path='C:\\Windows\\System32\\en-US\\svchost.exe.mui', fd=-1), popenfile(path='C:\\Windows\\System32\\en-US\\KernelBase.dll.mui', fd=-1), popenfile(path='C:\\Users\\sctest12\\AppData\\Local\\ConnectedDevicesPlatform\\L.sctest12\\ActivitiesCache.db', fd=-1), popenfile(path='C:\\Windows\\Registration\\R000000000006.clb', fd=-1), popenfile(path='C:\\Users\\sctest12\\AppData\\Local\\ConnectedDevicesPlatform\\L.sctest12\\ActivitiesCache.db-wal', fd=-1)]",svchost.exe,"['C:\\Windows\\system32\\svchost.exe', '-k', 'UnistackSvcGroup', '-s', 'CDPUserSvc']",C:\Windows\System32\svchost.exe,4392,32.0,15,427,17205,841915,0.109375,0.15625,989,0,18.17578125,4.62890625,benign
0.3109338554987365,6,0.0,328,"[popenfile(path='C:\\Users\\sctest12\\AppData\\Local\\Microsoft\\Windows\\Notifications\\wpndatabase.db', fd=-1), popenfile(path='C:\\Users\\sctest12\\AppData\\Local\\Microsoft\\Windows\\Notifications\\wpndatabase.db-wal', fd=-1), popenfile(path='C:\\Users\\sctest12\\AppData\\Local\\Microsoft\\Windows\\Notifications\\wpndatabase.db-shm', fd=-1), popenfile(path='C:\\Users\\sctest12\\AppData\\Local\\Microsoft\\Windows\\Notifications\\WPNPRMRY.tmp', fd=-1), popenfile(path='C:\\Windows\\System32\\en-US\\svchost.exe.mui', fd=-1), popenfile(path='C:\\Windows\\System32\\en-US\\KernelBase.dll.mui', fd=-1), popenfile(path='C:\\Windows\\Registration\\R000000000006.clb', fd=-1)]",svchost.exe,"['C:\\Windows\\system32\\svchost.exe', '-k', 'UnistackSvcGroup', '-s', 'WpnUserService']",C:\Windows\System32\svchost.exe,4416,32.0,61,3174,246276,6644804,0.296875,0.15625,1905,0,25.46875,5.41796875,benign
0.2726393944610853,5,0.0,252,,RuntimeBroker.exe,,C:\Windows\System32\RuntimeBroker.exe,4444,,1,0,7611,0,0.15625,0.171875,172,0,22.33203125,5.31640625,benign
0.3275297115897733,6,0.0,358,,RuntimeBroker.exe,,C:\Windows\System32\RuntimeBroker.exe,4452,,16,1,19434,160,0.125,0.1875,1290,0,26.828125,4.48046875,benign
0.4216205853472897,9,0.0,446,,vmtoolsd.exe,,C:\Program Files\VMware\VMware Tools\vmtoolsd.exe,4500,,1201,84,3701741,7159,2.921875,1.46875,11252,0,34.53515625,15.97265625,benign
0.1975765281182922,10,0.0,309,"[popenfile(path='C:\\Users\\sctest12\\AppData\\Local\\Microsoft\\Windows\\WebCache\\V01.log', fd=-1), popenfile(path='C:\\Users\\sctest12\\AppData\\Local\\Microsoft\\Windows\\WebCacheLock.dat', fd=-1), popenfile(path='C:\\Windows\\System32\\en-US\\MsCtfMonitor.dll.mui', fd=-1), popenfile(path='C:\\Windows\\System32\\en-US\\winmm.dll.mui', fd=-1), popenfile(path='C:\\Windows\\System32\\en-US\\MMDevAPI.dll.mui', fd=-1), popenfile(path='C:\\Windows\\System32\\en-US\\taskhostw.exe.mui', fd=-1), popenfile(path='C:\\Windows\\System32\\en-US\\wdmaud.drv.mui', fd=-1), popenfile(path='C:\\Windows\\System32\\en-US\\ESENT.dll.mui', fd=-1), popenfile(path='C:\\Users\\sctest12\\AppData\\Local\\Microsoft\\Windows\\WebCache\\WebCacheV01.jfm', fd=-1), popenfile(path='C:\\Users\\sctest12\\AppData\\Local\\Microsoft\\Windows\\WebCache\\WebCacheV01.dat', fd=-1), popenfile(path='C:\\Windows\\Registration\\R000000000006.clb', fd=-1), popenfile(path='C:\\Users\\sctest12\\AppData\\Local\\Microsoft\\Windows\\WebCache\\V01tmp.log', fd=-1)]",taskhostw.exe,"['taskhostw.exe', '{222A245B-E637-4AE9-A93F-A59CA119A75E}']",C:\Windows\System32\taskhostw.exe,4584,32.0,6,187,743301,5551373,0.625,0.21875,2068,0,16.18359375,5.3046875,benign
0.8233547569303198,14,0.0,637,,StartMenuExperienceHost.exe,,C:\Windows\SystemApps\Microsoft.Windows.StartMenuExperienceHost_cw5n1h2txyewy\StartMenuExperienceHost.exe,4592,,45,0,151244,0,1.171875,0.59375,4476,0,67.44140625,19.41796875,benign
0.0741567707516158,4,0.0,144,,SkypeBackgroundHost.exe,,C:\Program Files\WindowsApps\Microsoft.SkypeApp_14.53.77.0_x64__kzf8qxf38zg5c\SkypeBackgroundHost.exe,4604,,0,0,0,0,0.046875,0.015625,117,0,6.07421875,1.79296875,benign
0.4708358827207093,10,0.0,510,,TextInputHost.exe,,C:\Windows\SystemApps\MicrosoftWindows.Client.CBS_cw5n1h2txyewy\TextInputHost.exe,4612,,3,0,31201,0,0.203125,0.15625,8128,0,38.56640625,12.4453125,benign
0.1051070885765667,4,0.0,181,,NisSrv.exe,,C:\Program Files\Windows Defender\NisSrv.exe,4716,,0,0,0,0,0.0625,0.109375,245,0,8.609375,3.70703125,benign
0.1640509912447321,6,0.0,305,,svchost.exe,,C:\Windows\System32\svchost.exe,4800,,3,0,38085,0,0.125,0.078125,404,0,13.4375,3.38671875,benign
0.0785918702242205,2,0.0,147,,svchost.exe,,C:\Windows\System32\svchost.exe,4840,,0,0,0,0,0.015625,0.078125,62,0,6.4375,1.56640625,benign
0.1207014705931444,9,0.0,230,,svchost.exe,,C:\Windows\System32\svchost.exe,4864,,1,0,63940,0,0.15625,0.09375,271,0,9.88671875,4.29296875,benign
0.0816916709308796,7,0.0,105,,SgrmBroker.exe,,C:\Windows\System32\SgrmBroker.exe,5032,,2,0,80480,0,0.109375,0.046875,3330,0,6.69140625,3.89453125,benign
0.1692491185835913,5,0.0,285,"[popenfile(path='C:\\Windows\\Registration\\R000000000006.clb', fd=-1), popenfile(path='C:\\Windows\\System32\\en-US\\svchost.exe.mui', fd=-1)]",svchost.exe,"['C:\\Windows\\system32\\svchost.exe', '-k', 'UnistackSvcGroup']",C:\Windows\System32\svchost.exe,5040,32.0,1,0,5087,0,0.0,0.0625,101,0,13.86328125,3.10546875,benign
0.1796930625029507,4,0.0,177,,svchost.exe,,C:\Windows\System32\svchost.exe,5044,,0,0,0,0,0.15625,0.03125,214,0,14.71875,2.5390625,benign
0.0608991615754427,5,0.0,151,,taskhostw.exe,,C:\Windows\System32\taskhostw.exe,5072,,0,0,0,0,0.046875,0.0,132,0,4.98828125,1.8203125,benign
0.2191320653399837,6,0.0,249,,svchost.exe,,C:\Windows\System32\svchost.exe,5224,,0,0,0,0,0.03125,0.015625,1249,0,17.94921875,3.19140625,benign
0.12465967764934,3,0.0,261,,winlogon.exe,,C:\Windows\System32\winlogon.exe,5296,,2,0,15454,0,0.03125,0.078125,520,0,10.2109375,2.34375,benign
0.3048296325686999,4,0.0,275,,ApplicationFrameHost.exe,,C:\Windows\System32\ApplicationFrameHost.exe,5316,,8,0,3030,0,0.140625,0.125,138,0,24.96875,4.3671875,benign
0.0531735044296152,5,0.0,36,,fontdrvhost.exe,,C:\Windows\System32\fontdrvhost.exe,5364,,0,0,0,0,0.046875,0.03125,3219,0,4.35546875,1.39453125,benign
0.3064987560261318,6,0.0,507,,svchost.exe,,C:\Windows\System32\svchost.exe,5432,,9,124,3166208,14643204,0.390625,0.171875,283,0,25.10546875,7.59765625,benign
0.4144671991011531,4,0.0,423,,svchost.exe,,C:\Windows\System32\svchost.exe,5504,,91,332,367695,682883,0.4375,0.3125,804,0,33.94921875,7.57421875,benign
0.1237535820581627,9,0.0,228,,svchost.exe,,C:\Windows\System32\svchost.exe,5652,,2,2,232,320,0.0625,0.09375,346,0,10.13671875,2.5703125,benign
0.1248981238575446,3,0.0,277,,winlogon.exe,,C:\Windows\System32\winlogon.exe,5708,,1,0,9728,0,0.0625,0.109375,505,0,10.23046875,2.29296875,benign
0.1454998762464179,5,0.0,238,,svchost.exe,,C:\Windows\System32\svchost.exe,5724,,0,0,0,0,0.109375,0.015625,109,0,11.91796875,2.53515625,benign
0.3065941345094136,27,0.0,815,,SearchIndexer.exe,,C:\Windows\System32\SearchIndexer.exe,5756,,1989,2630,3005626,18715530,4.9375,1.65625,26855,0,25.11328125,25.53515625,benign
0.2421659690525435,10,0.0,427,,ctfmon.exe,['ctfmon.exe'],C:\Windows\System32\ctfmon.exe,5764,128.0,0,0,0,0,0.1875,0.390625,6099,0,19.8359375,3.79296875,benign
0.7052285053857845,15,0.0,973,,dwm.exe,,C:\Windows\System32\dwm.exe,5860,,2,0,72092,0,1.359375,0.984375,28833,0,57.765625,35.80859375,benign
0.3588138541062106,7,0.0,453,,RuntimeBroker.exe,,C:\Windows\System32\RuntimeBroker.exe,5868,,271,2,58067,248,0.25,0.625,458,0,29.390625,8.02734375,benign
0.1042486822270303,6,0.0,173,,svchost.exe,,C:\Windows\System32\svchost.exe,5880,,0,1,0,4096,0.078125,0.0,77,0,8.5390625,1.9921875,benign
1.6475679202101758,25,0.0,974,,SearchApp.exe,,C:\Windows\SystemApps\Microsoft.Windows.Search_cw5n1h2txyewy\SearchApp.exe,5908,,2200,335,11360356,4137458,1.734375,1.125,13805,0,134.953125,78.015625,benign
0.3174195923619003,11,0.0,367,,smartscreen.exe,,C:\Windows\System32\smartscreen.exe,6028,,3,2,11654,320,0.125,0.125,308,0,26.0,11.7734375,benign
0.1535116688420909,2,0.0,227,,svchost.exe,,C:\Windows\System32\svchost.exe,6188,,9,0,2600,0,0.359375,2.21875,33,0,12.57421875,2.88671875,benign
0.0683863725130656,9,0.0,333,,csrss.exe,,C:\Windows\System32\csrss.exe,6252,,4759,0,379302,0,0.03125,0.84375,18314,0,5.6015625,1.62109375,benign
0.3707361645164382,5,0.0,342,,LogonUI.exe,,C:\Windows\System32\LogonUI.exe,6424,,1,0,26845,0,0.0625,0.09375,411,0,30.3671875,11.85546875,benign
0.2260946946195567,15,0.0,404,,svchost.exe,,C:\Windows\System32\svchost.exe,6456,,86,15,2796310,74116,0.203125,0.09375,833,0,18.51953125,8.7890625,benign
0.0887019894520935,6,0.0,210,,svchost.exe,,C:\Windows\System32\svchost.exe,6492,,1,0,4014,0,0.046875,0.0,78,0,7.265625,1.8359375,benign
0.7903538017148097,15,0.0,962,,dwm.exe,,C:\Windows\System32\dwm.exe,6716,,3,0,87546,0,0.703125,0.5625,30938,0,64.73828125,39.96875,benign
0.2320558498246705,15,0.0,513,,SecurityHealthService.exe,,C:\Windows\System32\SecurityHealthService.exe,6832,,0,1,0,4096,0.5,0.234375,5743,0,19.0078125,4.453125,benign
2.2264676244891883,48,0.0,1394,"[popenfile(path='C:\\Windows\\System32\\WinMetadata\\Windows.UI.winmd', fd=-1), popenfile(path='C:\\Windows\\Fonts\\seguisb.ttf', fd=-1), popenfile(path='C:\\Users\\sctest12\\AppData\\Local\\Packages\\Microsoft.Windows.Search_cw5n1h2txyewy\\LocalState\\AppIconCache\\100\\Microsoft_SkyDrive_Desktop', fd=-1), popenfile(path='C:\\Windows\\Fonts\\simsun.ttc', fd=-1), popenfile(path='C:\\Users\\sctest12\\AppData\\Local\\Packages\\Microsoft.Windows.Search_cw5n1h2txyewy\\LocalState\\AppIconCache\\100\\Microsoft_Getstarted_8wekyb3d8bbwe!App', fd=-1), popenfile(path='C:\\Windows\\SystemApps\\Microsoft.Windows.Search_cw5n1h2txyewy\\Cortana.Search.winmd', fd=-1), popenfile(path='C:\\Users\\sctest12\\AppData\\Local\\Packages\\Microsoft.Windows.Search_cw5n1h2txyewy\\LocalState\\AppIconCache\\100\\Microsoft_WindowsCalculator_8wekyb3d8bbwe!App', fd=-1), popenfile(path='C:\\Users\\sctest12\\AppData\\Local\\Packages\\Microsoft.Windows.Search_cw5n1h2txyewy\\LocalState\\AppIconCache\\100\\{1AC14E77-02E7-4E5D-B744-2EB1AE5198B7}_SnippingTool_exe', fd=-1), popenfile(path='C:\\Windows\\System32\\WinMetadata\\Windows.System.winmd', fd=-1), popenfile(path='C:\\Windows\\System32\\WinMetadata\\Windows.Security.winmd', fd=-1), popenfile(path='C:\\Users\\sctest12\\AppData\\Local\\Packages\\Microsoft.Windows.Search_cw5n1h2txyewy\\LocalState\\AppIconCache\\100\\Microsoft_Windows_Computer', fd=-1), popenfile(path='C:\\Users\\sctest12\\AppData\\Local\\Packages\\Microsoft.Windows.Search_cw5n1h2txyewy\\LocalState\\AppIconCache\\100\\MSEdge', fd=-1), popenfile(path='C:\\Windows\\System32\\en-US\\KernelBase.dll.mui', fd=-1), popenfile(path='C:\\Users\\sctest12\\AppData\\Local\\Packages\\Microsoft.Windows.Search_cw5n1h2txyewy\\LocalState\\AppIconCache\\100\\Microsoft_MicrosoftSolitaireCollection_8wekyb3d8bbwe!App', fd=-1), popenfile(path='C:\\Windows\\SystemResources\\edgehtml.dll.mun', fd=-1), popenfile(path='C:\\Windows\\System32\\WinMetadata\\Windows.Foundation.winmd', fd=-1), popenfile(path='C:\\Windows\\System32\\en-US\\edgehtml.dll.mui', fd=-1), popenfile(path='C:\\Windows\\System32\\WinMetadata\\Windows.Storage.winmd', fd=-1), popenfile(path='C:\\Users\\sctest12\\AppData\\Local\\Packages\\Microsoft.Windows.Search_cw5n1h2txyewy\\LocalState\\AppIconCache\\100\\Microsoft_AutoGenerated_{C1C6F8AC-40A3-0F5C-146F-65A9DC70BBB4}', fd=-1), popenfile(path='C:\\Users\\sctest12\\AppData\\Local\\Packages\\Microsoft.Windows.Search_cw5n1h2txyewy\\LocalState\\AppIconCache\\100\\Microsoft_AutoGenerated_{923DD477-5846-686B-A659-0FCCD73851A8}', fd=-1), popenfile(path='C:\\Windows\\SystemApps\\Microsoft.Windows.Search_cw5n1h2txyewy\\Cortana.Internal.Search.winmd', fd=-1), popenfile(path='C:\\Users\\sctest12\\AppData\\Local\\Packages\\Microsoft.Windows.Search_cw5n1h2txyewy\\LocalState\\AppIconCache\\100\\Microsoft_ScreenSketch_8wekyb3d8bbwe!App', fd=-1), popenfile(path='C:\\Windows\\Fonts\\segoeui.ttf', fd=-1), popenfile(path='C:\\Windows\\System32\\WinMetadata\\Windows.ApplicationModel.winmd', fd=-1), popenfile(path='C:\\Users\\sctest12\\AppData\\Local\\Packages\\Microsoft.Windows.Search_cw5n1h2txyewy\\LocalState\\AppIconCache\\100\\windows_immersivecontrolpanel_cw5n1h2txyewy!microsoft_windows_immersivecontrolpanel', fd=-1), popenfile(path='C:\\Windows\\System32\\en-US\\shell32.dll.mui', fd=-1), popenfile(path='C:\\Users\\sctest12\\AppData\\Local\\Packages\\Microsoft.Windows.Search_cw5n1h2txyewy\\LocalState\\AppIconCache\\100\\Microsoft_Windows_ControlPanel', fd=-1), popenfile(path='C:\\Users\\sctest12\\AppData\\Local\\Packages\\Microsoft.Windows.Search_cw5n1h2txyewy\\LocalState\\AppIconCache\\100\\Microsoft_AutoGenerated_{8AA47365-B2B3-1961-69EB-F866E376B12F}', fd=-1), popenfile(path='C:\\Users\\sctest12\\AppData\\Local\\Packages\\Microsoft.Windows.Search_cw5n1h2txyewy\\LocalState\\AppIconCache\\100\\{1AC14E77-02E7-4E5D-B744-2EB1AE5198B7}_mspaint_exe', fd=-1), popenfile(path='C:\\Windows\\System32\\en-US\\windows.storage.dll.mui', fd=-1), popenfile(path='C:\\Users\\sctest12\\AppData\\Local\\Packages\\Microsoft.Windows.Search_cw5n1h2txyewy\\LocalState\\AppIconCache\\100\\Microsoft_549981C3F5F10_8wekyb3d8bbwe!App', fd=-1), popenfile(path='C:\\Users\\sctest12\\AppData\\Local\\Packages\\Microsoft.Windows.Search_cw5n1h2txyewy\\LocalState\\AppIconCache\\100\\Microsoft_WindowsCamera_8wekyb3d8bbwe!App', fd=-1), popenfile(path='C:\\Users\\sctest12\\AppData\\Local\\Packages\\Microsoft.Windows.Search_cw5n1h2txyewy\\LocalState\\AppIconCache\\100\\{1AC14E77-02E7-4E5D-B744-2EB1AE5198B7}_cmd_exe', fd=-1)]",SearchApp.exe,"['C:\\Windows\\SystemApps\\Microsoft.Windows.Search_cw5n1h2txyewy\\SearchApp.exe', '-ServerName:CortanaUI.AppX8z9r6jm96hw4bsbneegw0kyxx296wr9t.mca']",C:\Windows\SystemApps\Microsoft.Windows.Search_cw5n1h2txyewy\SearchApp.exe,7200,32.0,5918,1350,29163734,20075075,6.859375,2.015625,21956,0,182.37109375,112.875,benign
0.176879397246137,4,0.0,240,"[popenfile(path='C:\\Windows\\System32\\en-US\\propsys.dll.mui', fd=-1), popenfile(path='C:\\Windows\\Registration\\R000000000006.clb', fd=-1), popenfile(path='C:\\Windows\\System32\\en-US\\shell32.dll.mui', fd=-1)]",RuntimeBroker.exe,"['C:\\Windows\\System32\\RuntimeBroker.exe', '-Embedding']",C:\Windows\System32\RuntimeBroker.exe,7224,32.0,269,0,45182,0,0.0625,0.21875,320,0,14.48828125,2.5390625,benign
0.4691667592632775,12,0.0,525,"[popenfile(path='C:\\Windows\\Fonts\\segoeui.ttf', fd=-1), popenfile(path='C:\\Windows\\System32\\WinMetadata\\Windows.UI.winmd', fd=-1), popenfile(path='C:\\Windows\\System32\\en-US\\KernelBase.dll.mui', fd=-1)]",TextInputHost.exe,"['C:\\Windows\\SystemApps\\MicrosoftWindows.Client.CBS_cw5n1h2txyewy\\TextInputHost.exe', '-ServerName:InputApp.AppXjd5de1g66v206tj52m9d0dtpppx4cgpn.mca']",C:\Windows\SystemApps\MicrosoftWindows.Client.CBS_cw5n1h2txyewy\TextInputHost.exe,7380,32.0,2,0,27105,0,0.203125,0.078125,2342,0,38.4296875,12.4296875,benign
0.3534249698007877,7,0.0,367,"[popenfile(path='C:\\Windows\\System32\\en-US\\windows.storage.dll.mui', fd=-1), popenfile(path='C:\\Windows\\System32\\en-US\\combase.dll.mui', fd=-1), popenfile(path='C:\\Windows\\System32\\en-US\\KernelBase.dll.mui', fd=-1), popenfile(path='C:\\Windows\\System32\\en-US\\propsys.dll.mui', fd=-1), popenfile(path='C:\\Windows\\Registration\\R000000000006.clb', fd=-1)]",RuntimeBroker.exe,"['C:\\Windows\\System32\\RuntimeBroker.exe', '-Embedding']",C:\Windows\System32\RuntimeBroker.exe,7764,32.0,44,10,88966,17508,0.25,0.25,1983,0,28.94921875,4.921875,benign
0.2368724632304024,5,0.0,272,"[popenfile(path='C:\\Windows\\Fonts\\StaticCache.dat', fd=-1), popenfile(path='C:\\Windows\\System32\\en-US\\user32.dll.mui', fd=-1), popenfile(path='C:\\Windows\\System32\\en-US\\propsys.dll.mui', fd=-1), popenfile(path='C:\\Windows\\Registration\\R000000000006.clb', fd=-1), popenfile(path='C:\\Windows\\System32\\en-US\\Conhost.exe.mui', fd=-1)]",conhost.exe,"['\\??\\C:\\Windows\\system32\\conhost.exe', '0x4']",C:\Windows\System32\conhost.exe,7828,32.0,17,0,7350,0,0.109375,0.15625,9099,0,19.40234375,8.38671875,benign
0.8442903340106795,12,0.0,633,"[popenfile(path='C:\\Windows\\System32\\en-US\\windows.ui.xaml.dll.mui', fd=-1), popenfile(path='C:\\Users\\sctest12\\AppData\\Local\\Packages\\Microsoft.Windows.StartMenuExperienceHost_cw5n1h2txyewy\\TempState\\TileCache_100_3_PNGEncoded_Header.bin', fd=-1), popenfile(path='C:\\Windows\\SystemResources\\Windows.UI.ShellCommon\\StartUI\\Assets\\Fonts\\BitMDL2.ttf', fd=-1), popenfile(path='C:\\Windows\\Fonts\\segmdl2.ttf', fd=-1), popenfile(path='C:\\Windows\\System32\\en-US\\windows.storage.dll.mui', fd=-1), popenfile(path='C:\\Windows\\System32\\en-US\\Windows.Globalization.dll.mui', fd=-1), popenfile(path='C:\\Windows\\Fonts\\segoeui.ttf', fd=-1), popenfile(path='C:\\Windows\\Fonts\\segoeuib.ttf', fd=-1), popenfile(path='C:\\Windows\\System32\\en-US\\KernelBase.dll.mui', fd=-1), popenfile(path='C:\\Users\\sctest12\\AppData\\Local\\Packages\\Microsoft.Windows.StartMenuExperienceHost_cw5n1h2txyewy\\TempState\\TileCache_100_3_PNGEncoded_Data.bin', fd=-1)]",StartMenuExperienceHost.exe,"['C:\\Windows\\SystemApps\\Microsoft.Windows.StartMenuExperienceHost_cw5n1h2txyewy\\StartMenuExperienceHost.exe', '-ServerName:App.AppXywbrabmsek0gm3tkwpr5kwzbs55tkqay.mca']",C:\Windows\SystemApps\Microsoft.Windows.StartMenuExperienceHost_cw5n1h2txyewy\StartMenuExperienceHost.exe,7888,32.0,24,349,108136,78546,1.09375,0.5625,3302,0,69.15625,23.84375,benign
0.2189413083734201,7,0.0,252,"[popenfile(path='C:\\Windows\\Registration\\R000000000006.clb', fd=-1), popenfile(path='C:\\Windows\\System32\\en-US\\svchost.exe.mui', fd=-1)]",svchost.exe,"['C:\\Windows\\system32\\svchost.exe', '-k', 'ClipboardSvcGroup', '-p', '-s', 'cbdhsvc']",C:\Windows\System32\svchost.exe,8028,32.0,0,0,0,0,0.015625,0.03125,922,0,17.93359375,3.2421875,benign
0.0693401573458838,2,0.0,86,"[popenfile(path='C:\\Windows\\System32\\en-US\\cmd.exe.mui', fd=-1)]",cmd.exe,['C:\\Windows\\system32\\cmd.exe'],C:\Windows\System32\cmd.exe,8052,32.0,0,0,0,0,0.015625,0.015625,329,0,5.6796875,4.16796875,benign
0.177928560562237,7,0.0,249,"[popenfile(path='C:\\Users\\sctest12\\AppData\\Local\\Microsoft\\Internet Explorer\\CacheStorage\\edbtmp.log', fd=-1), popenfile(path='C:\\Users\\sctest12\\AppData\\Local\\Packages\\Microsoft.Windows.Search_cw5n1h2txyewy\\AppData\\CacheStorage\\CacheStorage.jfm', fd=-1), popenfile(path='C:\\Users\\sctest12\\AppData\\Local\\Packages\\Microsoft.Windows.Search_cw5n1h2txyewy\\AppData\\Indexed DB\\IndexedDB.jfm', fd=-1), popenfile(path='C:\\Users\\sctest12\\AppData\\Local\\Packages\\Microsoft.Windows.Search_cw5n1h2txyewy\\AppData\\CacheStorage\\CacheStorage.edb', fd=-1), popenfile(path='C:\\Users\\sctest12\\AppData\\Local\\Packages\\Microsoft.Windows.Search_cw5n1h2txyewy\\AppData\\Indexed DB\\edbtmp.log', fd=-1), popenfile(path='C:\\Users\\sctest12\\AppData\\Local\\Microsoft\\Internet Explorer\\CacheStorage\\edb.log', fd=-1), popenfile(path='C:\\Users\\sctest12\\AppData\\Local\\Packages\\Microsoft.Windows.Search_cw5n1h2txyewy\\AppData\\Indexed DB\\IndexedDB.edb', fd=-1), popenfile(path='C:\\Windows\\System32\\en-US\\ESENT.dll.mui', fd=-1), popenfile(path='C:\\Users\\sctest12\\AppData\\Local\\Packages\\Microsoft.Windows.Search_cw5n1h2txyewy\\AppData\\Indexed DB\\edb.log', fd=-1), popenfile(path='C:\\Users\\sctest12\\AppData\\Local\\Packages\\Microsoft.Windows.Search_cw5n1h2txyewy\\AppData\\Indexed DB\\temp.edb', fd=-1), popenfile(path='C:\\Windows\\Registration\\R000000000006.clb', fd=-1)]",dllhost.exe,"['C:\\Windows\\system32\\DllHost.exe', '/Processid:{973D20D7-562D-44B9-B70B-5A0F49CCDF3F}']",C:\Windows\System32\dllhost.exe,8288,32.0,9,164,1065950,9707520,0.046875,0.0,773,0,14.57421875,4.80859375,benign
0.1516040991764544,5,0.0,170,"[popenfile(path='C:\\Windows\\Registration\\R000000000006.clb', fd=-1)]",SettingSyncHost.exe,"['C:\\Windows\\system32\\SettingSyncHost.exe', '-Embedding']",C:\Windows\System32\SettingSyncHost.exe,8468,16384.0,1,0,2356,0,0.015625,0.015625,157,0,12.41796875,2.05078125,benign
0.3480837747370057,5,0.0,321,"[popenfile(path='C:\\Windows\\Fonts\\StaticCache.dat', fd=-1), popenfile(path='C:\\Windows\\Registration\\R000000000006.clb', fd=-1), popenfile(path='C:\\Windows\\System32\\en-US\\ApplicationFrame.dll.mui', fd=-1)]",ApplicationFrameHost.exe,"['C:\\Windows\\system32\\ApplicationFrameHost.exe', '-Embedding']",C:\Windows\System32\ApplicationFrameHost.exe,8504,32.0,10,0,18729,0,0.015625,0.0625,441,0,28.51171875,6.765625,benign
0.5018815790289421,10,0.0,485,"[popenfile(path='C:\\Windows\\Fonts\\segoeui.ttf', fd=-1), popenfile(path='C:\\Windows\\System32\\WinMetadata\\Windows.UI.Xaml.winmd', fd=-1), popenfile(path='C:\\Windows\\System32\\WinMetadata\\Windows.ApplicationModel.winmd', fd=-1), popenfile(path='C:\\Windows\\System32\\en-US\\KernelBase.dll.mui', fd=-1), popenfile(path='C:\\Windows\\System32\\en-US\\Windows.Security.Authentication.Web.Core.dll.mui', fd=-1)]",WinStore.App.exe,"['C:\\Program Files\\WindowsApps\\Microsoft.WindowsStore_11910.1002.5.0_x64__8wekyb3d8bbwe\\WinStore.App.exe', '-ServerName:App.AppXc75wvwned5vhz4xyxxecvgdjhdkgsdza.mca']",C:\Program Files\WindowsApps\Microsoft.WindowsStore_11910.1002.5.0_x64__8wekyb3d8bbwe\WinStore.App.exe,8520,32.0,0,0,0,0,0.421875,0.171875,951,0,41.109375,18.50390625,benign
0.679380936416411,16,0.0,519,"[popenfile(path='C:\\Windows\\System32\\WinMetadata\\Windows.Storage.winmd', fd=-1), popenfile(path='C:\\Users\\sctest12\\AppData\\Local\\Packages\\Microsoft.Windows.Photos_8wekyb3d8bbwe\\LocalState\\MediaDb.v1.sqlite-wal', fd=-1), popenfile(path='C:\\Windows\\System32\\en-US\\windows.storage.dll.mui', fd=-1), popenfile(path='C:\\Windows\\Fonts\\segoeui.ttf', fd=-1), popenfile(path='C:\\Windows\\System32\\en-US\\KernelBase.dll.mui', fd=-1), popenfile(path='C:\\Users\\sctest12\\AppData\\Local\\Packages\\Microsoft.Windows.Photos_8wekyb3d8bbwe\\LocalState\\PhotosAppTracing_startedInBGMode.etl', fd=-1), popenfile(path='C:\\Users\\sctest12\\AppData\\Local\\Packages\\Microsoft.Windows.Photos_8wekyb3d8bbwe\\LocalState\\MediaDb.v1.sqlite', fd=-1), popenfile(path='C:\\Users\\sctest12\\AppData\\Local\\Packages\\Microsoft.Windows.Photos_8wekyb3d8bbwe\\LocalState\\MediaDb.v1.sqlite-shm', fd=-1)]",Microsoft.Photos.exe,"['C:\\Program Files\\WindowsApps\\Microsoft.Windows.Photos_2019.19071.12548.0_x64__8wekyb3d8bbwe\\Microsoft.Photos.exe', '-ServerName:App.AppXzst44mncqdg84v7sv6p7yznqwssy6f7f.mca']",C:\Program Files\WindowsApps\Microsoft.Windows.Photos_2019.19071.12548.0_x64__8wekyb3d8bbwe\Microsoft.Photos.exe,8568,32.0,234,649,906032,1396828,0.625,0.578125,1965,0,55.6484375,23.90625,benign
0.5034076347614513,17,0.0,664,"[popenfile(path='C:\\Windows\\Fonts\\StaticCache.dat', fd=-1), popenfile(path='C:\\Windows\\System32\\en-US\\Taskmgr.exe.mui', fd=-1), popenfile(path='C:\\Windows\\System32\\en-US\\oleaccrc.dll.mui', fd=-1), popenfile(path='C:\\Users\\sctest12\\AppData\\Local\\Microsoft\\Windows\\Explorer\\iconcache_16.db', fd=-1), popenfile(path='C:\\Users\\sctest12\\AppData\\Local\\Microsoft\\Windows\\Explorer\\iconcache_idx.db', fd=-1), popenfile(path='C:\\Windows\\SystemResources\\Taskmgr.exe.mun', fd=-1), popenfile(path='C:\\Windows\\System32\\en-US\\propsys.dll.mui', fd=-1), popenfile(path='C:\\Windows\\Registration\\R000000000006.clb', fd=-1)]",Taskmgr.exe,"['C:\\Windows\\system32\\taskmgr.exe', '/7']",C:\Windows\System32\Taskmgr.exe,8788,32.0,109,16,841037,197616,1.546875,1.796875,16765,0,41.234375,19.2109375,benign
0.1159325464290534,3,0.0,175,"[popenfile(path='C:\\Windows\\System32\\en-US\\securityhealthsso.dll.mui', fd=-1), popenfile(path='C:\\Windows\\Registration\\R000000000006.clb', fd=-1)]",SecurityHealthSystray.exe,['C:\\Windows\\System32\\SecurityHealthSystray.exe'],C:\Windows\System32\SecurityHealthSystray.exe,8816,32.0,1,0,5331,0,0.0,0.046875,279,0,9.49609375,1.75390625,benign
0.4101751673534712,20,0.0,480,"[popenfile(path='C:\\Users\\sctest12\\AppData\\Local\\Microsoft\\OneDrive\\logs\\Personal\\TraceCurrent.0304.0013.etl', fd=-1), popenfile(path='C:\\Users\\sctest12\\AppData\\Local\\Temp\\aria-debug-9184.log', fd=-1), popenfile(path='C:\\Users\\sctest12\\AppData\\Local\\Microsoft\\OneDrive\\19.043.0304.0013\\en\\FileSync.LocalizedResources.dll.mui', fd=-1), popenfile(path='C:\\Users\\sctest12\\AppData\\Local\\Temp\\aria-debug-6264.log', fd=-1), popenfile(path='C:\\Users\\sctest12\\AppData\\Local\\Microsoft\\OneDrive\\setup\\logs\\Update_2025-11-13_155418_2274-c1c.log', fd=-1), popenfile(path='C:\\Users\\sctest12\\AppData\\Local\\Microsoft\\OneDrive\\logs\\Personal\\SyncEngine-2025-11-13.1554.8820.1.aodl', fd=-1), popenfile(path='C:\\Windows\\System32\\en-US\\KernelBase.dll.mui', fd=-1), popenfile(path='C:\\Users\\sctest12\\AppData\\Local\\Temp\\aria-debug-8820.log', fd=-1), popenfile(path='C:\\Windows\\Registration\\R000000000006.clb', fd=-1)]",OneDrive.exe,"['', '/setautostart', '/background']",C:\Users\sctest12\AppData\Local\Microsoft\OneDrive\OneDrive.exe,8820,32.0,27,695,320,222675,0.09375,0.28125,796,0,33.59765625,8.9375,benign
0.259477163768194,4,0.0,311,"[popenfile(path='C:\\Windows\\Fonts\\StaticCache.dat', fd=-1), popenfile(path='C:\\Windows\\System32\\en-US\\winmm.dll.mui', fd=-1), popenfile(path='C:\\Windows\\System32\\en-US\\MMDevAPI.dll.mui', fd=-1), popenfile(path='C:\\Windows\\System32\\en-US\\wdmaud.drv.mui', fd=-1), popenfile(path='C:\\Windows\\System32\\en-US\\user32.dll.mui', fd=-1), popenfile(path='C:\\Windows\\System32\\en-US\\propsys.dll.mui', fd=-1), popenfile(path='C:\\Windows\\Registration\\R000000000006.clb', fd=-1), popenfile(path='C:\\Windows\\System32\\en-US\\Conhost.exe.mui', fd=-1)]",conhost.exe,"['\\??\\C:\\Windows\\system32\\conhost.exe', '0x4']",C:\Windows\System32\conhost.exe,8824,32.0,19,0,207527,0,0.1875,0.15625,3718,0,21.25390625,9.10546875,benign
0.068720197204552,1,0.0,87,"[popenfile(path='C:\\Windows\\System32\\en-US\\KernelBase.dll.mui', fd=-1), popenfile(path='C:\\Windows\\System32\\en-US\\cmd.exe.mui', fd=-1)]",cmd.exe,['C:\\Windows\\system32\\cmd.exe'],C:\Windows\System32\cmd.exe,8836,32.0,1,0,2328,0,0.0,0.03125,777,0,5.62890625,2.671875,benign
0.113452705863726,4,0.0,156,"[popenfile(path='C:\\Windows\\Registration\\R000000000006.clb', fd=-1)]",RuntimeBroker.exe,"['C:\\Windows\\System32\\RuntimeBroker.exe', '-Embedding']",C:\Windows\System32\RuntimeBroker.exe,8952,32.0,1,0,8356,0,0.03125,0.015625,62,0,9.29296875,2.1953125,benign
0.3270528191733642,7,0.0,345,"[popenfile(path='C:\\Windows\\SystemResources\\shell32.dll.mun', fd=-1), popenfile(path='C:\\Windows\\System32\\en-US\\shell32.dll.mui', fd=-1), popenfile(path='C:\\Windows\\System32\\en-US\\windows.storage.dll.mui', fd=-1), popenfile(path='C:\\Windows\\System32\\en-US\\propsys.dll.mui', fd=-1), popenfile(path='C:\\Windows\\Registration\\R000000000006.clb', fd=-1)]",RuntimeBroker.exe,"['C:\\Windows\\System32\\RuntimeBroker.exe', '-Embedding']",C:\Windows\System32\RuntimeBroker.exe,9052,32.0,108,9,879771,2731,0.25,0.359375,1451,0,26.7890625,7.09765625,benign
0.0018598804239955,118,0.0,3160,[],System,[],,4,,158,811,253920,178949544,0.0,95.65625,557679,0,0.15234375,0.19140625,benign
0.3236668830168596,4,0.0,0,,Registry,,Registry,92,,4,2478,16384,58568704,0.0,2.265625,3155,0,26.51171875,8.0390625,benign
0.2502254508898574,2,0.0,283,,RuntimeBroker.exe,,C:\Windows\System32\RuntimeBroker.exe,276,,13,0,4874,0,0.015625,0.078125,109,0,20.49609375,3.17578125,benign
0.0145929079421186,2,0.0,56,,smss.exe,,C:\Windows\System32\smss.exe,300,,22,13,16804,65684,0.03125,0.171875,1187,0,1.1953125,1.03515625,benign
0.0625682850328745,10,0.0,508,,csrss.exe,,C:\Windows\System32\csrss.exe,416,,232,0,179643,0,0.046875,0.4375,8244,0,5.125,1.69921875,benign
0.3423610657400965,11,0.0,537,,sihost.exe,,C:\Windows\System32\sihost.exe,464,,68,0,278528,0,0.671875,0.703125,3886,0,28.04296875,5.76171875,benign
0.1258042194487219,1,0.0,221,,svchost.exe,,C:\Windows\System32\svchost.exe,504,,2,20,8192,98304,0.140625,0.125,50,0,10.3046875,2.00390625,benign
0.0848868501208206,1,0.0,164,,wininit.exe,,C:\Windows\System32\wininit.exe,508,,2,0,9732,0,0.09375,0.078125,288,0,6.953125,1.3828125,benign
0.0649527471149201,6,0.0,36,,fontdrvhost.exe,,C:\Windows\System32\fontdrvhost.exe,580,,1,0,1846,0,0.078125,0.109375,4314,0,5.3203125,1.78125,benign
0.7922613713804462,28,0.0,502,,svchost.exe,,C:\Windows\System32\svchost.exe,644,,23395,5481,95546134,19979164,4.1875,2.515625,13244,0,64.89453125,38.13671875,benign
0.1255180839988764,10,0.0,643,,services.exe,,C:\Windows\System32\services.exe,648,,3,1099,8308,2073912,1.03125,1.953125,14727,0,10.28125,5.375,benign
0.2105956910862608,8,0.0,1115,,lsass.exe,,C:\Windows\System32\lsass.exe,664,,390,127,130824,655386,1.546875,2.0625,23248,0,17.25,5.46484375,benign
0.2172244956743473,12,0.0,348,,WmiPrvSE.exe,,C:\Windows\System32\wbem\WmiPrvSE.exe,692,,715,713,915876,69704,1.546875,1.703125,17606,0,17.79296875,9.4296875,benign
0.1238966497830854,7,0.0,230,,svchost.exe,,C:\Windows\System32\svchost.exe,728,,3,3,324,436,0.0625,0.09375,48,0,10.1484375,2.36328125,benign
0.3504205475774103,20,0.0,1579,,svchost.exe,,C:\Windows\System32\svchost.exe,772,,43,6,480256,135168,1.703125,2.953125,18625,0,28.703125,10.85546875,benign
0.0402974091865693,5,0.0,36,,fontdrvhost.exe,,C:\Windows\System32\fontdrvhost.exe,800,,0,0,0,0,0.0,0.03125,1530,0,3.30078125,1.2265625,benign
0.2095942170118016,13,0.0,1290,,svchost.exe,,C:\Windows\System32\svchost.exe,884,,37,0,151552,0,5.609375,4.515625,25227,0,17.16796875,8.76953125,benign
0.1949059305864012,9,0.0,317,,svchost.exe,,C:\Windows\System32\svchost.exe,900,,12,8,4739,8403,0.375,0.109375,157,0,15.96484375,4.08984375,benign
0.1016734631784212,6,0.0,320,,svchost.exe,,C:\Windows\System32\svchost.exe,936,,0,0,0,0,0.234375,0.421875,4838,0,8.328125,2.453125,benign
0.1209876060429899,1,0.0,205,,svchost.exe,,C:\Windows\System32\svchost.exe,992,,0,0,0,0,0.171875,0.09375,80,0,9.91015625,2.30859375,benign
0.0753013125509976,2,0.0,181,,svchost.exe,,C:\Windows\System32\svchost.exe,1044,,0,0,0,0,0.109375,0.09375,16373,0,6.16796875,1.58984375,benign
0.5425128129069979,8,0.0,497,"[popenfile(path='C:\\Windows\\Registration\\R000000000006.clb', fd=-1), popenfile(path='C:\\Windows\\System32\\en-US\\windows.storage.dll.mui', fd=-1), popenfile(path='C:\\Windows\\System32\\en-US\\KernelBase.dll.mui', fd=-1), popenfile(path='C:\\Windows\\System32\\en-US\\combase.dll.mui', fd=-1), popenfile(path='C:\\Windows\\System32\\en-US\\shell32.dll.mui', fd=-1), popenfile(path='C:\\Windows\\System32\\en-US\\propsys.dll.mui', fd=-1), popenfile(path='C:\\Windows\\SystemResources\\shell32.dll.mun', fd=-1)]",RuntimeBroker.exe,"['C:\\Windows\\System32\\RuntimeBroker.exe', '-Embedding']",C:\Windows\System32\RuntimeBroker.exe,1052,32.0,613,8,1879304,15520,2.21875,3.484375,638,0,44.4375,20.82421875,benign
0.1449752945883679,4,0.0,250,,svchost.exe,,C:\Windows\System32\svchost.exe,1076,,0,0,0,0,0.15625,0.046875,121,0,11.875,2.1015625,benign
0.2074482011379606,3,0.0,291,,svchost.exe,,C:\Windows\System32\svchost.exe,1084,,43,83,121331,163224,0.078125,0.140625,68,0,16.9921875,3.98046875,benign
0.0877958938609162,8,0.0,234,,svchost.exe,,C:\Windows\System32\svchost.exe,1088,,2,0,824,0,0.15625,0.03125,194,0,7.19140625,2.05859375,benign
0.1867987595074464,13,0.0,422,,svchost.exe,,C:\Windows\System32\svchost.exe,1092,,1,39,6,2036010,0.53125,0.703125,3072,0,15.30078125,5.9296875,benign
0.2862785175703857,6,0.0,349,"[popenfile(path='C:\\Windows\\Registration\\R000000000006.clb', fd=-1), popenfile(path='C:\\Windows\\System32\\en-US\\KernelBase.dll.mui', fd=-1), popenfile(path='C:\\Windows\\System32\\WinMetadata\\Windows.Foundation.winmd', fd=-1), popenfile(path='C:\\Windows\\System32\\en-US\\wininet.dll.mui', fd=-1), popenfile(path='C:\\Windows\\System32\\en-US\\netmsg.dll.mui', fd=-1), popenfile(path='C:\\Windows\\System32\\en-US\\Windows.Web.Http.dll.mui', fd=-1), popenfile(path='C:\\Windows\\System32\\en-US\\smartscreen.exe.mui', fd=-1)]",smartscreen.exe,"['C:\\Windows\\System32\\smartscreen.exe', '-Embedding']",C:\Windows\System32\smartscreen.exe,1120,32.0,3,1,11861,160,0.0625,0.109375,705,0,23.44921875,7.98828125,benign
0.1842235404588373,6,0.0,291,,svchost.exe,,C:\Windows\System32\svchost.exe,1124,,57,119,388815,1261327,0.21875,0.625,104,0,15.08984375,3.578125,benign
0.8610769470682801,4,0.0,429,"[popenfile(path='C:\\Windows\\System32\\en-US\\KernelBase.dll.mui', fd=-1), popenfile(path='C:\\Users\\sctest12\\AppData\\Local\\Temp\\_MEI39722\\base_library.zip', fd=-1), popenfile(path='C:\\Windows\\System32\\en-US\\tzres.dll.mui', fd=-1)]",generate_data.exe,"['.\\generate_data.exe', '[7488, 4120]']",C:\Users\Public\Downloads\generate_data.exe,1164,32.0,891,0,10018358,0,0.5625,0.625,1366,0,70.53125,85.34765625,benign
0.2189413083734201,7,0.0,429,,svchost.exe,,C:\Windows\System32\svchost.exe,1180,,817,672,8411392,17012544,1.046875,1.125,3173,0,17.93359375,16.609375,benign
0.1220844586007308,8,0.0,292,,svchost.exe,,C:\Windows\System32\svchost.exe,1240,,0,1,0,667648,0.625,0.53125,2240,0,10.0,2.79296875,benign
0.1165525065703852,1,0.0,162,,SecurityHealthSystray.exe,,C:\Windows\System32\SecurityHealthSystray.exe,1272,,1,0,5045,0,0.03125,0.03125,318,0,9.546875,1.69140625,benign
0.0881774077940435,4,0.0,136,,svchost.exe,,C:\Windows\System32\svchost.exe,1316,,0,0,0,0,0.109375,0.09375,211,0,7.22265625,3.13671875,benign
0.0735844998519249,3,0.0,129,,svchost.exe,,C:\Windows\System32\svchost.exe,1356,,0,0,0,0,0.03125,0.015625,102,0,6.02734375,1.41796875,benign
0.0881774077940435,1,0.0,123,,svchost.exe,,C:\Windows\System32\svchost.exe,1376,,0,0,0,0,0.03125,0.015625,65,0,7.22265625,1.37890625,benign
0.1201291996934535,7,0.0,377,,svchost.exe,,C:\Windows\System32\svchost.exe,1388,,0,0,0,0,0.140625,0.09375,244,0,9.83984375,2.375,benign
0.0833131051466706,7,0.0,209,,svchost.exe,,C:\Windows\System32\svchost.exe,1408,,0,0,0,0,0.03125,0.078125,1422,0,6.82421875,1.96875,benign
0.1362481633680813,2,0.0,137,,svchost.exe,,C:\Windows\System32\svchost.exe,1476,,0,0,0,0,0.0,0.015625,83,0,11.16015625,1.49609375,benign
0.1368204342677722,4,0.0,311,,svchost.exe,,C:\Windows\System32\svchost.exe,1496,,0,0,0,0,0.21875,0.8125,525,0,11.20703125,3.484375,benign
0.206208280855297,8,0.0,306,,taskhostw.exe,,C:\Windows\System32\taskhostw.exe,1508,,29,121,2087646,3276800,0.34375,0.515625,937,0,16.890625,5.8046875,benign
0.1079207538333804,5,0.0,443,,svchost.exe,,C:\Windows\System32\svchost.exe,1524,,34,0,714,0,0.34375,0.125,176,0,8.83984375,2.89453125,benign
0.1700598356914868,6,0.0,238,,svchost.exe,,C:\Windows\System32\svchost.exe,1556,,1,432,49756,3780102,0.890625,16.078125,5399,0,13.9296875,2.87890625,benign
0.0697216712790111,3,0.0,227,,svchost.exe,,C:\Windows\System32\svchost.exe,1580,,0,0,0,0,0.0,0.1875,1090,0,5.7109375,1.25,benign
0.5267753631654974,10,0.0,533,,ShellExperienceHost.exe,,C:\Windows\SystemApps\ShellExperienceHost_cw5n1h2txyewy\ShellExperienceHost.exe,1648,,4,0,13882,0,0.390625,0.28125,6562,0,43.1484375,14.421875,benign
0.1212260522511944,5,0.0,370,,svchost.exe,,C:\Windows\System32\svchost.exe,1712,,1,1,116,160,0.078125,0.09375,225,0,9.9296875,3.48046875,benign
0.1405401951157632,58,0.0,0,,MemCompression,,MemCompression,1732,,0,0,0,0,0.0,0.953125,5290,0,11.51171875,0.08984375,benign
0.0983829055051983,3,0.0,172,,svchost.exe,,C:\Windows\System32\svchost.exe,1756,,360,0,7240,0,0.078125,0.09375,312,0,8.05859375,1.80859375,benign
0.0952831047985391,2,0.0,173,,svchost.exe,,C:\Windows\System32\svchost.exe,1804,,0,0,0,0,0.078125,0.15625,210,0,7.8046875,1.65625,benign
0.1088268494245577,7,0.0,204,,svchost.exe,,C:\Windows\System32\svchost.exe,1812,,0,0,0,0,0.140625,0.109375,721,0,8.9140625,2.09765625,benign
0.1296670480216356,4,0.0,194,,audiodg.exe,"['C:\\Windows\\system32\\AUDIODG.EXE', '0x2ec']",C:\Windows\System32\audiodg.exe,1868,32.0,0,0,0,0,0.234375,10.6875,72,0,10.62109375,6.34765625,benign
0.1077776861084577,6,0.0,361,,svchost.exe,,C:\Windows\System32\svchost.exe,1916,,0,0,0,0,0.078125,0.09375,92,0,8.828125,2.390625,benign
0.1681522660258504,9,0.0,367,,svchost.exe,,C:\Windows\System32\svchost.exe,1944,,0,0,0,0,0.59375,0.3125,1122,0,13.7734375,3.09375,benign
0.1681045767842095,6,0.0,238,,svchost.exe,,C:\Windows\System32\svchost.exe,2076,,0,0,0,0,0.0625,0.109375,1223,0,13.76953125,2.53125,benign
0.2160322646333245,8,0.0,420,,SearchProtocolHost.exe,,C:\Windows\System32\SearchProtocolHost.exe,2132,,100,2,528037,248,1.015625,0.953125,10123,0,17.6953125,3.71875,benign
0.2993453697799952,6,0.0,222,,svchost.exe,,C:\Windows\System32\svchost.exe,2152,,42863,1112,174008408,2302952,17.125,5.921875,19712,0,24.51953125,15.8671875,benign
0.1704413496246141,8,0.0,252,,dllhost.exe,,C:\Windows\System32\dllhost.exe,2240,,87,202,6086828,5087232,0.0625,0.078125,978,0,13.9609375,5.65234375,benign
0.2352510290146115,7,0.0,476,,spoolsv.exe,,C:\Windows\System32\spoolsv.exe,2260,,181,454,87964,63984,0.15625,0.375,562,0,19.26953125,5.82421875,benign
0.0881297185524026,5,0.0,174,,svchost.exe,,C:\Windows\System32\svchost.exe,2268,,0,0,0,0,0.078125,0.1875,844,0,7.21875,1.828125,benign
0.1504118681354317,2,0.0,275,,svchost.exe,,C:\Windows\System32\svchost.exe,2284,,0,2,0,376,0.25,0.09375,93,0,12.3203125,2.48046875,benign
0.212026368335488,12,0.0,396,,svchost.exe,,C:\Windows\System32\svchost.exe,2316,,1,2,116,32928,0.640625,1.5,1750,0,17.3671875,8.3671875,benign
1.4735021882208528,51,0.0,2142,,explorer.exe,,C:\Windows\explorer.exe,2380,,1342,31,1014775,230716,4.703125,5.6875,72860,0,120.6953125,56.0,benign
0.099098244129812,6,0.0,189,,svchost.exe,,C:\Windows\System32\svchost.exe,2392,,1870,1700,87892,165820,0.140625,0.28125,3342,0,8.1171875,2.0546875,benign
0.0893696388350662,5,0.0,129,,vm3dservice.exe,,C:\Windows\System32\vm3dservice.exe,2448,,1,0,4333,0,0.0,0.0,1547,0,7.3203125,1.71875,benign
0.1022457340781121,6,0.0,202,,svchost.exe,,C:\Windows\System32\svchost.exe,2468,,0,0,0,0,0.015625,0.046875,140,0,8.375,1.890625,benign
0.3438871214726056,12,0.0,545,"[popenfile(path='C:\\Windows\\Registration\\R000000000006.clb', fd=-1), popenfile(path='C:\\Windows\\System32\\en-US\\KernelBase.dll.mui', fd=-1)]",sihost.exe,['sihost.exe'],C:\Windows\System32\sihost.exe,2580,32.0,71,0,300518,0,0.546875,0.65625,3185,0,28.16796875,5.75,benign
0.4207144897561125,13,0.0,471,,OneDrive.exe,,C:\Users\sctest1\AppData\Local\Microsoft\OneDrive\OneDrive.exe,2692,,32,789,24740,161609,0.75,1.296875,837,0,34.4609375,8.6796875,benign
0.1198430642436081,5,0.0,193,,svchost.exe,,C:\Windows\System32\svchost.exe,2708,,38,0,540672,0,0.09375,0.0625,216,0,9.81640625,2.4921875,benign
0.3341585161778599,14,0.0,468,,svchost.exe,,C:\Windows\System32\svchost.exe,2720,,79,73,1859131,127926,1.359375,1.1875,3879,0,27.37109375,12.26171875,benign
0.2521807097971347,15,0.0,354,,svchost.exe,,C:\Windows\System32\svchost.exe,2736,,211,123,46046016,1128022,0.78125,0.453125,8991,0,20.65625,15.2578125,benign
0.2542790364293348,17,0.0,403,,svchost.exe,,C:\Windows\System32\svchost.exe,2776,,9979,6456,81467028,54012692,6.109375,2.671875,11898,0,20.828125,11.0390625,benign
0.1116882039230124,6,0.0,213,,svchost.exe,,C:\Windows\System32\svchost.exe,2848,,795,542,53604,114540,0.046875,0.15625,2334,0,9.1484375,2.3515625,benign
0.067098762988761,3,0.0,128,,svchost.exe,,C:\Windows\System32\svchost.exe,2868,,1,0,512,0,0.0,0.03125,114,0,5.49609375,1.2265625,benign
0.2097849739783653,12,0.0,310,,vmtoolsd.exe,,C:\Program Files\VMware\VMware Tools\vmtoolsd.exe,2884,,787,403,12816,85886,0.1875,0.328125,36101,0,17.18359375,6.0390625,benign
0.0770658144917113,3,0.0,123,,vm3dservice.exe,,C:\Windows\System32\vm3dservice.exe,2892,,0,0,0,0,0.0,0.046875,2793,0,6.3125,1.53515625,benign
0.1299054942298402,2,0.0,167,,VGAuthService.exe,,C:\Program Files\VMware\VMware Tools\VMware VGAuth\VGAuthService.exe,2900,,30,22,32424,2280,0.046875,0.09375,347,0,10.640625,2.45703125,benign
1.7698908250191114,25,0.0,648,,MsMpEng.exe,,C:\Program Files\Windows Defender\MsMpEng.exe,2908,,1837,3627,163111519,7498000,39.390625,12.234375,176134,0,144.97265625,143.19921875,benign
0.1505549358603544,1,0.0,152,,svchost.exe,,C:\Windows\System32\svchost.exe,2920,,0,0,0,0,0.09375,0.015625,45,0,12.33203125,1.84375,benign
0.2237102325375111,4,0.0,372,,svchost.exe,,C:\Windows\System32\svchost.exe,2928,,0,2,0,184320,0.390625,0.5,70,0,18.32421875,3.171875,benign
0.0660972889143019,4,0.0,106,,svchost.exe,,C:\Windows\System32\svchost.exe,2940,,0,0,0,0,0.0,0.03125,70,0,5.4140625,1.3125,benign
0.128951709397022,5,0.0,369,,svchost.exe,,C:\Windows\System32\svchost.exe,3076,,1,1,116,160,0.15625,0.09375,294,0,10.5625,2.64453125,benign
0.0881297185524026,3,0.0,124,,svchost.exe,,C:\Windows\System32\svchost.exe,3112,,244,2,325437,1011,0.0,0.25,93,0,7.21875,1.6796875,benign
0.1249935023408264,9,0.0,230,,msdtc.exe,,C:\Windows\System32\msdtc.exe,3208,,1,9,116,5075104,0.015625,0.171875,8660,0,10.23828125,2.67578125,benign
0.212026368335488,13,0.0,353,,svchost.exe,,C:\Windows\System32\svchost.exe,3376,,21,6,2785280,49428,0.171875,0.109375,933,0,17.3671875,8.5,benign
0.088940435660298,4,0.0,129,,vm3dservice.exe,,C:\Windows\System32\vm3dservice.exe,3448,,1,0,4333,0,0.0625,0.0625,2074,0,7.28515625,1.67578125,benign
1.5674499942534466,71,0.0,2697,"[popenfile(path='C:\\Windows\\System32\\en-US\\dui70.dll.mui', fd=-1), popenfile(path='C:\\Users\\sctest12\\AppData\\Local\\Microsoft\\Windows\\Explorer\\iconcache_sr.db', fd=-1), popenfile(path='C:\\Program Files\\Windows Defender\\en-US\\shellext.dll.mui', fd=-1), popenfile(path='C:\\Windows\\Fonts\\segoeui.ttf', fd=-1), popenfile(path='C:\\Windows\\System32\\en-US\\InputSwitch.dll.mui', fd=-1), popenfile(path='C:\\Windows\\System32\\en-US\\pnidui.dll.mui', fd=-1), popenfile(path='C:\\Windows\\System32\\en-US\\crypt32.dll.mui', fd=-1), popenfile(path='C:\\Windows\\System32\\en-US\\hcproviders.dll.mui', fd=-1), popenfile(path='C:\\Windows\\System32\\en-US\\mpr.dll.mui', fd=-1), popenfile(path='C:\\Users\\sctest12\\AppData\\Local\\Microsoft\\Windows\\Explorer\\iconcache_wide.db', fd=-1), popenfile(path='C:\\Windows\\System32\\en-US\\ActionCenter.dll.mui', fd=-1), popenfile(path='C:\\Users\\sctest12\\AppData\\Local\\Microsoft\\Windows\\Explorer\\thumbcache_1280.db', fd=-1), popenfile(path='C:\\Users\\sctest12\\AppData\\Local\\Microsoft\\Windows\\Explorer\\iconcache_32.db', fd=-1), popenfile(path='C:\\Users\\sctest12\\AppData\\Local\\Microsoft\\Windows\\Explorer\\iconcache_96.db', fd=-1), popenfile(path='C:\\Windows\\System32\\en-US\\stobject.dll.mui', fd=-1), popenfile(path='C:\\Windows\\SystemResources\\shell32.dll.mun', fd=-1), popenfile(path='C:\\Windows\\System32\\en-US\\bthprops.cpl.mui', fd=-1), popenfile(path='C:\\Windows\\SystemResources\\SndVolSSO.dll.mun', fd=-1), popenfile(path='C:\\Windows\\System32\\en-US\\twinui.pcshell.dll.mui', fd=-1), popenfile(path='C:\\Windows\\System32\\en-US\\themeui.dll.mui', fd=-1), popenfile(path='C:\\Users\\sctest12\\AppData\\Local\\Microsoft\\GameDVR\\KnownGameList.bin', fd=-1), popenfile(path='C:\\Users\\sctest12\\AppData\\Local\\Microsoft\\Windows\\Explorer\\thumbcache_sr.db', fd=-1), popenfile(path='C:\\Windows\\SystemResources\\imageres.dll.mun', fd=-1), popenfile(path='C:\\Users\\sctest12\\AppData\\Local\\Microsoft\\Windows\\Explorer\\thumbcache_96.db', fd=-1), popenfile(path='C:\\Users\\sctest12\\AppData\\Local\\Microsoft\\Windows\\Explorer\\iconcache_768.db', fd=-1), popenfile(path='C:\\Users\\sctest12\\AppData\\Local\\Microsoft\\Windows\\Explorer\\thumbcache_16.db', fd=-1), popenfile(path='C:\\Users\\sctest12\\AppData\\Local\\Microsoft\\Windows\\Explorer\\thumbcache_2560.db', fd=-1), popenfile(path='C:\\Users\\sctest12\\AppData\\Local\\Microsoft\\Windows\\Explorer\\iconcache_idx.db', fd=-1), popenfile(path='C:\\Users\\sctest12\\AppData\\Local\\Microsoft\\Windows\\Explorer\\iconcache_48.db', fd=-1), popenfile(path='C:\\Users\\sctest12\\AppData\\Local\\Microsoft\\Windows\\Explorer\\thumbcache_wide.db', fd=-1), popenfile(path='C:\\Windows\\System32\\en-US\\propsys.dll.mui', fd=-1), popenfile(path='C:\\Windows\\System32\\en-US\\shell32.dll.mui', fd=-1), popenfile(path='C:\\Windows\\SystemResources\\stobject.dll.mun', fd=-1), popenfile(path='C:\\Windows\\System32\\en-US\\NetworkExplorer.dll.mui', fd=-1), popenfile(path='C:\\Users\\sctest12\\AppData\\Local\\Microsoft\\Windows\\Explorer\\thumbcache_48.db', fd=-1), popenfile(path='C:\\Windows\\System32\\en-US\\ntshrui.dll.mui', fd=-1), popenfile(path='C:\\Windows\\System32\\en-US\\wscui.cpl.mui', fd=-1), popenfile(path='C:\\Users\\sctest12\\AppData\\Local\\Microsoft\\Windows\\Explorer\\thumbcache_exif.db', fd=-1), popenfile(path='C:\\Windows\\System32\\en-US\\twext.dll.mui', fd=-1), popenfile(path='C:\\Users\\sctest12\\AppData\\Local\\Microsoft\\Windows\\Explorer\\thumbcache_256.db', fd=-1), popenfile(path='C:\\Users\\sctest12\\AppData\\Local\\Microsoft\\Windows\\Explorer\\iconcache_2560.db', fd=-1), popenfile(path='C:\\Windows\\System32\\en-US\\windows.storage.dll.mui', fd=-1), popenfile(path='C:\\Users\\sctest12\\AppData\\Local\\Microsoft\\Windows\\Explorer\\iconcache_1280.db', fd=-1), popenfile(path='C:\\Users\\sctest12\\AppData\\Local\\Microsoft\\Windows\\Explorer\\iconcache_custom_stream.db', fd=-1), popenfile(path='C:\\Windows\\System32\\en-US\\combase.dll.mui', fd=-1), popenfile(path='C:\\Windows\\System32\\en-US\\ApplicationFrame.dll.mui', fd=-1), popenfile(path='C:\\Users\\sctest12\\AppData\\Local\\Microsoft\\Windows\\Explorer\\thumbcache_idx.db', fd=-1), popenfile(path='C:\\Windows\\System32\\en-US\\dsreg.dll.mui', fd=-1), popenfile(path='C:\\Windows\\System32\\en-US\\UIRibbon.dll.mui', fd=-1), popenfile(path='C:\\Windows\\Fonts\\StaticCache.dat', fd=-1), popenfile(path='C:\\Users\\sctest12\\AppData\\Local\\Microsoft\\Windows\\Explorer\\iconcache_256.db', fd=-1), popenfile(path='C:\\Users\\sctest12\\AppData\\Local\\Microsoft\\Windows\\Explorer\\thumbcache_custom_stream.db', fd=-1), popenfile(path='C:\\Users\\sctest12\\AppData\\Local\\Microsoft\\Windows\\Explorer\\iconcache_exif.db', fd=-1), popenfile(path='C:\\Windows\\System32\\en-US\\sndvolsso.dll.mui', fd=-1), popenfile(path='C:\\Windows\\Registration\\R000000000006.clb', fd=-1), popenfile(path='C:\\Windows\\System32\\en-US\\KernelBase.dll.mui', fd=-1), popenfile(path='C:\\Users\\sctest12\\AppData\\Local\\Microsoft\\Windows\\Explorer\\iconcache_wide_alternate.db', fd=-1), popenfile(path='C:\\Windows\\System32\\en-US\\explorerframe.dll.mui', fd=-1), popenfile(path='C:\\Windows\\System32\\en-US\\oleaccrc.dll.mui', fd=-1), popenfile(path='C:\\Users\\sctest12\\AppData\\Local\\Microsoft\\Windows\\Explorer\\thumbcache_32.db', fd=-1), popenfile(path='C:\\Windows\\System32\\en-US\\winnlsres.dll.mui', fd=-1), popenfile(path='C:\\Windows\\System32\\en-US\\imapi2.dll.mui', fd=-1), popenfile(path='C:\\Users\\sctest12\\AppData\\Local\\Microsoft\\Windows\\Explorer\\thumbcache_768.db', fd=-1), popenfile(path='C:\\Users\\sctest12\\AppData\\Local\\Microsoft\\Windows\\Explorer\\thumbcache_wide_alternate.db', fd=-1), popenfile(path='C:\\Users\\sctest12\\AppData\\Local\\Microsoft\\Windows\\Explorer\\iconcache_16.db', fd=-1), popenfile(path='C:\\Windows\\SystemResources\\ExplorerFrame.dll.mun', fd=-1), popenfile(path='C:\\Users\\sctest12\\AppData\\Local\\Microsoft\\Windows\\Explorer\\thumbcache_1920.db', fd=-1), popenfile(path='C:\\Users\\sctest12\\AppData\\Local\\Microsoft\\Windows\\Explorer\\iconcache_1920.db', fd=-1), popenfile(path='C:\\Windows\\en-US\\explorer.exe.mui', fd=-1)]",explorer.exe,['C:\\Windows\\Explorer.EXE'],C:\Windows\explorer.exe,3476,32.0,2103,386,8895299,1754911,8.234375,9.828125,104251,0,128.390625,63.20703125,benign
0.0105870116442821,3,0.0,211,,MicrosoftEdgeUpdate.exe,,C:\Program Files (x86)\Microsoft\EdgeUpdate\MicrosoftEdgeUpdate.exe,3488,,0,22,0,1700,0.078125,0.03125,945,0,0.8671875,1.83984375,benign
0.2630061676496214,4,0.0,322,,svchost.exe,,C:\Windows\System32\svchost.exe,3620,,0,0,0,0,1.015625,0.59375,94,0,21.54296875,3.61328125,benign
0.2133139778597926,13,0.0,462,,csrss.exe,,C:\Windows\System32\csrss.exe,3700,,7907,0,802767,0,0.140625,0.828125,42888,0,17.47265625,3.48828125,benign
0.0973337421890983,3,0.0,180,,svchost.exe,,C:\Windows\System32\svchost.exe,3768,,297,0,6066,0,0.0625,0.0625,189,0,7.97265625,1.73046875,benign
0.168343022992414,10,0.0,268,,dllhost.exe,,C:\Windows\System32\dllhost.exe,3836,,4281,7,2094377,3745,0.171875,0.140625,7489,0,13.7890625,3.8203125,benign
1.006099930898289,38,0.0,963,,SkypeApp.exe,,C:\Program Files\WindowsApps\Microsoft.SkypeApp_14.53.77.0_x64__kzf8qxf38zg5c\SkypeApp.exe,3852,,13,58,28563724,28487787,22.75,4.828125,7585,0,82.41015625,112.4921875,benign
0.075110555584434,3,0.0,95,[],generate_data.exe,"['.\\generate_data.exe', '[7488, 4120]']",C:\Users\Public\Downloads\generate_data.exe,3972,32.0,6963,35139,53051584,143178226,0.984375,1.765625,1602,0,6.15234375,1.2890625,benign
0.1680091983009277,1,0.0,223,,RuntimeBroker.exe,,C:\Windows\System32\RuntimeBroker.exe,4216,,165,0,30497,0,0.03125,0.078125,43,0,13.76171875,2.2734375,benign
0.0747767308929476,2,0.0,106,,svchost.exe,,C:\Windows\System32\svchost.exe,4252,,0,0,0,0,0.03125,0.0,56,0,6.125,1.234375,benign
0.2217549736302338,9,0.0,308,"[popenfile(path='C:\\Windows\\Registration\\R000000000006.clb', fd=-1), popenfile(path='C:\\Windows\\System32\\en-US\\KernelBase.dll.mui', fd=-1), popenfile(path='C:\\Windows\\System32\\en-US\\crypt32.dll.mui', fd=-1), popenfile(path='C:\\Users\\sctest12\\AppData\\Local\\ConnectedDevicesPlatform\\L.sctest12\\ActivitiesCache.db-shm', fd=-1), popenfile(path='C:\\Users\\sctest12\\AppData\\Local\\ConnectedDevicesPlatform\\L.sctest12\\ActivitiesCache.db-wal', fd=-1), popenfile(path='C:\\Windows\\System32\\en-US\\svchost.exe.mui', fd=-1), popenfile(path='C:\\Users\\sctest12\\AppData\\Local\\ConnectedDevicesPlatform\\L.sctest12\\ActivitiesCache.db', fd=-1)]",svchost.exe,"['C:\\Windows\\system32\\svchost.exe', '-k', 'UnistackSvcGroup', '-s', 'CDPUserSvc']",C:\Windows\System32\svchost.exe,4392,32.0,15,535,17205,1064395,0.109375,0.171875,864,0,18.1640625,4.5859375,benign
0.3111246124653001,4,0.0,317,"[popenfile(path='C:\\Windows\\Registration\\R000000000006.clb', fd=-1), popenfile(path='C:\\Users\\sctest12\\AppData\\Local\\Microsoft\\Windows\\Notifications\\wpndatabase.db', fd=-1), popenfile(path='C:\\Windows\\System32\\en-US\\KernelBase.dll.mui', fd=-1), popenfile(path='C:\\Users\\sctest12\\AppData\\Local\\Microsoft\\Windows\\Notifications\\WPNPRMRY.tmp', fd=-1), popenfile(path='C:\\Windows\\System32\\en-US\\svchost.exe.mui', fd=-1), popenfile(path='C:\\Users\\sctest12\\AppData\\Local\\Microsoft\\Windows\\Notifications\\wpndatabase.db-wal', fd=-1), popenfile(path='C:\\Users\\sctest12\\AppData\\Local\\Microsoft\\Windows\\Notifications\\wpndatabase.db-shm', fd=-1)]",svchost.exe,"['C:\\Windows\\system32\\svchost.exe', '-k', 'UnistackSvcGroup', '-s', 'WpnUserService']",C:\Windows\System32\svchost.exe,4416,32.0,61,3174,246276,6644804,0.296875,0.15625,959,0,25.484375,5.296875,benign
0.2719717450781126,3,0.0,252,,RuntimeBroker.exe,,C:\Windows\System32\RuntimeBroker.exe,4444,,1,0,7611,0,0.15625,0.171875,167,0,22.27734375,5.1796875,benign
0.3267189944818778,5,0.0,353,,RuntimeBroker.exe,,C:\Windows\System32\RuntimeBroker.exe,4452,,16,1,19434,160,0.125,0.1875,1196,0,26.76171875,4.4140625,benign
0.4222405454886215,7,0.0,446,,vmtoolsd.exe,,C:\Program Files\VMware\VMware Tools\vmtoolsd.exe,4500,,1207,87,3701797,7442,2.921875,1.484375,14162,0,34.5859375,15.91796875,benign
0.1970996357018831,8,0.0,305,"[popenfile(path='C:\\Windows\\Registration\\R000000000006.clb', fd=-1), popenfile(path='C:\\Windows\\System32\\en-US\\MMDevAPI.dll.mui', fd=-1), popenfile(path='C:\\Windows\\System32\\en-US\\ESENT.dll.mui', fd=-1), popenfile(path='C:\\Windows\\System32\\en-US\\wdmaud.drv.mui', fd=-1), popenfile(path='C:\\Windows\\System32\\en-US\\taskhostw.exe.mui', fd=-1), popenfile(path='C:\\Users\\sctest12\\AppData\\Local\\Microsoft\\Windows\\WebCache\\V01tmp.log', fd=-1), popenfile(path='C:\\Windows\\System32\\en-US\\MsCtfMonitor.dll.mui', fd=-1), popenfile(path='C:\\Windows\\System32\\en-US\\winmm.dll.mui', fd=-1), popenfile(path='C:\\Users\\sctest12\\AppData\\Local\\Microsoft\\Windows\\WebCache\\WebCacheV01.dat', fd=-1), popenfile(path='C:\\Users\\sctest12\\AppData\\Local\\Microsoft\\Windows\\WebCacheLock.dat', fd=-1), popenfile(path='C:\\Users\\sctest12\\AppData\\Local\\Microsoft\\Windows\\WebCache\\V01.log', fd=-1), popenfile(path='C:\\Users\\sctest12\\AppData\\Local\\Microsoft\\Windows\\WebCache\\WebCacheV01.jfm', fd=-1)]",taskhostw.exe,"['taskhostw.exe', '{222A245B-E637-4AE9-A93F-A59CA119A75E}']",C:\Windows\System32\taskhostw.exe,4584,32.0,6,187,743301,5551373,0.625,0.21875,1177,0,16.14453125,5.203125,benign
0.8224963505807835,14,0.0,637,,StartMenuExperienceHost.exe,,C:\Windows\SystemApps\Microsoft.Windows.StartMenuExperienceHost_cw5n1h2txyewy\StartMenuExperienceHost.exe,4592,,45,0,151244,0,1.171875,0.59375,4476,0,67.37109375,19.41796875,benign
0.0560348589280698,4,0.0,144,,SkypeBackgroundHost.exe,,C:\Program Files\WindowsApps\Microsoft.SkypeApp_14.53.77.0_x64__kzf8qxf38zg5c\SkypeBackgroundHost.exe,4604,,0,0,0,0,0.046875,0.015625,117,0,4.58984375,1.79296875,benign
0.4707405042374275,11,0.0,510,,TextInputHost.exe,,C:\Windows\SystemApps\MicrosoftWindows.Client.CBS_cw5n1h2txyewy\TextInputHost.exe,4612,,3,0,31201,0,0.21875,0.15625,10431,0,38.55859375,12.47265625,benign
0.1049163316100031,4,0.0,181,,NisSrv.exe,,C:\Program Files\Windows Defender\NisSrv.exe,4716,,0,0,0,0,0.0625,0.109375,255,0,8.59375,3.70703125,benign
0.1639079235198094,5,0.0,307,,svchost.exe,,C:\Windows\System32\svchost.exe,4800,,3,0,38085,0,0.125,0.078125,432,0,13.42578125,3.35546875,benign
0.0781626670494523,2,0.0,147,,svchost.exe,,C:\Windows\System32\svchost.exe,4840,,0,0,0,0,0.015625,0.078125,62,0,6.40234375,1.56640625,benign
0.1175539806448443,6,0.0,228,,svchost.exe,,C:\Windows\System32\svchost.exe,4864,,1,0,63940,0,0.15625,0.09375,246,0,9.62890625,4.140625,benign
0.081500913964316,7,0.0,105,,SgrmBroker.exe,,C:\Windows\System32\SgrmBroker.exe,5032,,2,0,80480,0,0.109375,0.046875,3459,0,6.67578125,3.89453125,benign
0.1680568875425686,4,0.0,280,"[popenfile(path='C:\\Windows\\Registration\\R000000000006.clb', fd=-1), popenfile(path='C:\\Windows\\System32\\en-US\\svchost.exe.mui', fd=-1)]",svchost.exe,"['C:\\Windows\\system32\\svchost.exe', '-k', 'UnistackSvcGroup']",C:\Windows\System32\svchost.exe,5040,32.0,1,0,5087,0,0.0,0.0625,55,0,13.765625,3.046875,benign
0.1792161700865416,5,0.0,176,,svchost.exe,,C:\Windows\System32\svchost.exe,5044,,0,0,0,0,0.15625,0.03125,166,0,14.6796875,2.58203125,benign
0.0491676081317787,3,0.0,151,,taskhostw.exe,,C:\Windows\System32\taskhostw.exe,5072,,0,0,0,0,0.046875,0.0,129,0,4.02734375,1.71875,benign
0.2188459298901383,6,0.0,249,,svchost.exe,,C:\Windows\System32\svchost.exe,5224,,0,0,0,0,0.03125,0.015625,1590,0,17.92578125,3.19140625,benign
0.1244689206827764,5,0.0,261,,winlogon.exe,,C:\Windows\System32\winlogon.exe,5296,,2,0,15454,0,0.03125,0.078125,526,0,10.1953125,2.4921875,benign
0.3043527401522908,3,0.0,273,,ApplicationFrameHost.exe,,C:\Windows\System32\ApplicationFrameHost.exe,5316,,8,0,3030,0,0.140625,0.125,131,0,24.9296875,4.34375,benign
0.0531735044296152,5,0.0,36,,fontdrvhost.exe,,C:\Windows\System32\fontdrvhost.exe,5364,,0,0,0,0,0.046875,0.03125,3297,0,4.35546875,1.39453125,benign
0.3061649313346454,5,0.0,507,,svchost.exe,,C:\Windows\System32\svchost.exe,5432,,9,124,3166208,14643204,0.390625,0.171875,276,0,25.078125,7.546875,benign
0.4135611035099759,3,0.0,420,,svchost.exe,,C:\Windows\System32\svchost.exe,5504,,91,332,367695,682883,0.4375,0.3125,651,0,33.875,7.51171875,benign
0.123038243433549,8,0.0,223,,svchost.exe,,C:\Windows\System32\svchost.exe,5652,,2,2,232,320,0.0625,0.09375,168,0,10.078125,2.48828125,benign
0.1244212314411355,3,0.0,277,,winlogon.exe,,C:\Windows\System32\winlogon.exe,5708,,1,0,9728,0,0.0625,0.109375,505,0,10.19140625,2.29296875,benign
0.1446891591385224,2,0.0,232,,svchost.exe,,C:\Windows\System32\svchost.exe,5724,,0,0,0,0,0.109375,0.015625,92,0,11.8515625,2.375,benign
0.3029220629030635,17,0.0,802,,SearchIndexer.exe,,C:\Windows\System32\SearchIndexer.exe,5756,,2108,2633,3008370,18731914,5.125,1.6875,22545,0,24.8125,26.1796875,benign
0.2454565267257663,11,0.0,430,,ctfmon.exe,['ctfmon.exe'],C:\Windows\System32\ctfmon.exe,5764,128.0,0,0,0,0,0.265625,0.59375,8644,0,20.10546875,3.84375,benign
0.7048469914526573,15,0.0,973,,dwm.exe,,C:\Windows\System32\dwm.exe,5860,,2,0,72092,0,1.359375,0.984375,29451,0,57.734375,35.80859375,benign
0.3570970414071378,4,0.0,445,,RuntimeBroker.exe,,C:\Windows\System32\RuntimeBroker.exe,5868,,271,2,58067,248,0.25,0.625,413,0,29.25,7.8203125,benign
0.1040102360188258,6,0.0,173,,svchost.exe,,C:\Windows\System32\svchost.exe,5880,,0,1,0,4096,0.078125,0.0,77,0,8.51953125,1.9921875,benign
1.6275384387209937,24,0.0,970,,SearchApp.exe,,C:\Windows\SystemApps\Microsoft.Windows.Search_cw5n1h2txyewy\SearchApp.exe,5908,,2200,335,11360356,4137458,1.734375,1.125,16495,0,133.3125,77.9921875,benign
0.3167996322205684,9,0.0,367,,smartscreen.exe,,C:\Windows\System32\smartscreen.exe,6028,,3,2,11654,320,0.125,0.125,316,0,25.94921875,11.71484375,benign
0.1530347764256818,1,0.0,227,,svchost.exe,,C:\Windows\System32\svchost.exe,6188,,9,0,2600,0,0.359375,2.21875,32,0,12.53515625,2.8359375,benign
0.0682433047881429,9,0.0,331,,csrss.exe,,C:\Windows\System32\csrss.exe,6252,,4759,0,379302,0,0.03125,0.84375,20873,0,5.58984375,1.62109375,benign
0.3616275193630243,7,0.0,342,,LogonUI.exe,,C:\Windows\System32\LogonUI.exe,6424,,1,0,26845,0,0.0625,0.09375,425,0,29.62109375,11.91796875,benign
0.224854774336893,13,0.0,398,,svchost.exe,,C:\Windows\System32\svchost.exe,6456,,86,15,2796310,74116,0.203125,0.09375,643,0,18.41796875,8.68359375,benign
0.088415854002248,6,0.0,210,,svchost.exe,,C:\Windows\System32\svchost.exe,6492,,1,0,4014,0,0.046875,0.0,78,0,7.2421875,1.8359375,benign
0.7939304948378781,15,0.0,966,,dwm.exe,,C:\Windows\System32\dwm.exe,6716,,3,0,87546,0,0.859375,0.6875,39554,0,65.03125,40.26171875,benign
0.2304821048505204,12,0.0,499,,SecurityHealthService.exe,,C:\Windows\System32\SecurityHealthService.exe,6832,,0,1,0,4096,0.5,0.234375,5192,0,18.87890625,4.31640625,benign
2.186408661510824,36,0.0,1174,"[popenfile(path='C:\\Windows\\SystemResources\\edgehtml.dll.mun', fd=-1), popenfile(path='C:\\Windows\\System32\\en-US\\windows.storage.dll.mui', fd=-1), popenfile(path='C:\\Windows\\System32\\en-US\\KernelBase.dll.mui', fd=-1), popenfile(path='C:\\Windows\\System32\\WinMetadata\\Windows.Foundation.winmd', fd=-1), popenfile(path='C:\\Windows\\SystemApps\\Microsoft.Windows.Search_cw5n1h2txyewy\\Cortana.Internal.Search.winmd', fd=-1), popenfile(path='C:\\Windows\\Fonts\\segoeui.ttf', fd=-1), popenfile(path='C:\\Windows\\Fonts\\seguisb.ttf', fd=-1), popenfile(path='C:\\Windows\\System32\\WinMetadata\\Windows.ApplicationModel.winmd', fd=-1), popenfile(path='C:\\Windows\\System32\\WinMetadata\\Windows.UI.winmd', fd=-1), popenfile(path='C:\\Windows\\System32\\en-US\\shell32.dll.mui', fd=-1), popenfile(path='C:\\Windows\\System32\\WinMetadata\\Windows.Storage.winmd', fd=-1), popenfile(path='C:\\Windows\\System32\\WinMetadata\\Windows.Security.winmd', fd=-1), popenfile(path='C:\\Windows\\SystemApps\\Microsoft.Windows.Search_cw5n1h2txyewy\\Cortana.Search.winmd', fd=-1), popenfile(path='C:\\Windows\\System32\\WinMetadata\\Windows.System.winmd', fd=-1), popenfile(path='C:\\Windows\\Fonts\\simsun.ttc', fd=-1), popenfile(path='C:\\Windows\\System32\\en-US\\edgehtml.dll.mui', fd=-1)]",SearchApp.exe,"['C:\\Windows\\SystemApps\\Microsoft.Windows.Search_cw5n1h2txyewy\\SearchApp.exe', '-ServerName:CortanaUI.AppX8z9r6jm96hw4bsbneegw0kyxx296wr9t.mca']",C:\Windows\SystemApps\Microsoft.Windows.Search_cw5n1h2txyewy\SearchApp.exe,7200,32.0,5918,1350,29163734,20075075,6.875,2.015625,17257,0,179.08984375,112.26953125,benign
0.167293859676314,4,0.0,232,"[popenfile(path='C:\\Windows\\Registration\\R000000000006.clb', fd=-1), popenfile(path='C:\\Windows\\System32\\en-US\\propsys.dll.mui', fd=-1), popenfile(path='C:\\Windows\\System32\\en-US\\shell32.dll.mui', fd=-1)]",RuntimeBroker.exe,"['C:\\Windows\\System32\\RuntimeBroker.exe', '-Embedding']",C:\Windows\System32\RuntimeBroker.exe,7224,32.0,269,0,45182,0,0.0625,0.21875,104,0,13.703125,2.48828125,benign
0.4697390301629685,12,0.0,522,"[popenfile(path='C:\\Windows\\System32\\en-US\\KernelBase.dll.mui', fd=-1), popenfile(path='C:\\Windows\\System32\\WinMetadata\\Windows.UI.winmd', fd=-1), popenfile(path='C:\\Windows\\Fonts\\segoeui.ttf', fd=-1)]",TextInputHost.exe,"['C:\\Windows\\SystemApps\\MicrosoftWindows.Client.CBS_cw5n1h2txyewy\\TextInputHost.exe', '-ServerName:InputApp.AppXjd5de1g66v206tj52m9d0dtpppx4cgpn.mca']",C:\Windows\SystemApps\MicrosoftWindows.Client.CBS_cw5n1h2txyewy\TextInputHost.exe,7380,32.0,2,0,27105,0,0.265625,0.109375,3567,0,38.4765625,12.4296875,benign
0.320233257618714,4,0.0,343,"[popenfile(path='C:\\Windows\\Registration\\R000000000006.clb', fd=-1), popenfile(path='C:\\Windows\\System32\\en-US\\windows.storage.dll.mui', fd=-1), popenfile(path='C:\\Windows\\System32\\en-US\\KernelBase.dll.mui', fd=-1), popenfile(path='C:\\Windows\\System32\\en-US\\combase.dll.mui', fd=-1), popenfile(path='C:\\Windows\\System32\\en-US\\propsys.dll.mui', fd=-1)]",RuntimeBroker.exe,"['C:\\Windows\\System32\\RuntimeBroker.exe', '-Embedding']",C:\Windows\System32\RuntimeBroker.exe,7764,32.0,44,10,88966,17508,0.25,0.25,1373,0,26.23046875,4.46484375,benign
0.2351079612896887,4,0.0,272,"[popenfile(path='C:\\Windows\\Registration\\R000000000006.clb', fd=-1), popenfile(path='C:\\Windows\\System32\\en-US\\Conhost.exe.mui', fd=-1), popenfile(path='C:\\Windows\\System32\\en-US\\user32.dll.mui', fd=-1), popenfile(path='C:\\Windows\\System32\\en-US\\propsys.dll.mui', fd=-1), popenfile(path='C:\\Windows\\Fonts\\StaticCache.dat', fd=-1)]",conhost.exe,"['\\??\\C:\\Windows\\system32\\conhost.exe', '0x4']",C:\Windows\System32\conhost.exe,7828,32.0,17,0,7350,0,0.15625,0.28125,20877,0,19.2578125,8.35546875,benign
0.8347047964408565,9,0.0,615,"[popenfile(path='C:\\Windows\\System32\\en-US\\Windows.Globalization.dll.mui', fd=-1), popenfile(path='C:\\Windows\\System32\\en-US\\windows.storage.dll.mui', fd=-1), popenfile(path='C:\\Windows\\System32\\en-US\\KernelBase.dll.mui', fd=-1), popenfile(path='C:\\Windows\\Fonts\\segoeui.ttf', fd=-1), popenfile(path='C:\\Users\\sctest12\\AppData\\Local\\Packages\\Microsoft.Windows.StartMenuExperienceHost_cw5n1h2txyewy\\TempState\\TileCache_100_3_PNGEncoded_Header.bin', fd=-1), popenfile(path='C:\\Windows\\Fonts\\segmdl2.ttf', fd=-1), popenfile(path='C:\\Users\\sctest12\\AppData\\Local\\Packages\\Microsoft.Windows.StartMenuExperienceHost_cw5n1h2txyewy\\TempState\\TileCache_100_3_PNGEncoded_Data.bin', fd=-1), popenfile(path='C:\\Windows\\System32\\en-US\\windows.ui.xaml.dll.mui', fd=-1), popenfile(path='C:\\Windows\\SystemResources\\Windows.UI.ShellCommon\\StartUI\\Assets\\Fonts\\BitMDL2.ttf', fd=-1), popenfile(path='C:\\Windows\\Fonts\\segoeuib.ttf', fd=-1)]",StartMenuExperienceHost.exe,"['C:\\Windows\\SystemApps\\Microsoft.Windows.StartMenuExperienceHost_cw5n1h2txyewy\\StartMenuExperienceHost.exe', '-ServerName:App.AppXywbrabmsek0gm3tkwpr5kwzbs55tkqay.mca']",C:\Windows\SystemApps\Microsoft.Windows.StartMenuExperienceHost_cw5n1h2txyewy\StartMenuExperienceHost.exe,7888,32.0,24,349,108136,78546,1.09375,0.5625,2660,0,68.37109375,23.6953125,benign
0.2190843760983428,6,0.0,248,"[popenfile(path='C:\\Windows\\Registration\\R000000000006.clb', fd=-1), popenfile(path='C:\\Windows\\System32\\en-US\\svchost.exe.mui', fd=-1)]",svchost.exe,"['C:\\Windows\\system32\\svchost.exe', '-k', 'ClipboardSvcGroup', '-p', '-s', 'cbdhsvc']",C:\Windows\System32\svchost.exe,8028,32.0,0,0,0,0,0.015625,0.03125,1219,0,17.9453125,3.19140625,benign
0.0657157749811746,1,0.0,86,"[popenfile(path='C:\\Windows\\System32\\en-US\\cmd.exe.mui', fd=-1)]",cmd.exe,['C:\\Windows\\system32\\cmd.exe'],C:\Windows\System32\cmd.exe,8052,32.0,0,0,0,0,0.015625,0.03125,375,0,5.3828125,2.90625,benign
0.1787392776701325,8,0.0,249,"[popenfile(path='C:\\Windows\\Registration\\R000000000006.clb', fd=-1), popenfile(path='C:\\Windows\\System32\\en-US\\ESENT.dll.mui', fd=-1), popenfile(path='C:\\Users\\sctest12\\AppData\\Local\\Packages\\Microsoft.Windows.Search_cw5n1h2txyewy\\AppData\\CacheStorage\\CacheStorage.edb', fd=-1), popenfile(path='C:\\Users\\sctest12\\AppData\\Local\\Microsoft\\Internet Explorer\\CacheStorage\\edb.log', fd=-1), popenfile(path='C:\\Users\\sctest12\\AppData\\Local\\Packages\\Microsoft.Windows.Search_cw5n1h2txyewy\\AppData\\Indexed DB\\IndexedDB.jfm', fd=-1), popenfile(path='C:\\Users\\sctest12\\AppData\\Local\\Packages\\Microsoft.Windows.Search_cw5n1h2txyewy\\AppData\\Indexed DB\\edb.log', fd=-1), popenfile(path='C:\\Users\\sctest12\\AppData\\Local\\Packages\\Microsoft.Windows.Search_cw5n1h2txyewy\\AppData\\CacheStorage\\CacheStorage.jfm', fd=-1), popenfile(path='C:\\Users\\sctest12\\AppData\\Local\\Packages\\Microsoft.Windows.Search_cw5n1h2txyewy\\AppData\\Indexed DB\\temp.edb', fd=-1), popenfile(path='C:\\Users\\sctest12\\AppData\\Local\\Microsoft\\Internet Explorer\\CacheStorage\\edbtmp.log', fd=-1), popenfile(path='C:\\Users\\sctest12\\AppData\\Local\\Packages\\Microsoft.Windows.Search_cw5n1h2txyewy\\AppData\\Indexed DB\\edbtmp.log', fd=-1), popenfile(path='C:\\Users\\sctest12\\AppData\\Local\\Packages\\Microsoft.Windows.Search_cw5n1h2txyewy\\AppData\\Indexed DB\\IndexedDB.edb', fd=-1)]",dllhost.exe,"['C:\\Windows\\system32\\DllHost.exe', '/Processid:{973D20D7-562D-44B9-B70B-5A0F49CCDF3F}']",C:\Windows\System32\dllhost.exe,8288,32.0,9,164,1065950,9707520,0.046875,0.0,782,0,14.640625,4.859375,benign
0.343124093606351,2,0.0,315,"[popenfile(path='C:\\Windows\\Registration\\R000000000006.clb', fd=-1), popenfile(path='C:\\Windows\\Fonts\\StaticCache.dat', fd=-1), popenfile(path='C:\\Windows\\System32\\en-US\\ApplicationFrame.dll.mui', fd=-1)]",ApplicationFrameHost.exe,"['C:\\Windows\\system32\\ApplicationFrameHost.exe', '-Embedding']",C:\Windows\System32\ApplicationFrameHost.exe,8504,32.0,10,0,18729,0,0.015625,0.0625,433,0,28.10546875,6.6796875,benign
0.5015477543374557,10,0.0,485,"[popenfile(path='C:\\Windows\\System32\\en-US\\KernelBase.dll.mui', fd=-1), popenfile(path='C:\\Windows\\System32\\WinMetadata\\Windows.ApplicationModel.winmd', fd=-1), popenfile(path='C:\\Windows\\Fonts\\segoeui.ttf', fd=-1), popenfile(path='C:\\Windows\\System32\\WinMetadata\\Windows.UI.Xaml.winmd', fd=-1), popenfile(path='C:\\Windows\\System32\\en-US\\Windows.Security.Authentication.Web.Core.dll.mui', fd=-1)]",WinStore.App.exe,"['C:\\Program Files\\WindowsApps\\Microsoft.WindowsStore_11910.1002.5.0_x64__8wekyb3d8bbwe\\WinStore.App.exe', '-ServerName:App.AppXc75wvwned5vhz4xyxxecvgdjhdkgsdza.mca']",C:\Program Files\WindowsApps\Microsoft.WindowsStore_11910.1002.5.0_x64__8wekyb3d8bbwe\WinStore.App.exe,8520,32.0,0,0,0,0,0.421875,0.171875,951,0,41.08203125,18.50390625,benign
0.6790471117249246,16,0.0,519,"[popenfile(path='C:\\Windows\\System32\\en-US\\windows.storage.dll.mui', fd=-1), popenfile(path='C:\\Windows\\System32\\en-US\\KernelBase.dll.mui', fd=-1), popenfile(path='C:\\Users\\sctest12\\AppData\\Local\\Packages\\Microsoft.Windows.Photos_8wekyb3d8bbwe\\LocalState\\PhotosAppTracing_startedInBGMode.etl', fd=-1), popenfile(path='C:\\Windows\\Fonts\\segoeui.ttf', fd=-1), popenfile(path='C:\\Users\\sctest12\\AppData\\Local\\Packages\\Microsoft.Windows.Photos_8wekyb3d8bbwe\\LocalState\\MediaDb.v1.sqlite', fd=-1), popenfile(path='C:\\Users\\sctest12\\AppData\\Local\\Packages\\Microsoft.Windows.Photos_8wekyb3d8bbwe\\LocalState\\MediaDb.v1.sqlite-shm', fd=-1), popenfile(path='C:\\Users\\sctest12\\AppData\\Local\\Packages\\Microsoft.Windows.Photos_8wekyb3d8bbwe\\LocalState\\MediaDb.v1.sqlite-wal', fd=-1), popenfile(path='C:\\Windows\\System32\\WinMetadata\\Windows.Storage.winmd', fd=-1)]",Microsoft.Photos.exe,"['C:\\Program Files\\WindowsApps\\Microsoft.Windows.Photos_2019.19071.12548.0_x64__8wekyb3d8bbwe\\Microsoft.Photos.exe', '-ServerName:App.AppXzst44mncqdg84v7sv6p7yznqwssy6f7f.mca']",C:\Program Files\WindowsApps\Microsoft.Windows.Photos_2019.19071.12548.0_x64__8wekyb3d8bbwe\Microsoft.Photos.exe,8568,32.0,234,649,906032,1396828,0.625,0.578125,1965,0,55.62109375,23.90625,benign
0.5022154037204285,17,0.0,660,"[popenfile(path='C:\\Windows\\Registration\\R000000000006.clb', fd=-1), popenfile(path='C:\\Users\\sctest12\\AppData\\Local\\Microsoft\\Windows\\Explorer\\iconcache_idx.db', fd=-1), popenfile(path='C:\\Windows\\System32\\en-US\\oleaccrc.dll.mui', fd=-1), popenfile(path='C:\\Windows\\System32\\en-US\\propsys.dll.mui', fd=-1), popenfile(path='C:\\Windows\\System32\\en-US\\Taskmgr.exe.mui', fd=-1), popenfile(path='C:\\Windows\\SystemResources\\Taskmgr.exe.mun', fd=-1), popenfile(path='C:\\Users\\sctest12\\AppData\\Local\\Microsoft\\Windows\\Explorer\\iconcache_16.db', fd=-1), popenfile(path='C:\\Windows\\Fonts\\StaticCache.dat', fd=-1)]",Taskmgr.exe,"['C:\\Windows\\system32\\taskmgr.exe', '/7']",C:\Windows\System32\Taskmgr.exe,8788,32.0,134,16,841913,197616,1.765625,2.125,27305,0,41.13671875,19.21875,benign
0.1183170085110989,7,0.0,174,,SearchFilterHost.exe,,C:\Windows\System32\SearchFilterHost.exe,8808,,363,0,7414,0,0.046875,0.046875,192,0,9.69140625,2.15625,benign
0.1165525065703852,3,0.0,163,"[popenfile(path='C:\\Windows\\Registration\\R000000000006.clb', fd=-1), popenfile(path='C:\\Windows\\System32\\en-US\\securityhealthsso.dll.mui', fd=-1)]",SecurityHealthSystray.exe,['C:\\Windows\\System32\\SecurityHealthSystray.exe'],C:\Windows\System32\SecurityHealthSystray.exe,8816,32.0,1,0,5331,0,0.0,0.046875,230,0,9.546875,1.7421875,benign
0.4073615020966575,15,0.0,472,"[popenfile(path='C:\\Windows\\Registration\\R000000000006.clb', fd=-1), popenfile(path='C:\\Windows\\System32\\en-US\\KernelBase.dll.mui', fd=-1), popenfile(path='C:\\Users\\sctest12\\AppData\\Local\\Microsoft\\OneDrive\\setup\\logs\\Update_2025-11-13_155418_2274-c1c.log', fd=-1), popenfile(path='C:\\Users\\sctest12\\AppData\\Local\\Microsoft\\OneDrive\\logs\\Personal\\SyncEngine-2025-11-13.1554.8820.1.aodl', fd=-1), popenfile(path='C:\\Users\\sctest12\\AppData\\Local\\Temp\\aria-debug-8820.log', fd=-1), popenfile(path='C:\\Users\\sctest12\\AppData\\Local\\Temp\\aria-debug-6264.log', fd=-1), popenfile(path='C:\\Users\\sctest12\\AppData\\Local\\Temp\\aria-debug-9184.log', fd=-1), popenfile(path='C:\\Users\\sctest12\\AppData\\Local\\Microsoft\\OneDrive\\logs\\Personal\\TraceCurrent.0304.0013.etl', fd=-1), popenfile(path='C:\\Users\\sctest12\\AppData\\Local\\Microsoft\\OneDrive\\19.043.0304.0013\\en\\FileSync.LocalizedResources.dll.mui', fd=-1)]",OneDrive.exe,"['', '/setautostart', '/background']",C:\Users\sctest12\AppData\Local\Microsoft\OneDrive\OneDrive.exe,8820,32.0,27,711,320,224651,0.09375,0.28125,683,0,33.3671875,8.59375,benign
0.2570927016861485,6,0.0,313,"[popenfile(path='C:\\Windows\\Registration\\R000000000006.clb', fd=-1), popenfile(path='C:\\Windows\\System32\\en-US\\wdmaud.drv.mui', fd=-1), popenfile(path='C:\\Windows\\System32\\en-US\\MMDevAPI.dll.mui', fd=-1), popenfile(path='C:\\Windows\\System32\\en-US\\Conhost.exe.mui', fd=-1), popenfile(path='C:\\Windows\\System32\\en-US\\user32.dll.mui', fd=-1), popenfile(path='C:\\Windows\\System32\\en-US\\propsys.dll.mui', fd=-1), popenfile(path='C:\\Windows\\System32\\en-US\\winmm.dll.mui', fd=-1), popenfile(path='C:\\Windows\\Fonts\\StaticCache.dat', fd=-1)]",conhost.exe,"['\\??\\C:\\Windows\\system32\\conhost.exe', '0x4']",C:\Windows\System32\conhost.exe,8824,32.0,19,0,207527,0,0.1875,0.15625,4602,0,21.05859375,9.1640625,benign
0.0667649382972747,2,0.0,87,"[popenfile(path='C:\\Windows\\System32\\en-US\\KernelBase.dll.mui', fd=-1), popenfile(path='C:\\Windows\\System32\\en-US\\cmd.exe.mui', fd=-1)]",cmd.exe,['C:\\Windows\\system32\\cmd.exe'],C:\Windows\System32\cmd.exe,8836,32.0,1,0,2328,0,0.0,0.03125,825,0,5.46875,3.6875,benign
0.1128327457223942,3,0.0,148,"[popenfile(path='C:\\Windows\\Registration\\R000000000006.clb', fd=-1)]",RuntimeBroker.exe,"['C:\\Windows\\System32\\RuntimeBroker.exe', '-Embedding']",C:\Windows\System32\RuntimeBroker.exe,8952,32.0,1,0,8356,0,0.03125,0.015625,45,0,9.2421875,2.125,benign
0.3270051299317233,6,0.0,341,"[popenfile(path='C:\\Windows\\Registration\\R000000000006.clb', fd=-1), popenfile(path='C:\\Windows\\System32\\en-US\\windows.storage.dll.mui', fd=-1), popenfile(path='C:\\Windows\\System32\\en-US\\shell32.dll.mui', fd=-1), popenfile(path='C:\\Windows\\System32\\en-US\\propsys.dll.mui', fd=-1), popenfile(path='C:\\Windows\\SystemResources\\shell32.dll.mun', fd=-1)]",RuntimeBroker.exe,"['C:\\Windows\\System32\\RuntimeBroker.exe', '-Embedding']",C:\Windows\System32\RuntimeBroker.exe,9052,32.0,108,9,879771,2731,0.25,0.359375,1290,0,26.78515625,7.0390625,benign
0.0018598804239955,118,0.0,3108,[],System,[],,4,,158,813,253920,179084712,0.0,96.109375,602993,0,0.15234375,0.19140625,benign
0.3229992336338868,4,0.0,0,,Registry,,Registry,92,,4,2562,16384,59715584,0.0,2.265625,3274,0,26.45703125,8.046875,benign
0.241879833602698,3,0.0,273,,RuntimeBroker.exe,,C:\Windows\System32\RuntimeBroker.exe,276,,13,0,4874,0,0.015625,0.078125,117,0,19.8125,3.13671875,benign
0.0145929079421186,2,0.0,56,,smss.exe,,C:\Windows\System32\smss.exe,300,,22,13,16804,65684,0.03125,0.171875,1187,0,1.1953125,1.03515625,benign
0.0623775280663109,10,0.0,486,,csrss.exe,,C:\Windows\System32\csrss.exe,416,,232,0,179643,0,0.046875,0.4375,8565,0,5.109375,1.69921875,benign
0.3414072809072783,9,0.0,525,,sihost.exe,,C:\Windows\System32\sihost.exe,464,,68,0,278528,0,0.671875,0.703125,2707,0,27.96484375,5.65625,benign
0.1258042194487219,1,0.0,221,,svchost.exe,,C:\Windows\System32\svchost.exe,504,,2,20,8192,98304,0.140625,0.125,50,0,10.3046875,2.00390625,benign
0.0848868501208206,1,0.0,164,,wininit.exe,,C:\Windows\System32\wininit.exe,508,,2,0,9732,0,0.09375,0.078125,288,0,6.953125,1.3828125,benign
0.0653342610480473,5,0.0,36,,fontdrvhost.exe,,C:\Windows\System32\fontdrvhost.exe,580,,1,0,1846,0,0.078125,0.125,4764,0,5.3515625,1.75390625,benign
0.1249458130991855,8,0.0,627,,services.exe,,C:\Windows\System32\services.exe,648,,3,1099,8308,2073912,1.046875,2.03125,12008,0,10.234375,5.328125,benign
0.2116448544023608,8,0.0,1112,,lsass.exe,,C:\Windows\System32\lsass.exe,664,,390,127,130824,655386,1.703125,2.1875,23125,0,17.3359375,5.48828125,benign
0.2389231006209616,4,0.0,272,"[popenfile(path='C:\\Windows\\System32\\en-US\\user32.dll.mui', fd=-1), popenfile(path='C:\\Windows\\System32\\en-US\\Conhost.exe.mui', fd=-1), popenfile(path='C:\\Windows\\Fonts\\StaticCache.dat', fd=-1), popenfile(path='C:\\Windows\\Registration\\R000000000006.clb', fd=-1), popenfile(path='C:\\Windows\\System32\\en-US\\propsys.dll.mui', fd=-1)]",conhost.exe,"['\\??\\C:\\Windows\\system32\\conhost.exe', '0x4']",C:\Windows\System32\conhost.exe,676,32.0,18,0,7449,0,0.078125,0.171875,3986,0,19.5703125,8.38671875,benign
0.2302913478839568,13,0.0,352,,WmiPrvSE.exe,,C:\Windows\System32\wbem\WmiPrvSE.exe,692,,793,791,928564,77348,1.75,1.984375,19822,0,18.86328125,10.3203125,benign
0.3482745317035693,12,0.0,1548,,svchost.exe,,C:\Windows\System32\svchost.exe,772,,43,6,480256,135168,1.75,3.09375,13940,0,28.52734375,10.4296875,benign
0.0402974091865693,5,0.0,36,,fontdrvhost.exe,,C:\Windows\System32\fontdrvhost.exe,800,,0,0,0,0,0.0,0.03125,1530,0,3.30078125,1.2265625,benign
0.2108341372944653,14,0.0,1259,,svchost.exe,,C:\Windows\System32\svchost.exe,884,,37,0,151552,0,5.828125,4.625,17098,0,17.26953125,8.94140625,benign
0.1944290381699921,7,0.0,308,,svchost.exe,,C:\Windows\System32\svchost.exe,900,,12,8,4739,8403,0.375,0.109375,142,0,15.92578125,3.984375,benign
0.1015780846951393,5,0.0,321,,svchost.exe,,C:\Windows\System32\svchost.exe,936,,0,0,0,0,0.25,0.46875,5853,0,8.3203125,2.40234375,benign
0.1209876060429899,1,0.0,205,,svchost.exe,,C:\Windows\System32\svchost.exe,992,,0,0,0,0,0.171875,0.09375,80,0,9.91015625,2.30859375,benign
0.0747767308929476,3,0.0,95,[],generate_data.exe,"['.\\generate_data.exe', '[1268, 3564]']",C:\Users\Public\Downloads\generate_data.exe,1000,32.0,6963,35139,53051584,143178226,1.0625,1.671875,2784,0,6.125,1.296875,benign
0.0755397587592022,3,0.0,182,,svchost.exe,,C:\Windows\System32\svchost.exe,1044,,0,0,0,0,0.109375,0.109375,24031,0,6.1875,1.6796875,benign
0.5834778714765401,25,0.0,652,"[popenfile(path='C:\\Windows\\System32\\en-US\\KernelBase.dll.mui', fd=-1), popenfile(path='C:\\Windows\\System32\\en-US\\shell32.dll.mui', fd=-1), popenfile(path='C:\\Windows\\Registration\\R000000000006.clb', fd=-1), popenfile(path='C:\\Windows\\System32\\en-US\\windows.storage.dll.mui', fd=-1), popenfile(path='C:\\Windows\\System32\\en-US\\propsys.dll.mui', fd=-1), popenfile(path='C:\\Windows\\SystemResources\\shell32.dll.mun', fd=-1), popenfile(path='C:\\Windows\\System32\\en-US\\combase.dll.mui', fd=-1)]",RuntimeBroker.exe,"['C:\\Windows\\System32\\RuntimeBroker.exe', '-Embedding']",C:\Windows\System32\RuntimeBroker.exe,1052,32.0,615,8,1879652,15520,2.484375,3.8125,4024,0,47.79296875,22.76171875,benign
0.1444507129303179,2,0.0,239,,svchost.exe,,C:\Windows\System32\svchost.exe,1076,,0,0,0,0,0.15625,0.046875,32,0,11.83203125,1.96484375,benign
0.2074958903796016,3,0.0,291,,svchost.exe,,C:\Windows\System32\svchost.exe,1084,,43,83,121331,163224,0.078125,0.140625,68,0,16.99609375,3.98046875,benign
0.0880820293107617,9,0.0,235,,svchost.exe,,C:\Windows\System32\svchost.exe,1088,,2,0,824,0,0.15625,0.046875,201,0,7.21484375,2.109375,benign
0.1851296360500145,7,0.0,413,,svchost.exe,,C:\Windows\System32\svchost.exe,1092,,1,39,6,2036010,0.53125,0.703125,2020,0,15.1640625,5.6015625,benign
0.2899505891767358,7,0.0,354,"[popenfile(path='C:\\Windows\\System32\\en-US\\KernelBase.dll.mui', fd=-1), popenfile(path='C:\\Windows\\System32\\en-US\\wininet.dll.mui', fd=-1), popenfile(path='C:\\Windows\\System32\\WinMetadata\\Windows.Foundation.winmd', fd=-1), popenfile(path='C:\\Windows\\System32\\en-US\\Windows.Web.Http.dll.mui', fd=-1), popenfile(path='C:\\Windows\\System32\\en-US\\netmsg.dll.mui', fd=-1), popenfile(path='C:\\Windows\\Registration\\R000000000006.clb', fd=-1), popenfile(path='C:\\Windows\\System32\\en-US\\smartscreen.exe.mui', fd=-1)]",smartscreen.exe,"['C:\\Windows\\System32\\smartscreen.exe', '-Embedding']",C:\Windows\System32\smartscreen.exe,1120,32.0,3,1,11861,160,0.0625,0.109375,1028,0,23.75,7.58984375,benign
0.1836512695591463,2,0.0,285,,svchost.exe,,C:\Windows\System32\svchost.exe,1124,,57,119,388815,1261327,0.21875,0.625,87,0,15.04296875,3.3671875,benign
0.2258085591697112,7,0.0,428,,svchost.exe,,C:\Windows\System32\svchost.exe,1180,,870,718,8483584,19072184,1.109375,1.171875,3513,0,18.49609375,16.41796875,benign
0.1208922275597081,4,0.0,279,,svchost.exe,,C:\Windows\System32\svchost.exe,1240,,0,1,0,667648,0.625,0.53125,299,0,9.90234375,2.58203125,benign
0.1169340205035125,2,0.0,162,,SecurityHealthSystray.exe,,C:\Windows\System32\SecurityHealthSystray.exe,1272,,1,0,5045,0,0.03125,0.03125,319,0,9.578125,1.72265625,benign
0.0870805552363025,3,0.0,133,,svchost.exe,,C:\Windows\System32\svchost.exe,1316,,0,0,0,0,0.109375,0.09375,46,0,7.1328125,3.0078125,benign
0.0735844998519249,3,0.0,129,,svchost.exe,,C:\Windows\System32\svchost.exe,1356,,0,0,0,0,0.03125,0.015625,106,0,6.02734375,1.41796875,benign
0.0881774077940435,1,0.0,123,,svchost.exe,,C:\Windows\System32\svchost.exe,1376,,0,0,0,0,0.03125,0.015625,65,0,7.22265625,1.37890625,benign
0.1196523072770444,4,0.0,377,,svchost.exe,,C:\Windows\System32\svchost.exe,1388,,0,0,0,0,0.140625,0.09375,245,0,9.80078125,2.1875,benign
0.083122348180107,6,0.0,206,,svchost.exe,,C:\Windows\System32\svchost.exe,1408,,0,0,0,0,0.046875,0.078125,652,0,6.80859375,1.88671875,benign
0.1362481633680813,2,0.0,137,,svchost.exe,,C:\Windows\System32\svchost.exe,1476,,0,0,0,0,0.0,0.015625,83,0,11.16015625,1.49609375,benign
0.1368204342677722,4,0.0,311,,svchost.exe,,C:\Windows\System32\svchost.exe,1496,,0,0,0,0,0.21875,0.8125,529,0,11.20703125,3.484375,benign
0.2079727827960107,6,0.0,300,,taskhostw.exe,,C:\Windows\System32\taskhostw.exe,1508,,29,124,2087646,3321856,0.34375,0.53125,946,0,17.03515625,5.8046875,benign
0.1077299968668168,4,0.0,439,,svchost.exe,,C:\Windows\System32\svchost.exe,1524,,34,0,714,0,0.34375,0.125,161,0,8.82421875,2.83984375,benign
0.1717289591489187,5,0.0,232,,svchost.exe,,C:\Windows\System32\svchost.exe,1556,,1,442,49756,4109253,0.9375,16.078125,5610,0,14.06640625,2.82421875,benign
0.0697216712790111,3,0.0,227,,svchost.exe,,C:\Windows\System32\svchost.exe,1580,,0,0,0,0,0.0,0.1875,1130,0,5.7109375,1.25,benign
0.5276337695150338,10,0.0,533,,ShellExperienceHost.exe,,C:\Windows\SystemApps\ShellExperienceHost_cw5n1h2txyewy\ShellExperienceHost.exe,1648,,4,0,13882,0,0.390625,0.296875,11022,0,43.21875,14.4296875,benign
0.1212260522511944,5,0.0,370,,svchost.exe,,C:\Windows\System32\svchost.exe,1712,,1,1,116,160,0.078125,0.09375,229,0,9.9296875,3.48046875,benign
0.1125942995141897,58,0.0,0,,MemCompression,,MemCompression,1732,,0,0,0,0,0.0,0.953125,5290,0,9.22265625,0.08984375,benign
0.0980967700553528,2,0.0,168,,svchost.exe,,C:\Windows\System32\svchost.exe,1756,,360,0,7240,0,0.078125,0.09375,296,0,8.03515625,1.74609375,benign
0.0952831047985391,2,0.0,173,,svchost.exe,,C:\Windows\System32\svchost.exe,1804,,0,0,0,0,0.078125,0.15625,210,0,7.8046875,1.65625,benign
0.1091129848744032,10,0.0,204,,svchost.exe,,C:\Windows\System32\svchost.exe,1812,,0,0,0,0,0.140625,0.109375,771,0,8.9375,2.2265625,benign
0.1078253753500986,6,0.0,361,,svchost.exe,,C:\Windows\System32\svchost.exe,1916,,0,0,0,0,0.078125,0.09375,79,0,8.83203125,2.390625,benign
0.1681045767842095,11,0.0,367,,svchost.exe,,C:\Windows\System32\svchost.exe,1944,,0,0,0,0,0.609375,0.3125,424,0,13.76953125,3.17578125,benign
0.1679615090592867,5,0.0,236,,svchost.exe,,C:\Windows\System32\svchost.exe,2076,,0,0,0,0,0.0625,0.109375,1165,0,13.7578125,2.4765625,benign
0.1959550939025012,8,0.0,409,,SearchProtocolHost.exe,,C:\Windows\System32\SearchProtocolHost.exe,2132,,132,2,896923,248,1.03125,0.984375,10669,0,16.05078125,3.53125,benign
0.3036850907693181,9,0.0,227,,svchost.exe,,C:\Windows\System32\svchost.exe,2152,,42949,1112,174356668,2302952,17.265625,5.921875,1381,0,24.875,16.30859375,benign
0.1701552141747686,5,0.0,239,,dllhost.exe,,C:\Windows\System32\dllhost.exe,2240,,87,202,6086828,5087232,0.0625,0.078125,652,0,13.9375,5.4921875,benign
0.2352510290146115,7,0.0,476,,spoolsv.exe,,C:\Windows\System32\spoolsv.exe,2260,,181,454,87964,63984,0.15625,0.375,562,0,19.26953125,5.82421875,benign
0.0885112324855298,6,0.0,177,,svchost.exe,,C:\Windows\System32\svchost.exe,2268,,0,0,0,0,0.078125,0.203125,614,0,7.25,1.92578125,benign
0.150268800410509,1,0.0,271,,svchost.exe,,C:\Windows\System32\svchost.exe,2284,,0,2,0,376,0.25,0.09375,76,0,12.30859375,2.42578125,benign
0.2125509499935381,13,0.0,404,,svchost.exe,,C:\Windows\System32\svchost.exe,2316,,1,2,116,32928,0.640625,1.5,1360,0,17.41015625,8.421875,benign
1.4702593197892708,49,0.0,2096,,explorer.exe,,C:\Windows\explorer.exe,2380,,1347,32,1037872,230876,4.921875,5.75,87471,0,120.4296875,56.1171875,benign
0.0993366903380165,7,0.0,192,,svchost.exe,,C:\Windows\System32\svchost.exe,2392,,2037,1851,95800,180836,0.140625,0.3125,3276,0,8.13671875,2.10546875,benign
0.0891311926268617,4,0.0,129,,vm3dservice.exe,,C:\Windows\System32\vm3dservice.exe,2448,,1,0,4333,0,0.0,0.0,2308,0,7.30078125,1.6875,benign
0.1021026663531893,5,0.0,198,,svchost.exe,,C:\Windows\System32\svchost.exe,2468,,0,0,0,0,0.015625,0.046875,121,0,8.36328125,1.8359375,benign
0.3446024600972193,12,0.0,551,"[popenfile(path='C:\\Windows\\Registration\\R000000000006.clb', fd=-1), popenfile(path='C:\\Windows\\System32\\en-US\\KernelBase.dll.mui', fd=-1)]",sihost.exe,['sihost.exe'],C:\Windows\System32\sihost.exe,2580,32.0,71,0,300518,0,0.609375,0.65625,2942,0,28.2265625,5.765625,benign
0.4209052467226761,13,0.0,471,,OneDrive.exe,,C:\Users\sctest1\AppData\Local\Microsoft\OneDrive\OneDrive.exe,2692,,32,825,24740,166055,0.75,1.296875,885,0,34.4765625,8.6796875,benign
0.1198430642436081,5,0.0,193,,svchost.exe,,C:\Windows\System32\svchost.exe,2708,,38,0,540672,0,0.09375,0.0625,220,0,9.81640625,2.4921875,benign
0.332489392720428,9,0.0,448,,svchost.exe,,C:\Windows\System32\svchost.exe,2720,,79,73,1859131,127926,1.359375,1.1875,3772,0,27.234375,12.0,benign
0.2625292752332123,14,0.0,352,,svchost.exe,,C:\Windows\System32\svchost.exe,2736,,211,123,46046016,1128022,0.78125,0.453125,10156,0,21.50390625,16.15234375,benign
0.2609078410174213,22,0.0,424,,svchost.exe,,C:\Windows\System32\svchost.exe,2776,,9979,6456,81467028,54012692,6.1875,2.734375,13328,0,21.37109375,11.7265625,benign
0.1116882039230124,6,0.0,213,,svchost.exe,,C:\Windows\System32\svchost.exe,2848,,877,597,59036,124532,0.046875,0.15625,2535,0,9.1484375,2.3515625,benign
0.067098762988761,3,0.0,128,,svchost.exe,,C:\Windows\System32\svchost.exe,2868,,1,0,512,0,0.0,0.03125,117,0,5.49609375,1.2265625,benign
0.2098326632200062,12,0.0,310,,vmtoolsd.exe,,C:\Program Files\VMware\VMware Tools\vmtoolsd.exe,2884,,869,444,13582,95266,0.234375,0.328125,40015,0,17.1875,6.04296875,benign
0.0770658144917113,3,0.0,123,,vm3dservice.exe,,C:\Windows\System32\vm3dservice.exe,2892,,0,0,0,0,0.0,0.046875,3070,0,6.3125,1.53515625,benign
0.1299054942298402,2,0.0,167,,VGAuthService.exe,,C:\Program Files\VMware\VMware Tools\VMware VGAuth\VGAuthService.exe,2900,,30,22,32424,2280,0.046875,0.09375,347,0,10.640625,2.45703125,benign
1.7447585946743516,24,0.0,623,,MsMpEng.exe,,C:\Program Files\Windows Defender\MsMpEng.exe,2908,,1837,3699,163111519,7646320,45.75,13.5625,183028,0,142.9140625,140.87890625,benign
0.1506980035852771,2,0.0,152,,svchost.exe,,C:\Windows\System32\svchost.exe,2920,,0,0,0,0,0.09375,0.015625,48,0,12.34375,1.8984375,benign
0.2234717863293066,3,0.0,372,,svchost.exe,,C:\Windows\System32\svchost.exe,2928,,0,2,0,184320,0.390625,0.5,56,0,18.3046875,3.12109375,benign
0.0654773287729701,2,0.0,106,,svchost.exe,,C:\Windows\System32\svchost.exe,2940,,0,0,0,0,0.0,0.03125,48,0,5.36328125,1.2109375,benign
0.128951709397022,5,0.0,369,,svchost.exe,,C:\Windows\System32\svchost.exe,3076,,1,1,116,160,0.15625,0.09375,298,0,10.5625,2.64453125,benign
0.1249935023408264,9,0.0,230,,msdtc.exe,,C:\Windows\System32\msdtc.exe,3208,,1,9,116,5075104,0.015625,0.171875,8660,0,10.23828125,2.67578125,benign
0.2114064081941562,11,0.0,345,,svchost.exe,,C:\Windows\System32\svchost.exe,3376,,21,6,2785280,49428,0.171875,0.109375,875,0,17.31640625,8.39453125,benign
0.0891311926268617,4,0.0,129,,vm3dservice.exe,,C:\Windows\System32\vm3dservice.exe,3448,,1,0,4333,0,0.0625,0.0625,2616,0,7.30078125,1.6875,benign
1.5965881208960426,64,0.0,2417,"[popenfile(path='C:\\Users\\sctest12\\AppData\\Local\\Microsoft\\Windows\\Explorer\\thumbcache_1920.db', fd=-1), popenfile(path='C:\\Users\\sctest12\\AppData\\Local\\Microsoft\\Windows\\Explorer\\iconcache_sr.db', fd=-1), popenfile(path='C:\\Windows\\System32\\en-US\\ApplicationFrame.dll.mui', fd=-1), popenfile(path='C:\\Users\\sctest12\\AppData\\Local\\Microsoft\\Windows\\Explorer\\thumbcache_16.db', fd=-1), popenfile(path='C:\\Users\\sctest12\\AppData\\Local\\Microsoft\\Windows\\Explorer\\iconcache_768.db', fd=-1), popenfile(path='C:\\Windows\\System32\\en-US\\shell32.dll.mui', fd=-1), popenfile(path='C:\\Windows\\System32\\en-US\\twext.dll.mui', fd=-1), popenfile(path='C:\\Users\\sctest12\\AppData\\Local\\Microsoft\\Windows\\Explorer\\thumbcache_2560.db', fd=-1), popenfile(path='C:\\Users\\sctest12\\AppData\\Local\\Microsoft\\Windows\\Explorer\\iconcache_2560.db', fd=-1), popenfile(path='C:\\Windows\\System32\\en-US\\InputSwitch.dll.mui', fd=-1), popenfile(path='C:\\Windows\\Registration\\R000000000006.clb', fd=-1), popenfile(path='C:\\Windows\\System32\\en-US\\windows.storage.dll.mui', fd=-1), popenfile(path='C:\\Users\\sctest12\\AppData\\Local\\Microsoft\\GameDVR\\KnownGameList.bin', fd=-1), popenfile(path='C:\\Windows\\System32\\en-US\\sndvolsso.dll.mui', fd=-1), popenfile(path='C:\\Windows\\System32\\en-US\\bthprops.cpl.mui', fd=-1), popenfile(path='C:\\Users\\sctest12\\AppData\\Local\\Microsoft\\Windows\\Explorer\\thumbcache_48.db', fd=-1), popenfile(path='C:\\Windows\\System32\\en-US\\propsys.dll.mui', fd=-1), popenfile(path='C:\\Windows\\Fonts\\segoeui.ttf', fd=-1), popenfile(path='C:\\Users\\sctest12\\AppData\\Local\\Microsoft\\Windows\\Explorer\\thumbcache_32.db', fd=-1), popenfile(path='C:\\Users\\sctest12\\AppData\\Local\\Microsoft\\Windows\\Explorer\\thumbcache_768.db', fd=-1), popenfile(path='C:\\Users\\sctest12\\AppData\\Local\\Microsoft\\Windows\\Explorer\\iconcache_idx.db', fd=-1), popenfile(path='C:\\Windows\\SystemResources\\stobject.dll.mun', fd=-1), popenfile(path='C:\\Users\\sctest12\\AppData\\Local\\Microsoft\\Windows\\Explorer\\iconcache_1920.db', fd=-1), popenfile(path='C:\\Windows\\System32\\en-US\\winnlsres.dll.mui', fd=-1), popenfile(path='C:\\Windows\\SystemResources\\SndVolSSO.dll.mun', fd=-1), popenfile(path='C:\\Windows\\System32\\en-US\\mpr.dll.mui', fd=-1), popenfile(path='C:\\Users\\sctest12\\AppData\\Local\\Microsoft\\Windows\\Explorer\\iconcache_256.db', fd=-1), popenfile(path='C:\\Users\\sctest12\\AppData\\Local\\Microsoft\\Windows\\Explorer\\iconcache_wide_alternate.db', fd=-1), popenfile(path='C:\\Users\\sctest12\\AppData\\Local\\Microsoft\\Windows\\Explorer\\thumbcache_wide.db', fd=-1), popenfile(path='C:\\Users\\sctest12\\AppData\\Local\\Microsoft\\Windows\\Explorer\\iconcache_16.db', fd=-1), popenfile(path='C:\\Users\\sctest12\\AppData\\Local\\Microsoft\\Windows\\Explorer\\iconcache_1280.db', fd=-1), popenfile(path='C:\\Windows\\System32\\en-US\\dsreg.dll.mui', fd=-1), popenfile(path='C:\\Users\\sctest12\\AppData\\Local\\Microsoft\\Windows\\Explorer\\thumbcache_idx.db', fd=-1), popenfile(path='C:\\Users\\sctest12\\AppData\\Local\\Microsoft\\Windows\\Explorer\\iconcache_exif.db', fd=-1), popenfile(path='C:\\Windows\\System32\\en-US\\imapi2.dll.mui', fd=-1), popenfile(path='C:\\Windows\\System32\\en-US\\UIRibbon.dll.mui', fd=-1), popenfile(path='C:\\Users\\sctest12\\AppData\\Local\\Microsoft\\Windows\\Explorer\\iconcache_96.db', fd=-1), popenfile(path='C:\\Windows\\System32\\en-US\\ActionCenter.dll.mui', fd=-1), popenfile(path='C:\\Windows\\System32\\en-US\\twinui.pcshell.dll.mui', fd=-1), popenfile(path='C:\\Windows\\en-US\\explorer.exe.mui', fd=-1), popenfile(path='C:\\Users\\sctest12\\AppData\\Local\\Microsoft\\Windows\\Explorer\\thumbcache_1280.db', fd=-1), popenfile(path='C:\\Windows\\Fonts\\StaticCache.dat', fd=-1), popenfile(path='C:\\Users\\sctest12\\AppData\\Local\\Microsoft\\Windows\\Explorer\\thumbcache_sr.db', fd=-1), popenfile(path='C:\\Windows\\SystemResources\\ExplorerFrame.dll.mun', fd=-1), popenfile(path='C:\\Windows\\System32\\en-US\\wscui.cpl.mui', fd=-1), popenfile(path='C:\\Windows\\System32\\en-US\\themeui.dll.mui', fd=-1), popenfile(path='C:\\Windows\\System32\\en-US\\crypt32.dll.mui', fd=-1), popenfile(path='C:\\Windows\\System32\\en-US\\stobject.dll.mui', fd=-1), popenfile(path='C:\\Windows\\System32\\en-US\\hcproviders.dll.mui', fd=-1), popenfile(path='C:\\Users\\sctest12\\AppData\\Local\\Microsoft\\Windows\\Explorer\\thumbcache_exif.db', fd=-1), popenfile(path='C:\\Windows\\System32\\en-US\\pnidui.dll.mui', fd=-1), popenfile(path='C:\\Windows\\System32\\en-US\\explorerframe.dll.mui', fd=-1), popenfile(path='C:\\Windows\\System32\\en-US\\ntshrui.dll.mui', fd=-1), popenfile(path='C:\\Windows\\System32\\en-US\\dui70.dll.mui', fd=-1), popenfile(path='C:\\Windows\\System32\\en-US\\KernelBase.dll.mui', fd=-1), popenfile(path='C:\\Program Files\\Windows Defender\\en-US\\shellext.dll.mui', fd=-1), popenfile(path='C:\\Users\\sctest12\\AppData\\Local\\Microsoft\\Windows\\Explorer\\iconcache_32.db', fd=-1), popenfile(path='C:\\Users\\sctest12\\AppData\\Local\\Microsoft\\Windows\\Explorer\\thumbcache_96.db', fd=-1), popenfile(path='C:\\Users\\sctest12\\AppData\\Local\\Microsoft\\Windows\\Explorer\\iconcache_48.db', fd=-1), popenfile(path='C:\\Windows\\SystemResources\\imageres.dll.mun', fd=-1), popenfile(path='C:\\Users\\sctest12\\AppData\\Local\\Microsoft\\Windows\\Explorer\\thumbcache_custom_stream.db', fd=-1), popenfile(path='C:\\Users\\sctest12\\AppData\\Local\\Microsoft\\Windows\\Explorer\\iconcache_wide.db', fd=-1), popenfile(path='C:\\Users\\sctest12\\AppData\\Local\\Microsoft\\Windows\\Explorer\\thumbcache_wide_alternate.db', fd=-1), popenfile(path='C:\\Users\\sctest12\\AppData\\Local\\Microsoft\\Windows\\Explorer\\iconcache_custom_stream.db', fd=-1), popenfile(path='C:\\Windows\\System32\\en-US\\NetworkExplorer.dll.mui', fd=-1), popenfile(path='C:\\Users\\sctest12\\AppData\\Local\\Microsoft\\Windows\\Explorer\\thumbcache_256.db', fd=-1), popenfile(path='C:\\Windows\\System32\\en-US\\oleaccrc.dll.mui', fd=-1), popenfile(path='C:\\Windows\\SystemResources\\shell32.dll.mun', fd=-1), popenfile(path='C:\\Windows\\System32\\en-US\\combase.dll.mui', fd=-1)]",explorer.exe,['C:\\Windows\\Explorer.EXE'],C:\Windows\explorer.exe,3476,32.0,2428,389,10980368,1755391,9.25,11.703125,124165,0,130.77734375,64.86328125,benign
0.0103008761944366,3,0.0,211,,MicrosoftEdgeUpdate.exe,,C:\Program Files (x86)\Microsoft\EdgeUpdate\MicrosoftEdgeUpdate.exe,3488,,0,22,0,1700,0.078125,0.03125,945,0,0.84375,1.83984375,benign
0.2647229803486942,6,0.0,337,,svchost.exe,,C:\Windows\System32\svchost.exe,3620,,0,0,0,0,1.015625,0.609375,453,0,21.68359375,3.734375,benign
0.2331050131407705,13,0.0,487,,csrss.exe,,C:\Windows\System32\csrss.exe,3700,,11408,0,976074,0,0.234375,1.03125,66958,0,19.09375,3.30859375,benign
0.0973814314307392,3,0.0,180,,svchost.exe,,C:\Windows\System32\svchost.exe,3768,,297,0,6066,0,0.0625,0.0625,189,0,7.9765625,1.734375,benign
0.168343022992414,10,0.0,268,,dllhost.exe,,C:\Windows\System32\dllhost.exe,3836,,4281,7,2094377,3745,0.171875,0.140625,7510,0,13.7890625,3.8203125,benign
0.4750802252267504,38,0.0,963,,SkypeApp.exe,,C:\Program Files\WindowsApps\Microsoft.SkypeApp_14.53.77.0_x64__kzf8qxf38zg5c\SkypeApp.exe,3852,,13,58,28563724,28487787,22.75,4.828125,7585,0,38.9140625,112.4921875,benign
0.863747544600171,4,0.0,491,"[popenfile(path='C:\\Windows\\System32\\en-US\\KernelBase.dll.mui', fd=-1), popenfile(path='C:\\Windows\\System32\\en-US\\tzres.dll.mui', fd=-1), popenfile(path='C:\\Users\\sctest12\\AppData\\Local\\Temp\\_MEI10002\\base_library.zip', fd=-1)]",generate_data.exe,"['.\\generate_data.exe', '[1268, 3564]']",C:\Users\Public\Downloads\generate_data.exe,3976,32.0,891,0,10018358,0,0.8125,1.421875,4662,0,70.75,84.88671875,benign
0.5007370372295603,19,0.0,647,"[popenfile(path='C:\\Windows\\Fonts\\StaticCache.dat', fd=-1), popenfile(path='C:\\Windows\\Registration\\R000000000006.clb', fd=-1), popenfile(path='C:\\Users\\sctest12\\AppData\\Local\\Microsoft\\Windows\\Explorer\\iconcache_16.db', fd=-1), popenfile(path='C:\\Windows\\SystemResources\\Taskmgr.exe.mun', fd=-1), popenfile(path='C:\\Windows\\System32\\en-US\\Taskmgr.exe.mui', fd=-1), popenfile(path='C:\\Windows\\System32\\en-US\\propsys.dll.mui', fd=-1), popenfile(path='C:\\Windows\\System32\\en-US\\oleaccrc.dll.mui', fd=-1), popenfile(path='C:\\Users\\sctest12\\AppData\\Local\\Microsoft\\Windows\\Explorer\\iconcache_idx.db', fd=-1)]",Taskmgr.exe,"['C:\\Windows\\system32\\taskmgr.exe', '/7']",C:\Windows\System32\Taskmgr.exe,4004,32.0,107,2,883461,8,0.84375,0.921875,11306,0,41.015625,18.81640625,benign
0.160903501296432,1,0.0,214,,RuntimeBroker.exe,,C:\Windows\System32\RuntimeBroker.exe,4216,,165,0,30497,0,0.03125,0.078125,48,0,13.1796875,2.19140625,benign
0.0747767308929476,2,0.0,106,,svchost.exe,,C:\Windows\System32\svchost.exe,4252,,0,0,0,0,0.03125,0.0,56,0,6.125,1.234375,benign
0.0544134247122788,2,0.0,74,"[popenfile(path='C:\\Windows\\System32\\en-US\\cmd.exe.mui', fd=-1)]",cmd.exe,['C:\\Windows\\system32\\cmd.exe'],C:\Windows\System32\cmd.exe,4320,32.0,0,0,0,0,0.015625,0.0,259,0,4.45703125,3.86328125,benign
0.2217549736302338,8,0.0,304,"[popenfile(path='C:\\Windows\\System32\\en-US\\KernelBase.dll.mui', fd=-1), popenfile(path='C:\\Windows\\Registration\\R000000000006.clb', fd=-1), popenfile(path='C:\\Users\\sctest12\\AppData\\Local\\ConnectedDevicesPlatform\\L.sctest12\\ActivitiesCache.db-shm', fd=-1), popenfile(path='C:\\Windows\\System32\\en-US\\svchost.exe.mui', fd=-1), popenfile(path='C:\\Users\\sctest12\\AppData\\Local\\ConnectedDevicesPlatform\\L.sctest12\\ActivitiesCache.db-wal', fd=-1), popenfile(path='C:\\Windows\\System32\\en-US\\crypt32.dll.mui', fd=-1), popenfile(path='C:\\Users\\sctest12\\AppData\\Local\\ConnectedDevicesPlatform\\L.sctest12\\ActivitiesCache.db', fd=-1)]",svchost.exe,"['C:\\Windows\\system32\\svchost.exe', '-k', 'UnistackSvcGroup', '-s', 'CDPUserSvc']",C:\Windows\System32\svchost.exe,4392,32.0,15,771,17205,1550555,0.15625,0.1875,1092,0,18.1640625,4.546875,benign
0.311172301706941,4,0.0,316,"[popenfile(path='C:\\Users\\sctest12\\AppData\\Local\\Microsoft\\Windows\\Notifications\\wpndatabase.db', fd=-1), popenfile(path='C:\\Windows\\System32\\en-US\\KernelBase.dll.mui', fd=-1), popenfile(path='C:\\Users\\sctest12\\AppData\\Local\\Microsoft\\Windows\\Notifications\\WPNPRMRY.tmp', fd=-1), popenfile(path='C:\\Users\\sctest12\\AppData\\Local\\Microsoft\\Windows\\Notifications\\wpndatabase.db-shm', fd=-1), popenfile(path='C:\\Windows\\Registration\\R000000000006.clb', fd=-1), popenfile(path='C:\\Windows\\System32\\en-US\\svchost.exe.mui', fd=-1), popenfile(path='C:\\Users\\sctest12\\AppData\\Local\\Microsoft\\Windows\\Notifications\\wpndatabase.db-wal', fd=-1)]",svchost.exe,"['C:\\Windows\\system32\\svchost.exe', '-k', 'UnistackSvcGroup', '-s', 'WpnUserService']",C:\Windows\System32\svchost.exe,4416,32.0,61,3174,246276,6644804,0.296875,0.15625,1008,0,25.48828125,5.29296875,benign
0.2722101912863172,4,0.0,248,,RuntimeBroker.exe,,C:\Windows\System32\RuntimeBroker.exe,4444,,1,0,7611,0,0.15625,0.171875,163,0,22.296875,5.25,benign
0.3198994329272276,3,0.0,335,,RuntimeBroker.exe,,C:\Windows\System32\RuntimeBroker.exe,4452,,16,1,19434,160,0.125,0.1875,65,0,26.203125,4.2109375,benign
0.4227651271466716,8,0.0,446,,vmtoolsd.exe,,C:\Program Files\VMware\VMware Tools\vmtoolsd.exe,4500,,1217,92,3701891,7845,2.9375,1.484375,20684,0,34.62890625,15.94140625,benign
0.197147324943524,8,0.0,305,"[popenfile(path='C:\\Windows\\System32\\en-US\\taskhostw.exe.mui', fd=-1), popenfile(path='C:\\Windows\\System32\\en-US\\MsCtfMonitor.dll.mui', fd=-1), popenfile(path='C:\\Users\\sctest12\\AppData\\Local\\Microsoft\\Windows\\WebCache\\WebCacheV01.jfm', fd=-1), popenfile(path='C:\\Users\\sctest12\\AppData\\Local\\Microsoft\\Windows\\WebCacheLock.dat', fd=-1), popenfile(path='C:\\Windows\\System32\\en-US\\ESENT.dll.mui', fd=-1), popenfile(path='C:\\Users\\sctest12\\AppData\\Local\\Microsoft\\Windows\\WebCache\\V01.log', fd=-1), popenfile(path='C:\\Windows\\System32\\en-US\\MMDevAPI.dll.mui', fd=-1), popenfile(path='C:\\Windows\\System32\\en-US\\winmm.dll.mui', fd=-1), popenfile(path='C:\\Windows\\Registration\\R000000000006.clb', fd=-1), popenfile(path='C:\\Users\\sctest12\\AppData\\Local\\Microsoft\\Windows\\WebCache\\WebCacheV01.dat', fd=-1), popenfile(path='C:\\Users\\sctest12\\AppData\\Local\\Microsoft\\Windows\\WebCache\\V01tmp.log', fd=-1), popenfile(path='C:\\Windows\\System32\\en-US\\wdmaud.drv.mui', fd=-1)]",taskhostw.exe,"['taskhostw.exe', '{222A245B-E637-4AE9-A93F-A59CA119A75E}']",C:\Windows\System32\taskhostw.exe,4584,32.0,6,197,743301,5608717,0.640625,0.21875,1311,0,16.1484375,5.203125,benign
0.8224486613391426,14,0.0,637,,StartMenuExperienceHost.exe,,C:\Windows\SystemApps\Microsoft.Windows.StartMenuExperienceHost_cw5n1h2txyewy\StartMenuExperienceHost.exe,4592,,45,0,151244,0,1.171875,0.59375,4476,0,67.3671875,19.41796875,benign
0.0337162938401237,4,0.0,144,,SkypeBackgroundHost.exe,,C:\Program Files\WindowsApps\Microsoft.SkypeApp_14.53.77.0_x64__kzf8qxf38zg5c\SkypeBackgroundHost.exe,4604,,0,0,0,0,0.046875,0.015625,117,0,2.76171875,1.79296875,benign
0.471026639687273,10,0.0,508,,TextInputHost.exe,,C:\Windows\SystemApps\MicrosoftWindows.Client.CBS_cw5n1h2txyewy\TextInputHost.exe,4612,,3,0,31201,0,0.21875,0.15625,16229,0,38.58203125,12.4375,benign
0.1049163316100031,4,0.0,181,,NisSrv.exe,,C:\Program Files\Windows Defender\NisSrv.exe,4716,,0,0,0,0,0.0625,0.109375,268,0,8.59375,3.70703125,benign
0.1654339792523185,7,0.0,324,,svchost.exe,,C:\Windows\System32\svchost.exe,4800,,3,0,38085,0,0.140625,0.078125,493,0,13.55078125,3.53125,benign
0.0776857746330432,2,0.0,147,,svchost.exe,,C:\Windows\System32\svchost.exe,4840,,0,0,0,0,0.015625,0.078125,62,0,6.36328125,1.5703125,benign
0.1176016698864853,6,0.0,228,,svchost.exe,,C:\Windows\System32\svchost.exe,4864,,1,0,63940,0,0.15625,0.09375,246,0,9.6328125,4.14453125,benign
0.0845530254293343,7,0.0,105,,SgrmBroker.exe,,C:\Windows\System32\SgrmBroker.exe,5032,,2,0,80480,0,0.109375,0.046875,3144,0,6.92578125,4.21484375,benign
0.1685337799589777,2,0.0,276,"[popenfile(path='C:\\Windows\\Registration\\R000000000006.clb', fd=-1), popenfile(path='C:\\Windows\\System32\\en-US\\svchost.exe.mui', fd=-1)]",svchost.exe,"['C:\\Windows\\system32\\svchost.exe', '-k', 'UnistackSvcGroup']",C:\Windows\System32\svchost.exe,5040,32.0,1,0,5087,0,0.0,0.0625,42,0,13.8046875,2.9453125,benign
0.179025413119978,4,0.0,172,,svchost.exe,,C:\Windows\System32\svchost.exe,5044,,0,0,0,0,0.15625,0.03125,147,0,14.6640625,2.52734375,benign
0.0441125485178422,3,0.0,151,,taskhostw.exe,,C:\Windows\System32\taskhostw.exe,5072,,0,0,0,0,0.046875,0.0,129,0,3.61328125,1.71875,benign
0.2186551729235746,5,0.0,241,,svchost.exe,,C:\Windows\System32\svchost.exe,5224,,0,0,0,0,0.03125,0.015625,2191,0,17.91015625,3.140625,benign
0.1240874067496491,3,0.0,261,,winlogon.exe,,C:\Windows\System32\winlogon.exe,5296,,2,0,15454,0,0.03125,0.078125,520,0,10.1640625,2.34375,benign
0.3045434971188545,1,0.0,269,,ApplicationFrameHost.exe,,C:\Windows\System32\ApplicationFrameHost.exe,5316,,8,0,3030,0,0.140625,0.125,110,0,24.9453125,4.27734375,benign
0.0531735044296152,5,0.0,36,,fontdrvhost.exe,,C:\Windows\System32\fontdrvhost.exe,5364,,0,0,0,0,0.046875,0.03125,3365,0,4.35546875,1.39453125,benign
0.3051634572601863,5,0.0,500,,svchost.exe,,C:\Windows\System32\svchost.exe,5432,,9,135,3166208,15052804,0.390625,0.171875,346,0,24.99609375,7.4140625,benign
0.4136564819932577,2,0.0,415,,svchost.exe,,C:\Windows\System32\svchost.exe,5504,,91,332,367695,682883,0.4375,0.3125,219,0,33.8828125,7.4609375,benign
0.12308593267519,8,0.0,225,,svchost.exe,,C:\Windows\System32\svchost.exe,5652,,2,2,232,320,0.0625,0.09375,165,0,10.08203125,2.48828125,benign
0.1244212314411355,3,0.0,277,,winlogon.exe,,C:\Windows\System32\winlogon.exe,5708,,1,0,9728,0,0.0625,0.109375,505,0,10.19140625,2.29296875,benign
0.1446891591385224,2,0.0,232,,svchost.exe,,C:\Windows\System32\svchost.exe,5724,,0,0,0,0,0.109375,0.015625,92,0,11.8515625,2.375,benign
0.3236191937752186,26,0.0,813,,SearchIndexer.exe,,C:\Windows\System32\SearchIndexer.exe,5756,,2413,2756,3070422,20744126,5.5,1.734375,26579,0,26.5078125,26.421875,benign
0.2470779609415573,11,0.0,437,,ctfmon.exe,['ctfmon.exe'],C:\Windows\System32\ctfmon.exe,5764,128.0,0,0,0,0,0.40625,0.859375,14812,0,20.23828125,3.87890625,benign
0.7050377484192208,15,0.0,973,,dwm.exe,,C:\Windows\System32\dwm.exe,5860,,2,0,72092,0,1.359375,0.984375,30730,0,57.75,35.80859375,benign
0.3500390336442831,5,0.0,441,,RuntimeBroker.exe,,C:\Windows\System32\RuntimeBroker.exe,5868,,271,2,58067,248,0.25,0.625,421,0,28.671875,7.8046875,benign
0.1041533037437485,7,0.0,173,,svchost.exe,,C:\Windows\System32\svchost.exe,5880,,0,1,0,4096,0.078125,0.0,79,0,8.53125,2.046875,benign
1.620861944891266,24,0.0,965,,SearchApp.exe,,C:\Windows\SystemApps\Microsoft.Windows.Search_cw5n1h2txyewy\SearchApp.exe,5908,,2200,335,11360356,4137458,1.734375,1.125,22402,0,132.765625,77.96484375,benign
0.1533209118755272,2,0.0,230,,svchost.exe,,C:\Windows\System32\svchost.exe,6188,,9,0,2600,0,0.359375,2.21875,44,0,12.55859375,2.890625,benign
0.068195615546502,9,0.0,327,,csrss.exe,,C:\Windows\System32\csrss.exe,6252,,4759,0,379302,0,0.03125,0.84375,26527,0,5.5859375,1.62109375,benign
0.3619613440545107,5,0.0,342,,LogonUI.exe,,C:\Windows\System32\LogonUI.exe,6424,,1,0,26845,0,0.0625,0.09375,418,0,29.6484375,11.85546875,benign
0.2250932205450976,14,0.0,396,,svchost.exe,,C:\Windows\System32\svchost.exe,6456,,86,15,2796310,74116,0.203125,0.09375,649,0,18.4375,8.734375,benign
0.088415854002248,6,0.0,210,,svchost.exe,,C:\Windows\System32\svchost.exe,6492,,1,0,4014,0,0.046875,0.0,78,0,7.2421875,1.8359375,benign
0.1178878053363307,5,0.0,172,,SearchFilterHost.exe,,C:\Windows\System32\SearchFilterHost.exe,6528,,363,0,7414,0,0.03125,0.015625,337,0,9.65625,2.05859375,benign
0.7947412119457734,15,0.0,970,,dwm.exe,,C:\Windows\System32\dwm.exe,6716,,3,0,87546,0,1.0625,0.953125,57965,0,65.09765625,39.8515625,benign
0.2302913478839568,12,0.0,492,,SecurityHealthService.exe,,C:\Windows\System32\SecurityHealthService.exe,6832,,0,1,0,4096,0.5,0.234375,4992,0,18.86328125,4.30078125,benign
2.3926169423661205,33,0.0,1219,"[popenfile(path='C:\\Windows\\Fonts\\seguisb.ttf', fd=-1), popenfile(path='C:\\Windows\\System32\\en-US\\KernelBase.dll.mui', fd=-1), popenfile(path='C:\\Windows\\System32\\WinMetadata\\Windows.Foundation.winmd', fd=-1), popenfile(path='C:\\Windows\\System32\\en-US\\edgehtml.dll.mui', fd=-1), popenfile(path='C:\\Windows\\System32\\WinMetadata\\Windows.UI.winmd', fd=-1), popenfile(path='C:\\Windows\\SystemApps\\Microsoft.Windows.Search_cw5n1h2txyewy\\Cortana.Search.winmd', fd=-1), popenfile(path='C:\\Windows\\System32\\en-US\\shell32.dll.mui', fd=-1), popenfile(path='C:\\Windows\\SystemApps\\Microsoft.Windows.Search_cw5n1h2txyewy\\Cortana.Internal.Search.winmd', fd=-1), popenfile(path='C:\\Windows\\System32\\WinMetadata\\Windows.Security.winmd', fd=-1), popenfile(path='C:\\Windows\\System32\\en-US\\windows.storage.dll.mui', fd=-1), popenfile(path='C:\\Windows\\System32\\WinMetadata\\Windows.Storage.winmd', fd=-1), popenfile(path='C:\\Windows\\Fonts\\simsun.ttc', fd=-1), popenfile(path='C:\\Windows\\Fonts\\segoeui.ttf', fd=-1), popenfile(path='C:\\Windows\\System32\\WinMetadata\\Windows.System.winmd', fd=-1), popenfile(path='C:\\Windows\\SystemResources\\edgehtml.dll.mun', fd=-1), popenfile(path='C:\\Windows\\System32\\WinMetadata\\Windows.ApplicationModel.winmd', fd=-1)]",SearchApp.exe,"['C:\\Windows\\SystemApps\\Microsoft.Windows.Search_cw5n1h2txyewy\\SearchApp.exe', '-ServerName:CortanaUI.AppX8z9r6jm96hw4bsbneegw0kyxx296wr9t.mca']",C:\Windows\SystemApps\Microsoft.Windows.Search_cw5n1h2txyewy\SearchApp.exe,7200,32.0,7718,2506,36484257,24740942,9.234375,2.71875,24819,0,195.98046875,128.109375,benign
0.1670077242264686,3,0.0,225,"[popenfile(path='C:\\Windows\\Registration\\R000000000006.clb', fd=-1), popenfile(path='C:\\Windows\\System32\\en-US\\propsys.dll.mui', fd=-1), popenfile(path='C:\\Windows\\System32\\en-US\\shell32.dll.mui', fd=-1)]",RuntimeBroker.exe,"['C:\\Windows\\System32\\RuntimeBroker.exe', '-Embedding']",C:\Windows\System32\RuntimeBroker.exe,7224,32.0,269,0,45182,0,0.0625,0.21875,90,0,13.6796875,2.41796875,benign
0.4665915402146683,10,0.0,516,"[popenfile(path='C:\\Windows\\System32\\WinMetadata\\Windows.UI.winmd', fd=-1), popenfile(path='C:\\Windows\\System32\\en-US\\KernelBase.dll.mui', fd=-1), popenfile(path='C:\\Windows\\Fonts\\segoeui.ttf', fd=-1)]",TextInputHost.exe,"['C:\\Windows\\SystemApps\\MicrosoftWindows.Client.CBS_cw5n1h2txyewy\\TextInputHost.exe', '-ServerName:InputApp.AppXjd5de1g66v206tj52m9d0dtpppx4cgpn.mca']",C:\Windows\SystemApps\MicrosoftWindows.Client.CBS_cw5n1h2txyewy\TextInputHost.exe,7380,32.0,2,0,27105,0,0.34375,0.109375,5861,0,38.21875,12.37109375,benign
0.3194225405108185,1,0.0,332,"[popenfile(path='C:\\Windows\\System32\\en-US\\KernelBase.dll.mui', fd=-1), popenfile(path='C:\\Windows\\Registration\\R000000000006.clb', fd=-1), popenfile(path='C:\\Windows\\System32\\en-US\\windows.storage.dll.mui', fd=-1), popenfile(path='C:\\Windows\\System32\\en-US\\propsys.dll.mui', fd=-1), popenfile(path='C:\\Windows\\System32\\en-US\\combase.dll.mui', fd=-1)]",RuntimeBroker.exe,"['C:\\Windows\\System32\\RuntimeBroker.exe', '-Embedding']",C:\Windows\System32\RuntimeBroker.exe,7764,32.0,44,10,88966,17508,0.25,0.25,51,0,26.1640625,4.26171875,benign
0.1765932617962916,6,0.0,243,"[popenfile(path='C:\\Windows\\Registration\\R000000000006.clb', fd=-1), popenfile(path='C:\\Windows\\Fonts\\StaticCache.dat', fd=-1), popenfile(path='C:\\Windows\\System32\\en-US\\notepad.exe.mui', fd=-1), popenfile(path='C:\\Windows\\SystemResources\\notepad.exe.mun', fd=-1)]",notepad.exe,['C:\\Windows\\system32\\notepad.exe'],C:\Windows\System32\notepad.exe,7812,32.0,2,0,9692,0,0.109375,0.296875,3006,0,14.46484375,2.97265625,benign
0.8302696969682518,9,0.0,613,"[popenfile(path='C:\\Windows\\System32\\en-US\\KernelBase.dll.mui', fd=-1), popenfile(path='C:\\Windows\\System32\\en-US\\windows.ui.xaml.dll.mui', fd=-1), popenfile(path='C:\\Windows\\Fonts\\segmdl2.ttf', fd=-1), popenfile(path='C:\\Windows\\Fonts\\segoeuib.ttf', fd=-1), popenfile(path='C:\\Windows\\System32\\en-US\\windows.storage.dll.mui', fd=-1), popenfile(path='C:\\Users\\sctest12\\AppData\\Local\\Packages\\Microsoft.Windows.StartMenuExperienceHost_cw5n1h2txyewy\\TempState\\TileCache_100_3_PNGEncoded_Data.bin', fd=-1), popenfile(path='C:\\Windows\\SystemResources\\Windows.UI.ShellCommon\\StartUI\\Assets\\Fonts\\BitMDL2.ttf', fd=-1), popenfile(path='C:\\Windows\\Fonts\\segoeui.ttf', fd=-1), popenfile(path='C:\\Users\\sctest12\\AppData\\Local\\Packages\\Microsoft.Windows.StartMenuExperienceHost_cw5n1h2txyewy\\TempState\\TileCache_100_3_PNGEncoded_Header.bin', fd=-1), popenfile(path='C:\\Windows\\System32\\en-US\\Windows.Globalization.dll.mui', fd=-1)]",StartMenuExperienceHost.exe,"['C:\\Windows\\SystemApps\\Microsoft.Windows.StartMenuExperienceHost_cw5n1h2txyewy\\StartMenuExperienceHost.exe', '-ServerName:App.AppXywbrabmsek0gm3tkwpr5kwzbs55tkqay.mca']",C:\Windows\SystemApps\Microsoft.Windows.StartMenuExperienceHost_cw5n1h2txyewy\StartMenuExperienceHost.exe,7888,32.0,24,349,108136,78546,1.140625,0.5625,2827,0,68.0078125,23.69140625,benign
0.2190843760983428,6,0.0,251,"[popenfile(path='C:\\Windows\\Registration\\R000000000006.clb', fd=-1), popenfile(path='C:\\Windows\\System32\\en-US\\svchost.exe.mui', fd=-1)]",svchost.exe,"['C:\\Windows\\system32\\svchost.exe', '-k', 'ClipboardSvcGroup', '-p', '-s', 'cbdhsvc']",C:\Windows\System32\svchost.exe,8028,32.0,0,0,0,0,0.015625,0.03125,1831,0,17.9453125,3.1953125,benign
0.1739226642644006,7,0.0,254,"[popenfile(path='C:\\Windows\\System32\\en-US\\ESENT.dll.mui', fd=-1), popenfile(path='C:\\Users\\sctest12\\AppData\\Local\\Packages\\Microsoft.Windows.Search_cw5n1h2txyewy\\AppData\\CacheStorage\\CacheStorage.jfm', fd=-1), popenfile(path='C:\\Users\\sctest12\\AppData\\Local\\Microsoft\\Internet Explorer\\CacheStorage\\edbtmp.log', fd=-1), popenfile(path='C:\\Users\\sctest12\\AppData\\Local\\Packages\\Microsoft.Windows.Search_cw5n1h2txyewy\\AppData\\CacheStorage\\CacheStorage.edb', fd=-1), popenfile(path='C:\\Windows\\Registration\\R000000000006.clb', fd=-1), popenfile(path='C:\\Users\\sctest12\\AppData\\Local\\Packages\\Microsoft.Windows.Search_cw5n1h2txyewy\\AppData\\Indexed DB\\edb.log', fd=-1), popenfile(path='C:\\Users\\sctest12\\AppData\\Local\\Packages\\Microsoft.Windows.Search_cw5n1h2txyewy\\AppData\\Indexed DB\\IndexedDB.edb', fd=-1), popenfile(path='C:\\Users\\sctest12\\AppData\\Local\\Packages\\Microsoft.Windows.Search_cw5n1h2txyewy\\AppData\\Indexed DB\\IndexedDB.jfm', fd=-1), popenfile(path='C:\\Users\\sctest12\\AppData\\Local\\Microsoft\\Internet Explorer\\CacheStorage\\edb.log', fd=-1)]",dllhost.exe,"['C:\\Windows\\system32\\DllHost.exe', '/Processid:{973D20D7-562D-44B9-B70B-5A0F49CCDF3F}']",C:\Windows\System32\dllhost.exe,8288,32.0,36,206,2737118,10387456,0.09375,0.046875,1118,0,14.24609375,4.5078125,benign
0.3446501493388602,2,0.0,315,"[popenfile(path='C:\\Windows\\Registration\\R000000000006.clb', fd=-1), popenfile(path='C:\\Windows\\Fonts\\StaticCache.dat', fd=-1), popenfile(path='C:\\Windows\\System32\\en-US\\ApplicationFrame.dll.mui', fd=-1)]",ApplicationFrameHost.exe,"['C:\\Windows\\system32\\ApplicationFrameHost.exe', '-Embedding']",C:\Windows\System32\ApplicationFrameHost.exe,8504,32.0,10,0,18729,0,0.015625,0.0625,435,0,28.23046875,6.6796875,benign
0.2968655292146678,10,0.0,485,"[popenfile(path='C:\\Windows\\System32\\en-US\\KernelBase.dll.mui', fd=-1), popenfile(path='C:\\Windows\\System32\\WinMetadata\\Windows.UI.Xaml.winmd', fd=-1), popenfile(path='C:\\Windows\\System32\\en-US\\Windows.Security.Authentication.Web.Core.dll.mui', fd=-1), popenfile(path='C:\\Windows\\Fonts\\segoeui.ttf', fd=-1), popenfile(path='C:\\Windows\\System32\\WinMetadata\\Windows.ApplicationModel.winmd', fd=-1)]",WinStore.App.exe,"['C:\\Program Files\\WindowsApps\\Microsoft.WindowsStore_11910.1002.5.0_x64__8wekyb3d8bbwe\\WinStore.App.exe', '-ServerName:App.AppXc75wvwned5vhz4xyxxecvgdjhdkgsdza.mca']",C:\Program Files\WindowsApps\Microsoft.WindowsStore_11910.1002.5.0_x64__8wekyb3d8bbwe\WinStore.App.exe,8520,32.0,0,0,0,0,0.421875,0.171875,951,0,24.31640625,18.50390625,benign
0.3289126995973597,16,0.0,519,"[popenfile(path='C:\\Users\\sctest12\\AppData\\Local\\Packages\\Microsoft.Windows.Photos_8wekyb3d8bbwe\\LocalState\\MediaDb.v1.sqlite', fd=-1), popenfile(path='C:\\Windows\\System32\\en-US\\KernelBase.dll.mui', fd=-1), popenfile(path='C:\\Windows\\System32\\en-US\\windows.storage.dll.mui', fd=-1), popenfile(path='C:\\Windows\\System32\\WinMetadata\\Windows.Storage.winmd', fd=-1), popenfile(path='C:\\Users\\sctest12\\AppData\\Local\\Packages\\Microsoft.Windows.Photos_8wekyb3d8bbwe\\LocalState\\MediaDb.v1.sqlite-wal', fd=-1), popenfile(path='C:\\Users\\sctest12\\AppData\\Local\\Packages\\Microsoft.Windows.Photos_8wekyb3d8bbwe\\LocalState\\PhotosAppTracing_startedInBGMode.etl', fd=-1), popenfile(path='C:\\Windows\\Fonts\\segoeui.ttf', fd=-1), popenfile(path='C:\\Users\\sctest12\\AppData\\Local\\Packages\\Microsoft.Windows.Photos_8wekyb3d8bbwe\\LocalState\\MediaDb.v1.sqlite-shm', fd=-1)]",Microsoft.Photos.exe,"['C:\\Program Files\\WindowsApps\\Microsoft.Windows.Photos_2019.19071.12548.0_x64__8wekyb3d8bbwe\\Microsoft.Photos.exe', '-ServerName:App.AppXzst44mncqdg84v7sv6p7yznqwssy6f7f.mca']",C:\Program Files\WindowsApps\Microsoft.Windows.Photos_2019.19071.12548.0_x64__8wekyb3d8bbwe\Microsoft.Photos.exe,8568,32.0,234,649,906032,1396828,0.625,0.578125,1965,0,26.94140625,23.90625,benign
0.1163617496038216,1,0.0,163,"[popenfile(path='C:\\Windows\\Registration\\R000000000006.clb', fd=-1), popenfile(path='C:\\Windows\\System32\\en-US\\securityhealthsso.dll.mui', fd=-1)]",SecurityHealthSystray.exe,['C:\\Windows\\System32\\SecurityHealthSystray.exe'],C:\Windows\System32\SecurityHealthSystray.exe,8816,32.0,1,0,5331,0,0.0,0.046875,225,0,9.53125,1.6796875,benign
0.4079814622379893,14,0.0,467,"[popenfile(path='C:\\Users\\sctest12\\AppData\\Local\\Microsoft\\OneDrive\\setup\\logs\\Update_2025-11-13_155418_2274-c1c.log', fd=-1), popenfile(path='C:\\Windows\\System32\\en-US\\KernelBase.dll.mui', fd=-1), popenfile(path='C:\\Users\\sctest12\\AppData\\Local\\Temp\\aria-debug-9184.log', fd=-1), popenfile(path='C:\\Users\\sctest12\\AppData\\Local\\Microsoft\\OneDrive\\logs\\Personal\\SyncEngine-2025-11-13.1554.8820.1.aodl', fd=-1), popenfile(path='C:\\Windows\\Registration\\R000000000006.clb', fd=-1), popenfile(path='C:\\Users\\sctest12\\AppData\\Local\\Temp\\aria-debug-8820.log', fd=-1), popenfile(path='C:\\Users\\sctest12\\AppData\\Local\\Microsoft\\OneDrive\\logs\\Personal\\TraceCurrent.0304.0013.etl', fd=-1), popenfile(path='C:\\Users\\sctest12\\AppData\\Local\\Temp\\aria-debug-6264.log', fd=-1), popenfile(path='C:\\Users\\sctest12\\AppData\\Local\\Microsoft\\OneDrive\\19.043.0304.0013\\en\\FileSync.LocalizedResources.dll.mui', fd=-1)]",OneDrive.exe,"['', '/setautostart', '/background']",C:\Users\sctest12\AppData\Local\Microsoft\OneDrive\OneDrive.exe,8820,32.0,27,743,320,228603,0.09375,0.28125,614,0,33.41796875,8.48828125,benign
0.2578557295524031,5,0.0,313,"[popenfile(path='C:\\Windows\\System32\\en-US\\user32.dll.mui', fd=-1), popenfile(path='C:\\Windows\\System32\\en-US\\MMDevAPI.dll.mui', fd=-1), popenfile(path='C:\\Windows\\System32\\en-US\\Conhost.exe.mui', fd=-1), popenfile(path='C:\\Windows\\Fonts\\StaticCache.dat', fd=-1), popenfile(path='C:\\Windows\\System32\\en-US\\winmm.dll.mui', fd=-1), popenfile(path='C:\\Windows\\Registration\\R000000000006.clb', fd=-1), popenfile(path='C:\\Windows\\System32\\en-US\\wdmaud.drv.mui', fd=-1), popenfile(path='C:\\Windows\\System32\\en-US\\propsys.dll.mui', fd=-1)]",conhost.exe,"['\\??\\C:\\Windows\\system32\\conhost.exe', '0x4']",C:\Windows\System32\conhost.exe,8824,32.0,19,0,207527,0,0.1875,0.171875,5909,0,21.12109375,9.140625,benign
0.065000436356561,1,0.0,87,"[popenfile(path='C:\\Windows\\System32\\en-US\\cmd.exe.mui', fd=-1), popenfile(path='C:\\Windows\\System32\\en-US\\KernelBase.dll.mui', fd=-1)]",cmd.exe,['C:\\Windows\\system32\\cmd.exe'],C:\Windows\System32\cmd.exe,8836,32.0,1,0,2328,0,0.0,0.03125,871,0,5.32421875,2.36328125,benign
0.1124512317892669,1,0.0,148,"[popenfile(path='C:\\Windows\\Registration\\R000000000006.clb', fd=-1)]",RuntimeBroker.exe,"['C:\\Windows\\System32\\RuntimeBroker.exe', '-Embedding']",C:\Windows\System32\RuntimeBroker.exe,8952,32.0,1,0,8356,0,0.03125,0.015625,46,0,9.2109375,1.98828125,benign
0.3270528191733642,5,0.0,337,"[popenfile(path='C:\\Windows\\System32\\en-US\\shell32.dll.mui', fd=-1), popenfile(path='C:\\Windows\\Registration\\R000000000006.clb', fd=-1), popenfile(path='C:\\Windows\\System32\\en-US\\windows.storage.dll.mui', fd=-1), popenfile(path='C:\\Windows\\System32\\en-US\\propsys.dll.mui', fd=-1), popenfile(path='C:\\Windows\\SystemResources\\shell32.dll.mun', fd=-1)]",RuntimeBroker.exe,"['C:\\Windows\\System32\\RuntimeBroker.exe', '-Embedding']",C:\Windows\System32\RuntimeBroker.exe,9052,32.0,108,9,879771,2731,0.25,0.359375,1484,0,26.7890625,6.97265625,benign
0.0018121911823545,107,0.0,3681,[],System,[],,4,,159,863,254432,181297064,0.0,98.875,659896,0,0.1484375,0.19140625,benign
0.33678142446811,4,0.0,0,,Registry,,Registry,92,,4,2680,16384,62025728,0.0,2.28125,3554,0,27.5859375,8.7734375,benign
0.8581679033281844,4,0.0,403,"[popenfile(path='C:\\Windows\\System32\\en-US\\KernelBase.dll.mui', fd=-1), popenfile(path='C:\\Users\\sctest12\\AppData\\Local\\Temp\\_MEI76522\\base_library.zip', fd=-1), popenfile(path='C:\\Windows\\System32\\en-US\\tzres.dll.mui', fd=-1)]",generate_data.exe,"['.\\generate_data.exe', '[9160, 6536]']",C:\Users\Public\Downloads\generate_data.exe,212,32.0,891,0,10018358,0,1.203125,0.765625,3484,0,70.29296875,84.9453125,benign
0.2951487165155951,6,0.0,314,"[popenfile(path='C:\\Windows\\System32\\en-US\\windows.storage.dll.mui', fd=-1), popenfile(path='C:\\Windows\\System32\\en-US\\propsys.dll.mui', fd=-1), popenfile(path='C:\\Windows\\Registration\\R000000000006.clb', fd=-1)]",RuntimeBroker.exe,"['C:\\Windows\\System32\\RuntimeBroker.exe', '-Embedding']",C:\Windows\System32\RuntimeBroker.exe,256,32.0,1,0,13527,0,0.0625,0.140625,517,0,24.17578125,5.65625,benign
0.2417844551194162,2,0.0,273,,RuntimeBroker.exe,,C:\Windows\System32\RuntimeBroker.exe,276,,13,0,4874,0,0.015625,0.078125,120,0,19.8046875,3.07421875,benign
0.0145929079421186,2,0.0,56,,smss.exe,,C:\Windows\System32\smss.exe,300,,22,13,16804,65684,0.03125,0.171875,1187,0,1.1953125,1.03515625,benign
0.0628067312410791,11,0.0,504,,csrss.exe,,C:\Windows\System32\csrss.exe,416,,232,0,179643,0,0.046875,0.453125,9094,0,5.14453125,1.75390625,benign
0.3284834964225915,9,0.0,527,,sihost.exe,,C:\Windows\System32\sihost.exe,464,,78,0,319488,0,0.671875,0.75,2803,0,26.90625,5.640625,benign
0.1258042194487219,1,0.0,221,,svchost.exe,,C:\Windows\System32\svchost.exe,504,,2,20,8192,98304,0.140625,0.125,50,0,10.3046875,2.00390625,benign
0.0848868501208206,1,0.0,164,,wininit.exe,,C:\Windows\System32\wininit.exe,508,,2,0,9732,0,0.09375,0.078125,288,0,6.953125,1.3828125,benign
0.0656203964978928,5,0.0,36,,fontdrvhost.exe,,C:\Windows\System32\fontdrvhost.exe,580,,1,0,1846,0,0.078125,0.125,5254,0,5.375,1.75390625,benign
0.125231948549031,7,0.0,642,,services.exe,,C:\Windows\System32\services.exe,648,,3,1099,8308,2073912,1.078125,2.203125,13717,0,10.2578125,5.30078125,benign
0.2121217468187699,8,0.0,1131,,lsass.exe,,C:\Windows\System32\lsass.exe,664,,400,127,140310,655386,1.859375,2.453125,30678,0,17.375,5.49609375,benign
0.2404968455951116,4,0.0,272,"[popenfile(path='C:\\Windows\\System32\\en-US\\Conhost.exe.mui', fd=-1), popenfile(path='C:\\Windows\\Fonts\\StaticCache.dat', fd=-1), popenfile(path='C:\\Windows\\System32\\en-US\\propsys.dll.mui', fd=-1), popenfile(path='C:\\Windows\\Registration\\R000000000006.clb', fd=-1), popenfile(path='C:\\Windows\\System32\\en-US\\user32.dll.mui', fd=-1)]",conhost.exe,"['\\??\\C:\\Windows\\system32\\conhost.exe', '0x4']",C:\Windows\System32\conhost.exe,676,32.0,18,0,7449,0,0.203125,0.40625,20025,0,19.69921875,8.390625,benign
0.221135013488902,11,0.0,348,,WmiPrvSE.exe,,C:\Windows\System32\wbem\WmiPrvSE.exe,692,,895,893,945156,87344,1.953125,2.234375,24417,0,18.11328125,9.4921875,benign
0.3529480773843786,17,0.0,1678,,svchost.exe,,C:\Windows\System32\svchost.exe,772,,52,6,517120,135168,1.96875,3.640625,17010,0,28.91015625,10.87890625,benign
0.0402974091865693,5,0.0,36,,fontdrvhost.exe,,C:\Windows\System32\fontdrvhost.exe,800,,0,0,0,0,0.0,0.03125,1530,0,3.30078125,1.2265625,benign
0.2166999140162973,16,0.0,1372,,svchost.exe,,C:\Windows\System32\svchost.exe,884,,46,0,188416,0,6.875,5.125,39437,0,17.75,9.2578125,benign
0.1940952134785057,6,0.0,306,,svchost.exe,,C:\Windows\System32\svchost.exe,900,,12,8,4739,8403,0.375,0.109375,99,0,15.8984375,3.93359375,benign
0.1016257739367803,5,0.0,322,,svchost.exe,,C:\Windows\System32\svchost.exe,936,,0,0,0,0,0.25,0.515625,7497,0,8.32421875,2.40625,benign
0.1212260522511944,2,0.0,205,,svchost.exe,,C:\Windows\System32\svchost.exe,992,,0,0,0,0,0.171875,0.09375,89,0,9.9296875,2.36328125,benign
0.0762074081421749,2,0.0,192,,svchost.exe,,C:\Windows\System32\svchost.exe,1044,,0,0,0,0,0.203125,0.125,35894,0,6.2421875,1.69140625,benign
0.5825717758853627,18,0.0,633,"[popenfile(path='C:\\Windows\\System32\\en-US\\windows.storage.dll.mui', fd=-1), popenfile(path='C:\\Windows\\System32\\en-US\\combase.dll.mui', fd=-1), popenfile(path='C:\\Windows\\SystemResources\\shell32.dll.mun', fd=-1), popenfile(path='C:\\Windows\\System32\\en-US\\propsys.dll.mui', fd=-1), popenfile(path='C:\\Windows\\System32\\en-US\\shell32.dll.mui', fd=-1), popenfile(path='C:\\Windows\\Registration\\R000000000006.clb', fd=-1), popenfile(path='C:\\Windows\\System32\\en-US\\KernelBase.dll.mui', fd=-1)]",RuntimeBroker.exe,"['C:\\Windows\\System32\\RuntimeBroker.exe', '-Embedding']",C:\Windows\System32\RuntimeBroker.exe,1052,32.0,700,8,1890735,15520,2.875,4.265625,5723,0,47.71875,23.17578125,benign
0.1450229838300088,3,0.0,257,,svchost.exe,,C:\Windows\System32\svchost.exe,1076,,0,0,0,0,0.15625,0.0625,161,0,11.87890625,2.0234375,benign
0.2074958903796016,3,0.0,291,,svchost.exe,,C:\Windows\System32\svchost.exe,1084,,43,83,121331,163224,0.078125,0.140625,68,0,16.99609375,3.98046875,benign
0.0888450571770162,12,0.0,240,,svchost.exe,,C:\Windows\System32\svchost.exe,1088,,2,0,824,0,0.984375,1.25,19580,0,7.27734375,2.2890625,benign
0.1851296360500145,7,0.0,413,,svchost.exe,,C:\Windows\System32\svchost.exe,1092,,1,39,6,2036010,0.53125,0.703125,2020,0,15.1640625,5.59765625,benign
0.2902367246265813,8,0.0,351,"[popenfile(path='C:\\Windows\\System32\\en-US\\netmsg.dll.mui', fd=-1), popenfile(path='C:\\Windows\\System32\\en-US\\smartscreen.exe.mui', fd=-1), popenfile(path='C:\\Windows\\System32\\en-US\\Windows.Web.Http.dll.mui', fd=-1), popenfile(path='C:\\Windows\\System32\\WinMetadata\\Windows.Foundation.winmd', fd=-1), popenfile(path='C:\\Windows\\System32\\en-US\\wininet.dll.mui', fd=-1), popenfile(path='C:\\Windows\\Registration\\R000000000006.clb', fd=-1), popenfile(path='C:\\Windows\\System32\\en-US\\KernelBase.dll.mui', fd=-1)]",smartscreen.exe,"['C:\\Windows\\System32\\smartscreen.exe', '-Embedding']",C:\Windows\System32\smartscreen.exe,1120,32.0,3,1,11861,160,0.0625,0.109375,606,0,23.7734375,7.59765625,benign
0.1836512695591463,2,0.0,285,,svchost.exe,,C:\Windows\System32\svchost.exe,1124,,57,119,388815,1261327,0.21875,0.625,87,0,15.04296875,3.3671875,benign
0.2283837782183204,8,0.0,429,,svchost.exe,,C:\Windows\System32\svchost.exe,1180,,962,787,9541888,20269264,1.1875,1.234375,3086,0,18.70703125,16.58203125,benign
0.1235151358499582,8,0.0,296,,svchost.exe,,C:\Windows\System32\svchost.exe,1240,,0,1,0,667648,0.671875,0.578125,1571,0,10.1171875,2.8046875,benign
0.117220155953358,3,0.0,170,,SecurityHealthSystray.exe,,C:\Windows\System32\SecurityHealthSystray.exe,1272,,1,0,5045,0,0.03125,0.03125,352,0,9.6015625,1.7578125,benign
0.0888450571770162,4,0.0,137,,svchost.exe,,C:\Windows\System32\svchost.exe,1316,,0,0,0,0,0.125,0.125,191,0,7.27734375,3.18359375,benign
0.0735844998519249,3,0.0,129,,svchost.exe,,C:\Windows\System32\svchost.exe,1356,,0,0,0,0,0.03125,0.015625,111,0,6.02734375,1.41796875,benign
0.0881774077940435,1,0.0,123,,svchost.exe,,C:\Windows\System32\svchost.exe,1376,,0,0,0,0,0.03125,0.015625,65,0,7.22265625,1.37890625,benign
0.1198430642436081,5,0.0,379,,svchost.exe,,C:\Windows\System32\svchost.exe,1388,,0,0,0,0,0.140625,0.09375,263,0,9.81640625,2.23828125,benign
0.083122348180107,6,0.0,209,,svchost.exe,,C:\Windows\System32\svchost.exe,1408,,0,0,0,0,0.234375,0.25,10461,0,6.80859375,1.88671875,benign
0.1373927051674631,4,0.0,146,,svchost.exe,,C:\Windows\System32\svchost.exe,1476,,0,0,0,0,0.0,0.015625,110,0,11.25390625,1.62890625,benign
0.1368204342677722,4,0.0,311,,svchost.exe,,C:\Windows\System32\svchost.exe,1496,,0,0,0,0,0.21875,0.8125,534,0,11.20703125,3.484375,benign
0.2084019859707788,8,0.0,304,,taskhostw.exe,,C:\Windows\System32\taskhostw.exe,1508,,29,124,2087646,3321856,0.34375,0.546875,975,0,17.0703125,5.90625,benign
0.1085884032163532,7,0.0,446,,svchost.exe,,C:\Windows\System32\svchost.exe,1524,,34,0,714,0,0.4375,0.15625,1417,0,8.89453125,3.0,benign
0.1716812699072778,7,0.0,243,,svchost.exe,,C:\Windows\System32\svchost.exe,1556,,1,483,49756,4964472,1.125,16.15625,7004,0,14.0625,3.12890625,benign
0.0698170497622929,3,0.0,245,,svchost.exe,,C:\Windows\System32\svchost.exe,1580,,0,0,0,0,0.0,0.1875,1166,0,5.71875,1.2578125,benign
0.5276814587566747,10,0.0,533,,ShellExperienceHost.exe,,C:\Windows\SystemApps\ShellExperienceHost_cw5n1h2txyewy\ShellExperienceHost.exe,1648,,4,0,13882,0,0.40625,0.296875,16720,0,43.22265625,14.4296875,benign
0.1219413908758081,8,0.0,376,,svchost.exe,,C:\Windows\System32\svchost.exe,1712,,1,1,116,160,0.078125,0.09375,258,0,9.98828125,3.64453125,benign
0.0428726282351785,86,0.0,0,,MemCompression,,MemCompression,1732,,0,0,0,0,0.0,0.953125,5320,0,3.51171875,0.08984375,benign
0.0980967700553528,2,0.0,168,,svchost.exe,,C:\Windows\System32\svchost.exe,1756,,360,0,7240,0,0.078125,0.09375,301,0,8.03515625,1.74609375,benign
0.0952831047985391,2,0.0,173,,svchost.exe,,C:\Windows\System32\svchost.exe,1804,,0,0,0,0,0.078125,0.15625,210,0,7.8046875,1.65625,benign
0.1271395182146674,10,0.0,208,,svchost.exe,,C:\Windows\System32\svchost.exe,1812,,0,0,0,0,0.1875,0.125,1388,0,10.4140625,2.3359375,benign
0.1084453354914304,8,0.0,372,,svchost.exe,,C:\Windows\System32\svchost.exe,1916,,0,0,0,0,0.09375,0.09375,312,0,8.8828125,2.50390625,benign
0.1691060508586686,11,0.0,379,,svchost.exe,,C:\Windows\System32\svchost.exe,1944,,0,0,0,0,0.6875,0.375,1095,0,13.8515625,3.2421875,benign
1.191468013156508,31,0.0,827,"[popenfile(path='C:\\Windows\\System32\\en-US\\netmsg.dll.mui', fd=-1), popenfile(path='C:\\Program Files\\WindowsApps\\Microsoft.MicrosoftStickyNotes_3.6.73.0_x64__8wekyb3d8bbwe\\Assets\\ExtendedSplashScreen.png', fd=-1), popenfile(path='C:\\Windows\\System32\\WinMetadata\\Windows.Web.winmd', fd=-1), popenfile(path='C:\\Users\\sctest12\\AppData\\Local\\Packages\\Microsoft.MicrosoftStickyNotes_8wekyb3d8bbwe\\LocalState\\plum.sqlite', fd=-1), popenfile(path='C:\\Program Files\\WindowsApps\\Microsoft.MicrosoftStickyNotes_3.6.73.0_x64__8wekyb3d8bbwe\\Assets\\NewNotePlaceholder-light.png', fd=-1), popenfile(path='C:\\Windows\\System32\\WinMetadata\\Windows.Foundation.winmd', fd=-1), popenfile(path='C:\\Windows\\Fonts\\seguisb.ttf', fd=-1), popenfile(path='C:\\Windows\\System32\\en-US\\KernelBase.dll.mui', fd=-1), popenfile(path='C:\\Windows\\System32\\en-US\\windows.storage.dll.mui', fd=-1), popenfile(path='C:\\Windows\\System32\\en-US\\combase.dll.mui', fd=-1), popenfile(path='C:\\Windows\\System32\\WinMetadata\\Windows.UI.winmd', fd=-1), popenfile(path='C:\\Windows\\System32\\WinMetadata\\Windows.UI.Xaml.winmd', fd=-1), popenfile(path='C:\\Windows\\Fonts\\segoeuib.ttf', fd=-1), popenfile(path='C:\\Users\\sctest12\\AppData\\Local\\Packages\\Microsoft.MicrosoftStickyNotes_8wekyb3d8bbwe\\LocalState\\plum.sqlite-shm', fd=-1), popenfile(path='C:\\Windows\\Fonts\\calibri.ttf', fd=-1), popenfile(path='C:\\Program Files\\WindowsApps\\Microsoft.MicrosoftStickyNotes_3.6.73.0_x64__8wekyb3d8bbwe\\Assets\\SearchPlaceholder-light.png', fd=-1), popenfile(path='C:\\Windows\\System32\\en-US\\windows.applicationmodel.datatransfer.dll.mui', fd=-1), popenfile(path='C:\\Windows\\System32\\en-US\\windows.ui.xaml.dll.mui', fd=-1), popenfile(path='C:\\Users\\sctest12\\AppData\\Local\\Packages\\Microsoft.MicrosoftStickyNotes_8wekyb3d8bbwe\\LocalState\\plum.sqlite-wal', fd=-1), popenfile(path='C:\\Windows\\Fonts\\segoeui.ttf', fd=-1), popenfile(path='C:\\Windows\\System32\\en-US\\Windows.Security.Authentication.Web.Core.dll.mui', fd=-1), popenfile(path='C:\\Windows\\System32\\WinMetadata\\Windows.System.winmd', fd=-1)]",Microsoft.Notes.exe,"['C:\\Program Files\\WindowsApps\\Microsoft.MicrosoftStickyNotes_3.6.73.0_x64__8wekyb3d8bbwe\\Microsoft.Notes.exe', '-ServerName:App.AppX495fygk72hjw82j58ny5h3nr8hpsd8vs.mca']",C:\Program Files\WindowsApps\Microsoft.MicrosoftStickyNotes_3.6.73.0_x64__8wekyb3d8bbwe\Microsoft.Notes.exe,1976,32.0,35,179,16720,353356,2.4375,1.296875,26441,0,97.59375,33.765625,benign
0.2872323024032039,9,0.0,315,"[popenfile(path='C:\\Windows\\Registration\\R000000000006.clb', fd=-1)]",RuntimeBroker.exe,"['C:\\Windows\\System32\\RuntimeBroker.exe', '-Embedding']",C:\Windows\System32\RuntimeBroker.exe,2016,32.0,0,0,0,0,0.03125,0.03125,512,0,23.52734375,4.2578125,benign
0.1468828642540043,7,0.0,156,[],backgroundTaskHost.exe,"['C:\\Windows\\system32\\backgroundTaskHost.exe', '-ServerName:MicrosoftEdge.AppXbnf56tvebb2bnpah2t4s0emv5ws4vxt1.mca']",C:\Windows\System32\backgroundTaskHost.exe,2056,32.0,1,0,4096,0,0.0,0.046875,224,0,12.03125,2.08203125,benign
0.1679615090592867,5,0.0,238,,svchost.exe,,C:\Windows\System32\svchost.exe,2076,,0,0,0,0,0.0625,0.109375,1311,0,13.7578125,2.48046875,benign
0.1123558533059851,9,0.0,410,,SearchProtocolHost.exe,,C:\Windows\System32\SearchProtocolHost.exe,2132,,180,2,1364593,248,1.125,1.0,12056,0,9.203125,3.609375,benign
0.2981531387389724,15,0.0,265,,svchost.exe,,C:\Windows\System32\svchost.exe,2152,,44760,1124,181734564,2327672,18.9375,6.390625,23456,0,24.421875,15.93359375,benign
0.1703936603829732,5,0.0,239,,dllhost.exe,,C:\Windows\System32\dllhost.exe,2240,,87,202,6086828,5087232,0.0625,0.078125,655,0,13.95703125,5.4921875,benign
0.2352510290146115,7,0.0,476,,spoolsv.exe,,C:\Windows\System32\spoolsv.exe,2260,,181,454,87964,63984,0.15625,0.375,562,0,19.26953125,5.82421875,benign
0.0902280451846026,6,0.0,180,,svchost.exe,,C:\Windows\System32\svchost.exe,2268,,0,0,0,0,1.953125,2.796875,22804,0,7.390625,2.078125,benign
0.1512225852433272,3,0.0,279,,svchost.exe,,C:\Windows\System32\svchost.exe,2284,,0,4,0,752,0.25,0.109375,99,0,12.38671875,2.5390625,benign
0.2123125037853335,12,0.0,398,,svchost.exe,,C:\Windows\System32\svchost.exe,2316,,1,2,116,32928,0.65625,1.515625,1395,0,17.390625,8.375,benign
1.463868961409389,47,0.0,2085,,explorer.exe,,C:\Windows\explorer.exe,2380,,1349,32,1038220,230876,5.0625,5.90625,103933,0,119.90625,55.0,benign
0.099098244129812,6,0.0,187,,svchost.exe,,C:\Windows\System32\svchost.exe,2392,,2171,1966,102612,193484,0.171875,0.3125,1360,0,8.1171875,2.0546875,benign
0.0892265711101435,4,0.0,129,,vm3dservice.exe,,C:\Windows\System32\vm3dservice.exe,2448,,1,0,4333,0,0.0,0.0,3486,0,7.30859375,1.6875,benign
0.1021026663531893,5,0.0,198,,svchost.exe,,C:\Windows\System32\svchost.exe,2468,,0,0,0,0,0.015625,0.046875,121,0,8.36328125,1.8359375,benign
0.4385979553714538,18,0.0,569,"[popenfile(path='C:\\Windows\\System32\\en-US\\windows.storage.dll.mui', fd=-1), popenfile(path='C:\\Windows\\System32\\en-US\\netmsg.dll.mui', fd=-1), popenfile(path='C:\\Program Files\\WindowsApps\\microsoft.windowscommunicationsapps_16005.11629.20316.0_x64__8wekyb3d8bbwe\\office.odf', fd=-1), popenfile(path='C:\\Users\\sctest12\\AppData\\Local\\Packages\\microsoft.windowscommunicationsapps_8wekyb3d8bbwe\\LocalState\\HxStore.hxd', fd=-1), popenfile(path='C:\\Program Files\\WindowsApps\\microsoft.windowscommunicationsapps_16005.11629.20316.0_x64__8wekyb3d8bbwe\\en-us\\hxcommintl.dll', fd=-1), popenfile(path='C:\\Users\\sctest12\\AppData\\Local\\Packages\\microsoft.windowscommunicationsapps_8wekyb3d8bbwe\\LocalState\\HxCommAlwaysOnLog.etl', fd=-1), popenfile(path='C:\\Windows\\System32\\en-US\\KernelBase.dll.mui', fd=-1), popenfile(path='C:\\Windows\\System32\\en-US\\wininet.dll.mui', fd=-1), popenfile(path='C:\\Windows\\System32\\WinMetadata\\Windows.ApplicationModel.winmd', fd=-1), popenfile(path='C:\\Windows\\System32\\WinMetadata\\Windows.System.winmd', fd=-1)]",HxTsr.exe,"['C:\\Program Files\\WindowsApps\\microsoft.windowscommunicationsapps_16005.11629.20316.0_x64__8wekyb3d8bbwe\\HxTsr.exe', '-ServerName:Hx.IPC.Server']",C:\Program Files\WindowsApps\microsoft.windowscommunicationsapps_16005.11629.20316.0_x64__8wekyb3d8bbwe\HxTsr.exe,2504,32.0,16,28,411234,1835008,4.84375,1.984375,53081,0,35.92578125,8.51171875,benign
0.4120827370191076,15,0.0,729,"[popenfile(path='C:\\Windows\\System32\\en-US\\propsys.dll.mui', fd=-1), popenfile(path='C:\\Windows\\System32\\en-US\\KernelBase.dll.mui', fd=-1), popenfile(path='C:\\Windows\\Registration\\R000000000006.clb', fd=-1)]",sihost.exe,['sihost.exe'],C:\Windows\System32\sihost.exe,2580,32.0,95,0,372727,0,1.140625,1.0,12705,0,33.75390625,6.80078125,benign
0.1184600762360216,7,0.0,178,,SearchFilterHost.exe,,C:\Windows\System32\SearchFilterHost.exe,2612,,363,0,7414,0,0.03125,0.03125,204,0,9.703125,2.15625,benign
0.0885589217271708,3,0.0,124,,svchost.exe,,C:\Windows\System32\svchost.exe,2624,,245,2,329311,1011,0.03125,0.0625,116,0,7.25390625,1.8359375,benign
0.4205237327895488,13,0.0,470,,OneDrive.exe,,C:\Users\sctest1\AppData\Local\Microsoft\OneDrive\OneDrive.exe,2692,,32,869,24740,171489,0.75,1.296875,945,0,34.4453125,8.6796875,benign
0.1198430642436081,5,0.0,193,,svchost.exe,,C:\Windows\System32\svchost.exe,2708,,38,0,540672,0,0.09375,0.0625,226,0,9.81640625,2.4921875,benign
0.3357322611520099,13,0.0,469,,svchost.exe,,C:\Windows\System32\svchost.exe,2720,,79,73,1859131,127926,1.375,1.203125,4296,0,27.5,12.3125,benign
0.2809373225066038,15,0.0,377,,svchost.exe,,C:\Windows\System32\svchost.exe,2736,,240,145,46357312,1222230,0.859375,0.515625,11244,0,23.01171875,17.80078125,benign
0.2531344946299529,16,0.0,398,,svchost.exe,,C:\Windows\System32\svchost.exe,2776,,9979,6456,81467028,54012692,6.40625,2.8125,14076,0,20.734375,10.6875,benign
0.1116882039230124,6,0.0,213,,svchost.exe,,C:\Windows\System32\svchost.exe,2848,,982,667,65948,136264,0.046875,0.1875,2765,0,9.1484375,2.3515625,benign
0.067098762988761,3,0.0,128,,svchost.exe,,C:\Windows\System32\svchost.exe,2868,,1,0,512,0,0.0,0.03125,124,0,5.49609375,1.2265625,benign
0.2098803524616471,12,0.0,310,,vmtoolsd.exe,,C:\Program Files\VMware\VMware Tools\vmtoolsd.exe,2884,,983,501,14636,107899,0.25,0.40625,45324,0,17.19140625,6.03515625,benign
0.0770658144917113,3,0.0,123,,vm3dservice.exe,,C:\Windows\System32\vm3dservice.exe,2892,,0,0,0,0,0.0,0.046875,3470,0,6.3125,1.53515625,benign
0.1299054942298402,2,0.0,167,,VGAuthService.exe,,C:\Program Files\VMware\VMware Tools\VMware VGAuth\VGAuthService.exe,2900,,30,22,32424,2280,0.046875,0.09375,347,0,10.640625,2.45703125,benign
1.807994529090199,25,0.0,655,,MsMpEng.exe,,C:\Program Files\Windows Defender\MsMpEng.exe,2908,,1839,4016,163119711,8330924,54.171875,15.59375,233399,0,148.09375,145.6953125,benign
0.1505549358603544,1,0.0,152,,svchost.exe,,C:\Windows\System32\svchost.exe,2920,,0,0,0,0,0.09375,0.015625,45,0,12.33203125,1.84375,benign
0.2240440572289975,4,0.0,372,,svchost.exe,,C:\Windows\System32\svchost.exe,2928,,0,2,0,184320,0.390625,0.5,61,0,18.3515625,3.17578125,benign
0.0654773287729701,2,0.0,106,,svchost.exe,,C:\Windows\System32\svchost.exe,2940,,0,0,0,0,0.0,0.03125,48,0,5.36328125,1.2109375,benign
0.128951709397022,5,0.0,369,,svchost.exe,,C:\Windows\System32\svchost.exe,3076,,1,1,116,160,0.15625,0.09375,304,0,10.5625,2.64453125,benign
0.1249935023408264,9,0.0,230,,msdtc.exe,,C:\Windows\System32\msdtc.exe,3208,,1,9,116,5075104,0.015625,0.171875,8660,0,10.23828125,2.67578125,benign
0.0891311926268617,4,0.0,129,,vm3dservice.exe,,C:\Windows\System32\vm3dservice.exe,3448,,1,0,4333,0,0.0625,0.0625,3387,0,7.30078125,1.6875,benign
1.6948756479179594,86,0.0,3025,"[popenfile(path='C:\\Users\\sctest12\\AppData\\Local\\Microsoft\\Windows\\Explorer\\thumbcache_custom_stream.db', fd=-1), popenfile(path='C:\\Users\\sctest12\\AppData\\Local\\Microsoft\\Windows\\Explorer\\iconcache_wide.db', fd=-1), popenfile(path='C:\\Windows\\System32\\en-US\\stobject.dll.mui', fd=-1), popenfile(path='C:\\Windows\\System32\\en-US\\wscui.cpl.mui', fd=-1), popenfile(path='C:\\Windows\\SystemResources\\stobject.dll.mun', fd=-1), popenfile(path='C:\\Users\\sctest12\\AppData\\Local\\Microsoft\\Windows\\Explorer\\thumbcache_32.db', fd=-1), popenfile(path='C:\\Users\\sctest12\\AppData\\Local\\Microsoft\\Windows\\Explorer\\iconcache_wide_alternate.db', fd=-1), popenfile(path='C:\\Users\\sctest12\\AppData\\Local\\Microsoft\\Windows\\Explorer\\thumbcache_wide_alternate.db', fd=-1), popenfile(path='C:\\Windows\\System32\\en-US\\InputSwitch.dll.mui', fd=-1), popenfile(path='C:\\Windows\\System32\\en-US\\ntshrui.dll.mui', fd=-1), popenfile(path='C:\\Users\\sctest12\\AppData\\Local\\Microsoft\\Windows\\Explorer\\iconcache_96.db', fd=-1), popenfile(path='C:\\Windows\\Registration\\R000000000006.clb', fd=-1), popenfile(path='C:\\Users\\sctest12\\AppData\\Local\\Microsoft\\Windows\\Explorer\\iconcache_16.db', fd=-1), popenfile(path='C:\\Users\\sctest12\\AppData\\Local\\Microsoft\\Windows\\Explorer\\thumbcache_wide.db', fd=-1), popenfile(path='C:\\Users\\sctest12\\AppData\\Local\\Microsoft\\Windows\\Explorer\\iconcache_1920.db', fd=-1), popenfile(path='C:\\Windows\\System32\\en-US\\KernelBase.dll.mui', fd=-1), popenfile(path='C:\\Users\\sctest12\\AppData\\Local\\Microsoft\\Windows\\Explorer\\thumbcache_idx.db', fd=-1), popenfile(path='C:\\Users\\sctest12\\AppData\\Local\\Microsoft\\Windows\\Explorer\\iconcache_48.db', fd=-1), popenfile(path='C:\\Users\\sctest12\\AppData\\Local\\Microsoft\\Windows\\Explorer\\thumbcache_256.db', fd=-1), popenfile(path='C:\\Windows\\System32\\en-US\\imapi2.dll.mui', fd=-1), popenfile(path='C:\\Windows\\System32\\en-US\\UIRibbon.dll.mui', fd=-1), popenfile(path='C:\\Windows\\SystemResources\\shell32.dll.mun', fd=-1), popenfile(path='C:\\Windows\\System32\\en-US\\AppResolver.dll.mui', fd=-1), popenfile(path='C:\\Windows\\System32\\en-US\\oleaccrc.dll.mui', fd=-1), popenfile(path='C:\\Users\\sctest12\\AppData\\Local\\Microsoft\\Windows\\Explorer\\thumbcache_48.db', fd=-1), popenfile(path='C:\\Users\\sctest12\\AppData\\Local\\Microsoft\\Windows\\Explorer\\thumbcache_exif.db', fd=-1), popenfile(path='C:\\Users\\sctest12\\AppData\\Local\\Microsoft\\Windows\\Explorer\\thumbcache_96.db', fd=-1), popenfile(path='C:\\Windows\\System32\\en-US\\twext.dll.mui', fd=-1), popenfile(path='C:\\Windows\\System32\\en-US\\explorerframe.dll.mui', fd=-1), popenfile(path='C:\\Windows\\System32\\en-US\\winnlsres.dll.mui', fd=-1), popenfile(path='C:\\Windows\\System32\\en-US\\windows.storage.dll.mui', fd=-1), popenfile(path='C:\\Windows\\System32\\en-US\\combase.dll.mui', fd=-1), popenfile(path='C:\\Windows\\Fonts\\StaticCache.dat', fd=-1), popenfile(path='C:\\Windows\\System32\\en-US\\bthprops.cpl.mui', fd=-1), popenfile(path='C:\\Windows\\System32\\en-US\\ieframe.dll.mui', fd=-1), popenfile(path='C:\\Windows\\System32\\en-US\\propsys.dll.mui', fd=-1), popenfile(path='C:\\Users\\sctest12\\AppData\\Local\\Microsoft\\Windows\\Explorer\\iconcache_idx.db', fd=-1), popenfile(path='C:\\Windows\\System32\\en-US\\pnidui.dll.mui', fd=-1), popenfile(path='C:\\Windows\\System32\\en-US\\themeui.dll.mui', fd=-1), popenfile(path='C:\\Users\\sctest12\\AppData\\Local\\Microsoft\\Windows\\Explorer\\iconcache_32.db', fd=-1), popenfile(path='C:\\Windows\\System32\\en-US\\NetworkExplorer.dll.mui', fd=-1), popenfile(path='C:\\Users\\sctest12\\AppData\\Local\\Microsoft\\Windows\\Explorer\\thumbcache_1280.db', fd=-1), popenfile(path='C:\\Windows\\System32\\en-US\\mpr.dll.mui', fd=-1), popenfile(path='C:\\Users\\sctest12\\AppData\\Local\\Microsoft\\Windows\\Explorer\\iconcache_1280.db', fd=-1), popenfile(path='C:\\Windows\\System32\\en-US\\shell32.dll.mui', fd=-1), popenfile(path='C:\\Windows\\System32\\en-US\\sndvolsso.dll.mui', fd=-1), popenfile(path='C:\\Program Files\\Windows Defender\\en-US\\shellext.dll.mui', fd=-1), popenfile(path='C:\\Windows\\en-US\\explorer.exe.mui', fd=-1), popenfile(path='C:\\Windows\\System32\\en-US\\dsreg.dll.mui', fd=-1), popenfile(path='C:\\Users\\sctest12\\AppData\\Local\\Microsoft\\Windows\\Explorer\\iconcache_256.db', fd=-1), popenfile(path='C:\\Users\\sctest12\\AppData\\Local\\Microsoft\\Windows\\Explorer\\thumbcache_16.db', fd=-1), popenfile(path='C:\\Windows\\SystemResources\\SndVolSSO.dll.mun', fd=-1), popenfile(path='C:\\Windows\\Fonts\\segoeui.ttf', fd=-1), popenfile(path='C:\\Users\\sctest12\\AppData\\Local\\Microsoft\\Windows\\Explorer\\thumbcache_768.db', fd=-1), popenfile(path='C:\\Users\\sctest12\\AppData\\Local\\Microsoft\\Windows\\Explorer\\iconcache_custom_stream.db', fd=-1), popenfile(path='C:\\Users\\sctest12\\AppData\\Local\\Microsoft\\Windows\\Explorer\\iconcache_exif.db', fd=-1), popenfile(path='C:\\Windows\\System32\\en-US\\crypt32.dll.mui', fd=-1), popenfile(path='C:\\Windows\\System32\\en-US\\ActionCenter.dll.mui', fd=-1), popenfile(path='C:\\Users\\sctest12\\AppData\\Local\\Microsoft\\Windows\\Explorer\\iconcache_2560.db', fd=-1), popenfile(path='C:\\Windows\\System32\\en-US\\ApplicationFrame.dll.mui', fd=-1), popenfile(path='C:\\Windows\\System32\\en-US\\hcproviders.dll.mui', fd=-1), popenfile(path='C:\\Windows\\SystemResources\\ExplorerFrame.dll.mun', fd=-1), popenfile(path='C:\\Users\\sctest12\\AppData\\Local\\Microsoft\\Windows\\Explorer\\iconcache_sr.db', fd=-1), popenfile(path='C:\\Users\\sctest12\\AppData\\Local\\Microsoft\\Windows\\Explorer\\iconcache_768.db', fd=-1), popenfile(path='C:\\Users\\sctest12\\AppData\\Local\\Microsoft\\Windows\\Explorer\\thumbcache_sr.db', fd=-1), popenfile(path='C:\\Windows\\System32\\en-US\\dui70.dll.mui', fd=-1), popenfile(path='C:\\Windows\\System32\\en-US\\twinui.pcshell.dll.mui', fd=-1), popenfile(path='C:\\Users\\sctest12\\AppData\\Local\\Microsoft\\Windows\\Explorer\\thumbcache_2560.db', fd=-1), popenfile(path='C:\\Users\\sctest12\\AppData\\Local\\Microsoft\\Windows\\Explorer\\thumbcache_1920.db', fd=-1), popenfile(path='C:\\Windows\\SystemResources\\imageres.dll.mun', fd=-1), popenfile(path='C:\\Users\\sctest12\\AppData\\Local\\Microsoft\\GameDVR\\KnownGameList.bin', fd=-1)]",explorer.exe,['C:\\Windows\\Explorer.EXE'],C:\Windows\explorer.exe,3476,32.0,3389,549,30048989,18785050,14.4375,18.53125,227611,0,138.828125,70.609375,benign
0.0096809160531048,3,0.0,211,,MicrosoftEdgeUpdate.exe,,C:\Program Files (x86)\Microsoft\EdgeUpdate\MicrosoftEdgeUpdate.exe,3488,,0,22,0,1700,0.078125,0.03125,945,0,0.79296875,1.83984375,benign
0.2741177609519535,10,0.0,370,,svchost.exe,,C:\Windows\System32\svchost.exe,3620,,0,0,0,0,1.140625,0.640625,1808,0,22.453125,3.95703125,benign
0.2364909492972751,13,0.0,551,,csrss.exe,,C:\Windows\System32\csrss.exe,3700,,19802,0,1274475,0,0.3125,1.765625,109113,0,19.37109375,3.546875,benign
0.6576346422281558,22,0.0,576,"[popenfile(path='C:\\Program Files\\WindowsApps\\microsoft.windowscommunicationsapps_16005.11629.20316.0_x64__8wekyb3d8bbwe\\images\\HxA-Generic-Light.scale-100.png', fd=-1), popenfile(path='C:\\Windows\\System32\\en-US\\windows.storage.dll.mui', fd=-1), popenfile(path='C:\\Program Files\\WindowsApps\\microsoft.windowscommunicationsapps_16005.11629.20316.0_x64__8wekyb3d8bbwe\\images\\HxA-Advanced-Light.scale-100.png', fd=-1), popenfile(path='C:\\Windows\\Fonts\\segoeui.ttf', fd=-1), popenfile(path='C:\\Program Files\\WindowsApps\\microsoft.windowscommunicationsapps_16005.11629.20316.0_x64__8wekyb3d8bbwe\\en-us\\hxcommintl.dll', fd=-1), popenfile(path='C:\\Program Files\\WindowsApps\\microsoft.windowscommunicationsapps_16005.11629.20316.0_x64__8wekyb3d8bbwe\\HxOutlook.Resources.dll', fd=-1), popenfile(path='C:\\Program Files\\WindowsApps\\microsoft.windowscommunicationsapps_16005.11629.20316.0_x64__8wekyb3d8bbwe\\images\\HxA-Outlook.scale-100.png', fd=-1), popenfile(path='C:\\Windows\\System32\\en-US\\windows.ui.xaml.dll.mui', fd=-1), popenfile(path='C:\\Program Files\\WindowsApps\\microsoft.windowscommunicationsapps_16005.11629.20316.0_x64__8wekyb3d8bbwe\\images\\HxA-Exchange.scale-100.png', fd=-1), popenfile(path='C:\\Windows\\System32\\en-US\\KernelBase.dll.mui', fd=-1), popenfile(path='C:\\Program Files\\WindowsApps\\microsoft.windowscommunicationsapps_16005.11629.20316.0_x64__8wekyb3d8bbwe\\en-us\\hxoutlookintl.dll', fd=-1), popenfile(path='C:\\Users\\sctest12\\AppData\\Local\\Packages\\microsoft.windowscommunicationsapps_8wekyb3d8bbwe\\LocalState\\HxAccountsAlwaysOnLog.etl', fd=-1), popenfile(path='C:\\Windows\\System32\\en-US\\Windows.Security.Authentication.Web.Core.dll.mui', fd=-1), popenfile(path='C:\\Program Files\\WindowsApps\\microsoft.windowscommunicationsapps_16005.11629.20316.0_x64__8wekyb3d8bbwe\\images\\HxA-Yahoo-Light.scale-100.png', fd=-1), popenfile(path='C:\\Windows\\System32\\WinMetadata\\Windows.System.winmd', fd=-1), popenfile(path='C:\\Program Files\\WindowsApps\\microsoft.windowscommunicationsapps_16005.11629.20316.0_x64__8wekyb3d8bbwe\\images\\HxA-Google.scale-100.png', fd=-1)]",HxAccounts.exe,"['C:\\Program Files\\WindowsApps\\microsoft.windowscommunicationsapps_16005.11629.20316.0_x64__8wekyb3d8bbwe\\HxAccounts.exe', '-ServerName:microsoft.windowslive.manageaccounts.AppXdbf3yp5apt3t7q877db3gnz5zqpf71zj.mca']",C:\Program Files\WindowsApps\microsoft.windowscommunicationsapps_16005.11629.20316.0_x64__8wekyb3d8bbwe\HxAccounts.exe,3712,32.0,0,1,0,65536,0.234375,0.28125,1240,0,53.8671875,16.703125,benign
0.0973814314307392,3,0.0,180,,svchost.exe,,C:\Windows\System32\svchost.exe,3768,,297,0,6066,0,0.0625,0.0625,189,0,7.9765625,1.734375,benign
0.1685337799589777,11,0.0,268,,dllhost.exe,,C:\Windows\System32\dllhost.exe,3836,,4281,7,2094377,3745,0.203125,0.140625,7540,0,13.8046875,3.87109375,benign
0.1469305534956452,38,0.0,963,,SkypeApp.exe,,C:\Program Files\WindowsApps\Microsoft.SkypeApp_14.53.77.0_x64__kzf8qxf38zg5c\SkypeApp.exe,3852,,13,58,28563724,28487787,22.75,4.828125,7585,0,12.03515625,112.4921875,benign
0.5176667180120835,19,0.0,657,"[popenfile(path='C:\\Windows\\SystemResources\\Taskmgr.exe.mun', fd=-1), popenfile(path='C:\\Windows\\Fonts\\StaticCache.dat', fd=-1), popenfile(path='C:\\Windows\\System32\\en-US\\Taskmgr.exe.mui', fd=-1), popenfile(path='C:\\Windows\\System32\\en-US\\propsys.dll.mui', fd=-1), popenfile(path='C:\\Users\\sctest12\\AppData\\Local\\Microsoft\\Windows\\Explorer\\iconcache_idx.db', fd=-1), popenfile(path='C:\\Windows\\System32\\en-US\\oleaccrc.dll.mui', fd=-1), popenfile(path='C:\\Windows\\Registration\\R000000000006.clb', fd=-1), popenfile(path='C:\\Users\\sctest12\\AppData\\Local\\Microsoft\\Windows\\Explorer\\iconcache_16.db', fd=-1)]",Taskmgr.exe,"['C:\\Windows\\system32\\taskmgr.exe', '/7']",C:\Windows\System32\Taskmgr.exe,4004,32.0,248,2,892954,8,1.953125,3.484375,58319,0,42.40234375,19.796875,benign
0.160903501296432,1,0.0,214,,RuntimeBroker.exe,,C:\Windows\System32\RuntimeBroker.exe,4216,,165,0,30497,0,0.03125,0.078125,54,0,13.1796875,2.19140625,benign
0.0747767308929476,2,0.0,106,,svchost.exe,,C:\Windows\System32\svchost.exe,4252,,0,0,0,0,0.0625,0.0,56,0,6.125,1.234375,benign
0.0544611139539197,1,0.0,74,"[popenfile(path='C:\\Windows\\System32\\en-US\\cmd.exe.mui', fd=-1)]",cmd.exe,['C:\\Windows\\system32\\cmd.exe'],C:\Windows\System32\cmd.exe,4320,32.0,0,0,0,0,0.015625,0.0,298,0,4.4609375,2.73046875,benign
0.2228518261879747,8,0.0,304,"[popenfile(path='C:\\Users\\sctest12\\AppData\\Local\\ConnectedDevicesPlatform\\L.sctest12\\ActivitiesCache.db-shm', fd=-1), popenfile(path='C:\\Windows\\System32\\en-US\\crypt32.dll.mui', fd=-1), popenfile(path='C:\\Windows\\System32\\en-US\\svchost.exe.mui', fd=-1), popenfile(path='C:\\Users\\sctest12\\AppData\\Local\\ConnectedDevicesPlatform\\L.sctest12\\ActivitiesCache.db', fd=-1), popenfile(path='C:\\Users\\sctest12\\AppData\\Local\\ConnectedDevicesPlatform\\L.sctest12\\ActivitiesCache.db-wal', fd=-1), popenfile(path='C:\\Windows\\Registration\\R000000000006.clb', fd=-1), popenfile(path='C:\\Windows\\System32\\en-US\\KernelBase.dll.mui', fd=-1)]",svchost.exe,"['C:\\Windows\\system32\\svchost.exe', '-k', 'UnistackSvcGroup', '-s', 'CDPUserSvc']",C:\Windows\System32\svchost.exe,4392,32.0,15,1485,17205,3021395,0.328125,0.21875,1736,0,18.25390625,4.62890625,benign
0.3116491941233501,5,0.0,334,"[popenfile(path='C:\\Users\\sctest12\\AppData\\Local\\Microsoft\\Windows\\Notifications\\wpndatabase.db-shm', fd=-1), popenfile(path='C:\\Users\\sctest12\\AppData\\Local\\Microsoft\\Windows\\Notifications\\WPNPRMRY.tmp', fd=-1), popenfile(path='C:\\Windows\\System32\\en-US\\svchost.exe.mui', fd=-1), popenfile(path='C:\\Windows\\System32\\en-US\\QuietHours.dll.mui', fd=-1), popenfile(path='C:\\Users\\sctest12\\AppData\\Local\\Microsoft\\Windows\\Notifications\\wpndatabase.db-wal', fd=-1), popenfile(path='C:\\Windows\\Registration\\R000000000006.clb', fd=-1), popenfile(path='C:\\Windows\\System32\\en-US\\KernelBase.dll.mui', fd=-1), popenfile(path='C:\\Users\\sctest12\\AppData\\Local\\Microsoft\\Windows\\Notifications\\wpndatabase.db', fd=-1)]",svchost.exe,"['C:\\Windows\\system32\\svchost.exe', '-k', 'UnistackSvcGroup', '-s', 'WpnUserService']",C:\Windows\System32\svchost.exe,4416,32.0,61,3358,246276,7023844,0.421875,0.25,999,0,25.52734375,5.5625,benign
0.2719240558364716,2,0.0,248,,RuntimeBroker.exe,,C:\Windows\System32\RuntimeBroker.exe,4444,,1,0,7611,0,0.15625,0.171875,167,0,22.2734375,5.11328125,benign
0.3198994329272276,3,0.0,335,,RuntimeBroker.exe,,C:\Windows\System32\RuntimeBroker.exe,4452,,16,1,19434,160,0.125,0.1875,75,0,26.203125,4.2109375,benign
0.4226220594217488,7,0.0,446,,vmtoolsd.exe,,C:\Program Files\VMware\VMware Tools\vmtoolsd.exe,4500,,1235,101,3702059,8694,2.984375,1.5,30208,0,34.6171875,15.91796875,benign
0.2068282409966288,10,0.0,314,"[popenfile(path='C:\\Windows\\System32\\en-US\\ESENT.dll.mui', fd=-1), popenfile(path='C:\\Users\\sctest12\\AppData\\Local\\Microsoft\\Windows\\WebCache\\V01.log', fd=-1), popenfile(path='C:\\Windows\\System32\\en-US\\MMDevAPI.dll.mui', fd=-1), popenfile(path='C:\\Windows\\System32\\en-US\\taskhostw.exe.mui', fd=-1), popenfile(path='C:\\Windows\\System32\\en-US\\wdmaud.drv.mui', fd=-1), popenfile(path='C:\\Windows\\System32\\en-US\\winmm.dll.mui', fd=-1), popenfile(path='C:\\Users\\sctest12\\AppData\\Local\\Microsoft\\Windows\\WebCache\\V01tmp.log', fd=-1), popenfile(path='C:\\Users\\sctest12\\AppData\\Local\\Microsoft\\Windows\\WebCache\\WebCacheV01.jfm', fd=-1), popenfile(path='C:\\Users\\sctest12\\AppData\\Local\\Microsoft\\Windows\\WebCache\\WebCacheV01.dat', fd=-1), popenfile(path='C:\\Windows\\Registration\\R000000000006.clb', fd=-1), popenfile(path='C:\\Users\\sctest12\\AppData\\Local\\Microsoft\\Windows\\WebCacheLock.dat', fd=-1), popenfile(path='C:\\Windows\\System32\\en-US\\MsCtfMonitor.dll.mui', fd=-1)]",taskhostw.exe,"['taskhostw.exe', '{222A245B-E637-4AE9-A93F-A59CA119A75E}']",C:\Windows\System32\taskhostw.exe,4584,32.0,6,273,743301,7558413,1.71875,0.890625,18424,0,16.94140625,5.921875,benign
0.8224486613391426,14,0.0,637,,StartMenuExperienceHost.exe,,C:\Windows\SystemApps\Microsoft.Windows.StartMenuExperienceHost_cw5n1h2txyewy\StartMenuExperienceHost.exe,4592,,45,0,151244,0,1.171875,0.59375,4476,0,67.3671875,19.41796875,benign
0.019171075139646,4,0.0,144,,SkypeBackgroundHost.exe,,C:\Program Files\WindowsApps\Microsoft.SkypeApp_14.53.77.0_x64__kzf8qxf38zg5c\SkypeBackgroundHost.exe,4604,,0,0,0,0,0.046875,0.015625,117,0,1.5703125,1.79296875,benign
0.4709789504456321,10,0.0,508,,TextInputHost.exe,,C:\Windows\SystemApps\MicrosoftWindows.Client.CBS_cw5n1h2txyewy\TextInputHost.exe,4612,,3,0,31201,0,0.234375,0.171875,24072,0,38.578125,12.43359375,benign
0.1049163316100031,4,0.0,181,,NisSrv.exe,,C:\Program Files\Windows Defender\NisSrv.exe,4716,,0,0,0,0,0.0625,0.109375,287,0,8.59375,3.70703125,benign
0.9307509291056502,32,0.0,829,"[popenfile(path='C:\\Program Files\\WindowsApps\\microsoft.windowscommunicationsapps_16005.11629.20316.0_x64__8wekyb3d8bbwe\\images\\HxA-Outlook.scale-100.png', fd=-1), popenfile(path='C:\\Program Files\\WindowsApps\\microsoft.windowscommunicationsapps_16005.11629.20316.0_x64__8wekyb3d8bbwe\\images\\offsym.ttf', fd=-1), popenfile(path='C:\\Program Files\\WindowsApps\\microsoft.windowscommunicationsapps_16005.11629.20316.0_x64__8wekyb3d8bbwe\\images\\FR_Back_Landscape_Med_1920x1080.jpg', fd=-1), popenfile(path='C:\\Windows\\System32\\en-US\\KernelBase.dll.mui', fd=-1), popenfile(path='C:\\Program Files\\WindowsApps\\microsoft.windowscommunicationsapps_16005.11629.20316.0_x64__8wekyb3d8bbwe\\en-us\\hxcommintl.dll', fd=-1), popenfile(path='C:\\Windows\\Fonts\\segoeuil.ttf', fd=-1), popenfile(path='C:\\Program Files\\WindowsApps\\microsoft.windowscommunicationsapps_16005.11629.20316.0_x64__8wekyb3d8bbwe\\images\\offsymsb.ttf', fd=-1), popenfile(path='C:\\Windows\\Fonts\\segoeuisl.ttf', fd=-1), popenfile(path='C:\\Users\\sctest12\\AppData\\Local\\Packages\\microsoft.windowscommunicationsapps_8wekyb3d8bbwe\\LocalState\\HxmAlwaysOnLog.etl', fd=-1), popenfile(path='C:\\Program Files\\WindowsApps\\microsoft.windowscommunicationsapps_16005.11629.20316.0_x64__8wekyb3d8bbwe\\images\\HxA-Yahoo-Light.scale-100.png', fd=-1), popenfile(path='C:\\Program Files\\WindowsApps\\microsoft.windowscommunicationsapps_16005.11629.20316.0_x64__8wekyb3d8bbwe\\en-us\\msointl30_winrt.dll', fd=-1), popenfile(path='C:\\Program Files\\WindowsApps\\microsoft.windowscommunicationsapps_16005.11629.20316.0_x64__8wekyb3d8bbwe\\images\\offsymsl.ttf', fd=-1), popenfile(path='C:\\Program Files\\WindowsApps\\microsoft.windowscommunicationsapps_16005.11629.20316.0_x64__8wekyb3d8bbwe\\en-us\\msointlimm.dll', fd=-1), popenfile(path='C:\\Windows\\System32\\en-US\\windows.storage.dll.mui', fd=-1), popenfile(path='C:\\Windows\\System32\\WinMetadata\\Windows.UI.winmd', fd=-1), popenfile(path='C:\\Program Files\\WindowsApps\\microsoft.windowscommunicationsapps_16005.11629.20316.0_x64__8wekyb3d8bbwe\\HxOutlook.Resources.dll', fd=-1), popenfile(path='C:\\Program Files\\WindowsApps\\microsoft.windowscommunicationsapps_16005.11629.20316.0_x64__8wekyb3d8bbwe\\msoimm.dll', fd=-1), popenfile(path='C:\\Program Files\\WindowsApps\\microsoft.windowscommunicationsapps_16005.11629.20316.0_x64__8wekyb3d8bbwe\\en-us\\hxoutlookintl.dll', fd=-1), popenfile(path='C:\\Program Files\\WindowsApps\\microsoft.windowscommunicationsapps_16005.11629.20316.0_x64__8wekyb3d8bbwe\\images\\HxA-Google.scale-100.png', fd=-1), popenfile(path='C:\\Program Files\\WindowsApps\\microsoft.windowscommunicationsapps_16005.11629.20316.0_x64__8wekyb3d8bbwe\\office.odf', fd=-1), popenfile(path='C:\\Windows\\Fonts\\segoeui.ttf', fd=-1), popenfile(path='C:\\Windows\\System32\\WinMetadata\\Windows.System.winmd', fd=-1)]",HxOutlook.exe,"['C:\\Program Files\\WindowsApps\\microsoft.windowscommunicationsapps_16005.11629.20316.0_x64__8wekyb3d8bbwe\\HxOutlook.exe', '-ServerName:microsoft.windowslive.mail.AppXfbjsbkxvprcgqg6q4c9jfr0pn3kv9x5s.mca']",C:\Program Files\WindowsApps\microsoft.windowscommunicationsapps_16005.11629.20316.0_x64__8wekyb3d8bbwe\HxOutlook.exe,4796,32.0,2,1,8192,65536,0.453125,0.3125,2971,0,76.23828125,31.35546875,benign
0.1684384014756959,6,0.0,340,,svchost.exe,,C:\Windows\System32\svchost.exe,4800,,3,0,38085,0,0.140625,0.109375,680,0,13.796875,3.62890625,benign
0.0781149778078114,3,0.0,149,,svchost.exe,,C:\Windows\System32\svchost.exe,4840,,0,0,0,0,0.015625,0.078125,67,0,6.3984375,1.62109375,benign
0.1178401160946898,7,0.0,230,,svchost.exe,,C:\Windows\System32\svchost.exe,4864,,1,0,63940,0,0.15625,0.09375,265,0,9.65234375,4.1953125,benign
0.1436876850640633,4,0.0,168,,audiodg.exe,"['C:\\Windows\\system32\\AUDIODG.EXE', '0x2ec']",C:\Windows\System32\audiodg.exe,4984,32.0,1,0,5233,0,0.09375,9.484375,255,0,11.76953125,6.14453125,benign
0.0831700374217479,7,0.0,105,,SgrmBroker.exe,,C:\Windows\System32\SgrmBroker.exe,5032,,2,0,80480,0,0.125,0.046875,3716,0,6.8125,3.96484375,benign
0.3135567637889865,13,0.0,550,"[popenfile(path='C:\\Users\\sctest12\\AppData\\Local\\Comms\\UnistoreDB\\tmp.edb', fd=-1), popenfile(path='C:\\Windows\\System32\\en-US\\ESENT.dll.mui', fd=-1), popenfile(path='C:\\Users\\sctest12\\AppData\\Local\\Comms\\UnistoreDB\\USStmp.jtx', fd=-1), popenfile(path='C:\\Users\\sctest12\\AppData\\Local\\Comms\\UnistoreDB\\USS.jtx', fd=-1), popenfile(path='C:\\Windows\\System32\\en-US\\svchost.exe.mui', fd=-1), popenfile(path='C:\\Windows\\System32\\en-US\\UserDataAccessRes.dll.mui', fd=-1), popenfile(path='C:\\Users\\sctest12\\AppData\\Local\\Comms\\UnistoreDB\\store.vol', fd=-1), popenfile(path='C:\\Users\\sctest12\\AppData\\Local\\Comms\\UnistoreDB\\store.jfm', fd=-1), popenfile(path='C:\\Windows\\Registration\\R000000000006.clb', fd=-1)]",svchost.exe,"['C:\\Windows\\system32\\svchost.exe', '-k', 'UnistackSvcGroup']",C:\Windows\System32\svchost.exe,5040,32.0,12,123,3212255,14819332,0.359375,0.234375,3947,0,25.68359375,8.22265625,benign
0.1808852935439735,7,0.0,185,,svchost.exe,,C:\Windows\System32\svchost.exe,5044,,0,0,0,0,0.15625,0.03125,335,0,14.81640625,2.734375,benign
0.0378652578628829,3,0.0,151,,taskhostw.exe,,C:\Windows\System32\taskhostw.exe,5072,,0,0,0,0,0.046875,0.0,129,0,3.1015625,1.71875,benign
0.2140293164844063,4,0.0,241,,svchost.exe,,C:\Windows\System32\svchost.exe,5224,,0,0,0,0,0.03125,0.015625,3094,0,17.53125,3.0703125,benign
0.1240874067496491,3,0.0,261,,winlogon.exe,,C:\Windows\System32\winlogon.exe,5296,,2,0,15454,0,0.03125,0.078125,520,0,10.1640625,2.34375,benign
0.3045434971188545,1,0.0,269,,ApplicationFrameHost.exe,,C:\Windows\System32\ApplicationFrameHost.exe,5316,,8,0,3030,0,0.140625,0.125,110,0,24.9453125,4.27734375,benign
0.0531735044296152,5,0.0,36,,fontdrvhost.exe,,C:\Windows\System32\fontdrvhost.exe,5364,,0,0,0,0,0.046875,0.046875,3404,0,4.35546875,1.39453125,benign
0.304781943327059,3,0.0,500,,svchost.exe,,C:\Windows\System32\svchost.exe,5432,,9,135,3166208,15052804,0.390625,0.171875,309,0,24.96484375,7.3125,benign
0.3871889528825523,3,0.0,402,,svchost.exe,,C:\Windows\System32\svchost.exe,5504,,91,332,367695,682883,0.4375,0.3125,221,0,31.71484375,7.10546875,benign
0.1231813111584718,8,0.0,225,,svchost.exe,,C:\Windows\System32\svchost.exe,5652,,2,2,232,320,0.0625,0.09375,191,0,10.08984375,2.48828125,benign
0.1292378448468674,8,0.0,175,,svchost.exe,,C:\Windows\System32\svchost.exe,5668,,1,0,5061,0,0.28125,0.140625,2858,0,10.5859375,2.28515625,benign
0.1244212314411355,3,0.0,277,,winlogon.exe,,C:\Windows\System32\winlogon.exe,5708,,1,0,9728,0,0.0625,0.109375,505,0,10.19140625,2.29296875,benign
0.144927605346727,3,0.0,232,,svchost.exe,,C:\Windows\System32\svchost.exe,5724,,0,0,0,0,0.109375,0.015625,101,0,11.87109375,2.43359375,benign
0.3333954883116053,20,0.0,822,,SearchIndexer.exe,,C:\Windows\System32\SearchIndexer.exe,5756,,2797,2787,3097826,20914562,6.234375,2.125,28817,0,27.30859375,27.29296875,benign
0.2507500325479074,11,0.0,460,,ctfmon.exe,['ctfmon.exe'],C:\Windows\System32\ctfmon.exe,5764,128.0,0,0,0,0,0.765625,1.78125,39930,0,20.5390625,4.03125,benign
0.7050377484192208,15,0.0,973,,dwm.exe,,C:\Windows\System32\dwm.exe,5860,,2,0,72092,0,1.359375,0.984375,32112,0,57.75,35.80859375,benign
0.3498959659193603,4,0.0,441,,RuntimeBroker.exe,,C:\Windows\System32\RuntimeBroker.exe,5868,,271,2,58067,248,0.25,0.625,428,0,28.66015625,7.734375,benign
0.1040102360188258,6,0.0,173,,svchost.exe,,C:\Windows\System32\svchost.exe,5880,,0,1,0,4096,0.078125,0.0,77,0,8.51953125,1.9921875,benign
1.6216726619991615,26,0.0,976,,SearchApp.exe,,C:\Windows\SystemApps\Microsoft.Windows.Search_cw5n1h2txyewy\SearchApp.exe,5908,,2200,335,11360356,4137458,1.75,1.125,30905,0,132.83203125,78.0625,benign
0.6175756792497911,21,0.0,548,"[popenfile(path='C:\\Windows\\System32\\en-US\\combase.dll.mui', fd=-1), popenfile(path='C:\\Windows\\Fonts\\segoeui.ttf', fd=-1), popenfile(path='C:\\Windows\\Fonts\\segoeuib.ttf', fd=-1), popenfile(path='C:\\Windows\\System32\\WinMetadata\\Windows.UI.Xaml.winmd', fd=-1), popenfile(path='C:\\Windows\\System32\\WinMetadata\\Windows.UI.winmd', fd=-1), popenfile(path='C:\\Program Files\\WindowsApps\\Microsoft.UI.Xaml.2.0_2.1810.18004.0_x64__8wekyb3d8bbwe\\Microsoft.UI.Xaml\\Assets\\NoiseAsset_256x256_PNG.png', fd=-1), popenfile(path='C:\\Program Files\\WindowsApps\\Microsoft.WindowsCalculator_10.1906.55.0_x64__8wekyb3d8bbwe\\Assets\\CalcMDL2.ttf', fd=-1), popenfile(path='C:\\Windows\\System32\\WinMetadata\\Windows.Foundation.winmd', fd=-1), popenfile(path='C:\\Windows\\Fonts\\seguisb.ttf', fd=-1), popenfile(path='C:\\Windows\\System32\\en-US\\KernelBase.dll.mui', fd=-1)]",Calculator.exe,"['C:\\Program Files\\WindowsApps\\Microsoft.WindowsCalculator_10.1906.55.0_x64__8wekyb3d8bbwe\\Calculator.exe', '-ServerName:App.AppXsm3pg4n7er43kdh1qp4e79f1j7am68r8.mca']",C:\Program Files\WindowsApps\Microsoft.WindowsCalculator_10.1906.55.0_x64__8wekyb3d8bbwe\Calculator.exe,6056,32.0,2,0,8192,0,0.265625,0.203125,2133,0,50.5859375,18.984375,benign
0.1547038998831136,3,0.0,234,,svchost.exe,,C:\Windows\System32\svchost.exe,6188,,16,0,5177,0,0.640625,8.390625,52,0,12.671875,3.03125,benign
0.0685771294796293,9,0.0,332,,csrss.exe,,C:\Windows\System32\csrss.exe,6252,,4765,0,384069,0,0.03125,0.859375,33862,0,5.6171875,1.64453125,benign
0.3622474795043562,5,0.0,342,,LogonUI.exe,,C:\Windows\System32\LogonUI.exe,6424,,1,0,26845,0,0.0625,0.09375,425,0,29.671875,11.85546875,benign
0.2213734596971065,14,0.0,395,,svchost.exe,,C:\Windows\System32\svchost.exe,6456,,86,15,2796310,74116,0.203125,0.09375,671,0,18.1328125,8.72265625,benign
0.088415854002248,6,0.0,210,,svchost.exe,,C:\Windows\System32\svchost.exe,6492,,1,0,4014,0,0.046875,0.0,78,0,7.2421875,1.8359375,benign
0.4522370784807543,14,0.0,461,"[popenfile(path='C:\\Windows\\System32\\en-US\\windows.storage.dll.mui', fd=-1), popenfile(path='C:\\Windows\\System32\\en-US\\netmsg.dll.mui', fd=-1), popenfile(path='C:\\Windows\\System32\\en-US\\propsys.dll.mui', fd=-1), popenfile(path='C:\\Windows\\Registration\\R000000000006.clb', fd=-1), popenfile(path='C:\\Windows\\System32\\en-US\\KernelBase.dll.mui', fd=-1)]",RuntimeBroker.exe,"['C:\\Windows\\System32\\RuntimeBroker.exe', '-Embedding']",C:\Windows\System32\RuntimeBroker.exe,6620,32.0,4,2,504,2748,0.671875,0.359375,8447,0,37.04296875,15.48828125,benign
0.9294633195813458,15,0.0,1160,,dwm.exe,,C:\Windows\System32\dwm.exe,6716,,3,0,87546,0,2.140625,1.5625,100375,0,76.1328125,48.921875,benign
0.2276207503520658,15,0.0,512,,SecurityHealthService.exe,,C:\Windows\System32\SecurityHealthService.exe,6832,,0,1,0,4096,0.515625,0.25,5720,0,18.64453125,4.4296875,benign
2.4438828771301,44,0.0,1419,"[popenfile(path='C:\\Users\\sctest12\\AppData\\Local\\Packages\\Microsoft.Windows.Search_cw5n1h2txyewy\\LocalState\\AppIconCache\\100\\{1AC14E77-02E7-4E5D-B744-2EB1AE5198B7}_notepad_exe', fd=-1), popenfile(path='C:\\Users\\sctest12\\AppData\\Local\\Packages\\Microsoft.Windows.Search_cw5n1h2txyewy\\LocalState\\AppIconCache\\100\\windows_immersivecontrolpanel_cw5n1h2txyewy!microsoft_windows_immersivecontrolpanel', fd=-1), popenfile(path='C:\\Users\\sctest12\\AppData\\Local\\Packages\\Microsoft.Windows.Search_cw5n1h2txyewy\\LocalState\\AppIconCache\\100\\Microsoft_Getstarted_8wekyb3d8bbwe!App', fd=-1), popenfile(path='C:\\Users\\sctest12\\AppData\\Local\\Packages\\Microsoft.Windows.Search_cw5n1h2txyewy\\LocalState\\AppIconCache\\100\\Microsoft_AutoGenerated_{923DD477-5846-686B-A659-0FCCD73851A8}', fd=-1), popenfile(path='C:\\Users\\sctest12\\AppData\\Local\\Packages\\Microsoft.Windows.Search_cw5n1h2txyewy\\LocalState\\AppIconCache\\100\\MSEdge', fd=-1), popenfile(path='C:\\Windows\\System32\\WinMetadata\\Windows.Foundation.winmd', fd=-1), popenfile(path='C:\\Windows\\Fonts\\seguisb.ttf', fd=-1), popenfile(path='C:\\Users\\sctest12\\AppData\\Local\\Packages\\Microsoft.Windows.Search_cw5n1h2txyewy\\LocalState\\AppIconCache\\100\\Microsoft_Windows_Computer', fd=-1), popenfile(path='C:\\Windows\\System32\\en-US\\KernelBase.dll.mui', fd=-1), popenfile(path='C:\\Users\\sctest12\\AppData\\Local\\Packages\\Microsoft.Windows.Search_cw5n1h2txyewy\\LocalState\\AppIconCache\\100\\{1AC14E77-02E7-4E5D-B744-2EB1AE5198B7}_SnippingTool_exe', fd=-1), popenfile(path='C:\\Windows\\Fonts\\simsun.ttc', fd=-1), popenfile(path='C:\\Users\\sctest12\\AppData\\Local\\Packages\\Microsoft.Windows.Search_cw5n1h2txyewy\\LocalState\\AppIconCache\\100\\{1AC14E77-02E7-4E5D-B744-2EB1AE5198B7}_cmd_exe', fd=-1), popenfile(path='C:\\Windows\\System32\\WinMetadata\\Windows.Security.winmd', fd=-1), popenfile(path='C:\\Windows\\SystemResources\\edgehtml.dll.mun', fd=-1), popenfile(path='C:\\Users\\sctest12\\AppData\\Local\\Packages\\Microsoft.Windows.Search_cw5n1h2txyewy\\LocalState\\AppIconCache\\100\\{1AC14E77-02E7-4E5D-B744-2EB1AE5198B7}_mspaint_exe', fd=-1), popenfile(path='C:\\Windows\\SystemApps\\Microsoft.Windows.Search_cw5n1h2txyewy\\Cortana.Search.winmd', fd=-1), popenfile(path='C:\\Windows\\System32\\en-US\\windows.storage.dll.mui', fd=-1), popenfile(path='C:\\Windows\\SystemApps\\Microsoft.Windows.Search_cw5n1h2txyewy\\Cortana.Internal.Search.winmd', fd=-1), popenfile(path='C:\\Windows\\System32\\WinMetadata\\Windows.UI.winmd', fd=-1), popenfile(path='C:\\Users\\sctest12\\AppData\\Local\\Packages\\Microsoft.Windows.Search_cw5n1h2txyewy\\LocalState\\AppIconCache\\100\\Microsoft_SkyDrive_Desktop', fd=-1), popenfile(path='C:\\Windows\\System32\\en-US\\edgehtml.dll.mui', fd=-1), popenfile(path='C:\\Windows\\System32\\en-US\\shell32.dll.mui', fd=-1), popenfile(path='C:\\Windows\\Fonts\\segoeui.ttf', fd=-1), popenfile(path='C:\\Users\\sctest12\\AppData\\Local\\Packages\\Microsoft.Windows.Search_cw5n1h2txyewy\\LocalState\\AppIconCache\\100\\Microsoft_Windows_Explorer', fd=-1), popenfile(path='C:\\Windows\\System32\\WinMetadata\\Windows.Storage.winmd', fd=-1), popenfile(path='C:\\Windows\\System32\\WinMetadata\\Windows.ApplicationModel.winmd', fd=-1), popenfile(path='C:\\Users\\sctest12\\AppData\\Local\\Packages\\Microsoft.Windows.Search_cw5n1h2txyewy\\LocalState\\AppIconCache\\100\\Microsoft_WindowsCalculator_8wekyb3d8bbwe!App', fd=-1), popenfile(path='C:\\Windows\\System32\\WinMetadata\\Windows.System.winmd', fd=-1)]",SearchApp.exe,"['C:\\Windows\\SystemApps\\Microsoft.Windows.Search_cw5n1h2txyewy\\SearchApp.exe', '-ServerName:CortanaUI.AppX8z9r6jm96hw4bsbneegw0kyxx296wr9t.mca']",C:\Windows\SystemApps\Microsoft.Windows.Search_cw5n1h2txyewy\SearchApp.exe,7200,32.0,12068,4889,54163922,38595276,11.890625,3.609375,35313,0,200.1796875,132.05078125,benign
0.2300052124341113,5,0.0,292,"[popenfile(path='C:\\Windows\\System32\\en-US\\windows.storage.dll.mui', fd=-1), popenfile(path='C:\\Windows\\System32\\en-US\\propsys.dll.mui', fd=-1), popenfile(path='C:\\Windows\\System32\\en-US\\shell32.dll.mui', fd=-1), popenfile(path='C:\\Windows\\Registration\\R000000000006.clb', fd=-1)]",RuntimeBroker.exe,"['C:\\Windows\\System32\\RuntimeBroker.exe', '-Embedding']",C:\Windows\System32\RuntimeBroker.exe,7224,32.0,785,0,165285,0,0.328125,0.484375,1142,0,18.83984375,3.51953125,benign
0.4675930142891274,10,0.0,516,"[popenfile(path='C:\\Windows\\System32\\en-US\\KernelBase.dll.mui', fd=-1), popenfile(path='C:\\Windows\\Fonts\\segoeui.ttf', fd=-1), popenfile(path='C:\\Windows\\System32\\WinMetadata\\Windows.UI.winmd', fd=-1)]",TextInputHost.exe,"['C:\\Windows\\SystemApps\\MicrosoftWindows.Client.CBS_cw5n1h2txyewy\\TextInputHost.exe', '-ServerName:InputApp.AppXjd5de1g66v206tj52m9d0dtpppx4cgpn.mca']",C:\Windows\SystemApps\MicrosoftWindows.Client.CBS_cw5n1h2txyewy\TextInputHost.exe,7380,32.0,2,0,27105,0,0.421875,0.140625,8471,0,38.30078125,12.3984375,benign
0.5349302234860931,35,0.0,493,,svchost.exe,,C:\Windows\System32\svchost.exe,7448,,1814,609,7418260,2207000,0.375,0.4375,1752,0,43.81640625,18.9296875,benign
0.1080638215583032,6,0.0,143,,smartscreen.exe,,C:\Windows\System32\smartscreen.exe,7508,,1,0,12195,0,0.015625,0.015625,158,0,8.8515625,2.359375,benign
0.0748244201345885,3,0.0,95,[],generate_data.exe,"['.\\generate_data.exe', '[9160, 6536]']",C:\Users\Public\Downloads\generate_data.exe,7652,32.0,6964,35139,53172238,143178226,1.28125,1.984375,6660,0,6.12890625,1.30859375,benign
0.3351123010106781,7,0.0,348,"[popenfile(path='C:\\Windows\\System32\\en-US\\windows.storage.dll.mui', fd=-1), popenfile(path='C:\\Windows\\System32\\en-US\\combase.dll.mui', fd=-1), popenfile(path='C:\\Windows\\System32\\en-US\\propsys.dll.mui', fd=-1), popenfile(path='C:\\Windows\\Registration\\R000000000006.clb', fd=-1), popenfile(path='C:\\Windows\\System32\\en-US\\KernelBase.dll.mui', fd=-1)]",RuntimeBroker.exe,"['C:\\Windows\\System32\\RuntimeBroker.exe', '-Embedding']",C:\Windows\System32\RuntimeBroker.exe,7764,32.0,44,10,88966,17508,0.3125,0.328125,1382,0,27.44921875,4.7421875,benign
0.1788346561534143,3,0.0,243,"[popenfile(path='C:\\Windows\\System32\\en-US\\notepad.exe.mui', fd=-1), popenfile(path='C:\\Windows\\SystemResources\\notepad.exe.mun', fd=-1), popenfile(path='C:\\Windows\\Fonts\\StaticCache.dat', fd=-1), popenfile(path='C:\\Windows\\Registration\\R000000000006.clb', fd=-1)]",notepad.exe,['C:\\Windows\\system32\\notepad.exe'],C:\Windows\System32\notepad.exe,7812,32.0,2,0,9692,0,0.1875,0.34375,5531,0,14.6484375,2.7109375,benign
0.888212125561958,14,0.0,648,"[popenfile(path='C:\\Windows\\System32\\en-US\\windows.storage.dll.mui', fd=-1), popenfile(path='C:\\Windows\\Fonts\\segoeui.ttf', fd=-1), popenfile(path='C:\\Windows\\Fonts\\segoeuib.ttf', fd=-1), popenfile(path='C:\\Windows\\SystemResources\\Windows.UI.ShellCommon\\StartUI\\Assets\\Fonts\\BitMDL2.ttf', fd=-1), popenfile(path='C:\\Windows\\Fonts\\segmdl2.ttf', fd=-1), popenfile(path='C:\\Windows\\System32\\en-US\\windows.ui.xaml.dll.mui', fd=-1), popenfile(path='C:\\Users\\sctest12\\AppData\\Local\\Packages\\Microsoft.Windows.StartMenuExperienceHost_cw5n1h2txyewy\\TempState\\TileCache_100_3_PNGEncoded_Header.bin', fd=-1), popenfile(path='C:\\Windows\\System32\\en-US\\Windows.Globalization.dll.mui', fd=-1), popenfile(path='C:\\Windows\\System32\\en-US\\KernelBase.dll.mui', fd=-1), popenfile(path='C:\\Users\\sctest12\\AppData\\Local\\Packages\\Microsoft.Windows.StartMenuExperienceHost_cw5n1h2txyewy\\TempState\\TileCache_100_3_PNGEncoded_Data.bin', fd=-1)]",StartMenuExperienceHost.exe,"['C:\\Windows\\SystemApps\\Microsoft.Windows.StartMenuExperienceHost_cw5n1h2txyewy\\StartMenuExperienceHost.exe', '-ServerName:App.AppXywbrabmsek0gm3tkwpr5kwzbs55tkqay.mca']",C:\Windows\SystemApps\Microsoft.Windows.StartMenuExperienceHost_cw5n1h2txyewy\StartMenuExperienceHost.exe,7888,32.0,46,697,190896,162714,2.0,1.078125,8713,0,72.75390625,21.75390625,benign
0.2805558085734765,12,0.0,344,"[popenfile(path='C:\\Windows\\System32\\en-US\\ole32.dll.mui', fd=-1), popenfile(path='C:\\Windows\\System32\\en-US\\propsys.dll.mui', fd=-1), popenfile(path='C:\\Windows\\System32\\en-US\\windows.applicationmodel.datatransfer.dll.mui', fd=-1), popenfile(path='C:\\Windows\\System32\\en-US\\svchost.exe.mui', fd=-1), popenfile(path='C:\\Windows\\Registration\\R000000000006.clb', fd=-1), popenfile(path='C:\\Windows\\System32\\en-US\\KernelBase.dll.mui', fd=-1)]",svchost.exe,"['C:\\Windows\\system32\\svchost.exe', '-k', 'ClipboardSvcGroup', '-p', '-s', 'cbdhsvc']",C:\Windows\System32\svchost.exe,8028,32.0,3,0,3426,0,0.078125,0.03125,4034,0,22.98046875,4.09765625,benign
0.2190843760983428,6,0.0,260,"[popenfile(path='C:\\Windows\\Registration\\R000000000006.clb', fd=-1)]",RuntimeBroker.exe,"['C:\\Windows\\System32\\RuntimeBroker.exe', '-Embedding']",C:\Windows\System32\RuntimeBroker.exe,8064,32.0,2,2,456,5286,0.046875,0.0625,264,0,17.9453125,2.8984375,benign
0.1748287598555779,6,0.0,255,"[popenfile(path='C:\\Windows\\System32\\en-US\\ESENT.dll.mui', fd=-1), popenfile(path='C:\\Users\\sctest12\\AppData\\Local\\Packages\\Microsoft.Windows.Search_cw5n1h2txyewy\\AppData\\Indexed DB\\edb.log', fd=-1), popenfile(path='C:\\Users\\sctest12\\AppData\\Local\\Packages\\Microsoft.Windows.Search_cw5n1h2txyewy\\AppData\\CacheStorage\\CacheStorage.jfm', fd=-1), popenfile(path='C:\\Users\\sctest12\\AppData\\Local\\Packages\\Microsoft.Windows.Search_cw5n1h2txyewy\\AppData\\Indexed DB\\IndexedDB.jfm', fd=-1), popenfile(path='C:\\Users\\sctest12\\AppData\\Local\\Microsoft\\Internet Explorer\\CacheStorage\\edb.log', fd=-1), popenfile(path='C:\\Users\\sctest12\\AppData\\Local\\Packages\\Microsoft.Windows.Search_cw5n1h2txyewy\\AppData\\Indexed DB\\IndexedDB.edb', fd=-1), popenfile(path='C:\\Windows\\Registration\\R000000000006.clb', fd=-1), popenfile(path='C:\\Users\\sctest12\\AppData\\Local\\Packages\\Microsoft.Windows.Search_cw5n1h2txyewy\\AppData\\CacheStorage\\CacheStorage.edb', fd=-1), popenfile(path='C:\\Users\\sctest12\\AppData\\Local\\Microsoft\\Internet Explorer\\CacheStorage\\edbtmp.log', fd=-1)]",dllhost.exe,"['C:\\Windows\\system32\\DllHost.exe', '/Processid:{973D20D7-562D-44B9-B70B-5A0F49CCDF3F}']",C:\Windows\System32\dllhost.exe,8288,32.0,63,239,4408286,10776576,0.109375,0.046875,768,0,14.3203125,4.5859375,benign
0.1027703157361621,5,0.0,140,,svchost.exe,,C:\Windows\System32\svchost.exe,8416,,1,0,4456,0,0.0,0.046875,123,0,8.41796875,1.796875,benign
0.5128977938479925,15,0.0,630,"[popenfile(path='C:\\Windows\\System32\\en-US\\combase.dll.mui', fd=-1), popenfile(path='C:\\Windows\\System32\\WinMetadata\\Windows.UI.winmd', fd=-1), popenfile(path='C:\\Windows\\Fonts\\StaticCache.dat', fd=-1), popenfile(path='C:\\Windows\\System32\\en-US\\ApplicationFrame.dll.mui', fd=-1), popenfile(path='C:\\Windows\\System32\\WinMetadata\\Windows.Foundation.winmd', fd=-1), popenfile(path='C:\\Windows\\Registration\\R000000000006.clb', fd=-1), popenfile(path='C:\\Windows\\System32\\en-US\\KernelBase.dll.mui', fd=-1)]",ApplicationFrameHost.exe,"['C:\\Windows\\system32\\ApplicationFrameHost.exe', '-Embedding']",C:\Windows\System32\ApplicationFrameHost.exe,8504,32.0,62,0,27551,0,0.40625,0.734375,18204,0,42.01171875,19.8515625,benign
0.0918494794003936,10,0.0,485,"[popenfile(path='C:\\Windows\\Fonts\\segoeui.ttf', fd=-1), popenfile(path='C:\\Windows\\System32\\WinMetadata\\Windows.UI.Xaml.winmd', fd=-1), popenfile(path='C:\\Windows\\System32\\en-US\\Windows.Security.Authentication.Web.Core.dll.mui', fd=-1), popenfile(path='C:\\Windows\\System32\\WinMetadata\\Windows.ApplicationModel.winmd', fd=-1), popenfile(path='C:\\Windows\\System32\\en-US\\KernelBase.dll.mui', fd=-1)]",WinStore.App.exe,"['C:\\Program Files\\WindowsApps\\Microsoft.WindowsStore_11910.1002.5.0_x64__8wekyb3d8bbwe\\WinStore.App.exe', '-ServerName:App.AppXc75wvwned5vhz4xyxxecvgdjhdkgsdza.mca']",C:\Program Files\WindowsApps\Microsoft.WindowsStore_11910.1002.5.0_x64__8wekyb3d8bbwe\WinStore.App.exe,8520,32.0,0,0,0,0,0.421875,0.171875,951,0,7.5234375,18.50390625,benign
0.1020072878699075,16,0.0,519,"[popenfile(path='C:\\Windows\\System32\\en-US\\windows.storage.dll.mui', fd=-1), popenfile(path='C:\\Windows\\Fonts\\segoeui.ttf', fd=-1), popenfile(path='C:\\Users\\sctest12\\AppData\\Local\\Packages\\Microsoft.Windows.Photos_8wekyb3d8bbwe\\LocalState\\MediaDb.v1.sqlite', fd=-1), popenfile(path='C:\\Windows\\System32\\WinMetadata\\Windows.Storage.winmd', fd=-1), popenfile(path='C:\\Users\\sctest12\\AppData\\Local\\Packages\\Microsoft.Windows.Photos_8wekyb3d8bbwe\\LocalState\\PhotosAppTracing_startedInBGMode.etl', fd=-1), popenfile(path='C:\\Users\\sctest12\\AppData\\Local\\Packages\\Microsoft.Windows.Photos_8wekyb3d8bbwe\\LocalState\\MediaDb.v1.sqlite-wal', fd=-1), popenfile(path='C:\\Windows\\System32\\en-US\\KernelBase.dll.mui', fd=-1), popenfile(path='C:\\Users\\sctest12\\AppData\\Local\\Packages\\Microsoft.Windows.Photos_8wekyb3d8bbwe\\LocalState\\MediaDb.v1.sqlite-shm', fd=-1)]",Microsoft.Photos.exe,"['C:\\Program Files\\WindowsApps\\Microsoft.Windows.Photos_2019.19071.12548.0_x64__8wekyb3d8bbwe\\Microsoft.Photos.exe', '-ServerName:App.AppXzst44mncqdg84v7sv6p7yznqwssy6f7f.mca']",C:\Program Files\WindowsApps\Microsoft.Windows.Photos_2019.19071.12548.0_x64__8wekyb3d8bbwe\Microsoft.Photos.exe,8568,32.0,234,649,906032,1396828,0.625,0.578125,1965,0,8.35546875,23.90625,benign
0.1172678451949989,3,0.0,170,"[popenfile(path='C:\\Windows\\System32\\en-US\\securityhealthsso.dll.mui', fd=-1), popenfile(path='C:\\Windows\\Registration\\R000000000006.clb', fd=-1)]",SecurityHealthSystray.exe,['C:\\Windows\\System32\\SecurityHealthSystray.exe'],C:\Windows\System32\SecurityHealthSystray.exe,8816,32.0,1,0,5331,0,0.0,0.046875,262,0,9.60546875,1.74609375,benign
0.407599948304862,13,0.0,457,"[popenfile(path='C:\\Users\\sctest12\\AppData\\Local\\Temp\\aria-debug-6264.log', fd=-1), popenfile(path='C:\\Users\\sctest12\\AppData\\Local\\Microsoft\\OneDrive\\logs\\Personal\\SyncEngine-2025-11-13.1554.8820.1.aodl', fd=-1), popenfile(path='C:\\Users\\sctest12\\AppData\\Local\\Microsoft\\OneDrive\\19.043.0304.0013\\en\\FileSync.LocalizedResources.dll.mui', fd=-1), popenfile(path='C:\\Users\\sctest12\\AppData\\Local\\Temp\\aria-debug-8820.log', fd=-1), popenfile(path='C:\\Users\\sctest12\\AppData\\Local\\Temp\\aria-debug-9184.log', fd=-1), popenfile(path='C:\\Users\\sctest12\\AppData\\Local\\Microsoft\\OneDrive\\logs\\Personal\\TraceCurrent.0304.0013.etl', fd=-1), popenfile(path='C:\\Users\\sctest12\\AppData\\Local\\Microsoft\\OneDrive\\setup\\logs\\Update_2025-11-13_155418_2274-c1c.log', fd=-1), popenfile(path='C:\\Windows\\Registration\\R000000000006.clb', fd=-1), popenfile(path='C:\\Windows\\System32\\en-US\\KernelBase.dll.mui', fd=-1)]",OneDrive.exe,"['', '/setautostart', '/background']",C:\Users\sctest12\AppData\Local\Microsoft\OneDrive\OneDrive.exe,8820,32.0,27,791,320,234531,0.09375,0.28125,605,0,33.38671875,8.40625,benign
0.2588095143852213,4,0.0,311,"[popenfile(path='C:\\Windows\\System32\\en-US\\Conhost.exe.mui', fd=-1), popenfile(path='C:\\Windows\\Fonts\\StaticCache.dat', fd=-1), popenfile(path='C:\\Windows\\System32\\en-US\\propsys.dll.mui', fd=-1), popenfile(path='C:\\Windows\\System32\\en-US\\wdmaud.drv.mui', fd=-1), popenfile(path='C:\\Windows\\System32\\en-US\\MMDevAPI.dll.mui', fd=-1), popenfile(path='C:\\Windows\\System32\\en-US\\winmm.dll.mui', fd=-1), popenfile(path='C:\\Windows\\Registration\\R000000000006.clb', fd=-1), popenfile(path='C:\\Windows\\System32\\en-US\\user32.dll.mui', fd=-1)]",conhost.exe,"['\\??\\C:\\Windows\\system32\\conhost.exe', '0x4']",C:\Windows\System32\conhost.exe,8824,32.0,19,0,207527,0,0.25,0.234375,8106,0,21.19921875,9.11328125,benign
0.0694355358291656,1,0.0,87,"[popenfile(path='C:\\Windows\\System32\\en-US\\KernelBase.dll.mui', fd=-1), popenfile(path='C:\\Windows\\System32\\en-US\\cmd.exe.mui', fd=-1)]",cmd.exe,['C:\\Windows\\system32\\cmd.exe'],C:\Windows\System32\cmd.exe,8836,32.0,1,0,2328,0,0.0,0.03125,1213,0,5.6875,3.0625,benign
0.1124989210309078,1,0.0,148,"[popenfile(path='C:\\Windows\\Registration\\R000000000006.clb', fd=-1)]",RuntimeBroker.exe,"['C:\\Windows\\System32\\RuntimeBroker.exe', '-Embedding']",C:\Windows\System32\RuntimeBroker.exe,8952,32.0,1,0,8356,0,0.03125,0.015625,52,0,9.21484375,1.98828125,benign
0.3245252893663959,5,0.0,338,"[popenfile(path='C:\\Windows\\System32\\en-US\\windows.storage.dll.mui', fd=-1), popenfile(path='C:\\Windows\\SystemResources\\shell32.dll.mun', fd=-1), popenfile(path='C:\\Windows\\System32\\en-US\\propsys.dll.mui', fd=-1), popenfile(path='C:\\Windows\\System32\\en-US\\shell32.dll.mui', fd=-1), popenfile(path='C:\\Windows\\Registration\\R000000000006.clb', fd=-1)]",RuntimeBroker.exe,"['C:\\Windows\\System32\\RuntimeBroker.exe', '-Embedding']",C:\Windows\System32\RuntimeBroker.exe,9052,32.0,108,9,879771,2731,0.25,0.359375,1926,0,26.58203125,6.94140625,benign
0.0018121911823545,108,0.0,3653,[],System,[],,4,,159,968,254432,187686824,0.0,103.015625,765610,0,0.1484375,0.19140625,benign
0.2686334981632489,4,0.0,0,,Registry,,Registry,92,,4,3713,16384,70262784,0.0,2.578125,4823,0,22.00390625,2.66796875,benign
0.2693488367878625,4,0.0,289,"[popenfile(path='C:\\Windows\\Registration\\R000000000006.clb', fd=-1), popenfile(path='C:\\Windows\\System32\\en-US\\propsys.dll.mui', fd=-1), popenfile(path='C:\\Windows\\System32\\en-US\\windows.storage.dll.mui', fd=-1)]",RuntimeBroker.exe,"['C:\\Windows\\System32\\RuntimeBroker.exe', '-Embedding']",C:\Windows\System32\RuntimeBroker.exe,256,32.0,1,0,13527,0,0.0625,0.140625,191,0,22.0625,5.30078125,benign
0.2417844551194162,2,0.0,273,,RuntimeBroker.exe,,C:\Windows\System32\RuntimeBroker.exe,276,,13,0,4874,0,0.015625,0.078125,122,0,19.8046875,3.07421875,benign
0.0145929079421186,2,0.0,56,,smss.exe,,C:\Windows\System32\smss.exe,300,,22,13,16804,65684,0.03125,0.171875,1187,0,1.1953125,1.03515625,benign
0.06285442048272,11,0.0,507,,csrss.exe,,C:\Windows\System32\csrss.exe,416,,232,0,179643,0,0.046875,0.453125,9229,0,5.1484375,1.75390625,benign
0.328721942630796,10,0.0,527,,sihost.exe,,C:\Windows\System32\sihost.exe,464,,78,0,319488,0,0.796875,0.84375,4271,0,26.92578125,5.66796875,benign
0.1258042194487219,1,0.0,221,,svchost.exe,,C:\Windows\System32\svchost.exe,504,,2,20,8192,98304,0.140625,0.125,50,0,10.3046875,2.00390625,benign
0.0848868501208206,1,0.0,164,,wininit.exe,,C:\Windows\System32\wininit.exe,508,,2,0,9732,0,0.09375,0.078125,288,0,6.953125,1.3828125,benign
0.0656203964978928,5,0.0,36,,fontdrvhost.exe,,C:\Windows\System32\fontdrvhost.exe,580,,1,0,1846,0,0.078125,0.125,5321,0,5.375,1.75390625,benign
0.1254227055155946,9,0.0,650,,services.exe,,C:\Windows\System32\services.exe,648,,3,1099,8308,2073912,1.28125,2.3125,20838,0,10.2734375,5.38671875,benign
0.2123601930269744,8,0.0,1140,,lsass.exe,,C:\Windows\System32\lsass.exe,664,,414,135,141110,656394,1.984375,2.53125,35142,0,17.39453125,5.515625,benign
0.2404968455951116,4,0.0,272,"[popenfile(path='C:\\Windows\\System32\\en-US\\user32.dll.mui', fd=-1), popenfile(path='C:\\Windows\\Registration\\R000000000006.clb', fd=-1), popenfile(path='C:\\Windows\\System32\\en-US\\Conhost.exe.mui', fd=-1), popenfile(path='C:\\Windows\\System32\\en-US\\propsys.dll.mui', fd=-1), popenfile(path='C:\\Windows\\Fonts\\StaticCache.dat', fd=-1)]",conhost.exe,"['\\??\\C:\\Windows\\system32\\conhost.exe', '0x4']",C:\Windows\System32\conhost.exe,676,32.0,18,0,7449,0,0.296875,0.515625,41391,0,19.69921875,8.390625,benign
0.2196566469980337,13,0.0,355,,WmiPrvSE.exe,,C:\Windows\System32\wbem\WmiPrvSE.exe,692,,943,941,952588,92016,2.015625,2.3125,26491,0,17.9921875,9.26171875,benign
0.3575739338235469,21,0.0,1747,,svchost.exe,,C:\Windows\System32\svchost.exe,772,,56,6,533504,135168,2.109375,4.140625,35004,0,29.2890625,11.41015625,benign
0.0402974091865693,5,0.0,36,,fontdrvhost.exe,,C:\Windows\System32\fontdrvhost.exe,800,,0,0,0,0,0.0,0.03125,1530,0,3.30078125,1.2265625,benign
0.21579381842512,15,0.0,1436,,svchost.exe,,C:\Windows\System32\svchost.exe,884,,50,0,204800,0,7.9375,5.984375,56249,0,17.67578125,9.20703125,benign
0.193952145753583,5,0.0,306,,svchost.exe,,C:\Windows\System32\svchost.exe,900,,12,8,4739,8403,0.375,0.109375,96,0,15.88671875,3.8828125,benign
0.1016257739367803,5,0.0,324,,svchost.exe,,C:\Windows\System32\svchost.exe,936,,0,0,0,0,0.28125,0.5625,8859,0,8.32421875,2.40625,benign
0.1228951757086263,2,0.0,205,,svchost.exe,,C:\Windows\System32\svchost.exe,992,,0,0,0,0,0.171875,0.09375,172,0,10.06640625,2.5,benign
0.0762074081421749,2,0.0,193,,svchost.exe,,C:\Windows\System32\svchost.exe,1044,,0,0,0,0,0.203125,0.125,39079,0,6.2421875,1.69140625,benign
0.5757999035723534,7,0.0,582,"[popenfile(path='C:\\Windows\\System32\\en-US\\combase.dll.mui', fd=-1), popenfile(path='C:\\Windows\\System32\\en-US\\windows.storage.dll.mui', fd=-1), popenfile(path='C:\\Windows\\System32\\en-US\\KernelBase.dll.mui', fd=-1), popenfile(path='C:\\Windows\\System32\\en-US\\shell32.dll.mui', fd=-1), popenfile(path='C:\\Windows\\System32\\en-US\\propsys.dll.mui', fd=-1), popenfile(path='C:\\Windows\\SystemResources\\shell32.dll.mun', fd=-1), popenfile(path='C:\\Windows\\Registration\\R000000000006.clb', fd=-1)]",RuntimeBroker.exe,"['C:\\Windows\\System32\\RuntimeBroker.exe', '-Embedding']",C:\Windows\System32\RuntimeBroker.exe,1052,32.0,700,8,1890735,15520,2.875,4.265625,2578,0,47.1640625,22.39453125,benign
0.0983829055051983,3,0.0,142,"[popenfile(path='C:\\Windows\\System32\\en-US\\rundll32.exe.mui', fd=-1)]",rundll32.exe,"['rundll32.exe', 'AppXDeploymentExtensions.OneCore.dll,ShellRefresh']",C:\Windows\System32\rundll32.exe,1064,32.0,0,0,0,0,0.0,0.015625,72,0,8.05859375,2.00390625,benign
0.1462152148710316,5,0.0,267,,svchost.exe,,C:\Windows\System32\svchost.exe,1076,,0,0,0,0,0.15625,0.0625,292,0,11.9765625,2.234375,benign
0.2074958903796016,3,0.0,291,,svchost.exe,,C:\Windows\System32\svchost.exe,1084,,43,83,121331,163224,0.078125,0.140625,68,0,16.99609375,3.98046875,benign
0.089512706559989,12,0.0,243,,svchost.exe,,C:\Windows\System32\svchost.exe,1088,,2,0,824,0,3.328125,4.765625,82753,0,7.33203125,2.3515625,benign
0.1853203930165782,8,0.0,413,,svchost.exe,,C:\Windows\System32\svchost.exe,1092,,1,39,6,2036010,0.53125,0.703125,2023,0,15.1796875,5.6484375,benign
0.2895690752436085,5,0.0,346,"[popenfile(path='C:\\Windows\\System32\\WinMetadata\\Windows.Foundation.winmd', fd=-1), popenfile(path='C:\\Windows\\System32\\en-US\\KernelBase.dll.mui', fd=-1), popenfile(path='C:\\Windows\\System32\\en-US\\smartscreen.exe.mui', fd=-1), popenfile(path='C:\\Windows\\System32\\en-US\\wininet.dll.mui', fd=-1), popenfile(path='C:\\Windows\\System32\\en-US\\netmsg.dll.mui', fd=-1), popenfile(path='C:\\Windows\\Registration\\R000000000006.clb', fd=-1), popenfile(path='C:\\Windows\\System32\\en-US\\Windows.Web.Http.dll.mui', fd=-1)]",smartscreen.exe,"['C:\\Windows\\System32\\smartscreen.exe', '-Embedding']",C:\Windows\System32\smartscreen.exe,1120,32.0,3,1,11861,160,0.0625,0.109375,592,0,23.71875,7.5078125,benign
0.1836512695591463,2,0.0,285,,svchost.exe,,C:\Windows\System32\svchost.exe,1124,,57,119,388815,1261327,0.21875,0.625,87,0,15.04296875,3.3671875,benign
0.228574535184884,7,0.0,428,,svchost.exe,,C:\Windows\System32\svchost.exe,1180,,984,847,9675520,22898744,1.203125,1.265625,3459,0,18.72265625,16.52734375,benign
0.1228951757086263,8,0.0,295,,svchost.exe,,C:\Windows\System32\svchost.exe,1240,,0,1,0,667648,0.6875,0.59375,2115,0,10.06640625,2.7734375,benign
0.1168386420202307,1,0.0,163,,SecurityHealthSystray.exe,,C:\Windows\System32\SecurityHealthSystray.exe,1272,,1,0,5045,0,0.03125,0.03125,340,0,9.5703125,1.69140625,benign
0.0902757344262435,4,0.0,137,,svchost.exe,,C:\Windows\System32\svchost.exe,1316,,0,0,0,0,0.140625,0.125,313,0,7.39453125,3.3125,benign
0.0735844998519249,3,0.0,129,,svchost.exe,,C:\Windows\System32\svchost.exe,1356,,0,0,0,0,0.03125,0.015625,112,0,6.02734375,1.41796875,benign
0.0881774077940435,1,0.0,123,,svchost.exe,,C:\Windows\System32\svchost.exe,1376,,0,0,0,0,0.03125,0.015625,65,0,7.22265625,1.37890625,benign
0.1200815104518126,6,0.0,382,,svchost.exe,,C:\Windows\System32\svchost.exe,1388,,0,0,0,0,0.140625,0.09375,331,0,9.8359375,2.3203125,benign
0.083122348180107,6,0.0,208,,svchost.exe,,C:\Windows\System32\svchost.exe,1408,,0,0,0,0,0.671875,0.875,42315,0,6.80859375,1.88671875,benign
0.1366773665428495,2,0.0,141,,svchost.exe,,C:\Windows\System32\svchost.exe,1476,,0,0,0,0,0.0,0.015625,83,0,11.1953125,1.515625,benign
0.1368204342677722,4,0.0,311,,svchost.exe,,C:\Windows\System32\svchost.exe,1496,,0,0,0,0,0.21875,0.8125,535,0,11.20703125,3.484375,benign
0.2079727827960107,6,0.0,300,,taskhostw.exe,,C:\Windows\System32\taskhostw.exe,1508,,29,124,2087646,3321856,0.34375,0.546875,961,0,17.03515625,5.8046875,benign
0.1085884032163532,7,0.0,446,,svchost.exe,,C:\Windows\System32\svchost.exe,1524,,34,0,714,0,0.4375,0.15625,1421,0,8.89453125,3.0,benign
0.1702029034164096,7,0.0,242,,svchost.exe,,C:\Windows\System32\svchost.exe,1556,,1,491,49756,5337233,1.3125,16.171875,8685,0,13.94140625,2.79296875,benign
0.0698170497622929,3,0.0,247,,svchost.exe,,C:\Windows\System32\svchost.exe,1580,,0,0,0,0,0.0,0.1875,1216,0,5.71875,1.2578125,benign
0.5272522555819065,8,0.0,531,,ShellExperienceHost.exe,,C:\Windows\SystemApps\ShellExperienceHost_cw5n1h2txyewy\ShellExperienceHost.exe,1648,,4,0,13882,0,0.40625,0.296875,17630,0,43.1875,14.3671875,benign
0.1213691199761172,5,0.0,370,,svchost.exe,,C:\Windows\System32\svchost.exe,1712,,1,1,116,160,0.078125,0.09375,242,0,9.94140625,3.48828125,benign
0.2427859291938753,102,0.0,0,,MemCompression,,MemCompression,1732,,0,0,0,0,0.0,1.328125,7617,0,19.88671875,0.12890625,benign
0.0980967700553528,2,0.0,168,,svchost.exe,,C:\Windows\System32\svchost.exe,1756,,360,0,7240,0,0.078125,0.09375,302,0,8.03515625,1.74609375,benign
0.0952831047985391,2,0.0,173,,svchost.exe,,C:\Windows\System32\svchost.exe,1804,,0,0,0,0,0.078125,0.15625,210,0,7.8046875,1.65625,benign
0.1276640998727174,10,0.0,211,,svchost.exe,,C:\Windows\System32\svchost.exe,1812,,0,0,0,0,0.1875,0.125,1402,0,10.45703125,2.35546875,benign
0.1084453354914304,8,0.0,371,,svchost.exe,,C:\Windows\System32\svchost.exe,1916,,0,0,0,0,0.09375,0.09375,316,0,8.8828125,2.50390625,benign
0.1693921863085141,12,0.0,379,,svchost.exe,,C:\Windows\System32\svchost.exe,1944,,0,0,0,0,0.796875,0.4375,4232,0,13.875,3.29296875,benign
1.252653310181796,19,0.0,918,"[popenfile(path='C:\\Program Files\\WindowsApps\\Microsoft.MicrosoftStickyNotes_3.6.73.0_x64__8wekyb3d8bbwe\\Assets\\ExtendedSplashScreen.png', fd=-1), popenfile(path='C:\\Windows\\System32\\en-US\\windows.storage.dll.mui', fd=-1), popenfile(path='C:\\Windows\\System32\\WinMetadata\\Windows.Web.winmd', fd=-1), popenfile(path='C:\\Windows\\Fonts\\segoeuib.ttf', fd=-1), popenfile(path='C:\\Windows\\System32\\en-US\\KernelBase.dll.mui', fd=-1), popenfile(path='C:\\Windows\\System32\\en-US\\windows.ui.xaml.dll.mui', fd=-1), popenfile(path='C:\\Program Files\\WindowsApps\\Microsoft.MicrosoftStickyNotes_3.6.73.0_x64__8wekyb3d8bbwe\\Assets\\NewNotePlaceholder-light.png', fd=-1), popenfile(path='C:\\Windows\\System32\\en-US\\combase.dll.mui', fd=-1), popenfile(path='C:\\Windows\\Fonts\\seguisb.ttf', fd=-1), popenfile(path='C:\\Windows\\System32\\en-US\\Windows.Security.Authentication.Web.Core.dll.mui', fd=-1), popenfile(path='C:\\Windows\\System32\\WinMetadata\\Windows.Foundation.winmd', fd=-1), popenfile(path='C:\\Windows\\Fonts\\segoeui.ttf', fd=-1), popenfile(path='C:\\Windows\\System32\\en-US\\netmsg.dll.mui', fd=-1), popenfile(path='C:\\Windows\\Fonts\\calibri.ttf', fd=-1), popenfile(path='C:\\Users\\sctest12\\AppData\\Local\\Packages\\Microsoft.MicrosoftStickyNotes_8wekyb3d8bbwe\\LocalState\\plum.sqlite', fd=-1), popenfile(path='C:\\Users\\sctest12\\AppData\\Local\\Packages\\Microsoft.MicrosoftStickyNotes_8wekyb3d8bbwe\\LocalState\\plum.sqlite-wal', fd=-1), popenfile(path='C:\\Users\\sctest12\\AppData\\Local\\Packages\\Microsoft.MicrosoftStickyNotes_8wekyb3d8bbwe\\LocalState\\plum.sqlite-shm', fd=-1), popenfile(path='C:\\Program Files\\WindowsApps\\Microsoft.MicrosoftStickyNotes_3.6.73.0_x64__8wekyb3d8bbwe\\Assets\\SearchPlaceholder-light.png', fd=-1), popenfile(path='C:\\Windows\\System32\\WinMetadata\\Windows.UI.winmd', fd=-1), popenfile(path='C:\\Windows\\System32\\WinMetadata\\Windows.System.winmd', fd=-1), popenfile(path='C:\\Windows\\System32\\en-US\\wininet.dll.mui', fd=-1), popenfile(path='C:\\Windows\\System32\\WinMetadata\\Windows.UI.Xaml.winmd', fd=-1), popenfile(path='C:\\Windows\\System32\\en-US\\windows.applicationmodel.datatransfer.dll.mui', fd=-1)]",Microsoft.Notes.exe,"['C:\\Program Files\\WindowsApps\\Microsoft.MicrosoftStickyNotes_3.6.73.0_x64__8wekyb3d8bbwe\\Microsoft.Notes.exe', '-ServerName:App.AppX495fygk72hjw82j58ny5h3nr8hpsd8vs.mca']",C:\Program Files\WindowsApps\Microsoft.MicrosoftStickyNotes_3.6.73.0_x64__8wekyb3d8bbwe\Microsoft.Notes.exe,1976,32.0,44,180,17044,353392,2.59375,1.390625,23781,0,102.60546875,34.1328125,benign
0.2860400713621812,5,0.0,298,"[popenfile(path='C:\\Windows\\Registration\\R000000000006.clb', fd=-1)]",RuntimeBroker.exe,"['C:\\Windows\\System32\\RuntimeBroker.exe', '-Embedding']",C:\Windows\System32\RuntimeBroker.exe,2016,32.0,0,0,0,0,0.03125,0.03125,437,0,23.4296875,3.98828125,benign
0.1679615090592867,5,0.0,238,,svchost.exe,,C:\Windows\System32\svchost.exe,2076,,0,0,0,0,0.0625,0.109375,1368,0,13.7578125,2.48046875,benign
0.1096375665324532,8,0.0,406,,SearchProtocolHost.exe,,C:\Windows\System32\SearchProtocolHost.exe,2132,,190,2,1592580,248,1.53125,1.390625,16110,0,8.98046875,3.92578125,benign
0.3059264851264409,15,0.0,262,,svchost.exe,,C:\Windows\System32\svchost.exe,2152,,59798,1492,242998544,3085752,24.234375,7.796875,111493,0,25.05859375,16.52734375,benign
0.1703936603829732,5,0.0,239,,dllhost.exe,,C:\Windows\System32\dllhost.exe,2240,,87,202,6086828,5087232,0.0625,0.078125,655,0,13.95703125,5.4921875,benign
0.2352510290146115,7,0.0,476,,spoolsv.exe,,C:\Windows\System32\spoolsv.exe,2260,,181,454,87964,63984,0.15625,0.375,562,0,19.26953125,5.82421875,benign
0.0907049376010117,6,0.0,183,,svchost.exe,,C:\Windows\System32\svchost.exe,2268,,0,0,0,0,6.0625,10.265625,94680,0,7.4296875,2.11328125,benign
0.1521763700761454,3,0.0,279,,svchost.exe,,C:\Windows\System32\svchost.exe,2284,,0,8,0,1504,0.25,0.109375,221,0,12.46484375,2.6171875,benign
0.2174629418825518,14,0.0,402,,svchost.exe,,C:\Windows\System32\svchost.exe,2316,,1,2,116,32928,0.765625,1.8125,3274,0,17.8125,8.8515625,benign
1.469353224198093,52,0.0,2130,,explorer.exe,,C:\Windows\explorer.exe,2380,,1443,33,1085923,231036,5.171875,6.25,114244,0,120.35546875,56.18359375,benign
0.099098244129812,6,0.0,191,,svchost.exe,,C:\Windows\System32\svchost.exe,2392,,2234,2021,105748,199200,0.171875,0.3125,866,0,8.1171875,2.0546875,benign
0.0892265711101435,4,0.0,129,,vm3dservice.exe,,C:\Windows\System32\vm3dservice.exe,2448,,1,0,4333,0,0.0,0.0,3862,0,7.30859375,1.6875,benign
0.1021026663531893,5,0.0,198,,svchost.exe,,C:\Windows\System32\svchost.exe,2468,,0,0,0,0,0.015625,0.046875,121,0,8.36328125,1.8359375,benign
0.5636391469539213,17,0.0,575,"[popenfile(path='C:\\Users\\sctest12\\AppData\\Local\\Packages\\microsoft.windowscommunicationsapps_8wekyb3d8bbwe\\LocalState\\HxStore.hxd', fd=-1), popenfile(path='C:\\Windows\\System32\\en-US\\windows.storage.dll.mui', fd=-1), popenfile(path='C:\\Windows\\System32\\en-US\\KernelBase.dll.mui', fd=-1), popenfile(path='C:\\Windows\\System32\\WinMetadata\\Windows.System.winmd', fd=-1), popenfile(path='C:\\Program Files\\WindowsApps\\microsoft.windowscommunicationsapps_16005.11629.20316.0_x64__8wekyb3d8bbwe\\en-us\\hxcommintl.dll', fd=-1), popenfile(path='C:\\Program Files\\WindowsApps\\microsoft.windowscommunicationsapps_16005.11629.20316.0_x64__8wekyb3d8bbwe\\office.odf', fd=-1), popenfile(path='C:\\Windows\\System32\\en-US\\wininet.dll.mui', fd=-1), popenfile(path='C:\\Windows\\System32\\en-US\\netmsg.dll.mui', fd=-1), popenfile(path='C:\\Users\\sctest12\\AppData\\Local\\Packages\\microsoft.windowscommunicationsapps_8wekyb3d8bbwe\\LocalState\\HxCommAlwaysOnLog.etl', fd=-1), popenfile(path='C:\\Windows\\System32\\WinMetadata\\Windows.ApplicationModel.winmd', fd=-1)]",HxTsr.exe,"['C:\\Program Files\\WindowsApps\\microsoft.windowscommunicationsapps_16005.11629.20316.0_x64__8wekyb3d8bbwe\\HxTsr.exe', '-ServerName:Hx.IPC.Server']",C:\Program Files\WindowsApps\microsoft.windowscommunicationsapps_16005.11629.20316.0_x64__8wekyb3d8bbwe\HxTsr.exe,2504,32.0,16,299,411234,19676789,46.984375,22.0625,496694,0,46.16796875,18.68359375,benign
0.2185121051986519,17,0.0,361,,svchost.exe,,C:\Windows\System32\svchost.exe,2548,,19,6,2752512,49428,0.15625,0.109375,1313,0,17.8984375,8.6953125,benign
0.4127503864020804,16,0.0,727,"[popenfile(path='C:\\Windows\\Registration\\R000000000006.clb', fd=-1), popenfile(path='C:\\Windows\\System32\\en-US\\KernelBase.dll.mui', fd=-1), popenfile(path='C:\\Windows\\System32\\en-US\\propsys.dll.mui', fd=-1)]",sihost.exe,['sihost.exe'],C:\Windows\System32\sihost.exe,2580,32.0,103,0,405495,0,1.375,1.234375,18976,0,33.80859375,6.828125,benign
0.1192231041022762,5,0.0,179,,SearchFilterHost.exe,,C:\Windows\System32\SearchFilterHost.exe,2612,,363,0,7414,0,0.03125,0.046875,316,0,9.765625,2.140625,benign
0.0903711129095254,3,0.0,127,,svchost.exe,,C:\Windows\System32\svchost.exe,2624,,245,2,329311,1011,0.03125,0.0625,197,0,7.40234375,1.8359375,benign
0.4205237327895488,13,0.0,470,,OneDrive.exe,,C:\Users\sctest1\AppData\Local\Microsoft\OneDrive\OneDrive.exe,2692,,32,885,24740,173465,0.75,1.296875,975,0,34.4453125,8.6796875,benign
0.1198430642436081,5,0.0,193,,svchost.exe,,C:\Windows\System32\svchost.exe,2708,,38,0,540672,0,0.09375,0.0625,227,0,9.81640625,2.4921875,benign
0.3349692332857553,11,0.0,463,,svchost.exe,,C:\Windows\System32\svchost.exe,2720,,79,73,1859131,127926,1.375,1.203125,4307,0,27.4375,12.19921875,benign
0.2835602307968538,14,0.0,351,,svchost.exe,,C:\Windows\System32\svchost.exe,2736,,240,175,46357312,1365590,0.9375,0.515625,12487,0,23.2265625,17.99609375,benign
0.2583326219688122,16,0.0,399,,svchost.exe,,C:\Windows\System32\svchost.exe,2776,,10000,6456,81639060,54012692,6.59375,2.84375,15221,0,21.16015625,11.16796875,benign
0.1116882039230124,6,0.0,213,,svchost.exe,,C:\Windows\System32\svchost.exe,2848,,1028,698,69028,142372,0.046875,0.1875,2860,0,9.1484375,2.3515625,benign
0.067098762988761,3,0.0,128,,svchost.exe,,C:\Windows\System32\svchost.exe,2868,,1,0,512,0,0.0,0.03125,125,0,5.49609375,1.2265625,benign
0.2098803524616471,12,0.0,308,,vmtoolsd.exe,,C:\Program Files\VMware\VMware Tools\vmtoolsd.exe,2884,,1011,515,14888,111370,0.25,0.40625,46721,0,17.19140625,6.03515625,benign
0.0770658144917113,3,0.0,123,,vm3dservice.exe,,C:\Windows\System32\vm3dservice.exe,2892,,0,0,0,0,0.0,0.046875,3575,0,6.3125,1.53515625,benign
0.1299054942298402,2,0.0,167,,VGAuthService.exe,,C:\Program Files\VMware\VMware Tools\VMware VGAuth\VGAuthService.exe,2900,,30,22,32424,2280,0.046875,0.09375,347,0,10.640625,2.45703125,benign
1.8130495887041356,25,0.0,669,,MsMpEng.exe,,C:\Program Files\Windows Defender\MsMpEng.exe,2908,,1883,4135,163299935,8663620,59.34375,16.796875,264226,0,148.5078125,145.6953125,benign
0.1505549358603544,1,0.0,152,,svchost.exe,,C:\Windows\System32\svchost.exe,2920,,0,0,0,0,0.09375,0.015625,45,0,12.33203125,1.84375,benign
0.2282407104933976,9,0.0,311,,svchost.exe,,C:\Windows\System32\svchost.exe,2928,,0,2,0,184320,0.984375,1.921875,6508,0,18.6953125,3.5234375,benign
0.0658111534644564,4,0.0,106,,svchost.exe,,C:\Windows\System32\svchost.exe,2940,,0,0,0,0,0.0,0.03125,64,0,5.390625,1.3125,benign
0.1291424663635856,6,0.0,369,,svchost.exe,,C:\Windows\System32\svchost.exe,3076,,1,1,116,160,0.15625,0.09375,326,0,10.578125,2.69921875,benign
0.1249935023408264,9,0.0,230,,msdtc.exe,,C:\Windows\System32\msdtc.exe,3208,,1,9,116,5075104,0.015625,0.171875,8660,0,10.23828125,2.67578125,benign
0.0891311926268617,4,0.0,129,,vm3dservice.exe,,C:\Windows\System32\vm3dservice.exe,3448,,1,0,4333,0,0.0625,0.0625,3601,0,7.30078125,1.6875,benign
1.745092419365838,81,0.0,2957,"[popenfile(path='C:\\Windows\\System32\\en-US\\NetworkExplorer.dll.mui', fd=-1), popenfile(path='C:\\Windows\\System32\\en-US\\windows.storage.dll.mui', fd=-1), popenfile(path='C:\\Users\\sctest12\\AppData\\Local\\Microsoft\\Windows\\Explorer\\thumbcache_1280.db', fd=-1), popenfile(path='C:\\Windows\\System32\\en-US\\crypt32.dll.mui', fd=-1), popenfile(path='C:\\Windows\\System32\\en-US\\bthprops.cpl.mui', fd=-1), popenfile(path='C:\\Windows\\System32\\en-US\\KernelBase.dll.mui', fd=-1), popenfile(path='C:\\Windows\\System32\\en-US\\shell32.dll.mui', fd=-1), popenfile(path='C:\\Windows\\SystemResources\\shell32.dll.mun', fd=-1), popenfile(path='C:\\Windows\\en-US\\explorer.exe.mui', fd=-1), popenfile(path='C:\\Windows\\System32\\en-US\\imapi2.dll.mui', fd=-1), popenfile(path='C:\\Windows\\System32\\en-US\\twinui.pcshell.dll.mui', fd=-1), popenfile(path='C:\\Users\\sctest12\\AppData\\Local\\Microsoft\\Windows\\Explorer\\thumbcache_32.db', fd=-1), popenfile(path='C:\\Users\\sctest12\\AppData\\Local\\Microsoft\\Windows\\Explorer\\thumbcache_wide_alternate.db', fd=-1), popenfile(path='C:\\Users\\sctest12\\AppData\\Local\\Microsoft\\Windows\\Explorer\\thumbcache_48.db', fd=-1), popenfile(path='C:\\Windows\\Fonts\\StaticCache.dat', fd=-1), popenfile(path='C:\\Windows\\SystemResources\\stobject.dll.mun', fd=-1), popenfile(path='C:\\Windows\\System32\\en-US\\pnidui.dll.mui', fd=-1), popenfile(path='C:\\Windows\\System32\\en-US\\combase.dll.mui', fd=-1), popenfile(path='C:\\Windows\\System32\\en-US\\sndvolsso.dll.mui', fd=-1), popenfile(path='C:\\Windows\\SystemResources\\ExplorerFrame.dll.mun', fd=-1), popenfile(path='C:\\Users\\sctest12\\AppData\\Local\\Microsoft\\Windows\\Explorer\\thumbcache_16.db', fd=-1), popenfile(path='C:\\Users\\sctest12\\AppData\\Local\\Microsoft\\Windows\\Explorer\\thumbcache_256.db', fd=-1), popenfile(path='C:\\Users\\sctest12\\AppData\\Local\\Microsoft\\Windows\\Explorer\\iconcache_sr.db', fd=-1), popenfile(path='C:\\Windows\\System32\\en-US\\ieframe.dll.mui', fd=-1), popenfile(path='C:\\Windows\\System32\\en-US\\mpr.dll.mui', fd=-1), popenfile(path='C:\\Users\\sctest12\\AppData\\Local\\Microsoft\\Windows\\Explorer\\thumbcache_1920.db', fd=-1), popenfile(path='C:\\Windows\\System32\\en-US\\winnlsres.dll.mui', fd=-1), popenfile(path='C:\\Windows\\System32\\en-US\\ApplicationFrame.dll.mui', fd=-1), popenfile(path='C:\\Windows\\Fonts\\segoeui.ttf', fd=-1), popenfile(path='C:\\Windows\\System32\\en-US\\hcproviders.dll.mui', fd=-1), popenfile(path='C:\\Users\\sctest12\\AppData\\Local\\Microsoft\\Windows\\Explorer\\iconcache_wide.db', fd=-1), popenfile(path='C:\\Windows\\System32\\en-US\\InputSwitch.dll.mui', fd=-1), popenfile(path='C:\\Windows\\System32\\en-US\\dui70.dll.mui', fd=-1), popenfile(path='C:\\Windows\\SystemResources\\zipfldr.dll.mun', fd=-1), popenfile(path='C:\\Users\\sctest12\\AppData\\Local\\Microsoft\\Windows\\Explorer\\iconcache_2560.db', fd=-1), popenfile(path='C:\\Users\\sctest12\\AppData\\Local\\Microsoft\\Windows\\Explorer\\thumbcache_768.db', fd=-1), popenfile(path='C:\\Users\\sctest12\\AppData\\Local\\Microsoft\\Windows\\Explorer\\iconcache_768.db', fd=-1), popenfile(path='C:\\Users\\sctest12\\AppData\\Local\\Microsoft\\Windows\\Explorer\\iconcache_1280.db', fd=-1), popenfile(path='C:\\Users\\sctest12\\AppData\\Local\\Microsoft\\Windows\\Explorer\\iconcache_wide_alternate.db', fd=-1), popenfile(path='C:\\Users\\sctest12\\AppData\\Local\\Microsoft\\Windows\\Explorer\\thumbcache_exif.db', fd=-1), popenfile(path='C:\\Windows\\System32\\en-US\\themeui.dll.mui', fd=-1), popenfile(path='C:\\Users\\sctest12\\AppData\\Local\\Microsoft\\Windows\\Explorer\\iconcache_custom_stream.db', fd=-1), popenfile(path='C:\\Windows\\System32\\en-US\\ActionCenter.dll.mui', fd=-1), popenfile(path='C:\\Program Files\\Windows Defender\\en-US\\shellext.dll.mui', fd=-1), popenfile(path='C:\\Windows\\SystemResources\\imageres.dll.mun', fd=-1), popenfile(path='C:\\Users\\sctest12\\AppData\\Local\\Microsoft\\Windows\\Explorer\\thumbcache_idx.db', fd=-1), popenfile(path='C:\\Windows\\System32\\en-US\\explorerframe.dll.mui', fd=-1), popenfile(path='C:\\Windows\\System32\\en-US\\stobject.dll.mui', fd=-1), popenfile(path='C:\\Windows\\SystemResources\\SndVolSSO.dll.mun', fd=-1), popenfile(path='C:\\Windows\\System32\\en-US\\UIRibbon.dll.mui', fd=-1), popenfile(path='C:\\Windows\\System32\\en-US\\dsreg.dll.mui', fd=-1), popenfile(path='C:\\Users\\sctest12\\AppData\\Local\\Microsoft\\Windows\\Explorer\\iconcache_16.db', fd=-1), popenfile(path='C:\\Users\\sctest12\\AppData\\Local\\Microsoft\\Windows\\Explorer\\thumbcache_96.db', fd=-1), popenfile(path='C:\\Windows\\System32\\en-US\\zipfldr.dll.mui', fd=-1), popenfile(path='C:\\Users\\sctest12\\AppData\\Local\\Microsoft\\Windows\\Explorer\\iconcache_exif.db', fd=-1), popenfile(path='C:\\Windows\\System32\\en-US\\propsys.dll.mui', fd=-1), popenfile(path='C:\\Users\\sctest12\\AppData\\Local\\Microsoft\\Windows\\Explorer\\thumbcache_wide.db', fd=-1), popenfile(path='C:\\Windows\\System32\\en-US\\oleaccrc.dll.mui', fd=-1), popenfile(path='C:\\Users\\sctest12\\AppData\\Local\\Microsoft\\Windows\\Explorer\\iconcache_idx.db', fd=-1), popenfile(path='C:\\Windows\\System32\\en-US\\twext.dll.mui', fd=-1), popenfile(path='C:\\Windows\\System32\\en-US\\ntshrui.dll.mui', fd=-1), popenfile(path='C:\\Users\\sctest12\\AppData\\Local\\Microsoft\\Windows\\Explorer\\iconcache_48.db', fd=-1), popenfile(path='C:\\Windows\\System32\\en-US\\AppResolver.dll.mui', fd=-1), popenfile(path='C:\\Users\\sctest12\\AppData\\Local\\Microsoft\\Windows\\Explorer\\thumbcache_2560.db', fd=-1), popenfile(path='C:\\Users\\sctest12\\AppData\\Local\\Microsoft\\Windows\\Explorer\\thumbcache_sr.db', fd=-1), popenfile(path='C:\\Users\\sctest12\\AppData\\Local\\Microsoft\\Windows\\Explorer\\thumbcache_custom_stream.db', fd=-1), popenfile(path='C:\\Windows\\System32\\en-US\\wscui.cpl.mui', fd=-1), popenfile(path='C:\\Users\\sctest12\\AppData\\Local\\Microsoft\\Windows\\Explorer\\iconcache_256.db', fd=-1), popenfile(path='C:\\Users\\sctest12\\AppData\\Local\\Microsoft\\GameDVR\\KnownGameList.bin', fd=-1), popenfile(path='C:\\Users\\sctest12\\AppData\\Local\\Microsoft\\Windows\\Explorer\\iconcache_1920.db', fd=-1), popenfile(path='C:\\Users\\sctest12\\AppData\\Local\\Microsoft\\Windows\\Explorer\\iconcache_32.db', fd=-1), popenfile(path='C:\\Windows\\Registration\\R000000000006.clb', fd=-1), popenfile(path='C:\\Users\\sctest12\\AppData\\Local\\Microsoft\\Windows\\Explorer\\iconcache_96.db', fd=-1)]",explorer.exe,['C:\\Windows\\Explorer.EXE'],C:\Windows\explorer.exe,3476,32.0,3595,551,33364124,18785370,16.5,20.125,303340,0,142.94140625,74.78515625,benign
0.0096809160531048,3,0.0,211,,MicrosoftEdgeUpdate.exe,,C:\Program Files (x86)\Microsoft\EdgeUpdate\MicrosoftEdgeUpdate.exe,3488,,0,22,0,1700,0.078125,0.03125,945,0,0.79296875,1.83984375,benign
0.2734024223273399,8,0.0,350,,svchost.exe,,C:\Windows\System32\svchost.exe,3620,,0,0,0,0,1.265625,0.71875,5034,0,22.39453125,3.85546875,benign
0.2366340170221979,13,0.0,582,,csrss.exe,,C:\Windows\System32\csrss.exe,3700,,21743,0,1384557,0,0.328125,1.84375,129817,0,19.3828125,3.54296875,benign
0.6542010168300103,17,0.0,563,"[popenfile(path='C:\\Program Files\\WindowsApps\\microsoft.windowscommunicationsapps_16005.11629.20316.0_x64__8wekyb3d8bbwe\\en-us\\hxoutlookintl.dll', fd=-1), popenfile(path='C:\\Program Files\\WindowsApps\\microsoft.windowscommunicationsapps_16005.11629.20316.0_x64__8wekyb3d8bbwe\\HxOutlook.Resources.dll', fd=-1), popenfile(path='C:\\Windows\\System32\\en-US\\windows.storage.dll.mui', fd=-1), popenfile(path='C:\\Windows\\System32\\en-US\\Windows.Security.Authentication.Web.Core.dll.mui', fd=-1), popenfile(path='C:\\Windows\\System32\\en-US\\KernelBase.dll.mui', fd=-1), popenfile(path='C:\\Windows\\System32\\WinMetadata\\Windows.System.winmd', fd=-1), popenfile(path='C:\\Program Files\\WindowsApps\\microsoft.windowscommunicationsapps_16005.11629.20316.0_x64__8wekyb3d8bbwe\\images\\HxA-Outlook.scale-100.png', fd=-1), popenfile(path='C:\\Program Files\\WindowsApps\\microsoft.windowscommunicationsapps_16005.11629.20316.0_x64__8wekyb3d8bbwe\\en-us\\hxcommintl.dll', fd=-1), popenfile(path='C:\\Users\\sctest12\\AppData\\Local\\Packages\\microsoft.windowscommunicationsapps_8wekyb3d8bbwe\\LocalState\\HxAccountsAlwaysOnLog.etl', fd=-1), popenfile(path='C:\\Windows\\System32\\en-US\\windows.ui.xaml.dll.mui', fd=-1), popenfile(path='C:\\Program Files\\WindowsApps\\microsoft.windowscommunicationsapps_16005.11629.20316.0_x64__8wekyb3d8bbwe\\images\\HxA-Google.scale-100.png', fd=-1), popenfile(path='C:\\Program Files\\WindowsApps\\microsoft.windowscommunicationsapps_16005.11629.20316.0_x64__8wekyb3d8bbwe\\images\\HxA-Generic-Light.scale-100.png', fd=-1), popenfile(path='C:\\Windows\\Fonts\\segoeui.ttf', fd=-1), popenfile(path='C:\\Program Files\\WindowsApps\\microsoft.windowscommunicationsapps_16005.11629.20316.0_x64__8wekyb3d8bbwe\\images\\HxA-Yahoo-Light.scale-100.png', fd=-1), popenfile(path='C:\\Program Files\\WindowsApps\\microsoft.windowscommunicationsapps_16005.11629.20316.0_x64__8wekyb3d8bbwe\\images\\HxA-Exchange.scale-100.png', fd=-1), popenfile(path='C:\\Program Files\\WindowsApps\\microsoft.windowscommunicationsapps_16005.11629.20316.0_x64__8wekyb3d8bbwe\\images\\HxA-Advanced-Light.scale-100.png', fd=-1)]",HxAccounts.exe,"['C:\\Program Files\\WindowsApps\\microsoft.windowscommunicationsapps_16005.11629.20316.0_x64__8wekyb3d8bbwe\\HxAccounts.exe', '-ServerName:microsoft.windowslive.manageaccounts.AppXdbf3yp5apt3t7q877db3gnz5zqpf71zj.mca']",C:\Program Files\WindowsApps\microsoft.windowscommunicationsapps_16005.11629.20316.0_x64__8wekyb3d8bbwe\HxAccounts.exe,3712,32.0,0,1,0,65536,0.234375,0.28125,1180,0,53.5859375,16.54296875,benign
0.0973814314307392,3,0.0,180,,svchost.exe,,C:\Windows\System32\svchost.exe,3768,,297,0,6066,0,0.0625,0.0625,189,0,7.9765625,1.734375,benign
0.1685337799589777,11,0.0,268,,dllhost.exe,,C:\Windows\System32\dllhost.exe,3836,,4281,7,2094377,3745,0.203125,0.140625,7546,0,13.8046875,3.87109375,benign
0.1083022677665077,38,0.0,963,,SkypeApp.exe,,C:\Program Files\WindowsApps\Microsoft.SkypeApp_14.53.77.0_x64__kzf8qxf38zg5c\SkypeApp.exe,3852,,13,58,28563724,28487787,22.75,4.828125,7585,0,8.87109375,112.4921875,benign
0.5178574749786472,19,0.0,658,"[popenfile(path='C:\\Windows\\Fonts\\StaticCache.dat', fd=-1), popenfile(path='C:\\Windows\\System32\\en-US\\propsys.dll.mui', fd=-1), popenfile(path='C:\\Windows\\System32\\en-US\\Taskmgr.exe.mui', fd=-1), popenfile(path='C:\\Users\\sctest12\\AppData\\Local\\Microsoft\\Windows\\Explorer\\iconcache_16.db', fd=-1), popenfile(path='C:\\Windows\\Registration\\R000000000006.clb', fd=-1), popenfile(path='C:\\Windows\\SystemResources\\Taskmgr.exe.mun', fd=-1), popenfile(path='C:\\Windows\\System32\\en-US\\oleaccrc.dll.mui', fd=-1), popenfile(path='C:\\Users\\sctest12\\AppData\\Local\\Microsoft\\Windows\\Explorer\\iconcache_idx.db', fd=-1)]",Taskmgr.exe,"['C:\\Windows\\system32\\taskmgr.exe', '/7']",C:\Windows\System32\Taskmgr.exe,4004,32.0,298,2,897110,8,2.21875,5.125,65531,0,42.41796875,19.80859375,benign
0.160903501296432,1,0.0,214,,RuntimeBroker.exe,,C:\Windows\System32\RuntimeBroker.exe,4216,,165,0,30497,0,0.03125,0.078125,55,0,13.1796875,2.19140625,benign
0.0747767308929476,2,0.0,106,,svchost.exe,,C:\Windows\System32\svchost.exe,4252,,0,0,0,0,0.0625,0.0,56,0,6.125,1.234375,benign
0.0545088031955607,1,0.0,74,"[popenfile(path='C:\\Windows\\System32\\en-US\\cmd.exe.mui', fd=-1)]",cmd.exe,['C:\\Windows\\system32\\cmd.exe'],C:\Windows\System32\cmd.exe,4320,32.0,0,0,0,0,0.015625,0.0,355,0,4.46484375,2.86328125,benign
0.2226133799797702,8,0.0,303,"[popenfile(path='C:\\Windows\\System32\\en-US\\svchost.exe.mui', fd=-1), popenfile(path='C:\\Windows\\System32\\en-US\\crypt32.dll.mui', fd=-1), popenfile(path='C:\\Users\\sctest12\\AppData\\Local\\ConnectedDevicesPlatform\\L.sctest12\\ActivitiesCache.db-shm', fd=-1), popenfile(path='C:\\Windows\\System32\\en-US\\KernelBase.dll.mui', fd=-1), popenfile(path='C:\\Users\\sctest12\\AppData\\Local\\ConnectedDevicesPlatform\\L.sctest12\\ActivitiesCache.db', fd=-1), popenfile(path='C:\\Users\\sctest12\\AppData\\Local\\ConnectedDevicesPlatform\\L.sctest12\\ActivitiesCache.db-wal', fd=-1), popenfile(path='C:\\Windows\\Registration\\R000000000006.clb', fd=-1)]",svchost.exe,"['C:\\Windows\\system32\\svchost.exe', '-k', 'UnistackSvcGroup', '-s', 'CDPUserSvc']",C:\Windows\System32\svchost.exe,4392,32.0,15,1619,17205,3297435,0.328125,0.234375,1059,0,18.234375,4.62109375,benign
0.3116015048817092,6,0.0,332,"[popenfile(path='C:\\Users\\sctest12\\AppData\\Local\\Microsoft\\Windows\\Notifications\\wpndatabase.db-wal', fd=-1), popenfile(path='C:\\Windows\\System32\\en-US\\svchost.exe.mui', fd=-1), popenfile(path='C:\\Users\\sctest12\\AppData\\Local\\Microsoft\\Windows\\Notifications\\wpndatabase.db', fd=-1), popenfile(path='C:\\Windows\\System32\\en-US\\KernelBase.dll.mui', fd=-1), popenfile(path='C:\\Users\\sctest12\\AppData\\Local\\Microsoft\\Windows\\Notifications\\wpndatabase.db-shm', fd=-1), popenfile(path='C:\\Windows\\System32\\en-US\\QuietHours.dll.mui', fd=-1), popenfile(path='C:\\Windows\\Registration\\R000000000006.clb', fd=-1), popenfile(path='C:\\Users\\sctest12\\AppData\\Local\\Microsoft\\Windows\\Notifications\\WPNPRMRY.tmp', fd=-1)]",svchost.exe,"['C:\\Windows\\system32\\svchost.exe', '-k', 'UnistackSvcGroup', '-s', 'WpnUserService']",C:\Windows\System32\svchost.exe,4416,32.0,117,5971,475652,12518612,0.484375,0.34375,2187,0,25.5234375,5.5859375,benign
0.2719240558364716,2,0.0,248,,RuntimeBroker.exe,,C:\Windows\System32\RuntimeBroker.exe,4444,,1,0,7611,0,0.15625,0.171875,168,0,22.2734375,5.11328125,benign
0.3200425006521503,4,0.0,335,,RuntimeBroker.exe,,C:\Windows\System32\RuntimeBroker.exe,4452,,16,1,19434,160,0.125,0.1875,78,0,26.21484375,4.27734375,benign
0.4226220594217488,7,0.0,446,,vmtoolsd.exe,,C:\Program Files\VMware\VMware Tools\vmtoolsd.exe,4500,,1237,102,3702078,8754,3.171875,1.984375,41495,0,34.6171875,15.91796875,benign
0.2093080815619562,9,0.0,319,"[popenfile(path='C:\\Users\\sctest12\\AppData\\Local\\Microsoft\\Windows\\WebCache\\V01tmp.log', fd=-1), popenfile(path='C:\\Users\\sctest12\\AppData\\Local\\Microsoft\\Windows\\WebCache\\V01.log', fd=-1), popenfile(path='C:\\Users\\sctest12\\AppData\\Local\\Microsoft\\Windows\\WebCache\\WebCacheV01.jfm', fd=-1), popenfile(path='C:\\Windows\\System32\\en-US\\wdmaud.drv.mui', fd=-1), popenfile(path='C:\\Windows\\System32\\en-US\\taskhostw.exe.mui', fd=-1), popenfile(path='C:\\Users\\sctest12\\AppData\\Local\\Microsoft\\Windows\\WebCache\\WebCacheV01.dat', fd=-1), popenfile(path='C:\\Users\\sctest12\\AppData\\Local\\Microsoft\\Windows\\WebCacheLock.dat', fd=-1), popenfile(path='C:\\Windows\\System32\\en-US\\ESENT.dll.mui', fd=-1), popenfile(path='C:\\Windows\\System32\\en-US\\MsCtfMonitor.dll.mui', fd=-1), popenfile(path='C:\\Windows\\Registration\\R000000000006.clb', fd=-1), popenfile(path='C:\\Windows\\System32\\en-US\\winmm.dll.mui', fd=-1), popenfile(path='C:\\Windows\\System32\\en-US\\MMDevAPI.dll.mui', fd=-1)]",taskhostw.exe,"['taskhostw.exe', '{222A245B-E637-4AE9-A93F-A59CA119A75E}']",C:\Windows\System32\taskhostw.exe,4584,32.0,6,276,743301,7587085,3.265625,1.65625,58561,0,17.14453125,6.00390625,benign
0.8224486613391426,14,0.0,637,,StartMenuExperienceHost.exe,,C:\Windows\SystemApps\Microsoft.Windows.StartMenuExperienceHost_cw5n1h2txyewy\StartMenuExperienceHost.exe,4592,,45,0,151244,0,1.171875,0.59375,4476,0,67.3671875,19.41796875,benign
0.019171075139646,4,0.0,144,,SkypeBackgroundHost.exe,,C:\Program Files\WindowsApps\Microsoft.SkypeApp_14.53.77.0_x64__kzf8qxf38zg5c\SkypeBackgroundHost.exe,4604,,0,0,0,0,0.046875,0.015625,117,0,1.5703125,1.79296875,benign
0.4705974365125048,8,0.0,506,,TextInputHost.exe,,C:\Windows\SystemApps\MicrosoftWindows.Client.CBS_cw5n1h2txyewy\TextInputHost.exe,4612,,3,0,31201,0,0.234375,0.171875,25562,0,38.546875,12.375,benign
0.1049163316100031,4,0.0,181,,NisSrv.exe,,C:\Program Files\Windows Defender\NisSrv.exe,4716,,0,0,0,0,0.0625,0.109375,290,0,8.59375,3.70703125,benign
0.6760426895015473,28,0.0,823,"[popenfile(path='C:\\Windows\\System32\\en-US\\windows.storage.dll.mui', fd=-1), popenfile(path='C:\\Windows\\System32\\en-US\\KernelBase.dll.mui', fd=-1), popenfile(path='C:\\Program Files\\WindowsApps\\microsoft.windowscommunicationsapps_16005.11629.20316.0_x64__8wekyb3d8bbwe\\images\\HxA-Outlook.scale-100.png', fd=-1), popenfile(path='C:\\Program Files\\WindowsApps\\microsoft.windowscommunicationsapps_16005.11629.20316.0_x64__8wekyb3d8bbwe\\en-us\\hxcommintl.dll', fd=-1), popenfile(path='C:\\Program Files\\WindowsApps\\microsoft.windowscommunicationsapps_16005.11629.20316.0_x64__8wekyb3d8bbwe\\en-us\\msointlimm.dll', fd=-1), popenfile(path='C:\\Program Files\\WindowsApps\\microsoft.windowscommunicationsapps_16005.11629.20316.0_x64__8wekyb3d8bbwe\\en-us\\hxoutlookintl.dll', fd=-1), popenfile(path='C:\\Program Files\\WindowsApps\\microsoft.windowscommunicationsapps_16005.11629.20316.0_x64__8wekyb3d8bbwe\\HxOutlook.Resources.dll', fd=-1), popenfile(path='C:\\Windows\\Fonts\\segoeuil.ttf', fd=-1), popenfile(path='C:\\Windows\\Fonts\\segoeui.ttf', fd=-1), popenfile(path='C:\\Users\\sctest12\\AppData\\Local\\Packages\\microsoft.windowscommunicationsapps_8wekyb3d8bbwe\\LocalState\\HxmAlwaysOnLog.etl', fd=-1), popenfile(path='C:\\Windows\\Fonts\\segoeuisl.ttf', fd=-1), popenfile(path='C:\\Program Files\\WindowsApps\\microsoft.windowscommunicationsapps_16005.11629.20316.0_x64__8wekyb3d8bbwe\\msoimm.dll', fd=-1), popenfile(path='C:\\Program Files\\WindowsApps\\microsoft.windowscommunicationsapps_16005.11629.20316.0_x64__8wekyb3d8bbwe\\images\\HxA-Google.scale-100.png', fd=-1), popenfile(path='C:\\Program Files\\WindowsApps\\microsoft.windowscommunicationsapps_16005.11629.20316.0_x64__8wekyb3d8bbwe\\en-us\\msointl30_winrt.dll', fd=-1), popenfile(path='C:\\Program Files\\WindowsApps\\microsoft.windowscommunicationsapps_16005.11629.20316.0_x64__8wekyb3d8bbwe\\images\\offsym.ttf', fd=-1), popenfile(path='C:\\Program Files\\WindowsApps\\microsoft.windowscommunicationsapps_16005.11629.20316.0_x64__8wekyb3d8bbwe\\images\\offsymsl.ttf', fd=-1), popenfile(path='C:\\Windows\\System32\\WinMetadata\\Windows.UI.winmd', fd=-1), popenfile(path='C:\\Windows\\System32\\WinMetadata\\Windows.System.winmd', fd=-1), popenfile(path='C:\\Program Files\\WindowsApps\\microsoft.windowscommunicationsapps_16005.11629.20316.0_x64__8wekyb3d8bbwe\\images\\offsymsb.ttf', fd=-1), popenfile(path='C:\\Program Files\\WindowsApps\\microsoft.windowscommunicationsapps_16005.11629.20316.0_x64__8wekyb3d8bbwe\\images\\FR_Back_Landscape_Med_1920x1080.jpg', fd=-1), popenfile(path='C:\\Program Files\\WindowsApps\\microsoft.windowscommunicationsapps_16005.11629.20316.0_x64__8wekyb3d8bbwe\\office.odf', fd=-1), popenfile(path='C:\\Program Files\\WindowsApps\\microsoft.windowscommunicationsapps_16005.11629.20316.0_x64__8wekyb3d8bbwe\\images\\HxA-Yahoo-Light.scale-100.png', fd=-1)]",HxOutlook.exe,"['C:\\Program Files\\WindowsApps\\microsoft.windowscommunicationsapps_16005.11629.20316.0_x64__8wekyb3d8bbwe\\HxOutlook.exe', '-ServerName:microsoft.windowslive.mail.AppXfbjsbkxvprcgqg6q4c9jfr0pn3kv9x5s.mca']",C:\Program Files\WindowsApps\microsoft.windowscommunicationsapps_16005.11629.20316.0_x64__8wekyb3d8bbwe\HxOutlook.exe,4796,32.0,2,1,8192,65536,0.65625,0.328125,2709,0,55.375,30.49609375,benign
0.1687722261671822,6,0.0,344,,svchost.exe,,C:\Windows\System32\svchost.exe,4800,,3,0,38085,0,0.140625,0.109375,715,0,13.82421875,3.671875,benign
0.0789256949157068,5,0.0,151,,svchost.exe,,C:\Windows\System32\svchost.exe,4840,,0,0,0,0,0.015625,0.078125,216,0,6.46484375,1.73828125,benign
0.1182216300278171,8,0.0,232,,svchost.exe,,C:\Windows\System32\svchost.exe,4864,,1,0,63940,0,0.15625,0.09375,398,0,9.68359375,4.25390625,benign
0.1437830635473451,4,0.0,170,,audiodg.exe,"['C:\\Windows\\system32\\AUDIODG.EXE', '0x2ec']",C:\Windows\System32\audiodg.exe,4984,32.0,1,0,5233,0,0.09375,9.484375,261,0,11.77734375,6.1484375,benign
0.2528006699384665,7,0.0,169,[],backgroundTaskHost.exe,"['C:\\Windows\\system32\\backgroundTaskHost.exe', '-ServerName:Microsoft.XboxApp.AppXf74jmpwd42x7vxttda454sh29n0qpb8x.mca']",C:\Windows\System32\backgroundTaskHost.exe,5020,32.0,1,0,4096,0,1.296875,0.875,916,0,20.70703125,9.265625,benign
0.0832654159050297,7,0.0,105,,SgrmBroker.exe,,C:\Windows\System32\SgrmBroker.exe,5032,,2,0,80480,0,0.125,0.046875,3876,0,6.8203125,3.9765625,benign
0.3121737757814001,8,0.0,546,"[popenfile(path='C:\\Windows\\System32\\en-US\\svchost.exe.mui', fd=-1), popenfile(path='C:\\Users\\sctest12\\AppData\\Local\\Comms\\UnistoreDB\\store.jfm', fd=-1), popenfile(path='C:\\Users\\sctest12\\AppData\\Local\\Comms\\UnistoreDB\\store.vol', fd=-1), popenfile(path='C:\\Windows\\System32\\en-US\\UserDataAccessRes.dll.mui', fd=-1), popenfile(path='C:\\Windows\\System32\\en-US\\ESENT.dll.mui', fd=-1), popenfile(path='C:\\Users\\sctest12\\AppData\\Local\\Comms\\UnistoreDB\\USS.jtx', fd=-1), popenfile(path='C:\\Users\\sctest12\\AppData\\Local\\Comms\\UnistoreDB\\USStmp.jtx', fd=-1), popenfile(path='C:\\Users\\sctest12\\AppData\\Local\\Comms\\UnistoreDB\\tmp.edb', fd=-1), popenfile(path='C:\\Windows\\Registration\\R000000000006.clb', fd=-1)]",svchost.exe,"['C:\\Windows\\system32\\svchost.exe', '-k', 'UnistackSvcGroup']",C:\Windows\System32\svchost.exe,5040,32.0,12,124,3212255,14823428,0.359375,0.234375,3720,0,25.5703125,7.9453125,benign
0.1808852935439735,7,0.0,185,,svchost.exe,,C:\Windows\System32\svchost.exe,5044,,0,0,0,0,0.15625,0.03125,374,0,14.81640625,2.734375,benign
0.035146971089351,3,0.0,151,,taskhostw.exe,,C:\Windows\System32\taskhostw.exe,5072,,0,0,0,0,0.046875,0.0,129,0,2.87890625,1.71875,benign
0.1506980035852771,7,0.0,171,[],backgroundTaskHost.exe,"['C:\\Windows\\system32\\backgroundTaskHost.exe', '-ServerName:App.AppXxw3e32mpkfkfbh0tznpwwqfw96t0tfx6.mca']",C:\Windows\System32\backgroundTaskHost.exe,5144,32.0,1,0,4096,0,0.015625,0.046875,337,0,12.34375,2.28515625,benign
0.2140293164844063,4,0.0,241,,svchost.exe,,C:\Windows\System32\svchost.exe,5224,,0,0,0,0,0.03125,0.015625,3376,0,17.53125,3.0703125,benign
0.1240874067496491,3,0.0,261,,winlogon.exe,,C:\Windows\System32\winlogon.exe,5296,,2,0,15454,0,0.03125,0.078125,520,0,10.1640625,2.34375,benign
0.3045434971188545,1,0.0,269,,ApplicationFrameHost.exe,,C:\Windows\System32\ApplicationFrameHost.exe,5316,,8,0,3030,0,0.140625,0.125,110,0,24.9453125,4.27734375,benign
0.0531735044296152,5,0.0,36,,fontdrvhost.exe,,C:\Windows\System32\fontdrvhost.exe,5364,,0,0,0,0,0.046875,0.046875,3427,0,4.35546875,1.39453125,benign
0.304781943327059,3,0.0,500,,svchost.exe,,C:\Windows\System32\svchost.exe,5432,,9,135,3166208,15052804,0.390625,0.171875,309,0,24.96484375,7.3125,benign
0.3869981959159887,2,0.0,402,,svchost.exe,,C:\Windows\System32\svchost.exe,5504,,91,332,367695,682883,0.4375,0.3125,219,0,31.69921875,7.05078125,benign
0.0752536233093567,3,0.0,95,[],generate_data.exe,"['.\\generate_data.exe', '[9160, 6536]']",C:\Users\Public\Downloads\generate_data.exe,5556,32.0,6963,35139,53051584,143178226,0.875,4.765625,5439,0,6.1640625,1.2890625,benign
0.1366296773012086,7,0.0,142,"[popenfile(path='C:\\Windows\\Registration\\R000000000006.clb', fd=-1)]",RuntimeBroker.exe,"['C:\\Windows\\System32\\RuntimeBroker.exe', '-Embedding']",C:\Windows\System32\RuntimeBroker.exe,5632,32.0,1,0,9345,0,0.03125,0.0,100,0,11.19140625,1.89453125,benign
0.12308593267519,8,0.0,223,,svchost.exe,,C:\Windows\System32\svchost.exe,5652,,2,2,232,320,0.0625,0.09375,159,0,10.08203125,2.48828125,benign
0.1382988007586404,5,0.0,185,,svchost.exe,,C:\Windows\System32\svchost.exe,5668,,1,0,5061,0,0.546875,0.4375,6618,0,11.328125,2.30859375,benign
0.1244212314411355,3,0.0,277,,winlogon.exe,,C:\Windows\System32\winlogon.exe,5708,,1,0,9728,0,0.0625,0.109375,505,0,10.19140625,2.29296875,benign
0.145976768662827,3,0.0,232,,svchost.exe,,C:\Windows\System32\svchost.exe,5724,,0,0,0,0,0.109375,0.015625,183,0,11.95703125,2.51953125,benign
0.3420272410486101,20,0.0,819,,SearchIndexer.exe,,C:\Windows\System32\SearchIndexer.exe,5756,,2866,2949,3114386,40071730,6.765625,2.390625,35141,0,28.015625,27.80078125,benign
0.2509407895144711,10,0.0,459,,ctfmon.exe,['ctfmon.exe'],C:\Windows\System32\ctfmon.exe,5764,128.0,0,0,0,0,0.78125,1.875,42463,0,20.5546875,4.01953125,benign
0.7050377484192208,15,0.0,973,,dwm.exe,,C:\Windows\System32\dwm.exe,5860,,2,0,72092,0,1.359375,0.984375,32622,0,57.75,35.80859375,benign
0.3498005874360785,4,0.0,441,,RuntimeBroker.exe,,C:\Windows\System32\RuntimeBroker.exe,5868,,271,2,58067,248,0.25,0.625,429,0,28.65234375,7.734375,benign
0.1040102360188258,6,0.0,173,,svchost.exe,,C:\Windows\System32\svchost.exe,5880,,0,1,0,4096,0.078125,0.0,77,0,8.51953125,1.9921875,benign
1.6242955702894115,29,0.0,987,,SearchApp.exe,,C:\Windows\SystemApps\Microsoft.Windows.Search_cw5n1h2txyewy\SearchApp.exe,5908,,2200,335,11360356,4137458,1.796875,1.171875,34958,0,133.046875,78.19921875,benign
0.86002778375218,4,0.0,539,"[popenfile(path='C:\\Users\\sctest12\\AppData\\Local\\Temp\\_MEI55562\\base_library.zip', fd=-1), popenfile(path='C:\\Windows\\System32\\en-US\\KernelBase.dll.mui', fd=-1), popenfile(path='C:\\Windows\\System32\\en-US\\tzres.dll.mui', fd=-1)]",generate_data.exe,"['.\\generate_data.exe', '[9160, 6536]']",C:\Users\Public\Downloads\generate_data.exe,5928,32.0,891,0,10018358,0,1.25,7.640625,19088,0,70.4453125,84.48046875,benign
0.6798578288328201,20,0.0,551,"[popenfile(path='C:\\Windows\\System32\\en-US\\combase.dll.mui', fd=-1), popenfile(path='C:\\Windows\\Fonts\\seguisb.ttf', fd=-1), popenfile(path='C:\\Program Files\\WindowsApps\\Microsoft.UI.Xaml.2.0_2.1810.18004.0_x64__8wekyb3d8bbwe\\Microsoft.UI.Xaml\\Assets\\NoiseAsset_256x256_PNG.png', fd=-1), popenfile(path='C:\\Windows\\Fonts\\segoeuib.ttf', fd=-1), popenfile(path='C:\\Windows\\System32\\en-US\\KernelBase.dll.mui', fd=-1), popenfile(path='C:\\Windows\\System32\\WinMetadata\\Windows.Foundation.winmd', fd=-1), popenfile(path='C:\\Windows\\System32\\WinMetadata\\Windows.UI.winmd', fd=-1), popenfile(path='C:\\Program Files\\WindowsApps\\Microsoft.WindowsCalculator_10.1906.55.0_x64__8wekyb3d8bbwe\\Assets\\CalcMDL2.ttf', fd=-1), popenfile(path='C:\\Windows\\Fonts\\segoeui.ttf', fd=-1), popenfile(path='C:\\Windows\\System32\\WinMetadata\\Windows.UI.Xaml.winmd', fd=-1)]",Calculator.exe,"['C:\\Program Files\\WindowsApps\\Microsoft.WindowsCalculator_10.1906.55.0_x64__8wekyb3d8bbwe\\Calculator.exe', '-ServerName:App.AppXsm3pg4n7er43kdh1qp4e79f1j7am68r8.mca']",C:\Program Files\WindowsApps\Microsoft.WindowsCalculator_10.1906.55.0_x64__8wekyb3d8bbwe\Calculator.exe,6056,32.0,2,0,8192,0,1.015625,0.421875,5530,0,55.6875,18.29296875,benign
0.1545608321581909,2,0.0,230,,svchost.exe,,C:\Windows\System32\svchost.exe,6188,,16,0,5177,0,0.640625,8.390625,35,0,12.66015625,2.9765625,benign
0.0685771294796293,9,0.0,332,,csrss.exe,,C:\Windows\System32\csrss.exe,6252,,4765,0,384069,0,0.03125,0.859375,35701,0,5.6171875,1.64453125,benign
0.3622474795043562,5,0.0,342,,LogonUI.exe,,C:\Windows\System32\LogonUI.exe,6424,,1,0,26845,0,0.0625,0.09375,426,0,29.671875,11.85546875,benign
0.2213734596971065,14,0.0,395,,svchost.exe,,C:\Windows\System32\svchost.exe,6456,,86,15,2796310,74116,0.203125,0.09375,629,0,18.1328125,8.72265625,benign
0.088415854002248,6,0.0,210,,svchost.exe,,C:\Windows\System32\svchost.exe,6492,,1,0,4014,0,0.046875,0.0,78,0,7.2421875,1.8359375,benign
0.443843771951954,8,0.0,429,"[popenfile(path='C:\\Windows\\System32\\en-US\\windows.storage.dll.mui', fd=-1), popenfile(path='C:\\Windows\\System32\\en-US\\KernelBase.dll.mui', fd=-1), popenfile(path='C:\\Windows\\System32\\en-US\\propsys.dll.mui', fd=-1), popenfile(path='C:\\Windows\\System32\\en-US\\netmsg.dll.mui', fd=-1), popenfile(path='C:\\Windows\\Registration\\R000000000006.clb', fd=-1)]",RuntimeBroker.exe,"['C:\\Windows\\System32\\RuntimeBroker.exe', '-Embedding']",C:\Windows\System32\RuntimeBroker.exe,6620,32.0,4,2,504,2748,0.6875,0.359375,5101,0,36.35546875,14.6875,benign
0.2423567260191071,8,0.0,263,,svchost.exe,,C:\Windows\System32\svchost.exe,6648,,0,0,0,0,0.046875,0.046875,518,0,19.8515625,3.71875,benign
0.9216899731938772,15,0.0,1167,,dwm.exe,,C:\Windows\System32\dwm.exe,6716,,3,0,87546,0,2.21875,1.625,110534,0,75.49609375,48.98828125,benign
0.1695352540334368,7,0.0,167,"[popenfile(path='C:\\Windows\\Registration\\R000000000006.clb', fd=-1)]",RuntimeBroker.exe,"['C:\\Windows\\System32\\RuntimeBroker.exe', '-Embedding']",C:\Windows\System32\RuntimeBroker.exe,6776,32.0,1,0,3177,0,0.015625,0.046875,95,0,13.88671875,2.5078125,benign
0.2262854515861203,12,0.0,494,,SecurityHealthService.exe,,C:\Windows\System32\SecurityHealthService.exe,6832,,0,1,0,4096,0.515625,0.25,5277,0,18.53515625,4.28515625,benign
2.498105544875815,43,0.0,1432,"[popenfile(path='C:\\Users\\sctest12\\AppData\\Local\\Packages\\Microsoft.Windows.Search_cw5n1h2txyewy\\LocalState\\AppIconCache\\100\\Microsoft_Windows_Computer', fd=-1), popenfile(path='C:\\Windows\\System32\\en-US\\windows.storage.dll.mui', fd=-1), popenfile(path='C:\\Users\\sctest12\\AppData\\Local\\Packages\\Microsoft.Windows.Search_cw5n1h2txyewy\\TempState\\~ortanaUnifiedTileModelCache.tmp', fd=-1), popenfile(path='C:\\Windows\\System32\\en-US\\KernelBase.dll.mui', fd=-1), popenfile(path='C:\\Windows\\System32\\en-US\\shell32.dll.mui', fd=-1), popenfile(path='C:\\Users\\sctest12\\AppData\\Local\\Packages\\Microsoft.Windows.Search_cw5n1h2txyewy\\LocalState\\AppIconCache\\100\\{1AC14E77-02E7-4E5D-B744-2EB1AE5198B7}_mspaint_exe', fd=-1), popenfile(path='C:\\Users\\sctest12\\AppData\\Local\\Packages\\Microsoft.Windows.Search_cw5n1h2txyewy\\AC\\Microsoft\\Internet Explorer\\DOMStore\\21M1P40H\\www.bing[1].xml', fd=-1), popenfile(path='C:\\Users\\sctest12\\AppData\\Local\\Packages\\Microsoft.Windows.Search_cw5n1h2txyewy\\LocalState\\AppIconCache\\100\\Microsoft_SkyDrive_Desktop', fd=-1), popenfile(path='C:\\Users\\sctest12\\AppData\\Local\\Packages\\Microsoft.Windows.Search_cw5n1h2txyewy\\LocalState\\AppIconCache\\100\\windows_immersivecontrolpanel_cw5n1h2txyewy!microsoft_windows_immersivecontrolpanel', fd=-1), popenfile(path='C:\\Users\\sctest12\\AppData\\Local\\Packages\\Microsoft.Windows.Search_cw5n1h2txyewy\\LocalState\\AppIconCache\\100\\Microsoft_Windows_Explorer', fd=-1), popenfile(path='C:\\Windows\\System32\\WinMetadata\\Windows.ApplicationModel.winmd', fd=-1), popenfile(path='C:\\Users\\sctest12\\AppData\\Local\\Packages\\Microsoft.Windows.Search_cw5n1h2txyewy\\LocalState\\AppIconCache\\100\\{1AC14E77-02E7-4E5D-B744-2EB1AE5198B7}_cmd_exe', fd=-1), popenfile(path='C:\\Windows\\Fonts\\seguisb.ttf', fd=-1), popenfile(path='C:\\Users\\sctest12\\AppData\\Local\\Packages\\Microsoft.Windows.Search_cw5n1h2txyewy\\LocalState\\AppIconCache\\100\\{1AC14E77-02E7-4E5D-B744-2EB1AE5198B7}_SnippingTool_exe', fd=-1), popenfile(path='C:\\Users\\sctest12\\AppData\\Local\\Packages\\Microsoft.Windows.Search_cw5n1h2txyewy\\LocalState\\AppIconCache\\100\\Microsoft_WindowsCalculator_8wekyb3d8bbwe!App', fd=-1), popenfile(path='C:\\Windows\\System32\\WinMetadata\\Windows.Foundation.winmd', fd=-1), popenfile(path='C:\\Windows\\Fonts\\segoeui.ttf', fd=-1), popenfile(path='C:\\Users\\sctest12\\AppData\\Local\\Packages\\Microsoft.Windows.Search_cw5n1h2txyewy\\LocalState\\AppIconCache\\100\\{1AC14E77-02E7-4E5D-B744-2EB1AE5198B7}_notepad_exe', fd=-1), popenfile(path='C:\\Windows\\System32\\en-US\\edgehtml.dll.mui', fd=-1), popenfile(path='C:\\Users\\sctest12\\AppData\\Local\\Packages\\Microsoft.Windows.Search_cw5n1h2txyewy\\TempState\\CortanaUnifiedTileModelCache.dat', fd=-1), popenfile(path='C:\\Windows\\System32\\WinMetadata\\Windows.Security.winmd', fd=-1), popenfile(path='C:\\Windows\\SystemApps\\Microsoft.Windows.Search_cw5n1h2txyewy\\Cortana.Search.winmd', fd=-1), popenfile(path='C:\\Windows\\Fonts\\simsun.ttc', fd=-1), popenfile(path='C:\\Users\\sctest12\\AppData\\Local\\Packages\\Microsoft.Windows.Search_cw5n1h2txyewy\\LocalState\\AppIconCache\\100\\Microsoft_Getstarted_8wekyb3d8bbwe!App', fd=-1), popenfile(path='C:\\Users\\sctest12\\AppData\\Local\\Packages\\Microsoft.Windows.Search_cw5n1h2txyewy\\LocalState\\AppIconCache\\100\\Microsoft_AutoGenerated_{923DD477-5846-686B-A659-0FCCD73851A8}', fd=-1), popenfile(path='C:\\Windows\\SystemApps\\Microsoft.Windows.Search_cw5n1h2txyewy\\Cortana.Internal.Search.winmd', fd=-1), popenfile(path='C:\\Users\\sctest12\\AppData\\Local\\Packages\\Microsoft.Windows.Search_cw5n1h2txyewy\\LocalState\\AppIconCache\\100\\MSEdge', fd=-1), popenfile(path='C:\\Windows\\System32\\WinMetadata\\Windows.UI.winmd', fd=-1), popenfile(path='C:\\Windows\\SystemResources\\edgehtml.dll.mun', fd=-1), popenfile(path='C:\\Windows\\System32\\WinMetadata\\Windows.System.winmd', fd=-1), popenfile(path='C:\\Windows\\System32\\WinMetadata\\Windows.Storage.winmd', fd=-1)]",SearchApp.exe,"['C:\\Windows\\SystemApps\\Microsoft.Windows.Search_cw5n1h2txyewy\\SearchApp.exe', '-ServerName:CortanaUI.AppX8z9r6jm96hw4bsbneegw0kyxx296wr9t.mca']",C:\Windows\SystemApps\Microsoft.Windows.Search_cw5n1h2txyewy\SearchApp.exe,7200,32.0,12321,5136,55195384,39318743,12.25,3.765625,38482,0,204.62109375,136.49609375,benign
0.1899462494557465,5,0.0,250,"[popenfile(path='C:\\Windows\\Registration\\R000000000006.clb', fd=-1), popenfile(path='C:\\Windows\\System32\\en-US\\shell32.dll.mui', fd=-1), popenfile(path='C:\\Windows\\System32\\en-US\\propsys.dll.mui', fd=-1), popenfile(path='C:\\Windows\\System32\\en-US\\windows.storage.dll.mui', fd=-1)]",RuntimeBroker.exe,"['C:\\Windows\\System32\\RuntimeBroker.exe', '-Embedding']",C:\Windows\System32\RuntimeBroker.exe,7224,32.0,785,0,165285,0,0.328125,0.484375,119,0,15.55859375,3.12890625,benign
0.1514610314515317,7,0.0,158,[],backgroundTaskHost.exe,"['C:\\Windows\\system32\\backgroundTaskHost.exe', '-ServerName:App.AppXsqpbawq1jx69hhfyy1dr9y35whgstkrr.mca']",C:\Windows\System32\backgroundTaskHost.exe,7348,32.0,1,0,4096,0,0.015625,4.15625,204,0,12.40625,2.3203125,benign
0.467306878839282,9,0.0,514,"[popenfile(path='C:\\Windows\\System32\\WinMetadata\\Windows.UI.winmd', fd=-1), popenfile(path='C:\\Windows\\Fonts\\segoeui.ttf', fd=-1), popenfile(path='C:\\Windows\\System32\\en-US\\KernelBase.dll.mui', fd=-1)]",TextInputHost.exe,"['C:\\Windows\\SystemApps\\MicrosoftWindows.Client.CBS_cw5n1h2txyewy\\TextInputHost.exe', '-ServerName:InputApp.AppXjd5de1g66v206tj52m9d0dtpppx4cgpn.mca']",C:\Windows\SystemApps\MicrosoftWindows.Client.CBS_cw5n1h2txyewy\TextInputHost.exe,7380,32.0,2,0,27105,0,0.4375,0.15625,8973,0,38.27734375,12.359375,benign
0.6291164757268913,34,0.0,635,,svchost.exe,,C:\Windows\System32\svchost.exe,7448,,35514,10718,145415894,31553652,5.40625,5.375,79534,0,51.53125,24.16796875,benign
0.1066331443090758,1,0.0,135,,smartscreen.exe,,C:\Windows\System32\smartscreen.exe,7508,,1,0,12195,0,0.015625,0.015625,86,0,8.734375,2.171875,benign
0.1788823453950553,9,0.0,190,[],backgroundTaskHost.exe,"['C:\\Windows\\system32\\backgroundTaskHost.exe', '-ServerName:App.AppX4325622ft6437f3xfywcfxgbedfvpn0x.mca']",C:\Windows\System32\backgroundTaskHost.exe,7748,32.0,1,0,4096,0,0.03125,0.109375,542,0,14.65234375,2.87109375,benign
0.3359230181185735,7,0.0,346,"[popenfile(path='C:\\Windows\\System32\\en-US\\combase.dll.mui', fd=-1), popenfile(path='C:\\Windows\\System32\\en-US\\windows.storage.dll.mui', fd=-1), popenfile(path='C:\\Windows\\System32\\en-US\\KernelBase.dll.mui', fd=-1), popenfile(path='C:\\Windows\\System32\\en-US\\propsys.dll.mui', fd=-1), popenfile(path='C:\\Windows\\Registration\\R000000000006.clb', fd=-1)]",RuntimeBroker.exe,"['C:\\Windows\\System32\\RuntimeBroker.exe', '-Embedding']",C:\Windows\System32\RuntimeBroker.exe,7764,32.0,44,10,88966,17508,0.71875,0.546875,12484,0,27.515625,4.7578125,benign
0.1785485207035689,1,0.0,239,"[popenfile(path='C:\\Windows\\Fonts\\StaticCache.dat', fd=-1), popenfile(path='C:\\Windows\\Registration\\R000000000006.clb', fd=-1), popenfile(path='C:\\Windows\\System32\\en-US\\notepad.exe.mui', fd=-1), popenfile(path='C:\\Windows\\SystemResources\\notepad.exe.mun', fd=-1)]",notepad.exe,['C:\\Windows\\system32\\notepad.exe'],C:\Windows\System32\notepad.exe,7812,32.0,2,0,9692,0,0.1875,0.34375,5907,0,14.625,2.53515625,benign
0.8864476236212443,15,0.0,653,"[popenfile(path='C:\\Users\\sctest12\\AppData\\Local\\Packages\\Microsoft.Windows.StartMenuExperienceHost_cw5n1h2txyewy\\TempState\\TileCache_100_3_PNGEncoded_Header.bin', fd=-1), popenfile(path='C:\\Windows\\Fonts\\segmdl2.ttf', fd=-1), popenfile(path='C:\\Windows\\System32\\en-US\\windows.storage.dll.mui', fd=-1), popenfile(path='C:\\Windows\\Fonts\\segoeuib.ttf', fd=-1), popenfile(path='C:\\Windows\\System32\\en-US\\KernelBase.dll.mui', fd=-1), popenfile(path='C:\\Windows\\SystemResources\\Windows.UI.ShellCommon\\StartUI\\Assets\\Fonts\\BitMDL2.ttf', fd=-1), popenfile(path='C:\\Windows\\System32\\en-US\\windows.ui.xaml.dll.mui', fd=-1), popenfile(path='C:\\Windows\\Fonts\\segoeui.ttf', fd=-1), popenfile(path='C:\\Users\\sctest12\\AppData\\Local\\Packages\\Microsoft.Windows.StartMenuExperienceHost_cw5n1h2txyewy\\TempState\\TileCache_100_3_PNGEncoded_Data.bin', fd=-1), popenfile(path='C:\\Windows\\System32\\en-US\\Windows.Globalization.dll.mui', fd=-1)]",StartMenuExperienceHost.exe,"['C:\\Windows\\SystemApps\\Microsoft.Windows.StartMenuExperienceHost_cw5n1h2txyewy\\StartMenuExperienceHost.exe', '-ServerName:App.AppXywbrabmsek0gm3tkwpr5kwzbs55tkqay.mca']",C:\Windows\SystemApps\Microsoft.Windows.StartMenuExperienceHost_cw5n1h2txyewy\StartMenuExperienceHost.exe,7888,32.0,90,1393,356416,331050,2.265625,1.265625,19295,0,72.609375,21.78125,benign
0.2795543344990174,9,0.0,315,"[popenfile(path='C:\\Windows\\System32\\en-US\\svchost.exe.mui', fd=-1), popenfile(path='C:\\Windows\\System32\\en-US\\KernelBase.dll.mui', fd=-1), popenfile(path='C:\\Windows\\System32\\en-US\\propsys.dll.mui', fd=-1), popenfile(path='C:\\Windows\\System32\\en-US\\ole32.dll.mui', fd=-1), popenfile(path='C:\\Windows\\Registration\\R000000000006.clb', fd=-1), popenfile(path='C:\\Windows\\System32\\en-US\\windows.applicationmodel.datatransfer.dll.mui', fd=-1)]",svchost.exe,"['C:\\Windows\\system32\\svchost.exe', '-k', 'ClipboardSvcGroup', '-p', '-s', 'cbdhsvc']",C:\Windows\System32\svchost.exe,8028,32.0,5,0,5710,0,0.078125,0.03125,4146,0,22.8984375,3.94921875,benign
0.2181782805071655,5,0.0,250,"[popenfile(path='C:\\Windows\\Registration\\R000000000006.clb', fd=-1)]",RuntimeBroker.exe,"['C:\\Windows\\System32\\RuntimeBroker.exe', '-Embedding']",C:\Windows\System32\RuntimeBroker.exe,8064,32.0,2,2,456,5286,0.046875,0.0625,149,0,17.87109375,2.83203125,benign
0.1745426244057324,5,0.0,253,"[popenfile(path='C:\\Users\\sctest12\\AppData\\Local\\Packages\\Microsoft.Windows.Search_cw5n1h2txyewy\\AppData\\Indexed DB\\edb.log', fd=-1), popenfile(path='C:\\Users\\sctest12\\AppData\\Local\\Packages\\Microsoft.Windows.Search_cw5n1h2txyewy\\AppData\\Indexed DB\\IndexedDB.edb', fd=-1), popenfile(path='C:\\Users\\sctest12\\AppData\\Local\\Packages\\Microsoft.Windows.Search_cw5n1h2txyewy\\AppData\\Indexed DB\\IndexedDB.jfm', fd=-1), popenfile(path='C:\\Users\\sctest12\\AppData\\Local\\Microsoft\\Internet Explorer\\CacheStorage\\edb.log', fd=-1), popenfile(path='C:\\Users\\sctest12\\AppData\\Local\\Microsoft\\Internet Explorer\\CacheStorage\\edbtmp.log', fd=-1), popenfile(path='C:\\Windows\\System32\\en-US\\ESENT.dll.mui', fd=-1), popenfile(path='C:\\Windows\\Registration\\R000000000006.clb', fd=-1), popenfile(path='C:\\Users\\sctest12\\AppData\\Local\\Packages\\Microsoft.Windows.Search_cw5n1h2txyewy\\AppData\\CacheStorage\\CacheStorage.jfm', fd=-1), popenfile(path='C:\\Users\\sctest12\\AppData\\Local\\Packages\\Microsoft.Windows.Search_cw5n1h2txyewy\\AppData\\CacheStorage\\CacheStorage.edb', fd=-1)]",dllhost.exe,"['C:\\Windows\\system32\\DllHost.exe', '/Processid:{973D20D7-562D-44B9-B70B-5A0F49CCDF3F}']",C:\Windows\System32\dllhost.exe,8288,32.0,63,239,4408286,10776576,0.109375,0.046875,684,0,14.296875,4.53125,benign
0.5136131324726061,17,0.0,654,"[popenfile(path='C:\\Windows\\System32\\en-US\\combase.dll.mui', fd=-1), popenfile(path='C:\\Windows\\System32\\WinMetadata\\Windows.Foundation.winmd', fd=-1), popenfile(path='C:\\Windows\\System32\\en-US\\KernelBase.dll.mui', fd=-1), popenfile(path='C:\\Windows\\System32\\WinMetadata\\Windows.UI.winmd', fd=-1), popenfile(path='C:\\Windows\\System32\\en-US\\ApplicationFrame.dll.mui', fd=-1), popenfile(path='C:\\Windows\\Registration\\R000000000006.clb', fd=-1), popenfile(path='C:\\Windows\\Fonts\\StaticCache.dat', fd=-1)]",ApplicationFrameHost.exe,"['C:\\Windows\\system32\\ApplicationFrameHost.exe', '-Embedding']",C:\Windows\System32\ApplicationFrameHost.exe,8504,32.0,62,0,27551,0,0.421875,0.75,16745,0,42.0703125,19.16015625,benign
0.0695786035540884,10,0.0,485,"[popenfile(path='C:\\Windows\\System32\\en-US\\Windows.Security.Authentication.Web.Core.dll.mui', fd=-1), popenfile(path='C:\\Windows\\System32\\en-US\\KernelBase.dll.mui', fd=-1), popenfile(path='C:\\Windows\\Fonts\\segoeui.ttf', fd=-1), popenfile(path='C:\\Windows\\System32\\WinMetadata\\Windows.UI.Xaml.winmd', fd=-1), popenfile(path='C:\\Windows\\System32\\WinMetadata\\Windows.ApplicationModel.winmd', fd=-1)]",WinStore.App.exe,"['C:\\Program Files\\WindowsApps\\Microsoft.WindowsStore_11910.1002.5.0_x64__8wekyb3d8bbwe\\WinStore.App.exe', '-ServerName:App.AppXc75wvwned5vhz4xyxxecvgdjhdkgsdza.mca']",C:\Program Files\WindowsApps\Microsoft.WindowsStore_11910.1002.5.0_x64__8wekyb3d8bbwe\WinStore.App.exe,8520,32.0,0,0,0,0,0.421875,0.171875,951,0,5.69921875,18.50390625,benign
0.4803260418072506,14,0.0,394,"[popenfile(path='C:\\Windows\\Fonts\\segoeui.ttf', fd=-1), popenfile(path='C:\\Windows\\System32\\WinMetadata\\Windows.System.winmd', fd=-1), popenfile(path='C:\\Windows\\System32\\en-US\\windows.storage.dll.mui', fd=-1), popenfile(path='C:\\Users\\sctest12\\AppData\\Local\\Packages\\Microsoft.SkypeApp_kzf8qxf38zg5c\\LocalState\\DiagOutputDir\\SkypeApp0.txt', fd=-1)]",SkypeApp.exe,"['C:\\Program Files\\WindowsApps\\Microsoft.SkypeApp_14.53.77.0_x64__kzf8qxf38zg5c\\SkypeApp.exe', '-ServerName:App.AppXffn3yxqvgawq9fpmnhy90fr3y01d1t5b.mca']",C:\Program Files\WindowsApps\Microsoft.SkypeApp_14.53.77.0_x64__kzf8qxf38zg5c\SkypeApp.exe,8528,32.0,0,1,0,132,0.1875,0.125,676,0,39.34375,14.9609375,benign
0.0773519499415568,16,0.0,519,"[popenfile(path='C:\\Windows\\System32\\en-US\\windows.storage.dll.mui', fd=-1), popenfile(path='C:\\Users\\sctest12\\AppData\\Local\\Packages\\Microsoft.Windows.Photos_8wekyb3d8bbwe\\LocalState\\MediaDb.v1.sqlite-wal', fd=-1), popenfile(path='C:\\Windows\\System32\\en-US\\KernelBase.dll.mui', fd=-1), popenfile(path='C:\\Users\\sctest12\\AppData\\Local\\Packages\\Microsoft.Windows.Photos_8wekyb3d8bbwe\\LocalState\\PhotosAppTracing_startedInBGMode.etl', fd=-1), popenfile(path='C:\\Windows\\System32\\WinMetadata\\Windows.Storage.winmd', fd=-1), popenfile(path='C:\\Windows\\Fonts\\segoeui.ttf', fd=-1), popenfile(path='C:\\Users\\sctest12\\AppData\\Local\\Packages\\Microsoft.Windows.Photos_8wekyb3d8bbwe\\LocalState\\MediaDb.v1.sqlite', fd=-1), popenfile(path='C:\\Users\\sctest12\\AppData\\Local\\Packages\\Microsoft.Windows.Photos_8wekyb3d8bbwe\\LocalState\\MediaDb.v1.sqlite-shm', fd=-1)]",Microsoft.Photos.exe,"['C:\\Program Files\\WindowsApps\\Microsoft.Windows.Photos_2019.19071.12548.0_x64__8wekyb3d8bbwe\\Microsoft.Photos.exe', '-ServerName:App.AppXzst44mncqdg84v7sv6p7yznqwssy6f7f.mca']",C:\Program Files\WindowsApps\Microsoft.Windows.Photos_2019.19071.12548.0_x64__8wekyb3d8bbwe\Microsoft.Photos.exe,8568,32.0,234,649,906032,1396828,0.625,0.578125,1965,0,6.3359375,23.90625,benign
0.1168863312618716,1,0.0,163,"[popenfile(path='C:\\Windows\\Registration\\R000000000006.clb', fd=-1), popenfile(path='C:\\Windows\\System32\\en-US\\securityhealthsso.dll.mui', fd=-1)]",SecurityHealthSystray.exe,['C:\\Windows\\System32\\SecurityHealthSystray.exe'],C:\Windows\System32\SecurityHealthSystray.exe,8816,32.0,1,0,5331,0,0.0,0.046875,250,0,9.57421875,1.6796875,benign
0.4076476375465029,13,0.0,457,"[popenfile(path='C:\\Users\\sctest12\\AppData\\Local\\Temp\\aria-debug-6264.log', fd=-1), popenfile(path='C:\\Windows\\System32\\en-US\\KernelBase.dll.mui', fd=-1), popenfile(path='C:\\Users\\sctest12\\AppData\\Local\\Microsoft\\OneDrive\\19.043.0304.0013\\en\\FileSync.LocalizedResources.dll.mui', fd=-1), popenfile(path='C:\\Users\\sctest12\\AppData\\Local\\Temp\\aria-debug-9184.log', fd=-1), popenfile(path='C:\\Users\\sctest12\\AppData\\Local\\Microsoft\\OneDrive\\logs\\Personal\\SyncEngine-2025-11-13.1554.8820.1.aodl', fd=-1), popenfile(path='C:\\Users\\sctest12\\AppData\\Local\\Microsoft\\OneDrive\\setup\\logs\\Update_2025-11-13_155418_2274-c1c.log', fd=-1), popenfile(path='C:\\Windows\\Registration\\R000000000006.clb', fd=-1), popenfile(path='C:\\Users\\sctest12\\AppData\\Local\\Temp\\aria-debug-8820.log', fd=-1), popenfile(path='C:\\Users\\sctest12\\AppData\\Local\\Microsoft\\OneDrive\\logs\\Personal\\TraceCurrent.0304.0013.etl', fd=-1)]",OneDrive.exe,"['', '/setautostart', '/background']",C:\Users\sctest12\AppData\Local\Microsoft\OneDrive\OneDrive.exe,8820,32.0,27,803,320,236013,0.09375,0.296875,642,0,33.390625,8.40625,benign
0.2588095143852213,4,0.0,309,"[popenfile(path='C:\\Windows\\System32\\en-US\\user32.dll.mui', fd=-1), popenfile(path='C:\\Windows\\System32\\en-US\\wdmaud.drv.mui', fd=-1), popenfile(path='C:\\Windows\\Registration\\R000000000006.clb', fd=-1), popenfile(path='C:\\Windows\\System32\\en-US\\Conhost.exe.mui', fd=-1), popenfile(path='C:\\Windows\\System32\\en-US\\propsys.dll.mui', fd=-1), popenfile(path='C:\\Windows\\Fonts\\StaticCache.dat', fd=-1), popenfile(path='C:\\Windows\\System32\\en-US\\winmm.dll.mui', fd=-1), popenfile(path='C:\\Windows\\System32\\en-US\\MMDevAPI.dll.mui', fd=-1)]",conhost.exe,"['\\??\\C:\\Windows\\system32\\conhost.exe', '0x4']",C:\Windows\System32\conhost.exe,8824,32.0,19,0,207527,0,0.265625,0.265625,8381,0,21.19921875,9.11328125,benign
0.0654296395313292,1,0.0,86,"[popenfile(path='C:\\Windows\\System32\\en-US\\KernelBase.dll.mui', fd=-1), popenfile(path='C:\\Windows\\System32\\en-US\\cmd.exe.mui', fd=-1)]",cmd.exe,['C:\\Windows\\system32\\cmd.exe'],C:\Windows\System32\cmd.exe,8836,32.0,1,0,2328,0,0.0,0.03125,1229,0,5.359375,3.29296875,benign
0.1124989210309078,1,0.0,148,"[popenfile(path='C:\\Windows\\Registration\\R000000000006.clb', fd=-1)]",RuntimeBroker.exe,"['C:\\Windows\\System32\\RuntimeBroker.exe', '-Embedding']",C:\Windows\System32\RuntimeBroker.exe,8952,32.0,1,0,8356,0,0.03125,0.015625,53,0,9.21484375,1.98828125,benign
0.3244299108831142,4,0.0,334,"[popenfile(path='C:\\Windows\\System32\\en-US\\windows.storage.dll.mui', fd=-1), popenfile(path='C:\\Windows\\System32\\en-US\\shell32.dll.mui', fd=-1), popenfile(path='C:\\Windows\\System32\\en-US\\propsys.dll.mui', fd=-1), popenfile(path='C:\\Windows\\SystemResources\\shell32.dll.mun', fd=-1), popenfile(path='C:\\Windows\\Registration\\R000000000006.clb', fd=-1)]",RuntimeBroker.exe,"['C:\\Windows\\System32\\RuntimeBroker.exe', '-Embedding']",C:\Windows\System32\RuntimeBroker.exe,9052,32.0,108,9,879771,2731,0.25,0.359375,2094,0,26.57421875,6.875,benign
0.0018121911823545,126,0.0,4808,[],System,[],,4,,163,2255,260064,268502440,0.0,144.4375,1716248,0,0.1484375,0.19140625,benign
0.1246119884076991,5,0.0,240,,svchost.exe,,C:\Windows\System32\svchost.exe,64,,3,2,4070,276,0.078125,0.078125,51,0,10.20703125,2.3515625,benign
0.3414549701489192,4,0.0,0,,Registry,,Registry,92,,4,4426,16384,91648000,0.0,2.703125,6087,0,27.96875,4.41796875,benign
0.241927522844339,3,0.0,273,,RuntimeBroker.exe,,C:\Windows\System32\RuntimeBroker.exe,276,,13,0,4874,0,0.015625,0.078125,144,0,19.81640625,3.140625,benign
0.0146405971837595,2,0.0,59,,smss.exe,,C:\Windows\System32\smss.exe,300,,22,13,16804,65684,0.03125,0.1875,1213,0,1.19921875,1.03515625,benign
0.1031518296692894,4,0.0,139,,smartscreen.exe,,C:\Windows\System32\smartscreen.exe,324,,1,0,12168,0,0.015625,0.0,102,0,8.44921875,2.2890625,benign
0.282367999755831,5,0.0,349,"[popenfile(path='C:\\Windows\\System32\\WinMetadata\\Windows.Foundation.winmd', fd=-1), popenfile(path='C:\\Windows\\Registration\\R000000000006.clb', fd=-1), popenfile(path='C:\\Windows\\System32\\en-US\\netmsg.dll.mui', fd=-1), popenfile(path='C:\\Windows\\System32\\en-US\\smartscreen.exe.mui', fd=-1), popenfile(path='C:\\Windows\\System32\\en-US\\wininet.dll.mui', fd=-1), popenfile(path='C:\\Windows\\System32\\en-US\\KernelBase.dll.mui', fd=-1), popenfile(path='C:\\Windows\\System32\\en-US\\Windows.Web.Http.dll.mui', fd=-1)]",smartscreen.exe,"['C:\\Windows\\System32\\smartscreen.exe', '-Embedding']",C:\Windows\System32\smartscreen.exe,332,32.0,3,1,12284,160,0.125,0.109375,720,0,23.12890625,7.94921875,benign
0.0634266913824109,11,0.0,526,,csrss.exe,,C:\Windows\System32\csrss.exe,416,,247,0,189401,0,0.0625,0.484375,11106,0,5.1953125,1.7265625,benign
0.3290080780806415,12,0.0,532,,sihost.exe,,C:\Windows\System32\sihost.exe,464,,122,0,499712,0,0.921875,1.125,3130,0,26.94921875,5.71875,benign
0.1301439404380447,1,0.0,231,,svchost.exe,,C:\Windows\System32\svchost.exe,504,,4,40,16384,196608,0.21875,0.203125,59,0,10.66015625,2.3359375,benign
0.0848868501208206,1,0.0,164,,wininit.exe,,C:\Windows\System32\wininit.exe,508,,2,0,9732,0,0.109375,0.078125,288,0,6.953125,1.3828125,benign
0.0656203964978928,5,0.0,36,,fontdrvhost.exe,,C:\Windows\System32\fontdrvhost.exe,580,,1,0,1846,0,0.09375,0.125,5421,0,5.375,1.75390625,benign
0.3144151701385229,12,0.0,297,"[popenfile(path='C:\\Users\\sctest13\\AppData\\Local\\Microsoft\\Edge\\User Data\\Default\\Cookies', fd=-1), popenfile(path='C:\\Users\\sctest13\\AppData\\Local\\Microsoft\\Edge\\User Data\\Default\\Reporting and NEL-journal', fd=-1), popenfile(path='C:\\Program Files (x86)\\Microsoft\\Edge\\Application\\92.0.902.67\\icudtl.dat', fd=-1), popenfile(path='C:\\Program Files (x86)\\Microsoft\\Edge\\Application\\92.0.902.67\\v8_context_snapshot.bin', fd=-1), popenfile(path='C:\\Users\\sctest13\\AppData\\Local\\Microsoft\\Edge\\User Data\\Default\\Cache\\index', fd=-1), popenfile(path='C:\\Program Files (x86)\\Microsoft\\Edge\\Application\\92.0.902.67\\msedge_200_percent.pak', fd=-1), popenfile(path='C:\\Users\\sctest13\\AppData\\Local\\Microsoft\\Edge\\User Data\\Safe Browsing Cookies-journal', fd=-1), popenfile(path='C:\\Users\\sctest13\\AppData\\Local\\Microsoft\\Edge\\User Data\\Default\\Cache\\data_3', fd=-1), popenfile(path='C:\\Program Files (x86)\\Microsoft\\Edge\\Application\\92.0.902.67\\Locales\\en-US.pak', fd=-1), popenfile(path='C:\\Program Files (x86)\\Microsoft\\Edge\\Application\\92.0.902.67\\resources.pak', fd=-1), popenfile(path='C:\\Users\\sctest13\\AppData\\Local\\Microsoft\\Edge\\User Data\\Default\\Cache\\data_2', fd=-1), popenfile(path='C:\\Program Files (x86)\\Microsoft\\Edge\\Application\\92.0.902.67\\msedge_100_percent.pak', fd=-1), popenfile(path='C:\\Users\\sctest13\\AppData\\Local\\Microsoft\\Edge\\User Data\\Safe Browsing Cookies', fd=-1), popenfile(path='C:\\Users\\sctest13\\AppData\\Local\\Microsoft\\Edge\\User Data\\Default\\Cache\\data_1', fd=-1), popenfile(path='C:\\Users\\sctest13\\AppData\\Local\\Microsoft\\Edge\\User Data\\Default\\Reporting and NEL', fd=-1), popenfile(path='C:\\Users\\sctest13\\AppData\\Local\\Microsoft\\Edge\\User Data\\Default\\Cache\\data_0', fd=-1), popenfile(path='C:\\Users\\sctest13\\AppData\\Local\\Microsoft\\Edge\\User Data\\Default\\Cookies-journal', fd=-1)]",msedge.exe,"['C:\\Program Files (x86)\\Microsoft\\Edge\\Application\\msedge.exe', '--type=utility', '--utility-sub-type=network.mojom.NetworkService', '--field-trial-handle=2152,16853155897898354280,12150533147287318553,131072', '--lang=en-US', '--service-sandbox-type=none', '--mojo-platform-channel-handle=2480', '/prefetch:3']",C:\Program Files (x86)\Microsoft\Edge\Application\msedge.exe,632,32.0,700,1016,897023,884348,0.234375,0.125,2263,0,25.75390625,7.69921875,benign
0.1260426656569264,8,0.0,689,,services.exe,,C:\Windows\System32\services.exe,648,,3,1099,8308,2073912,1.609375,2.765625,7053,0,10.32421875,5.3515625,benign
0.2151738582837881,8,0.0,1255,,lsass.exe,,C:\Windows\System32\lsass.exe,664,,586,168,180984,702074,2.53125,3.125,46891,0,17.625,5.68359375,benign
0.222184176805002,12,0.0,352,,WmiPrvSE.exe,,C:\Windows\System32\wbem\WmiPrvSE.exe,692,,1278,1276,1006516,124692,2.546875,2.96875,31591,0,18.19921875,9.6171875,benign
1.040626941846308,25,0.0,782,"[popenfile(path='C:\\Windows\\Fonts\\segoeui.ttf', fd=-1), popenfile(path='C:\\Windows\\System32\\en-US\\windows.ui.xaml.dll.mui', fd=-1), popenfile(path='C:\\Program Files\\WindowsApps\\Microsoft.BingWeather_4.25.20211.0_x64__8wekyb3d8bbwe\\Images\\fre_background.jpg', fd=-1), popenfile(path='C:\\Windows\\System32\\WinMetadata\\Windows.Foundation.winmd', fd=-1), popenfile(path='C:\\Windows\\System32\\en-US\\combase.dll.mui', fd=-1), popenfile(path='C:\\Program Files\\WindowsApps\\Microsoft.BingWeather_4.25.20211.0_x64__8wekyb3d8bbwe\\Microsoft.Msn.Shell\\Themes\\Glyphs\\Font\\MSNMDL2.ttf', fd=-1), popenfile(path='C:\\Windows\\System32\\WinMetadata\\Windows.UI.winmd', fd=-1), popenfile(path='C:\\Windows\\System32\\WinMetadata\\Windows.ApplicationModel.winmd', fd=-1), popenfile(path='C:\\Windows\\System32\\en-US\\KernelBase.dll.mui', fd=-1), popenfile(path='C:\\Windows\\System32\\en-US\\Windows.Security.Authentication.Web.Core.dll.mui', fd=-1), popenfile(path='C:\\Windows\\Fonts\\segoeuil.ttf', fd=-1), popenfile(path='C:\\Windows\\System32\\en-US\\windows.storage.dll.mui', fd=-1), popenfile(path='C:\\Windows\\System32\\WinMetadata\\Windows.UI.Xaml.winmd', fd=-1)]",Microsoft.Msn.Weather.exe,"['C:\\Program Files\\WindowsApps\\Microsoft.BingWeather_4.25.20211.0_x64__8wekyb3d8bbwe\\Microsoft.Msn.Weather.exe', '-ServerName:App.AppX2m6wj6jceb8yq7ppx1b3drf7yy51ha6f.mca']",C:\Program Files\WindowsApps\Microsoft.BingWeather_4.25.20211.0_x64__8wekyb3d8bbwe\Microsoft.Msn.Weather.exe,704,32.0,52,41,176476,87785,0.703125,0.5,3986,0,85.23828125,36.83203125,benign
0.9981835167858976,13,0.0,284,"[popenfile(path='C:\\Windows\\Fonts\\segoeuib.ttf', fd=-1), popenfile(path='C:\\Users\\sctest13\\AppData\\Local\\Temp\\b4ac86b5-d0ae-49fa-99b0-53ca910c99ee.tmp', fd=-1), popenfile(path='C:\\Windows\\Fonts\\seguili.ttf', fd=-1), popenfile(path='C:\\Program Files (x86)\\Microsoft\\Edge\\Application\\92.0.902.67\\Locales\\en-US.pak', fd=-1), popenfile(path='C:\\Windows\\Fonts\\segoeuiz.ttf', fd=-1), popenfile(path='C:\\Program Files (x86)\\Microsoft\\Edge\\Application\\92.0.902.67\\icudtl.dat', fd=-1), popenfile(path='C:\\Windows\\Fonts\\seguisli.ttf', fd=-1), popenfile(path='C:\\Windows\\Fonts\\seguibli.ttf', fd=-1), popenfile(path='C:\\Windows\\Fonts\\segoeuii.ttf', fd=-1), popenfile(path='C:\\Windows\\Fonts\\seguibl.ttf', fd=-1), popenfile(path='C:\\Program Files (x86)\\Microsoft\\Edge\\Application\\92.0.902.67\\v8_context_snapshot.bin', fd=-1), popenfile(path='C:\\Program Files (x86)\\Microsoft\\Edge\\Application\\92.0.902.67\\msedge_200_percent.pak', fd=-1), popenfile(path='C:\\Program Files (x86)\\Microsoft\\Edge\\Application\\92.0.902.67\\msedge_100_percent.pak', fd=-1), popenfile(path='C:\\Windows\\Fonts\\segoeui.ttf', fd=-1), popenfile(path='C:\\Windows\\Fonts\\seguisbi.ttf', fd=-1), popenfile(path='C:\\Windows\\Fonts\\segoeuisl.ttf', fd=-1), popenfile(path='C:\\Windows\\Fonts\\seguisb.ttf', fd=-1), popenfile(path='C:\\Program Files (x86)\\Microsoft\\Edge\\Application\\92.0.902.67\\resources.pak', fd=-1), popenfile(path='C:\\Windows\\Fonts\\segoeuil.ttf', fd=-1)]",msedge.exe,"['C:\\Program Files (x86)\\Microsoft\\Edge\\Application\\msedge.exe', '--type=renderer', '--field-trial-handle=2152,16853155897898354280,12150533147287318553,131072', '--lang=en-US', '--disable-client-side-phishing-detection', '--instant-process', '--device-scale-factor=1', '--num-raster-threads=1', '--renderer-client-id=10', '--no-v8-untrusted-code-mitigations', '--mojo-platform-channel-handle=4596', '/prefetch:1']",C:\Program Files (x86)\Microsoft\Edge\Application\msedge.exe,728,64.0,722,1080,492348,674640,1.71875,0.21875,7870,0,81.76171875,23.71875,benign
0.3800832558780567,23,0.0,2092,,svchost.exe,,C:\Windows\System32\svchost.exe,772,,70,6,590848,135168,3.09375,5.984375,28460,0,31.1328125,13.02734375,benign
0.0402974091865693,5,0.0,36,,fontdrvhost.exe,,C:\Windows\System32\fontdrvhost.exe,800,,0,0,0,0,0.0,0.03125,1549,0,3.30078125,1.2265625,benign
0.2341064872152296,20,0.0,1604,,svchost.exe,,C:\Windows\System32\svchost.exe,884,,68,0,278528,0,11.671875,8.390625,44384,0,19.17578125,10.80078125,benign
0.1951443767946057,9,0.0,321,,svchost.exe,,C:\Windows\System32\svchost.exe,900,,13,12,4739,12605,0.53125,0.125,283,0,15.984375,4.0859375,benign
0.1039148575355439,6,0.0,370,,svchost.exe,,C:\Windows\System32\svchost.exe,936,,0,0,0,0,0.515625,0.640625,8587,0,8.51171875,2.60546875,benign
0.125231948549031,2,0.0,205,,svchost.exe,,C:\Windows\System32\svchost.exe,992,,0,0,0,0,0.234375,0.09375,122,0,10.2578125,2.6796875,benign
0.078830316432425,2,0.0,227,,svchost.exe,,C:\Windows\System32\svchost.exe,1044,,0,0,0,0,0.28125,0.1875,91011,0,6.45703125,2.00390625,benign
0.5472340478294481,4,0.0,564,,RuntimeBroker.exe,,C:\Windows\System32\RuntimeBroker.exe,1052,,952,8,1924326,15520,2.96875,4.390625,1019,0,44.82421875,22.14453125,benign
0.1662923856018549,7,0.0,337,,svchost.exe,,C:\Windows\System32\svchost.exe,1056,,4,0,44961,0,0.0625,0.078125,439,0,13.62109375,3.578125,benign
0.1476458921202589,5,0.0,318,,svchost.exe,,C:\Windows\System32\svchost.exe,1076,,0,0,0,0,0.1875,0.078125,474,0,12.09375,2.3359375,benign
0.2074958903796016,3,0.0,291,,svchost.exe,,C:\Windows\System32\svchost.exe,1084,,43,83,121331,163224,0.078125,0.140625,75,0,16.99609375,3.98046875,benign
0.0903711129095254,12,97.7,253,,svchost.exe,,C:\Windows\System32\svchost.exe,1088,,2,0,824,0,31.15625,45.40625,408189,0,7.40234375,2.39453125,benign
0.1866080025408828,10,0.0,419,,svchost.exe,,C:\Windows\System32\svchost.exe,1092,,1,44,6,2252972,0.703125,0.78125,2326,0,15.28515625,5.796875,benign
0.1842712297004781,2,0.0,288,,svchost.exe,,C:\Windows\System32\svchost.exe,1124,,109,179,761130,1809790,0.359375,0.90625,87,0,15.09375,3.40625,benign
0.2311497542334932,7,0.0,466,,svchost.exe,,C:\Windows\System32\svchost.exe,1180,,1277,1151,12460160,31019992,1.53125,1.8125,3390,0,18.93359375,17.57421875,benign
0.1256134624821582,8,0.0,337,,svchost.exe,,C:\Windows\System32\svchost.exe,1240,,0,2,0,937984,1.03125,0.890625,3128,0,10.2890625,2.98046875,benign
0.1170293989867943,1,0.0,163,,SecurityHealthSystray.exe,,C:\Windows\System32\SecurityHealthSystray.exe,1272,,1,0,5045,0,0.046875,0.046875,423,0,9.5859375,1.69140625,benign
0.0946154554155664,3,0.0,146,,svchost.exe,,C:\Windows\System32\svchost.exe,1316,,0,0,0,0,0.171875,0.140625,320,0,7.75,3.609375,benign
0.0735844998519249,3,0.0,129,,svchost.exe,,C:\Windows\System32\svchost.exe,1356,,0,0,0,0,0.03125,0.015625,132,0,6.02734375,1.41796875,benign
0.0881774077940435,1,0.0,124,,svchost.exe,,C:\Windows\System32\svchost.exe,1376,,0,0,0,0,0.046875,0.015625,65,0,7.22265625,1.37890625,benign
0.1206060921098626,9,0.0,385,,svchost.exe,,C:\Windows\System32\svchost.exe,1388,,0,0,0,0,0.15625,0.09375,347,0,9.87890625,2.5078125,benign
0.0835515513548752,7,0.0,219,,svchost.exe,,C:\Windows\System32\svchost.exe,1408,,0,0,0,0,8.171875,7.484375,214355,0,6.84375,1.98046875,benign
0.5237232517004791,17,0.0,642,"[popenfile(path='C:\\Windows\\System32\\en-US\\propsys.dll.mui', fd=-1), popenfile(path='C:\\Users\\sctest13\\AppData\\Local\\Microsoft\\Windows\\Explorer\\iconcache_16.db', fd=-1), popenfile(path='C:\\Windows\\Registration\\R000000000006.clb', fd=-1), popenfile(path='C:\\Windows\\System32\\en-US\\oleaccrc.dll.mui', fd=-1), popenfile(path='C:\\Windows\\SystemResources\\Taskmgr.exe.mun', fd=-1), popenfile(path='C:\\Windows\\Fonts\\StaticCache.dat', fd=-1), popenfile(path='C:\\Windows\\System32\\en-US\\Taskmgr.exe.mui', fd=-1), popenfile(path='C:\\Users\\sctest13\\AppData\\Local\\Microsoft\\Windows\\Explorer\\iconcache_idx.db', fd=-1)]",Taskmgr.exe,"['C:\\Windows\\system32\\taskmgr.exe', '/7']",C:\Windows\System32\Taskmgr.exe,1436,32.0,293,16,867056,197616,2.265625,3.359375,38791,0,42.8984375,20.97265625,benign
0.1373450159258222,4,0.0,147,,svchost.exe,,C:\Windows\System32\svchost.exe,1476,,0,0,0,0,0.03125,0.015625,85,0,11.25,1.63671875,benign
0.1368204342677722,4,0.0,313,,svchost.exe,,C:\Windows\System32\svchost.exe,1496,,0,0,0,0,0.234375,0.8125,750,0,11.20703125,3.484375,benign
0.2054452529890424,8,0.0,305,,taskhostw.exe,,C:\Windows\System32\taskhostw.exe,1508,,29,124,2087646,3321856,0.34375,0.546875,989,0,16.828125,5.65625,benign
0.1079684430750213,4,0.0,444,,svchost.exe,,C:\Windows\System32\svchost.exe,1524,,34,0,714,0,0.5,0.15625,211,0,8.84375,2.84375,benign
0.1715858914239959,7,0.0,242,,svchost.exe,,C:\Windows\System32\svchost.exe,1556,,1,620,49756,7561664,1.859375,33.8125,11078,0,14.0546875,2.9765625,benign
0.0698170497622929,3,0.0,303,,svchost.exe,,C:\Windows\System32\svchost.exe,1580,,0,0,0,0,0.015625,0.1875,1718,0,5.71875,1.2578125,benign
0.5277291479983156,10,0.0,535,,ShellExperienceHost.exe,,C:\Windows\SystemApps\ShellExperienceHost_cw5n1h2txyewy\ShellExperienceHost.exe,1648,,4,0,13882,0,0.4375,0.359375,28798,0,43.2265625,14.41796875,benign
0.1215121877010399,5,0.0,371,,svchost.exe,,C:\Windows\System32\svchost.exe,1712,,1,1,116,160,0.125,0.09375,336,0,9.953125,3.49609375,benign
0.0273736247018826,134,0.0,0,,MemCompression,,MemCompression,1732,,0,0,0,0,0.0,1.34375,7663,0,2.2421875,0.12890625,benign
0.0986690409550438,2,0.0,169,,svchost.exe,,C:\Windows\System32\svchost.exe,1756,,468,0,9412,0,0.140625,0.09375,539,0,8.08203125,1.77734375,benign
0.0952831047985391,2,0.0,173,,svchost.exe,,C:\Windows\System32\svchost.exe,1804,,0,0,0,0,0.078125,0.15625,235,0,7.8046875,1.65625,benign
0.1208445383180672,11,0.0,246,,svchost.exe,,C:\Windows\System32\svchost.exe,1812,,0,0,0,0,0.28125,0.15625,1644,0,9.8984375,2.5390625,benign
0.1095421880491714,8,0.0,423,,svchost.exe,,C:\Windows\System32\svchost.exe,1916,,0,0,0,0,0.125,0.15625,267,0,8.97265625,2.5703125,benign
0.1698690787249232,11,0.0,394,,svchost.exe,,C:\Windows\System32\svchost.exe,1944,,0,0,0,0,1.015625,0.625,1725,0,13.9140625,3.29296875,benign
0.2430720646437208,1,0.0,247,,RuntimeBroker.exe,,C:\Windows\System32\RuntimeBroker.exe,2016,,0,0,0,0,0.03125,0.03125,68,0,19.91015625,2.94140625,benign
0.1680568875425686,5,0.0,241,,svchost.exe,,C:\Windows\System32\svchost.exe,2076,,0,0,0,0,0.09375,0.109375,1588,0,13.765625,2.48828125,benign
0.3371152491595963,19,0.0,284,,svchost.exe,,C:\Windows\System32\svchost.exe,2152,,78791,2070,320426240,4276432,32.984375,10.765625,40695,0,27.61328125,19.10546875,benign
0.1703459711413323,5,0.0,238,,dllhost.exe,,C:\Windows\System32\dllhost.exe,2240,,87,202,6086828,5087232,0.0625,0.078125,661,0,13.953125,5.4921875,benign
0.2380646942714252,7,0.0,481,,spoolsv.exe,,C:\Windows\System32\spoolsv.exe,2260,,326,872,134500,100148,0.5,0.484375,612,0,19.5,6.390625,benign
0.091086451534139,6,0.0,192,,svchost.exe,,C:\Windows\System32\svchost.exe,2268,,0,0,0,0,55.15625,94.90625,919813,0,7.4609375,2.1328125,benign
0.1543700751916273,5,0.0,286,,svchost.exe,,C:\Windows\System32\svchost.exe,2284,,0,14,0,2632,0.34375,0.109375,195,0,12.64453125,2.8515625,benign
0.2274776826271431,14,0.0,407,,svchost.exe,,C:\Windows\System32\svchost.exe,2316,,1,2,116,32928,0.953125,2.28125,2578,0,18.6328125,9.8828125,benign
0.4797060816659187,13,0.0,636,"[popenfile(path='C:\\Windows\\System32\\WinMetadata\\Windows.Foundation.winmd', fd=-1), popenfile(path='C:\\Windows\\System32\\en-US\\ApplicationFrame.dll.mui', fd=-1), popenfile(path='C:\\Windows\\Registration\\R000000000006.clb', fd=-1), popenfile(path='C:\\Windows\\System32\\en-US\\combase.dll.mui', fd=-1), popenfile(path='C:\\Windows\\Fonts\\StaticCache.dat', fd=-1), popenfile(path='C:\\Windows\\System32\\WinMetadata\\Windows.UI.winmd', fd=-1), popenfile(path='C:\\Windows\\System32\\en-US\\KernelBase.dll.mui', fd=-1)]",ApplicationFrameHost.exe,"['C:\\Windows\\system32\\ApplicationFrameHost.exe', '-Embedding']",C:\Windows\System32\ApplicationFrameHost.exe,2336,32.0,38,0,23154,0,0.296875,0.234375,8108,0,39.29296875,21.54296875,benign
1.4601015113197569,47,0.0,2084,,explorer.exe,,C:\Windows\explorer.exe,2380,,1483,35,1172526,231212,5.6875,7.046875,157250,0,119.59765625,55.63671875,benign
0.0991459333714529,6,0.0,193,,svchost.exe,,C:\Windows\System32\svchost.exe,2392,,3227,2940,151176,286228,0.3125,0.40625,3380,0,8.12109375,2.05859375,benign
0.0893219495934253,4,0.0,129,,vm3dservice.exe,,C:\Windows\System32\vm3dservice.exe,2448,,1,0,4333,0,0.0,0.03125,7965,0,7.31640625,1.6875,benign
0.1021026663531893,5,0.0,198,,svchost.exe,,C:\Windows\System32\svchost.exe,2468,,0,0,0,0,0.03125,0.046875,121,0,8.36328125,1.8359375,benign
1.882008232116892,14,0.0,556,,HxTsr.exe,,C:\Program Files\WindowsApps\microsoft.windowscommunicationsapps_16005.11629.20316.0_x64__8wekyb3d8bbwe\HxTsr.exe,2504,,16,3636,411234,238370421,548.546875,238.78125,5795474,0,154.15625,145.296875,benign
0.389478036481316,11,0.0,632,,sihost.exe,,C:\Windows\System32\sihost.exe,2580,,153,0,610295,0,1.890625,1.84375,7516,0,31.90234375,6.47265625,benign
0.2499393154400119,10,0.0,471,,ctfmon.exe,['ctfmon.exe'],C:\Windows\System32\ctfmon.exe,2636,128.0,0,0,0,0,0.65625,0.828125,17736,0,20.47265625,4.015625,benign
1.7704630959188024,102,0.0,3366,"[popenfile(path='C:\\Windows\\System32\\en-US\\crypt32.dll.mui', fd=-1), popenfile(path='C:\\Users\\sctest13\\AppData\\Local\\Microsoft\\Windows\\Explorer\\thumbcache_32.db', fd=-1), popenfile(path='C:\\Windows\\Registration\\R000000000006.clb', fd=-1), popenfile(path='C:\\Windows\\System32\\en-US\\wscui.cpl.mui', fd=-1), popenfile(path='C:\\Windows\\System32\\en-US\\combase.dll.mui', fd=-1), popenfile(path='C:\\Windows\\System32\\en-US\\stobject.dll.mui', fd=-1), popenfile(path='C:\\Windows\\System32\\en-US\\InputSwitch.dll.mui', fd=-1), popenfile(path='C:\\Windows\\SystemResources\\imageres.dll.mun', fd=-1), popenfile(path='C:\\Windows\\System32\\en-US\\explorerframe.dll.mui', fd=-1), popenfile(path='C:\\Windows\\System32\\en-US\\windows.storage.dll.mui', fd=-1), popenfile(path='C:\\Windows\\System32\\en-US\\ieframe.dll.mui', fd=-1), popenfile(path='C:\\Windows\\SystemResources\\SndVolSSO.dll.mun', fd=-1), popenfile(path='C:\\Users\\sctest13\\AppData\\Local\\Microsoft\\Windows\\Explorer\\iconcache_48.db', fd=-1), popenfile(path='C:\\Windows\\System32\\en-US\\shell32.dll.mui', fd=-1), popenfile(path='C:\\Users\\sctest13\\AppData\\Local\\Microsoft\\Windows\\Explorer\\thumbcache_idx.db', fd=-1), popenfile(path='C:\\Windows\\SystemResources\\shell32.dll.mun', fd=-1), popenfile(path='C:\\Windows\\System32\\en-US\\ActionCenter.dll.mui', fd=-1), popenfile(path='C:\\Users\\sctest13\\AppData\\Local\\Microsoft\\Windows\\Explorer\\thumbcache_48.db', fd=-1), popenfile(path='C:\\Windows\\System32\\en-US\\hcproviders.dll.mui', fd=-1), popenfile(path='C:\\Windows\\en-US\\explorer.exe.mui', fd=-1), popenfile(path='C:\\Users\\sctest13\\AppData\\Local\\Microsoft\\Windows\\Explorer\\iconcache_32.db', fd=-1), popenfile(path='C:\\Windows\\System32\\en-US\\NetworkExplorer.dll.mui', fd=-1), popenfile(path='C:\\Windows\\System32\\en-US\\propsys.dll.mui', fd=-1), popenfile(path='C:\\Windows\\SystemResources\\ExplorerFrame.dll.mun', fd=-1), popenfile(path='C:\\Windows\\System32\\en-US\\themeui.dll.mui', fd=-1), popenfile(path='C:\\Windows\\System32\\en-US\\sndvolsso.dll.mui', fd=-1), popenfile(path='C:\\Users\\sctest13\\AppData\\Local\\Microsoft\\Windows\\Explorer\\iconcache_16.db', fd=-1), popenfile(path='C:\\Windows\\SystemResources\\stobject.dll.mun', fd=-1), popenfile(path='C:\\Windows\\System32\\en-US\\UIRibbon.dll.mui', fd=-1), popenfile(path='C:\\Users\\sctest13\\AppData\\Local\\Microsoft\\GameDVR\\KnownGameList.bin', fd=-1), popenfile(path='C:\\Windows\\System32\\en-US\\imapi2.dll.mui', fd=-1), popenfile(path='C:\\Windows\\System32\\WinMetadata\\Windows.UI.winmd', fd=-1), popenfile(path='C:\\Windows\\System32\\en-US\\KernelBase.dll.mui', fd=-1), popenfile(path='C:\\Users\\sctest13\\AppData\\Local\\Microsoft\\Windows\\Explorer\\iconcache_idx.db', fd=-1), popenfile(path='C:\\Windows\\System32\\en-US\\twinui.pcshell.dll.mui', fd=-1), popenfile(path='C:\\Windows\\Fonts\\segoeui.ttf', fd=-1), popenfile(path='C:\\Users\\sctest13\\AppData\\Local\\Microsoft\\Windows\\Explorer\\thumbcache_16.db', fd=-1), popenfile(path='C:\\Windows\\System32\\en-US\\ApplicationFrame.dll.mui', fd=-1), popenfile(path='C:\\Windows\\System32\\en-US\\winnlsres.dll.mui', fd=-1), popenfile(path='C:\\Windows\\System32\\en-US\\bthprops.cpl.mui', fd=-1), popenfile(path='C:\\Windows\\System32\\en-US\\oleaccrc.dll.mui', fd=-1), popenfile(path='C:\\Windows\\System32\\en-US\\dsreg.dll.mui', fd=-1), popenfile(path='C:\\Windows\\System32\\en-US\\dui70.dll.mui', fd=-1), popenfile(path='C:\\Windows\\Fonts\\StaticCache.dat', fd=-1), popenfile(path='C:\\Users\\sctest13\\AppData\\Local\\Microsoft\\Windows\\Explorer\\thumbcache_256.db', fd=-1), popenfile(path='C:\\Windows\\System32\\en-US\\pnidui.dll.mui', fd=-1), popenfile(path='C:\\Windows\\System32\\en-US\\mpr.dll.mui', fd=-1)]",explorer.exe,['C:\\Windows\\Explorer.EXE'],C:\Windows\explorer.exe,2652,32.0,2669,473,13104288,10374799,11.265625,13.390625,182833,0,145.01953125,76.26171875,benign
0.4205237327895488,13,0.0,470,,OneDrive.exe,,C:\Users\sctest1\AppData\Local\Microsoft\OneDrive\OneDrive.exe,2692,,32,1025,24740,190755,0.75,1.296875,1239,0,34.4453125,8.6796875,benign
0.1199384427268899,5,0.0,193,,svchost.exe,,C:\Windows\System32\svchost.exe,2708,,38,0,540672,0,0.15625,0.0625,279,0,9.82421875,2.4921875,benign
0.3408826992492282,15,0.0,507,,svchost.exe,,C:\Windows\System32\svchost.exe,2720,,79,109,1859131,202086,1.546875,1.328125,5604,0,27.921875,12.62890625,benign
0.3476068823205966,13,0.0,351,,svchost.exe,,C:\Windows\System32\svchost.exe,2736,,317,1071,47057728,5609046,1.140625,0.953125,10013,0,28.47265625,23.19140625,benign
0.2614324226754714,22,0.0,429,,svchost.exe,,C:\Windows\System32\svchost.exe,2776,,10061,6490,82138772,54432532,7.75,3.34375,15725,0,21.4140625,11.65234375,benign
0.1115451361980896,6,0.0,213,,svchost.exe,,C:\Windows\System32\svchost.exe,2848,,1400,949,93936,192644,0.0625,0.203125,3772,0,9.13671875,2.33984375,benign
0.067098762988761,3,0.0,128,,svchost.exe,,C:\Windows\System32\svchost.exe,2868,,1,0,512,0,0.015625,0.03125,155,0,5.49609375,1.2265625,benign
0.2102141771531335,12,0.0,308,,vmtoolsd.exe,,C:\Program Files\VMware\VMware Tools\vmtoolsd.exe,2884,,1337,678,17906,148805,0.265625,0.453125,63266,0,17.21875,6.04296875,benign
0.0770658144917113,3,0.0,124,,vm3dservice.exe,,C:\Windows\System32\vm3dservice.exe,2892,,0,0,0,0,0.03125,0.046875,4712,0,6.3125,1.53515625,benign
0.1299054942298402,2,0.0,167,,VGAuthService.exe,,C:\Program Files\VMware\VMware Tools\VMware VGAuth\VGAuthService.exe,2900,,30,22,32424,2280,0.0625,0.09375,347,0,10.640625,2.45703125,benign
1.8229689509654448,27,0.0,685,,MsMpEng.exe,,C:\Program Files\Windows Defender\MsMpEng.exe,2908,,1883,5099,163299935,10649460,70.96875,20.453125,295772,0,149.3203125,146.85546875,benign
0.1506980035852771,1,0.0,153,,svchost.exe,,C:\Windows\System32\svchost.exe,2920,,0,0,0,0,0.125,0.015625,45,0,12.34375,1.84765625,benign
0.0656680857395337,3,0.0,107,,svchost.exe,,C:\Windows\System32\svchost.exe,2940,,0,0,0,0,0.015625,0.0625,10132,0,5.37890625,1.265625,benign
0.128951709397022,5,0.0,373,,svchost.exe,,C:\Windows\System32\svchost.exe,3076,,1,1,116,160,0.1875,0.09375,434,0,10.5625,2.64453125,benign
0.1249935023408264,9,0.0,230,,msdtc.exe,,C:\Windows\System32\msdtc.exe,3208,,1,9,116,5075104,0.015625,0.171875,8660,0,10.23828125,2.67578125,benign
0.168915293892105,3,0.0,276,"[popenfile(path='C:\\Windows\\Registration\\R000000000006.clb', fd=-1), popenfile(path='C:\\Windows\\System32\\en-US\\svchost.exe.mui', fd=-1)]",svchost.exe,"['C:\\Windows\\system32\\svchost.exe', '-k', 'UnistackSvcGroup']",C:\Windows\System32\svchost.exe,3356,32.0,1,0,5513,0,0.140625,0.078125,45,0,13.8359375,2.984375,benign
0.0891311926268617,4,0.0,129,,vm3dservice.exe,,C:\Windows\System32\vm3dservice.exe,3448,,1,0,4333,0,0.09375,0.0625,5930,0,7.30078125,1.6875,benign
1.6201942955082933,57,0.0,2113,,explorer.exe,,C:\Windows\explorer.exe,3476,,4540,582,35808494,18868495,19.046875,22.65625,151886,0,132.7109375,66.328125,benign
0.021269401771846,3,0.0,211,,MicrosoftEdgeUpdate.exe,,C:\Program Files (x86)\Microsoft\EdgeUpdate\MicrosoftEdgeUpdate.exe,3488,,0,22,0,1700,0.140625,0.03125,967,0,1.7421875,1.83984375,benign
0.2776467648333809,11,0.0,414,,svchost.exe,,C:\Windows\System32\svchost.exe,3620,,0,0,0,0,1.703125,1.25,2896,0,22.7421875,4.1875,benign
0.0824070095554933,10,0.0,500,,csrss.exe,,C:\Windows\System32\csrss.exe,3700,,23883,0,1435161,0,0.328125,2.46875,114907,0,6.75,1.72265625,benign
0.6321208979502687,13,0.0,537,,HxAccounts.exe,,C:\Program Files\WindowsApps\microsoft.windowscommunicationsapps_16005.11629.20316.0_x64__8wekyb3d8bbwe\HxAccounts.exe,3712,,0,1,0,65536,0.234375,0.3125,3957,0,51.77734375,16.41796875,benign
0.097476809914021,3,0.0,191,,svchost.exe,,C:\Windows\System32\svchost.exe,3768,,297,0,6066,0,0.109375,0.078125,274,0,7.984375,1.73828125,benign
0.2375878018550161,4,0.0,272,"[popenfile(path='C:\\Windows\\System32\\en-US\\user32.dll.mui', fd=-1), popenfile(path='C:\\Windows\\System32\\en-US\\propsys.dll.mui', fd=-1), popenfile(path='C:\\Windows\\Registration\\R000000000006.clb', fd=-1), popenfile(path='C:\\Windows\\Fonts\\StaticCache.dat', fd=-1), popenfile(path='C:\\Windows\\System32\\en-US\\Conhost.exe.mui', fd=-1)]",conhost.exe,"['\\??\\C:\\Windows\\system32\\conhost.exe', '0x4']",C:\Windows\System32\conhost.exe,3824,32.0,17,0,7350,0,0.125,0.234375,10236,0,19.4609375,9.359375,benign
0.168343022992414,10,0.0,268,,dllhost.exe,,C:\Windows\System32\dllhost.exe,3836,,4281,7,2094377,3745,0.21875,0.15625,7633,0,13.7890625,3.8203125,benign
0.029805776025569,38,0.0,963,,SkypeApp.exe,,C:\Program Files\WindowsApps\Microsoft.SkypeApp_14.53.77.0_x64__kzf8qxf38zg5c\SkypeApp.exe,3852,,13,58,28563724,28487787,22.75,4.828125,7585,0,2.44140625,112.4921875,benign
0.4088398685875257,19,0.0,478,"[popenfile(path='C:\\Users\\sctest13\\AppData\\Local\\Microsoft\\OneDrive\\logs\\Personal\\SyncEngine-2025-11-13.1625.4120.1.aodl', fd=-1), popenfile(path='C:\\Users\\sctest13\\AppData\\Local\\Microsoft\\OneDrive\\setup\\logs\\Update_2025-11-13_162509_1018-2938.log', fd=-1), popenfile(path='C:\\Users\\sctest13\\AppData\\Local\\Temp\\aria-debug-4120.log', fd=-1), popenfile(path='C:\\Windows\\Registration\\R000000000006.clb', fd=-1), popenfile(path='C:\\Users\\sctest13\\AppData\\Local\\Microsoft\\OneDrive\\logs\\Personal\\TraceCurrent.0304.0013.etl', fd=-1), popenfile(path='C:\\Users\\sctest13\\AppData\\Local\\Temp\\aria-debug-10140.log', fd=-1), popenfile(path='C:\\Users\\sctest13\\AppData\\Local\\Temp\\aria-debug-9768.log', fd=-1), popenfile(path='C:\\Windows\\System32\\en-US\\KernelBase.dll.mui', fd=-1), popenfile(path='C:\\Users\\sctest13\\AppData\\Local\\Microsoft\\OneDrive\\19.043.0304.0013\\en\\FileSync.LocalizedResources.dll.mui', fd=-1)]",OneDrive.exe,"['', '/setautostart', '/background']",C:\Users\sctest13\AppData\Local\Microsoft\OneDrive\OneDrive.exe,4120,32.0,27,691,320,222047,0.421875,0.359375,1706,0,33.48828125,9.109375,benign
0.7030348002703026,34,0.0,537,,svchost.exe,,C:\Windows\System32\svchost.exe,4204,,30212,6891,123430678,21938816,4.171875,3.453125,16298,0,57.5859375,33.62890625,benign
0.160903501296432,1,0.0,214,,RuntimeBroker.exe,,C:\Windows\System32\RuntimeBroker.exe,4216,,165,0,30497,0,0.078125,0.078125,82,0,13.1796875,2.19140625,benign
0.5099887501078969,10,0.0,426,"[popenfile(path='C:\\Windows\\Fonts\\segoeui.ttf', fd=-1), popenfile(path='C:\\Windows\\System32\\en-US\\windows.storage.dll.mui', fd=-1), popenfile(path='C:\\Windows\\System32\\en-US\\KernelBase.dll.mui', fd=-1)]",GameBar.exe,"['C:\\Program Files\\WindowsApps\\Microsoft.XboxGamingOverlay_2.34.28001.0_x64__8wekyb3d8bbwe\\GameBar.exe', '-ServerName:App.AppXbdkk0yrkwpcgeaem8zk81k8py1eaahny.mca']",C:\Program Files\WindowsApps\Microsoft.XboxGamingOverlay_2.34.28001.0_x64__8wekyb3d8bbwe\GameBar.exe,4244,32.0,2,0,8192,0,0.203125,0.15625,2007,0,41.7734375,11.640625,benign
0.0747767308929476,2,0.0,106,,svchost.exe,,C:\Windows\System32\svchost.exe,4252,,0,0,0,0,0.0625,0.0,56,0,6.125,1.234375,benign
0.3622951687459971,5,0.0,342,,LogonUI.exe,,C:\Windows\System32\LogonUI.exe,4284,,1,0,33607,0,0.203125,0.0625,453,0,29.67578125,11.73046875,benign
0.2212303919721838,3,0.0,294,,svchost.exe,,C:\Windows\System32\svchost.exe,4392,,15,1691,17205,3445755,0.34375,0.265625,109,0,18.12109375,4.37890625,benign
1.3577603987583629,29,0.0,1170,"[popenfile(path='C:\\Windows\\Registration\\R000000000006.clb', fd=-1), popenfile(path='C:\\Users\\sctest13\\AppData\\Local\\Microsoft\\Edge\\User Data\\Default\\Sync Data\\LevelDB\\LOG', fd=-1), popenfile(path='C:\\Windows\\System32\\en-US\\winhttp.dll.mui', fd=-1), popenfile(path='C:\\Program Files (x86)\\Microsoft\\Edge\\Application\\92.0.902.67\\Locales\\en-US.pak', fd=-1), popenfile(path='C:\\Users\\sctest13\\AppData\\Local\\Microsoft\\Edge\\User Data\\Default\\Extension State\\MANIFEST-000001', fd=-1), popenfile(path='C:\\Users\\sctest13\\AppData\\Local\\Microsoft\\Edge\\User Data\\GrShaderCache\\GPUCache\\data_1', fd=-1), popenfile(path='C:\\Users\\sctest13\\AppData\\Local\\Microsoft\\Edge\\User Data\\ShaderCache\\GPUCache\\data_3', fd=-1), popenfile(path='C:\\Users\\sctest13\\AppData\\Local\\Microsoft\\Edge\\User Data\\ShaderCache\\GPUCache\\data_2', fd=-1), popenfile(path='C:\\Users\\sctest13\\AppData\\Local\\Microsoft\\Edge\\User Data\\Default\\Extension State\\000003.log', fd=-1), popenfile(path='C:\\Users\\sctest13\\AppData\\Local\\Microsoft\\Edge\\User Data\\Default\\shared_proto_db\\LOG', fd=-1), popenfile(path='C:\\Program Files (x86)\\Microsoft\\Edge\\Application\\92.0.902.67\\msedge_200_percent.pak', fd=-1), popenfile(path='C:\\Users\\sctest13\\AppData\\Local\\Microsoft\\Edge\\User Data\\Default\\load_statistics.db-wal', fd=-1), popenfile(path='C:\\Users\\sctest13\\AppData\\Local\\Microsoft\\Edge\\User Data\\Default\\Session Storage\\LOCK', fd=-1), popenfile(path='C:\\Program Files (x86)\\Microsoft\\Edge\\Application\\92.0.902.67\\msedge_100_percent.pak', fd=-1), popenfile(path='C:\\Users\\sctest13\\AppData\\Local\\Microsoft\\Edge\\User Data\\Default\\Network Action Predictor', fd=-1), popenfile(path='C:\\Windows\\Fonts\\segoeui.ttf', fd=-1), popenfile(path='C:\\Users\\sctest13\\AppData\\Local\\Microsoft\\Edge\\User Data\\Default\\Shortcuts', fd=-1), popenfile(path='C:\\Windows\\System32\\en-US\\Windows.Web.dll.mui', fd=-1), popenfile(path='C:\\Users\\sctest13\\AppData\\Local\\Microsoft\\Edge\\User Data\\Default\\Site Characteristics Database\\LOCK', fd=-1), popenfile(path='C:\\Windows\\Fonts\\seguisb.ttf', fd=-1), popenfile(path='C:\\Users\\sctest13\\AppData\\Local\\Microsoft\\Edge\\User Data\\ShaderCache\\GPUCache\\data_1', fd=-1), popenfile(path='C:\\Users\\sctest13\\AppData\\Local\\Microsoft\\Edge\\User Data\\Default\\History-journal', fd=-1), popenfile(path='C:\\Windows\\Fonts\\segoeuib.ttf', fd=-1), popenfile(path='C:\\Users\\sctest13\\AppData\\Local\\Microsoft\\Edge\\User Data\\Default\\Shortcuts-journal', fd=-1), popenfile(path='C:\\Users\\sctest13\\AppData\\Local\\Microsoft\\Edge\\User Data\\Default\\Sync Data\\LevelDB\\MANIFEST-000001', fd=-1), popenfile(path='C:\\Users\\sctest13\\AppData\\Local\\Microsoft\\Edge\\User Data\\Default\\GPUCache\\index', fd=-1), popenfile(path='C:\\Users\\sctest13\\AppData\\Local\\Microsoft\\Edge\\User Data\\Default\\Sessions\\Session_13407524564278052', fd=-1), popenfile(path='C:\\Users\\sctest13\\AppData\\Local\\Microsoft\\Edge\\User Data\\Default\\shared_proto_db\\MANIFEST-000001', fd=-1), popenfile(path='C:\\Users\\sctest13\\AppData\\Local\\Microsoft\\Edge\\User Data\\Default\\GPUCache\\data_3', fd=-1), popenfile(path='C:\\Users\\sctest13\\AppData\\Local\\Microsoft\\Edge\\User Data\\Default\\History', fd=-1), popenfile(path='C:\\Users\\sctest13\\AppData\\Local\\Microsoft\\Edge\\User Data\\Default\\WebAssistDatabase', fd=-1), popenfile(path='C:\\Users\\sctest13\\AppData\\Local\\Microsoft\\Edge\\User Data\\Functional SAN Data', fd=-1), popenfile(path='C:\\Windows\\System32\\en-US\\propsys.dll.mui', fd=-1), popenfile(path='C:\\Windows\\System32\\en-US\\kernel32.dll.mui', fd=-1), popenfile(path='C:\\Users\\sctest13\\AppData\\Local\\Microsoft\\Edge\\User Data\\Default\\Login Data', fd=-1), popenfile(path='C:\\Users\\sctest13\\AppData\\Local\\Microsoft\\Edge\\User Data\\SmartScreen\\local\\cache', fd=-1), popenfile(path='C:\\Users\\sctest13\\AppData\\Local\\Microsoft\\Edge\\User Data\\Default\\load_statistics.db-shm', fd=-1), popenfile(path='C:\\Windows\\System32\\en-US\\KernelBase.dll.mui', fd=-1), popenfile(path='C:\\Users\\sctest13\\AppData\\Local\\Microsoft\\Edge\\User Data\\Default\\data_reduction_proxy_leveldb\\000003.log', fd=-1), popenfile(path='C:\\Windows\\Fonts\\seguisbi.ttf', fd=-1), popenfile(path='C:\\Users\\sctest13\\AppData\\Local\\Microsoft\\Edge\\User Data\\BrowserMetrics\\BrowserMetrics-691605D1-112C.pma', fd=-1), popenfile(path='C:\\Users\\sctest13\\AppData\\Local\\Microsoft\\Edge\\User Data\\Default\\Site Characteristics Database\\000003.log', fd=-1), popenfile(path='C:\\Users\\sctest13\\AppData\\Local\\Microsoft\\Edge\\User Data\\Default\\data_reduction_proxy_leveldb\\LOCK', fd=-1), popenfile(path='C:\\Users\\sctest13\\AppData\\Local\\Microsoft\\Edge\\User Data\\Default\\GPUCache\\data_1', fd=-1), popenfile(path='C:\\Users\\sctest13\\AppData\\Local\\Microsoft\\Edge\\User Data\\Default\\Sessions\\Tabs_13407524592592426', fd=-1), popenfile(path='C:\\Users\\sctest13\\AppData\\Local\\Microsoft\\Edge\\User Data\\Default\\data_reduction_proxy_leveldb\\LOG', fd=-1), popenfile(path='C:\\Users\\sctest13\\AppData\\Local\\Microsoft\\Edge\\User Data\\Default\\Sync Data\\LevelDB\\LOCK', fd=-1), popenfile(path='C:\\Users\\sctest13\\AppData\\Local\\Microsoft\\Edge\\User Data\\Default\\load_statistics.db', fd=-1), popenfile(path='C:\\Users\\sctest13\\AppData\\Local\\Microsoft\\Edge\\User Data\\Default\\WebAssistDatabase-journal', fd=-1), popenfile(path='C:\\Users\\sctest13\\AppData\\Local\\Microsoft\\Edge\\User Data\\Default\\data_reduction_proxy_leveldb\\MANIFEST-000002', fd=-1), popenfile(path='C:\\Users\\sctest13\\AppData\\Local\\Microsoft\\Edge\\User Data\\GrShaderCache\\GPUCache\\data_0', fd=-1), popenfile(path='C:\\Users\\sctest13\\AppData\\Local\\Microsoft\\Edge\\User Data\\Default\\Extension State\\LOG', fd=-1), popenfile(path='C:\\Windows\\System32\\en-US\\Windows.Security.Authentication.Web.Core.dll.mui', fd=-1), popenfile(path='C:\\Program Files (x86)\\Microsoft\\Edge\\Application\\92.0.902.67\\v8_context_snapshot.bin', fd=-1), popenfile(path='C:\\Users\\sctest13\\AppData\\Local\\Microsoft\\Edge\\User Data\\Default\\GPUCache\\data_2', fd=-1), popenfile(path='C:\\Users\\sctest13\\AppData\\Local\\Microsoft\\Edge\\User Data\\lockfile', fd=-1), popenfile(path='C:\\Users\\sctest13\\AppData\\Local\\Microsoft\\Edge\\User Data\\Default\\Top Sites', fd=-1), popenfile(path='C:\\Users\\sctest13\\AppData\\Local\\Microsoft\\Edge\\User Data\\ShaderCache\\GPUCache\\index', fd=-1), popenfile(path='C:\\Users\\sctest13\\AppData\\Local\\Microsoft\\Edge\\User Data\\Default\\Web Data', fd=-1), popenfile(path='C:\\Users\\sctest13\\AppData\\Local\\Microsoft\\Edge\\User Data\\Default\\Extension State\\LOCK', fd=-1), popenfile(path='C:\\Users\\sctest13\\AppData\\Local\\Microsoft\\Edge\\User Data\\Default\\Top Sites-journal', fd=-1), popenfile(path='C:\\Users\\sctest13\\AppData\\Local\\Microsoft\\Edge\\User Data\\Default\\heavy_ad_intervention_opt_out.db-journal', fd=-1), popenfile(path='C:\\Users\\sctest13\\AppData\\Local\\Microsoft\\Edge\\User Data\\Default\\Visited Links', fd=-1), popenfile(path='C:\\Users\\sctest13\\AppData\\Local\\Microsoft\\Edge\\User Data\\Default\\shared_proto_db\\metadata\\LOG', fd=-1), popenfile(path='C:\\Windows\\System32\\en-US\\user32.dll.mui', fd=-1), popenfile(path='C:\\Users\\sctest13\\AppData\\Local\\Microsoft\\Edge\\User Data\\Default\\shared_proto_db\\000003.log', fd=-1), popenfile(path='C:\\Users\\sctest13\\AppData\\Local\\Microsoft\\Edge\\User Data\\GrShaderCache\\GPUCache\\data_3', fd=-1), popenfile(path='C:\\Windows\\System32\\en-US\\combase.dll.mui', fd=-1), popenfile(path='C:\\Users\\sctest13\\AppData\\Local\\Microsoft\\Edge\\User Data\\Default\\shared_proto_db\\metadata\\000003.log', fd=-1), popenfile(path='C:\\Users\\sctest13\\AppData\\Local\\Microsoft\\Edge\\User Data\\Default\\heavy_ad_intervention_opt_out.db', fd=-1), popenfile(path='C:\\Users\\sctest13\\AppData\\Local\\Microsoft\\Edge\\User Data\\Default\\Favicons', fd=-1), popenfile(path='C:\\Users\\sctest13\\AppData\\Local\\Microsoft\\Edge\\User Data\\Default\\Sync Data\\LevelDB\\000003.log', fd=-1), popenfile(path='C:\\Users\\sctest13\\AppData\\Local\\Microsoft\\Edge\\User Data\\Default\\GPUCache\\data_0', fd=-1), popenfile(path='C:\\Program Files (x86)\\Microsoft\\Edge\\Application\\92.0.902.67\\icudtl.dat', fd=-1), popenfile(path='C:\\Users\\sctest13\\AppData\\Local\\Microsoft\\Edge\\User Data\\Default\\Site Characteristics Database\\LOG', fd=-1), popenfile(path='C:\\Users\\sctest13\\AppData\\Local\\Microsoft\\Edge\\User Data\\Default\\shared_proto_db\\metadata\\MANIFEST-000001', fd=-1), popenfile(path='C:\\Users\\sctest13\\AppData\\Local\\Microsoft\\Edge\\User Data\\SmartScreen\\local\\download_cache', fd=-1), popenfile(path='C:\\Users\\sctest13\\AppData\\Local\\Microsoft\\Edge\\User Data\\Default\\Local Storage\\leveldb\\LOCK', fd=-1), popenfile(path='C:\\Users\\sctest13\\AppData\\Local\\Microsoft\\Edge\\User Data\\SmartScreen\\local\\warnStateCache', fd=-1), popenfile(path='C:\\Users\\sctest13\\AppData\\Local\\Microsoft\\Edge\\User Data\\Default\\Network Action Predictor-journal', fd=-1), popenfile(path='C:\\Users\\sctest13\\AppData\\Local\\Microsoft\\Edge\\User Data\\GrShaderCache\\GPUCache\\index', fd=-1), popenfile(path='C:\\Users\\sctest13\\AppData\\Local\\Microsoft\\Edge\\User Data\\Functional Data-wal', fd=-1), popenfile(path='C:\\Users\\sctest13\\AppData\\Local\\Microsoft\\Edge\\User Data\\Default\\shared_proto_db\\LOCK', fd=-1), popenfile(path='C:\\Users\\sctest13\\AppData\\Local\\Microsoft\\Edge\\User Data\\Default\\shared_proto_db\\metadata\\LOCK', fd=-1), popenfile(path='C:\\Users\\sctest13\\AppData\\Local\\Microsoft\\Edge\\User Data\\GrShaderCache\\GPUCache\\data_2', fd=-1), popenfile(path='C:\\Users\\sctest13\\AppData\\Local\\Microsoft\\Edge\\User Data\\Default\\Site Characteristics Database\\MANIFEST-000001', fd=-1), popenfile(path='C:\\Windows\\System32\\en-US\\winnlsres.dll.mui', fd=-1), popenfile(path='C:\\Users\\sctest13\\AppData\\Local\\Microsoft\\Edge\\User Data\\Default\\Web Data-journal', fd=-1), popenfile(path='C:\\Users\\sctest13\\AppData\\Local\\Microsoft\\Edge\\User Data\\Functional Data', fd=-1), popenfile(path='C:\\Users\\sctest13\\AppData\\Local\\Microsoft\\Edge\\User Data\\ShaderCache\\GPUCache\\data_0', fd=-1), popenfile(path='C:\\Users\\sctest13\\AppData\\Local\\Microsoft\\Edge\\User Data\\Functional SAN Data-wal', fd=-1), popenfile(path='C:\\Program Files (x86)\\Microsoft\\Edge\\Application\\92.0.902.67\\resources.pak', fd=-1)]",msedge.exe,['C:\\Program Files (x86)\\Microsoft\\Edge\\Application\\msedge.exe'],C:\Program Files (x86)\Microsoft\Edge\Application\msedge.exe,4396,32.0,5475,6533,2994198,6844712,2.40625,1.328125,32579,0,111.21484375,27.41796875,benign
0.3144628593801638,2,0.0,355,,svchost.exe,,C:\Windows\System32\svchost.exe,4416,,162,7523,659972,15805324,0.609375,0.40625,358,0,25.7578125,5.5703125,benign
0.2720671235613944,3,0.0,248,,RuntimeBroker.exe,,C:\Windows\System32\RuntimeBroker.exe,4444,,1,0,7611,0,0.171875,0.171875,196,0,22.28515625,5.18359375,benign
0.3281019824894642,4,0.0,335,,RuntimeBroker.exe,,C:\Windows\System32\RuntimeBroker.exe,4452,,16,1,19434,160,0.1875,0.1875,106,0,26.875,4.30859375,benign
0.4226220594217488,7,0.0,446,,vmtoolsd.exe,,C:\Program Files\VMware\VMware Tools\vmtoolsd.exe,4500,,1283,125,3702510,10527,3.375,2.40625,69889,0,34.6171875,15.91796875,benign
0.208878878387188,9,0.0,323,,taskhostw.exe,,C:\Windows\System32\taskhostw.exe,4584,,6,293,743301,7808269,17.6875,9.515625,396358,0,17.109375,6.33203125,benign
0.8224486613391426,14,0.0,637,,StartMenuExperienceHost.exe,,C:\Windows\SystemApps\Microsoft.Windows.StartMenuExperienceHost_cw5n1h2txyewy\StartMenuExperienceHost.exe,4592,,45,0,151244,0,1.171875,0.59375,4476,0,67.3671875,19.41796875,benign
0.0190280074147232,4,0.0,144,,SkypeBackgroundHost.exe,,C:\Program Files\WindowsApps\Microsoft.SkypeApp_14.53.77.0_x64__kzf8qxf38zg5c\SkypeBackgroundHost.exe,4604,,0,0,0,0,0.046875,0.015625,117,0,1.55859375,1.79296875,benign
0.4710743289289139,10,0.0,510,,TextInputHost.exe,,C:\Windows\SystemApps\MicrosoftWindows.Client.CBS_cw5n1h2txyewy\TextInputHost.exe,4612,,3,0,31201,0,0.28125,0.21875,42577,0,38.5859375,12.4375,benign
0.2146015873840972,2,0.0,242,,RuntimeBroker.exe,,C:\Windows\System32\RuntimeBroker.exe,4640,,8,0,14535,0,0.03125,0.046875,87,0,17.578125,2.77734375,benign
0.1049163316100031,4,0.0,181,,NisSrv.exe,,C:\Program Files\Windows Defender\NisSrv.exe,4716,,0,0,0,0,0.0625,0.109375,352,0,8.59375,3.70703125,benign
0.1242304744745718,3,0.0,261,,winlogon.exe,,C:\Windows\System32\winlogon.exe,4740,,2,0,15882,0,0.09375,0.078125,540,0,10.17578125,2.27734375,benign
0.0423957358187694,28,0.0,823,,HxOutlook.exe,,C:\Program Files\WindowsApps\microsoft.windowscommunicationsapps_16005.11629.20316.0_x64__8wekyb3d8bbwe\HxOutlook.exe,4796,,2,1,8192,65536,0.65625,0.328125,2709,0,3.47265625,30.49609375,benign
0.2131709101348699,15,0.0,355,,svchost.exe,,C:\Windows\System32\svchost.exe,4836,,17,6,2719744,49428,0.0625,0.09375,1162,0,17.4609375,8.6328125,benign
0.0712477270115202,3,0.0,131,,svchost.exe,,C:\Windows\System32\svchost.exe,4840,,0,0,0,0,0.015625,0.078125,75,0,5.8359375,1.515625,benign
0.1237058928165218,10,0.0,248,,svchost.exe,,C:\Windows\System32\svchost.exe,4864,,1,0,63940,0,0.234375,0.15625,504,0,10.1328125,4.65234375,benign
0.0890358141435799,7,0.0,105,,SgrmBroker.exe,,C:\Windows\System32\SgrmBroker.exe,5032,,2,0,80480,0,0.140625,0.046875,4529,0,7.29296875,4.41796875,benign
0.3099323814242773,7,0.0,534,,svchost.exe,,C:\Windows\System32\svchost.exe,5040,,12,140,3212255,15388676,0.625,0.28125,3175,0,25.38671875,7.66796875,benign
0.1802653334026417,5,0.0,180,,svchost.exe,,C:\Windows\System32\svchost.exe,5044,,0,0,0,0,0.234375,0.03125,166,0,14.765625,2.62890625,benign
0.1919015083630238,5,0.0,195,"[popenfile(path='C:\\Windows\\Registration\\R000000000006.clb', fd=-1)]",RuntimeBroker.exe,"['C:\\Windows\\System32\\RuntimeBroker.exe', '-Embedding']",C:\Windows\System32\RuntimeBroker.exe,5116,32.0,1,0,9730,0,0.046875,0.078125,210,0,15.71875,2.6796875,benign
1.134956261812029,15,0.0,1214,,dwm.exe,,C:\Windows\System32\dwm.exe,5156,,3,0,88405,0,2.921875,1.8125,69824,0,92.96484375,65.92578125,benign
0.2139816272427654,4,0.0,241,,svchost.exe,,C:\Windows\System32\svchost.exe,5224,,0,0,0,0,0.046875,0.015625,5836,0,17.52734375,3.0703125,benign
0.1256611517237991,3,0.0,266,,winlogon.exe,,C:\Windows\System32\winlogon.exe,5296,,2,0,15454,0,0.09375,0.09375,578,0,10.29296875,2.35546875,benign
1.592153021423438,21,0.0,758,"[popenfile(path='C:\\Windows\\Fonts\\segoeui.ttf', fd=-1), popenfile(path='C:\\Windows\\Fonts\\seguibl.ttf', fd=-1), popenfile(path='C:\\Windows\\System32\\WinMetadata\\Windows.System.winmd', fd=-1), popenfile(path='C:\\Windows\\Fonts\\segoeuib.ttf', fd=-1), popenfile(path='C:\\Windows\\System32\\en-US\\combase.dll.mui', fd=-1), popenfile(path='C:\\Windows\\Fonts\\segoeuisl.ttf', fd=-1), popenfile(path='C:\\Users\\sctest13\\AppData\\Local\\Packages\\Microsoft.MicrosoftSolitaireCollection_8wekyb3d8bbwe\\LocalState\\logs\\Solitaire.log', fd=-1), popenfile(path='C:\\Windows\\Fonts\\seguisb.ttf', fd=-1), popenfile(path='C:\\Windows\\System32\\WinMetadata\\Windows.UI.winmd', fd=-1), popenfile(path='C:\\Windows\\System32\\WinMetadata\\Windows.ApplicationModel.winmd', fd=-1), popenfile(path='C:\\Windows\\System32\\en-US\\KernelBase.dll.mui', fd=-1), popenfile(path='C:\\Windows\\Fonts\\segoeuil.ttf', fd=-1), popenfile(path='C:\\Users\\sctest13\\AppData\\Local\\Packages\\Microsoft.MicrosoftSolitaireCollection_8wekyb3d8bbwe\\AC\\Temp\\aria-debug-5304.log', fd=-1), popenfile(path='C:\\Windows\\System32\\en-US\\windows.storage.dll.mui', fd=-1)]",Solitaire.exe,"['C:\\Program Files\\WindowsApps\\Microsoft.MicrosoftSolitaireCollection_4.4.8204.0_x64__8wekyb3d8bbwe\\Solitaire.exe', '-ServerName:App.AppXx8xn0rs58sab7mvbtxgdhw97cpm1dzhb.mca']",C:\Program Files\WindowsApps\Microsoft.MicrosoftSolitaireCollection_4.4.8204.0_x64__8wekyb3d8bbwe\Solitaire.exe,5304,32.0,18554,58,11189770,22735,3.96875,2.09375,63338,0,130.4140625,91.92578125,benign
0.3045434971188545,1,0.0,269,,ApplicationFrameHost.exe,,C:\Windows\System32\ApplicationFrameHost.exe,5316,,8,0,3030,0,0.171875,0.125,110,0,24.9453125,4.27734375,benign
0.0531735044296152,5,0.0,36,,fontdrvhost.exe,,C:\Windows\System32\fontdrvhost.exe,5364,,0,0,0,0,0.046875,0.046875,3451,0,4.35546875,1.39453125,benign
0.298916166605227,3,0.0,495,,svchost.exe,,C:\Windows\System32\svchost.exe,5432,,10,139,3170304,15138820,0.4375,0.265625,331,0,24.484375,7.0234375,benign
0.3875227775740387,3,0.0,402,,svchost.exe,,C:\Windows\System32\svchost.exe,5504,,91,332,367695,682883,0.453125,0.3125,230,0,31.7421875,7.10546875,benign
0.1536070473253727,4,0.0,189,,audiodg.exe,"['C:\\Windows\\system32\\AUDIODG.EXE', '0x2ec']",C:\Windows\System32\audiodg.exe,5568,32.0,1,0,5470,0,1.0,3.953125,18397,0,12.58203125,7.0078125,benign
0.1232766896417536,8,0.0,225,,svchost.exe,,C:\Windows\System32\svchost.exe,5652,,3,3,348,480,0.078125,0.09375,256,0,10.09765625,2.5078125,benign
0.1244212314411355,3,0.0,277,,winlogon.exe,,C:\Windows\System32\winlogon.exe,5708,,1,0,9728,0,0.078125,0.109375,505,0,10.19140625,2.29296875,benign
0.3690670410590064,14,0.0,657,"[popenfile(path='C:\\Windows\\Registration\\R000000000006.clb', fd=-1), popenfile(path='C:\\Windows\\System32\\en-US\\KernelBase.dll.mui', fd=-1)]",sihost.exe,['sihost.exe'],C:\Windows\System32\sihost.exe,5716,32.0,94,0,394726,0,0.84375,1.078125,10724,0,30.23046875,6.59765625,benign
0.1474551351536952,3,0.0,234,,svchost.exe,,C:\Windows\System32\svchost.exe,5724,,0,0,0,0,0.140625,0.015625,113,0,12.078125,2.63671875,benign
0.2999653299213271,31,0.0,882,,SearchIndexer.exe,,C:\Windows\System32\SearchIndexer.exe,5756,,3874,3828,3849830,45205310,14.25,3.59375,82793,0,24.5703125,32.859375,benign
0.7056577085605527,15,0.0,898,,dwm.exe,,C:\Windows\System32\dwm.exe,5860,,2,0,72092,0,1.359375,0.984375,36391,0,57.80078125,35.8046875,benign
0.3501821013692058,5,0.0,441,,RuntimeBroker.exe,,C:\Windows\System32\RuntimeBroker.exe,5868,,271,2,58067,248,0.34375,0.625,494,0,28.68359375,7.8046875,benign
0.1040102360188258,6,0.0,173,,svchost.exe,,C:\Windows\System32\svchost.exe,5880,,0,1,0,4096,0.109375,0.0,95,0,8.51953125,1.9921875,benign
1.6238186778730026,26,0.0,976,,SearchApp.exe,,C:\Windows\SystemApps\Microsoft.Windows.Search_cw5n1h2txyewy\SearchApp.exe,5908,,2200,335,11360356,4137458,1.984375,1.296875,53474,0,133.0078125,78.11328125,benign
0.6353160771402097,12,0.0,489,"[popenfile(path='C:\\Windows\\Fonts\\segoeui.ttf', fd=-1), popenfile(path='C:\\Windows\\System32\\en-US\\windows.ui.xaml.dll.mui', fd=-1), popenfile(path='C:\\Program Files\\WindowsApps\\Microsoft.WindowsAlarms_10.1906.2182.0_x64__8wekyb3d8bbwe\\Assets\\AlarmMDL2.ttf', fd=-1), popenfile(path='C:\\Windows\\Fonts\\segoeuisl.ttf', fd=-1), popenfile(path='C:\\Windows\\Fonts\\seguisb.ttf', fd=-1), popenfile(path='C:\\Windows\\System32\\WinMetadata\\Windows.ApplicationModel.winmd', fd=-1), popenfile(path='C:\\Windows\\System32\\en-US\\KernelBase.dll.mui', fd=-1), popenfile(path='C:\\Program Files\\WindowsApps\\Microsoft.UI.Xaml.2.0_2.1810.18004.0_x64__8wekyb3d8bbwe\\Microsoft.UI.Xaml\\Assets\\NoiseAsset_256x256_PNG.png', fd=-1), popenfile(path='C:\\Windows\\System32\\en-US\\windows.storage.dll.mui', fd=-1)]",Time.exe,"['C:\\Program Files\\WindowsApps\\Microsoft.WindowsAlarms_10.1906.2182.0_x64__8wekyb3d8bbwe\\Time.exe', '-ServerName:App.AppXq8avk61zazpy808ab5ppkf6taqp47km6.mca']",C:\Program Files\WindowsApps\Microsoft.WindowsAlarms_10.1906.2182.0_x64__8wekyb3d8bbwe\Time.exe,6036,32.0,2,1,8192,119,0.40625,0.171875,1512,0,52.0390625,16.734375,benign
0.1308115898210175,4,0.0,143,"[popenfile(path='C:\\Windows\\Registration\\R000000000006.clb', fd=-1), popenfile(path='C:\\Windows\\System32\\en-US\\propsys.dll.mui', fd=-1)]",RuntimeBroker.exe,"['C:\\Windows\\System32\\RuntimeBroker.exe', '-Embedding']",C:\Windows\System32\RuntimeBroker.exe,6056,32.0,0,0,0,0,0.109375,0.015625,242,0,10.71484375,3.640625,benign
0.2971516646645133,8,0.0,495,,CompatTelRunner.exe,,C:\Windows\System32\CompatTelRunner.exe,6120,,8,2,10644,36864,0.171875,0.078125,832,0,24.33984375,11.26953125,benign
0.3471776791458285,12,0.0,228,"[popenfile(path='C:\\Program Files (x86)\\Microsoft\\Edge\\Application\\92.0.902.67\\icudtl.dat', fd=-1), popenfile(path='C:\\Program Files (x86)\\Microsoft\\Edge\\Application\\92.0.902.67\\v8_context_snapshot.bin', fd=-1), popenfile(path='C:\\Program Files (x86)\\Microsoft\\Edge\\Application\\92.0.902.67\\msedge_200_percent.pak', fd=-1), popenfile(path='C:\\Program Files (x86)\\Microsoft\\Edge\\Application\\92.0.902.67\\Locales\\en-US.pak', fd=-1), popenfile(path='C:\\Users\\sctest13\\AppData\\Local\\Temp\\dd3b2c9a-533c-4c7c-bd3d-039061556e6d.tmp', fd=-1), popenfile(path='C:\\Program Files (x86)\\Microsoft\\Edge\\Application\\92.0.902.67\\resources.pak', fd=-1), popenfile(path='C:\\Program Files (x86)\\Microsoft\\Edge\\Application\\92.0.902.67\\msedge_100_percent.pak', fd=-1)]",msedge.exe,"['C:\\Program Files (x86)\\Microsoft\\Edge\\Application\\msedge.exe', '--type=renderer', '--field-trial-handle=2152,16853155897898354280,12150533147287318553,131072', '--lang=en-US', '--disable-client-side-phishing-detection', '--device-scale-factor=1', '--num-raster-threads=1', '--renderer-client-id=19', '--no-v8-untrusted-code-mitigations', '--mojo-platform-channel-handle=5260', '/prefetch:1']",C:\Program Files (x86)\Microsoft\Edge\Application\msedge.exe,6152,64.0,69,76,60516,11432,0.09375,0.046875,669,0,28.4375,12.2734375,benign
0.1543223859499864,1,0.0,230,,svchost.exe,,C:\Windows\System32\svchost.exe,6188,,16,0,5177,0,0.640625,8.390625,32,0,12.640625,2.92578125,benign
0.0685771294796293,9,0.0,328,,csrss.exe,,C:\Windows\System32\csrss.exe,6252,,4765,0,384069,0,0.03125,0.921875,56855,0,5.6171875,1.64453125,benign
0.3450793525136284,7,0.0,374,"[popenfile(path='C:\\Users\\sctest13\\AppData\\Local\\Microsoft\\Windows\\Notifications\\wpndatabase.db', fd=-1), popenfile(path='C:\\Windows\\System32\\en-US\\svchost.exe.mui', fd=-1), popenfile(path='C:\\Windows\\Registration\\R000000000006.clb', fd=-1), popenfile(path='C:\\Users\\sctest13\\AppData\\Local\\Microsoft\\Windows\\Notifications\\wpndatabase.db-shm', fd=-1), popenfile(path='C:\\Users\\sctest13\\AppData\\Local\\Microsoft\\Windows\\Notifications\\wpndatabase.db-wal', fd=-1), popenfile(path='C:\\Windows\\System32\\en-US\\KernelBase.dll.mui', fd=-1), popenfile(path='C:\\Users\\sctest13\\AppData\\Local\\Microsoft\\Windows\\Notifications\\WPNPRMRY.tmp', fd=-1)]",svchost.exe,"['C:\\Windows\\system32\\svchost.exe', '-k', 'UnistackSvcGroup', '-s', 'WpnUserService']",C:\Windows\System32\svchost.exe,6276,32.0,110,4442,446980,9354620,0.625,0.3125,5273,0,28.265625,6.12109375,benign
2.5298188905670207,57,0.0,1598,"[popenfile(path='C:\\Windows\\SystemApps\\Microsoft.Windows.Search_cw5n1h2txyewy\\Cortana.Search.winmd', fd=-1), popenfile(path='C:\\Windows\\System32\\WinMetadata\\Windows.System.winmd', fd=-1), popenfile(path='C:\\Windows\\System32\\WinMetadata\\Windows.Storage.winmd', fd=-1), popenfile(path='C:\\Users\\sctest13\\AppData\\Local\\Packages\\Microsoft.Windows.Search_cw5n1h2txyewy\\LocalState\\AppIconCache\\100\\Microsoft_MicrosoftSolitaireCollection_8wekyb3d8bbwe!App', fd=-1), popenfile(path='C:\\Users\\sctest13\\AppData\\Local\\Packages\\Microsoft.Windows.Search_cw5n1h2txyewy\\LocalState\\AppIconCache\\100\\MSEdge', fd=-1), popenfile(path='C:\\Windows\\SystemApps\\Microsoft.Windows.Search_cw5n1h2txyewy\\Cortana.Internal.Search.winmd', fd=-1), popenfile(path='C:\\Users\\sctest13\\AppData\\Local\\Packages\\Microsoft.Windows.Search_cw5n1h2txyewy\\LocalState\\AppIconCache\\100\\Microsoft_WindowsFeedbackHub_8wekyb3d8bbwe!App', fd=-1), popenfile(path='C:\\Windows\\System32\\en-US\\windows.storage.dll.mui', fd=-1), popenfile(path='C:\\Users\\sctest13\\AppData\\Local\\Packages\\Microsoft.Windows.Search_cw5n1h2txyewy\\LocalState\\AppIconCache\\100\\Microsoft_BingWeather_8wekyb3d8bbwe!App', fd=-1), popenfile(path='C:\\Windows\\System32\\en-US\\shell32.dll.mui', fd=-1), popenfile(path='C:\\Windows\\System32\\WinMetadata\\Windows.Security.winmd', fd=-1), popenfile(path='C:\\Users\\sctest13\\AppData\\Local\\Packages\\Microsoft.Windows.Search_cw5n1h2txyewy\\LocalState\\AppIconCache\\100\\Microsoft_AutoGenerated_{923DD477-5846-686B-A659-0FCCD73851A8}', fd=-1), popenfile(path='C:\\Windows\\Fonts\\simsun.ttc', fd=-1), popenfile(path='C:\\Users\\sctest13\\AppData\\Local\\Packages\\Microsoft.Windows.Search_cw5n1h2txyewy\\LocalState\\AppIconCache\\100\\Microsoft_Windows_Explorer', fd=-1), popenfile(path='C:\\Windows\\System32\\WinMetadata\\Windows.Foundation.winmd', fd=-1), popenfile(path='C:\\Windows\\SystemResources\\edgehtml.dll.mun', fd=-1), popenfile(path='C:\\Users\\sctest13\\AppData\\Local\\Packages\\Microsoft.Windows.Search_cw5n1h2txyewy\\LocalState\\AppIconCache\\100\\Microsoft_Getstarted_8wekyb3d8bbwe!App', fd=-1), popenfile(path='C:\\Users\\sctest13\\AppData\\Local\\Packages\\Microsoft.Windows.Search_cw5n1h2txyewy\\LocalState\\AppIconCache\\100\\{1AC14E77-02E7-4E5D-B744-2EB1AE5198B7}_mspaint_exe', fd=-1), popenfile(path='C:\\Windows\\System32\\WinMetadata\\Windows.UI.winmd', fd=-1), popenfile(path='C:\\Windows\\System32\\en-US\\KernelBase.dll.mui', fd=-1), popenfile(path='C:\\Users\\sctest13\\AppData\\Local\\Packages\\Microsoft.Windows.Search_cw5n1h2txyewy\\LocalState\\AppIconCache\\100\\Microsoft_SkyDrive_Desktop', fd=-1), popenfile(path='C:\\Windows\\Fonts\\segoeui.ttf', fd=-1), popenfile(path='C:\\Users\\sctest13\\AppData\\Local\\Packages\\Microsoft.Windows.Search_cw5n1h2txyewy\\LocalState\\AppIconCache\\100\\{1AC14E77-02E7-4E5D-B744-2EB1AE5198B7}_cmd_exe', fd=-1), popenfile(path='C:\\Windows\\System32\\en-US\\edgehtml.dll.mui', fd=-1), popenfile(path='C:\\Users\\sctest13\\AppData\\Local\\Packages\\Microsoft.Windows.Search_cw5n1h2txyewy\\LocalState\\AppIconCache\\100\\{1AC14E77-02E7-4E5D-B744-2EB1AE5198B7}_SnippingTool_exe', fd=-1), popenfile(path='C:\\Windows\\Fonts\\seguisb.ttf', fd=-1), popenfile(path='C:\\Windows\\System32\\WinMetadata\\Windows.ApplicationModel.winmd', fd=-1), popenfile(path='C:\\Users\\sctest13\\AppData\\Local\\Packages\\Microsoft.Windows.Search_cw5n1h2txyewy\\LocalState\\AppIconCache\\100\\Microsoft_Windows_Computer', fd=-1), popenfile(path='C:\\Users\\sctest13\\AppData\\Local\\Packages\\Microsoft.Windows.Search_cw5n1h2txyewy\\LocalState\\AppIconCache\\100\\Microsoft_WindowsAlarms_8wekyb3d8bbwe!App', fd=-1)]",SearchApp.exe,"['C:\\Windows\\SystemApps\\Microsoft.Windows.Search_cw5n1h2txyewy\\SearchApp.exe', '-ServerName:CortanaUI.AppX8z9r6jm96hw4bsbneegw0kyxx296wr9t.mca']",C:\Windows\SystemApps\Microsoft.Windows.Search_cw5n1h2txyewy\SearchApp.exe,6316,32.0,13884,4790,61529337,40125909,18.171875,4.5625,56958,0,207.21875,131.5,benign
0.3623905472292789,5,0.0,342,,LogonUI.exe,,C:\Windows\System32\LogonUI.exe,6424,,1,0,26845,0,0.078125,0.09375,453,0,29.68359375,11.85546875,benign
0.2289083598763704,16,0.0,406,,svchost.exe,,C:\Windows\System32\svchost.exe,6456,,86,18,2796310,90500,0.28125,0.140625,788,0,18.75,9.15625,benign
0.088415854002248,6,0.0,210,,svchost.exe,,C:\Windows\System32\svchost.exe,6492,,1,0,4014,0,0.078125,0.0,82,0,7.2421875,1.8359375,benign
0.1508410713101999,5,0.0,215,,svchost.exe,,C:\Windows\System32\svchost.exe,6536,,1,0,5917,0,0.375,0.390625,1024,0,12.35546875,2.5625,benign
0.2246163281286884,2,0.0,224,,svchost.exe,,C:\Windows\System32\svchost.exe,6648,,0,0,0,0,0.046875,0.046875,129,0,18.3984375,3.234375,benign
0.7517255159856722,15,0.0,1088,,dwm.exe,,C:\Windows\System32\dwm.exe,6716,,3,0,87546,0,2.53125,1.8125,132581,0,61.57421875,40.09375,benign
0.2335819055571796,13,0.0,548,,SecurityHealthService.exe,,C:\Windows\System32\SecurityHealthService.exe,6832,,0,1,0,4096,0.84375,0.328125,8070,0,19.1328125,4.5625,benign
2.355276266161288,35,0.0,1318,,SearchApp.exe,,C:\Windows\SystemApps\Microsoft.Windows.Search_cw5n1h2txyewy\SearchApp.exe,7200,,14466,6341,63724878,44349325,13.53125,4.4375,46887,0,192.921875,129.44921875,benign
0.1903754526305147,2,0.0,245,,RuntimeBroker.exe,,C:\Windows\System32\RuntimeBroker.exe,7224,,1120,0,251853,0,0.5,0.671875,135,0,15.59375,2.9453125,benign
0.3139859669637547,6,0.0,363,"[popenfile(path='C:\\Windows\\System32\\en-US\\propsys.dll.mui', fd=-1), popenfile(path='C:\\Windows\\Registration\\R000000000006.clb', fd=-1), popenfile(path='C:\\Windows\\System32\\en-US\\netmsg.dll.mui', fd=-1), popenfile(path='C:\\Windows\\System32\\en-US\\KernelBase.dll.mui', fd=-1), popenfile(path='C:\\Windows\\System32\\en-US\\wininet.dll.mui', fd=-1)]",RuntimeBroker.exe,"['C:\\Windows\\System32\\RuntimeBroker.exe', '-Embedding']",C:\Windows\System32\RuntimeBroker.exe,7376,32.0,0,0,0,0,0.28125,0.15625,2046,0,25.71875,6.08203125,benign
0.4707405042374275,10,0.0,507,,TextInputHost.exe,,C:\Windows\SystemApps\MicrosoftWindows.Client.CBS_cw5n1h2txyewy\TextInputHost.exe,7380,,2,0,27105,0,0.6875,0.21875,18158,0,38.55859375,12.54296875,benign
0.1868941379907282,14,0.0,530,,csrss.exe,,C:\Windows\System32\csrss.exe,7428,,8907,0,761616,0,0.21875,1.125,47609,0,15.30859375,2.18359375,benign
0.2239963679873566,11,0.0,319,"[popenfile(path='C:\\Windows\\System32\\en-US\\svchost.exe.mui', fd=-1), popenfile(path='C:\\Windows\\System32\\en-US\\crypt32.dll.mui', fd=-1), popenfile(path='C:\\Users\\sctest13\\AppData\\Local\\ConnectedDevicesPlatform\\L.sctest13\\ActivitiesCache.db-wal', fd=-1), popenfile(path='C:\\Windows\\Registration\\R000000000006.clb', fd=-1), popenfile(path='C:\\Users\\sctest13\\AppData\\Local\\ConnectedDevicesPlatform\\L.sctest13\\ActivitiesCache.db', fd=-1), popenfile(path='C:\\Windows\\System32\\en-US\\KernelBase.dll.mui', fd=-1), popenfile(path='C:\\Users\\sctest13\\AppData\\Local\\ConnectedDevicesPlatform\\L.sctest13\\ActivitiesCache.db-shm', fd=-1)]",svchost.exe,"['C:\\Windows\\system32\\svchost.exe', '-k', 'UnistackSvcGroup', '-s', 'CDPUserSvc']",C:\Windows\System32\svchost.exe,7504,32.0,15,975,17205,1970796,0.484375,0.15625,1171,0,18.34765625,4.828125,benign
0.2069236194799107,11,0.0,329,"[popenfile(path='C:\\Windows\\System32\\en-US\\winmm.dll.mui', fd=-1), popenfile(path='C:\\Users\\sctest13\\AppData\\Local\\Microsoft\\Windows\\WebCache\\WebCacheV01.dat', fd=-1), popenfile(path='C:\\Windows\\System32\\en-US\\wdmaud.drv.mui', fd=-1), popenfile(path='C:\\Users\\sctest13\\AppData\\Local\\Microsoft\\Windows\\WebCache\\V01.log', fd=-1), popenfile(path='C:\\Users\\sctest13\\AppData\\Local\\Microsoft\\Windows\\WebCache\\WebCacheV01.jfm', fd=-1), popenfile(path='C:\\Users\\sctest13\\AppData\\Local\\Microsoft\\Windows\\WebCache\\V01tmp.log', fd=-1), popenfile(path='C:\\Windows\\Registration\\R000000000006.clb', fd=-1), popenfile(path='C:\\Windows\\System32\\en-US\\ESENT.dll.mui', fd=-1), popenfile(path='C:\\Windows\\System32\\en-US\\taskhostw.exe.mui', fd=-1), popenfile(path='C:\\Windows\\System32\\en-US\\MsCtfMonitor.dll.mui', fd=-1), popenfile(path='C:\\Users\\sctest13\\AppData\\Local\\Microsoft\\Windows\\WebCacheLock.dat', fd=-1), popenfile(path='C:\\Windows\\System32\\en-US\\MMDevAPI.dll.mui', fd=-1)]",taskhostw.exe,"['taskhostw.exe', '{222A245B-E637-4AE9-A93F-A59CA119A75E}']",C:\Windows\System32\taskhostw.exe,7672,32.0,7,241,756647,6960397,0.234375,0.1875,2388,0,16.94921875,5.875,benign
0.0754920695175613,5,0.0,96,[],generate_data.exe,"['.\\generate_data.exe', '[7516, 8096]']",C:\Users\Public\Downloads\generate_data.exe,7688,32.0,6964,35139,53207325,143178226,1.09375,9.125,14275,0,6.18359375,1.34375,benign
0.8651782218493984,4,0.0,568,"[popenfile(path='C:\\Users\\sctest13\\AppData\\Local\\Temp\\_MEI76882\\base_library.zip', fd=-1), popenfile(path='C:\\Windows\\System32\\en-US\\tzres.dll.mui', fd=-1), popenfile(path='C:\\Windows\\System32\\en-US\\KernelBase.dll.mui', fd=-1)]",generate_data.exe,"['.\\generate_data.exe', '[7516, 8096]']",C:\Users\Public\Downloads\generate_data.exe,7760,32.0,891,0,10018358,0,1.859375,5.46875,27711,0,70.8671875,85.80078125,benign
0.352709631176174,4,0.0,358,,RuntimeBroker.exe,,C:\Windows\System32\RuntimeBroker.exe,7764,,45,11,89082,17668,1.109375,0.703125,110,0,28.890625,4.88671875,benign
0.0888450571770162,5,0.0,129,,svchost.exe,,C:\Windows\System32\svchost.exe,7784,,245,2,329506,1011,0.03125,0.28125,186,0,7.27734375,1.796875,benign
0.9163487781300952,14,0.0,642,,StartMenuExperienceHost.exe,,C:\Windows\SystemApps\Microsoft.Windows.StartMenuExperienceHost_cw5n1h2txyewy\StartMenuExperienceHost.exe,7888,,125,1915,492662,457302,2.84375,1.5,11287,0,75.05859375,22.9609375,benign
0.0599453767426245,5,0.0,36,,fontdrvhost.exe,,C:\Windows\System32\fontdrvhost.exe,7960,,1,0,2006,0,0.171875,0.046875,4257,0,4.91015625,1.6328125,benign
0.1498872864773817,1,0.0,154,,RuntimeBroker.exe,,C:\Windows\System32\RuntimeBroker.exe,8024,,1,0,10796,0,0.03125,0.078125,77,0,12.27734375,2.0234375,benign
0.2566158092697394,4,0.0,289,,svchost.exe,,C:\Windows\System32\svchost.exe,8028,,5,0,5710,0,0.09375,0.03125,6413,0,21.01953125,3.53125,benign
0.0669080060221974,1,0.0,83,"[popenfile(path='C:\\Windows\\System32\\en-US\\cmd.exe.mui', fd=-1)]",cmd.exe,['C:\\Windows\\system32\\cmd.exe'],C:\Windows\System32\cmd.exe,8048,32.0,0,0,0,0,0.0,0.015625,189,0,5.48046875,2.87109375,benign
0.6142374323349272,19,0.0,638,"[popenfile(path='C:\\Windows\\System32\\en-US\\propsys.dll.mui', fd=-1), popenfile(path='C:\\Users\\sctest13\\AppData\\Local\\Microsoft\\Windows\\Explorer\\thumbcache_16.db', fd=-1), popenfile(path='C:\\Windows\\System32\\en-US\\shell32.dll.mui', fd=-1), popenfile(path='C:\\Users\\sctest13\\AppData\\Local\\Microsoft\\Windows\\Explorer\\thumbcache_32.db', fd=-1), popenfile(path='C:\\Users\\sctest13\\AppData\\Local\\Microsoft\\Windows\\Explorer\\iconcache_16.db', fd=-1), popenfile(path='C:\\Windows\\Registration\\R000000000006.clb', fd=-1), popenfile(path='C:\\Users\\sctest13\\AppData\\Local\\Microsoft\\Windows\\Explorer\\thumbcache_idx.db', fd=-1), popenfile(path='C:\\Windows\\System32\\en-US\\combase.dll.mui', fd=-1), popenfile(path='C:\\Windows\\SystemResources\\shell32.dll.mun', fd=-1), popenfile(path='C:\\Users\\sctest13\\AppData\\Local\\Microsoft\\Windows\\Explorer\\thumbcache_256.db', fd=-1), popenfile(path='C:\\Users\\sctest13\\AppData\\Local\\Microsoft\\Windows\\Explorer\\iconcache_idx.db', fd=-1), popenfile(path='C:\\Users\\sctest13\\AppData\\Local\\Microsoft\\Windows\\Explorer\\thumbcache_96.db', fd=-1), popenfile(path='C:\\Windows\\System32\\en-US\\KernelBase.dll.mui', fd=-1), popenfile(path='C:\\Users\\sctest13\\AppData\\Local\\Microsoft\\Windows\\Explorer\\iconcache_32.db', fd=-1), popenfile(path='C:\\Windows\\System32\\en-US\\windows.storage.dll.mui', fd=-1)]",RuntimeBroker.exe,"['C:\\Windows\\System32\\RuntimeBroker.exe', '-Embedding']",C:\Windows\System32\RuntimeBroker.exe,8064,32.0,705,8,1903961,15520,3.390625,4.109375,12567,0,50.3125,22.88671875,benign
0.1713474452157914,5,0.0,259,,dllhost.exe,,C:\Windows\System32\dllhost.exe,8288,,88,265,6013918,11132928,0.109375,0.09375,802,0,14.03515625,4.34375,benign
0.2245209496454066,7,0.0,225,"[popenfile(path='C:\\Program Files (x86)\\Microsoft\\Edge\\Application\\92.0.902.67\\icudtl.dat', fd=-1), popenfile(path='C:\\Program Files (x86)\\Microsoft\\Edge\\Application\\92.0.902.67\\v8_context_snapshot.bin', fd=-1), popenfile(path='C:\\Users\\sctest13\\AppData\\Local\\Microsoft\\Edge\\User Data\\Default\\Session Storage\\LOG', fd=-1), popenfile(path='C:\\Program Files (x86)\\Microsoft\\Edge\\Application\\92.0.902.67\\msedge_200_percent.pak', fd=-1), popenfile(path='C:\\Users\\sctest13\\AppData\\Local\\Microsoft\\Edge\\User Data\\Default\\Local Storage\\leveldb\\LOG', fd=-1), popenfile(path='C:\\Users\\sctest13\\AppData\\Local\\Microsoft\\Edge\\User Data\\Default\\Local Storage\\leveldb\\MANIFEST-000001', fd=-1), popenfile(path='C:\\Users\\sctest13\\AppData\\Local\\Microsoft\\Edge\\User Data\\Default\\Session Storage\\000003.log', fd=-1), popenfile(path='C:\\Program Files (x86)\\Microsoft\\Edge\\Application\\92.0.902.67\\Locales\\en-US.pak', fd=-1), popenfile(path='C:\\Program Files (x86)\\Microsoft\\Edge\\Application\\92.0.902.67\\resources.pak', fd=-1), popenfile(path='C:\\Users\\sctest13\\AppData\\Local\\Microsoft\\Edge\\User Data\\Default\\Session Storage\\MANIFEST-000001', fd=-1), popenfile(path='C:\\Program Files (x86)\\Microsoft\\Edge\\Application\\92.0.902.67\\msedge_100_percent.pak', fd=-1), popenfile(path='C:\\Users\\sctest13\\AppData\\Local\\Microsoft\\Edge\\User Data\\Default\\Local Storage\\leveldb\\000003.log', fd=-1)]",msedge.exe,"['C:\\Program Files (x86)\\Microsoft\\Edge\\Application\\msedge.exe', '--type=utility', '--utility-sub-type=storage.mojom.StorageService', '--field-trial-handle=2152,16853155897898354280,12150533147287318553,131072', '--lang=en-US', '--service-sandbox-type=utility', '--mojo-platform-channel-handle=2908', '/prefetch:8']",C:\Program Files (x86)\Microsoft\Edge\Application\msedge.exe,8436,32.0,127,126,28036,18764,0.09375,0.078125,495,0,18.390625,6.22265625,benign
0.4840458026552416,5,0.0,504,,ApplicationFrameHost.exe,,C:\Windows\System32\ApplicationFrameHost.exe,8504,,72,0,37693,0,0.5625,0.84375,2196,0,39.6484375,17.703125,benign
0.0174065731989323,10,0.0,485,,WinStore.App.exe,,C:\Program Files\WindowsApps\Microsoft.WindowsStore_11910.1002.5.0_x64__8wekyb3d8bbwe\WinStore.App.exe,8520,,0,0,0,0,0.421875,0.171875,951,0,1.42578125,18.50390625,benign
0.0892742603517844,4,0.0,129,,vm3dservice.exe,,C:\Windows\System32\vm3dservice.exe,8524,,1,0,4717,0,0.015625,0.125,2435,0,7.3125,1.6875,benign
0.4074568805799393,12,0.0,407,,SkypeApp.exe,,C:\Program Files\WindowsApps\Microsoft.SkypeApp_14.53.77.0_x64__kzf8qxf38zg5c\SkypeApp.exe,8528,,0,1,0,132,0.234375,0.15625,1050,0,33.375,15.46484375,benign
0.0188372504481596,16,0.0,519,,Microsoft.Photos.exe,,C:\Program Files\WindowsApps\Microsoft.Windows.Photos_2019.19071.12548.0_x64__8wekyb3d8bbwe\Microsoft.Photos.exe,8568,,234,649,906032,1396828,0.625,0.578125,1965,0,1.54296875,23.90625,benign
0.119318482585558,2,0.0,174,,svchost.exe,,C:\Windows\System32\svchost.exe,8624,,0,0,0,0,0.03125,0.0625,180,0,9.7734375,2.1171875,benign
0.0869851767530207,2,0.0,127,"[popenfile(path='C:\\Windows\\Registration\\R000000000006.clb', fd=-1)]",GameBarPresenceWriter.exe,"['C:\\Windows\\System32\\GameBarPresenceWriter.exe', '-ServerName:Windows.Gaming.GameBar.Internal.PresenceWriterServer']",C:\Windows\System32\GameBarPresenceWriter.exe,8640,32.0,0,0,0,0,0.0,0.0,85,0,7.125,1.3046875,benign
0.1177924268530489,2,0.0,164,,SecurityHealthSystray.exe,,C:\Windows\System32\SecurityHealthSystray.exe,8816,,1,0,5331,0,0.03125,0.0625,407,0,9.6484375,1.7265625,benign
0.4079814622379893,13,0.0,457,,OneDrive.exe,,C:\Users\sctest12\AppData\Local\Microsoft\OneDrive\OneDrive.exe,8820,,27,943,320,253303,0.109375,0.296875,1093,0,33.41796875,8.40625,benign
0.223805611020793,3,0.0,372,,svchost.exe,,C:\Windows\System32\svchost.exe,8824,,0,2,0,536576,0.25,0.484375,56,0,18.33203125,3.11328125,benign
0.3339677592112962,10,0.0,366,"[popenfile(path='C:\\Windows\\System32\\en-US\\windows.storage.dll.mui', fd=-1), popenfile(path='C:\\Windows\\System32\\en-US\\KernelBase.dll.mui', fd=-1)]",backgroundTaskHost.exe,"['C:\\Windows\\system32\\backgroundTaskHost.exe', '-ServerName:App.AppX4q1azgcmy0qhjw5hwy4c233sbca9jma9.mca']",C:\Windows\System32\backgroundTaskHost.exe,8916,32.0,0,0,0,0,0.078125,0.125,1327,0,27.35546875,7.81640625,benign
0.1124989210309078,1,0.0,148,,RuntimeBroker.exe,,C:\Windows\System32\RuntimeBroker.exe,8952,,1,0,8356,0,0.046875,0.015625,79,0,9.21484375,1.98828125,benign
0.1659108716687276,7,0.0,162,,conhost.exe,,C:\Windows\System32\conhost.exe,8968,,1,0,10888,0,0.046875,0.03125,422,0,13.58984375,6.640625,benign
0.3250975602660869,5,0.0,334,,RuntimeBroker.exe,,C:\Windows\System32\RuntimeBroker.exe,9052,,108,9,879771,2731,0.265625,0.375,2444,0,26.62890625,6.94140625,benign
0.0897034635265526,8,0.0,139,"[popenfile(path='C:\\Windows\\Registration\\R000000000006.clb', fd=-1)]",dllhost.exe,"['C:\\Windows\\system32\\DllHost.exe', '/Processid:{AB8902B4-09CA-4BB6-B78D-A8F59079A8D5}']",C:\Windows\System32\dllhost.exe,9176,32.0,0,0,0,0,0.015625,0.015625,1008,0,7.34765625,1.625,benign
0.6129498228106227,23,0.0,706,,WWAHost.exe,,C:\Windows\System32\WWAHost.exe,9180,,8,2,40077,261,0.125,0.140625,996,0,50.20703125,16.38671875,benign
0.8343232825077292,14,0.0,463,"[popenfile(path='C:\\Windows\\Registration\\R000000000006.clb', fd=-1), popenfile(path='C:\\Program Files (x86)\\Microsoft\\Edge\\Application\\92.0.902.67\\icudtl.dat', fd=-1)]",msedge.exe,"['C:\\Program Files (x86)\\Microsoft\\Edge\\Application\\msedge.exe', '--type=gpu-process', '--field-trial-handle=2152,16853155897898354280,12150533147287318553,131072', '--gpu-preferences=UAAAAAAAAADgAAAQAAAAAAAAAAAAAAAAAABgAAAAAAAwAAAAAAAAAAAAAAAAAAAAAAAAAAAAAAAAAAAAAAAAAHgAAAAAAAAAeAAAAAAAAAAoAAAABAAAACAAAAAAAAAAKAAAAAAAAAAwAAAAAAAAADgAAAAAAAAAEAAAAAAAAAAAAAAADQAAABAAAAAAAAAAAQAAAA0AAAAQAAAAAAAAAAQAAAANAAAAEAAAAAAAAAAHAAAADQAAAAgAAAAAAAAACAAAAAAAAAA=', '--mojo-platform-channel-handle=2196', '/prefetch:2']",C:\Program Files (x86)\Microsoft\Edge\Application\msedge.exe,9256,32768.0,4368,3700,8584202,1259456,1.5625,0.5,27573,0,68.33984375,48.78515625,benign
0.2515607496558029,6,0.0,289,"[popenfile(path='C:\\Windows\\System32\\en-US\\svchost.exe.mui', fd=-1), popenfile(path='C:\\Windows\\Registration\\R000000000006.clb', fd=-1), popenfile(path='C:\\Windows\\System32\\en-US\\ole32.dll.mui', fd=-1), popenfile(path='C:\\Windows\\System32\\en-US\\windows.applicationmodel.datatransfer.dll.mui', fd=-1), popenfile(path='C:\\Windows\\System32\\en-US\\KernelBase.dll.mui', fd=-1)]",svchost.exe,"['C:\\Windows\\system32\\svchost.exe', '-k', 'ClipboardSvcGroup', '-p', '-s', 'cbdhsvc']",C:\Windows\System32\svchost.exe,9388,32.0,1,0,8542,0,0.125,0.03125,2108,0,20.60546875,3.51171875,benign
0.0949969693486937,3,0.0,122,,svchost.exe,,C:\Windows\System32\svchost.exe,9668,,0,0,0,0,0.109375,0.078125,636,0,7.78125,2.7109375,benign
0.8918841971683081,18,0.0,668,"[popenfile(path='C:\\Windows\\Fonts\\segoeui.ttf', fd=-1), popenfile(path='C:\\Windows\\System32\\en-US\\windows.ui.xaml.dll.mui', fd=-1), popenfile(path='C:\\Users\\sctest13\\AppData\\Local\\Packages\\Microsoft.Windows.StartMenuExperienceHost_cw5n1h2txyewy\\TempState\\TileCache_100_3_PNGEncoded_Header.bin', fd=-1), popenfile(path='C:\\Windows\\System32\\en-US\\Windows.Globalization.dll.mui', fd=-1), popenfile(path='C:\\Windows\\Fonts\\segmdl2.ttf', fd=-1), popenfile(path='C:\\Windows\\Fonts\\segoeuib.ttf', fd=-1), popenfile(path='C:\\Users\\sctest13\\AppData\\Local\\Packages\\Microsoft.Windows.StartMenuExperienceHost_cw5n1h2txyewy\\TempState\\TileCache_100_3_PNGEncoded_Data.bin', fd=-1), popenfile(path='C:\\Windows\\System32\\en-US\\KernelBase.dll.mui', fd=-1), popenfile(path='C:\\Windows\\System32\\en-US\\windows.storage.dll.mui', fd=-1), popenfile(path='C:\\Windows\\SystemResources\\Windows.UI.ShellCommon\\StartUI\\Assets\\Fonts\\BitMDL2.ttf', fd=-1)]",StartMenuExperienceHost.exe,"['C:\\Windows\\SystemApps\\Microsoft.Windows.StartMenuExperienceHost_cw5n1h2txyewy\\StartMenuExperienceHost.exe', '-ServerName:App.AppXywbrabmsek0gm3tkwpr5kwzbs55tkqay.mca']",C:\Windows\SystemApps\Microsoft.Windows.StartMenuExperienceHost_cw5n1h2txyewy\StartMenuExperienceHost.exe,9820,32.0,68,1045,293406,246882,2.40625,1.203125,11679,0,73.0546875,22.09765625,benign
0.3575739338235469,9,0.0,372,"[popenfile(path='C:\\Windows\\System32\\en-US\\propsys.dll.mui', fd=-1), popenfile(path='C:\\Windows\\Registration\\R000000000006.clb', fd=-1), popenfile(path='C:\\Windows\\System32\\en-US\\combase.dll.mui', fd=-1), popenfile(path='C:\\Windows\\System32\\en-US\\KernelBase.dll.mui', fd=-1), popenfile(path='C:\\Windows\\System32\\en-US\\windows.storage.dll.mui', fd=-1)]",RuntimeBroker.exe,"['C:\\Windows\\System32\\RuntimeBroker.exe', '-Embedding']",C:\Windows\System32\RuntimeBroker.exe,9916,32.0,44,10,88966,17508,0.453125,0.40625,4474,0,29.2890625,4.96875,benign
0.4662577155231819,10,0.0,517,"[popenfile(path='C:\\Windows\\Fonts\\segoeui.ttf', fd=-1), popenfile(path='C:\\Windows\\System32\\WinMetadata\\Windows.UI.winmd', fd=-1), popenfile(path='C:\\Windows\\System32\\en-US\\KernelBase.dll.mui', fd=-1)]",TextInputHost.exe,"['C:\\Windows\\SystemApps\\MicrosoftWindows.Client.CBS_cw5n1h2txyewy\\TextInputHost.exe', '-ServerName:InputApp.AppXjd5de1g66v206tj52m9d0dtpppx4cgpn.mca']",C:\Windows\SystemApps\MicrosoftWindows.Client.CBS_cw5n1h2txyewy\TextInputHost.exe,9996,32.0,2,0,27626,0,0.40625,0.203125,3109,0,38.19140625,12.20703125,benign
0.3781279969707793,16,0.0,519,"[popenfile(path='C:\\Windows\\Fonts\\segoeui.ttf', fd=-1), popenfile(path='C:\\Users\\sctest13\\AppData\\Local\\Packages\\Microsoft.Windows.Photos_8wekyb3d8bbwe\\LocalState\\MediaDb.v1.sqlite-shm', fd=-1), popenfile(path='C:\\Windows\\System32\\WinMetadata\\Windows.Storage.winmd', fd=-1), popenfile(path='C:\\Users\\sctest13\\AppData\\Local\\Packages\\Microsoft.Windows.Photos_8wekyb3d8bbwe\\LocalState\\MediaDb.v1.sqlite', fd=-1), popenfile(path='C:\\Users\\sctest13\\AppData\\Local\\Packages\\Microsoft.Windows.Photos_8wekyb3d8bbwe\\LocalState\\PhotosAppTracing_startedInBGMode.etl', fd=-1), popenfile(path='C:\\Windows\\System32\\en-US\\KernelBase.dll.mui', fd=-1), popenfile(path='C:\\Windows\\System32\\en-US\\windows.storage.dll.mui', fd=-1), popenfile(path='C:\\Users\\sctest13\\AppData\\Local\\Packages\\Microsoft.Windows.Photos_8wekyb3d8bbwe\\LocalState\\MediaDb.v1.sqlite-wal', fd=-1)]",Microsoft.Photos.exe,"['C:\\Program Files\\WindowsApps\\Microsoft.Windows.Photos_2019.19071.12548.0_x64__8wekyb3d8bbwe\\Microsoft.Photos.exe', '-ServerName:App.AppXzst44mncqdg84v7sv6p7yznqwssy6f7f.mca']",C:\Program Files\WindowsApps\Microsoft.Windows.Photos_2019.19071.12548.0_x64__8wekyb3d8bbwe\Microsoft.Photos.exe,10464,32.0,291,689,1135508,1479228,0.984375,0.65625,1920,0,30.97265625,24.23828125,benign
0.2513223034475983,7,0.0,255,"[popenfile(path='C:\\Windows\\Registration\\R000000000006.clb', fd=-1)]",RuntimeBroker.exe,"['C:\\Windows\\System32\\RuntimeBroker.exe', '-Embedding']",C:\Windows\System32\RuntimeBroker.exe,10508,32.0,0,0,0,0,0.03125,0.015625,461,0,20.5859375,3.22265625,benign
0.2346787581149206,3,0.0,268,"[popenfile(path='C:\\Windows\\System32\\en-US\\user32.dll.mui', fd=-1), popenfile(path='C:\\Windows\\System32\\en-US\\propsys.dll.mui', fd=-1), popenfile(path='C:\\Windows\\Registration\\R000000000006.clb', fd=-1), popenfile(path='C:\\Windows\\Fonts\\StaticCache.dat', fd=-1), popenfile(path='C:\\Windows\\System32\\en-US\\Conhost.exe.mui', fd=-1)]",conhost.exe,"['\\??\\C:\\Windows\\system32\\conhost.exe', '0x4']",C:\Windows\System32\conhost.exe,10516,32.0,18,0,17750,0,0.1875,0.140625,2962,0,19.22265625,8.40234375,benign
0.1783100744953643,9,0.0,269,"[popenfile(path='C:\\Users\\sctest13\\AppData\\Local\\Packages\\Microsoft.Windows.Search_cw5n1h2txyewy\\AppData\\Indexed DB\\edbtmp.log', fd=-1), popenfile(path='C:\\Users\\sctest13\\AppData\\Local\\Microsoft\\Internet Explorer\\CacheStorage\\edbtmp.log', fd=-1), popenfile(path='C:\\Users\\sctest13\\AppData\\Local\\Microsoft\\Internet Explorer\\CacheStorage\\edb.log', fd=-1), popenfile(path='C:\\Users\\sctest13\\AppData\\Local\\Packages\\Microsoft.Windows.Search_cw5n1h2txyewy\\AppData\\CacheStorage\\CacheStorage.edb', fd=-1), popenfile(path='C:\\Windows\\Registration\\R000000000006.clb', fd=-1), popenfile(path='C:\\Windows\\System32\\en-US\\ESENT.dll.mui', fd=-1), popenfile(path='C:\\Users\\sctest13\\AppData\\Local\\Packages\\Microsoft.Windows.Search_cw5n1h2txyewy\\AppData\\Indexed DB\\edb.log', fd=-1), popenfile(path='C:\\Users\\sctest13\\AppData\\Local\\Packages\\Microsoft.Windows.Search_cw5n1h2txyewy\\AppData\\Indexed DB\\temp.edb', fd=-1), popenfile(path='C:\\Users\\sctest13\\AppData\\Local\\Packages\\Microsoft.Windows.Search_cw5n1h2txyewy\\AppData\\Indexed DB\\IndexedDB.jfm', fd=-1), popenfile(path='C:\\Users\\sctest13\\AppData\\Local\\Packages\\Microsoft.Windows.Search_cw5n1h2txyewy\\AppData\\Indexed DB\\IndexedDB.edb', fd=-1), popenfile(path='C:\\Users\\sctest13\\AppData\\Local\\Packages\\Microsoft.Windows.Search_cw5n1h2txyewy\\AppData\\CacheStorage\\CacheStorage.jfm', fd=-1)]",dllhost.exe,"['C:\\Windows\\system32\\DllHost.exe', '/Processid:{973D20D7-562D-44B9-B70B-5A0F49CCDF3F}']",C:\Windows\System32\dllhost.exe,10540,32.0,9,205,1067265,10551296,0.140625,0.171875,1913,0,14.60546875,4.9609375,benign
0.0626636635161564,1,0.0,86,"[popenfile(path='C:\\Windows\\System32\\en-US\\cmd.exe.mui', fd=-1)]",cmd.exe,['C:\\Windows\\system32\\cmd.exe'],C:\Windows\System32\cmd.exe,10548,32.0,1,0,2355,0,0.03125,0.0,321,0,5.1328125,3.12890625,benign
0.2254270452365839,5,0.0,279,"[popenfile(path='C:\\Windows\\Registration\\R000000000006.clb', fd=-1), popenfile(path='C:\\Windows\\System32\\en-US\\propsys.dll.mui', fd=-1), popenfile(path='C:\\Windows\\System32\\en-US\\shell32.dll.mui', fd=-1)]",RuntimeBroker.exe,"['C:\\Windows\\System32\\RuntimeBroker.exe', '-Embedding']",C:\Windows\System32\RuntimeBroker.exe,10688,32.0,1152,0,235042,0,0.328125,0.609375,977,0,18.46484375,3.12890625,benign
0.638940459504919,12,0.0,576,"[popenfile(path='C:\\Windows\\Fonts\\segoeui.ttf', fd=-1), popenfile(path='C:\\Windows\\System32\\en-US\\windows.ui.xaml.dll.mui', fd=-1), popenfile(path='C:\\Windows\\System32\\WinMetadata\\Windows.Foundation.winmd', fd=-1), popenfile(path='C:\\Windows\\System32\\WinMetadata\\Windows.System.winmd', fd=-1), popenfile(path='C:\\Program Files\\WindowsApps\\Microsoft.WindowsCamera_2018.826.98.0_x64__8wekyb3d8bbwe\\Assets\\WindowsIcons\\WindowsCameraSplashScreen.scale-100.png', fd=-1), popenfile(path='C:\\Windows\\System32\\en-US\\combase.dll.mui', fd=-1), popenfile(path='C:\\Windows\\Fonts\\segoeuisl.ttf', fd=-1), popenfile(path='C:\\Windows\\System32\\WinMetadata\\Windows.UI.winmd', fd=-1), popenfile(path='C:\\Program Files\\WindowsApps\\Microsoft.WindowsCamera_2018.826.98.0_x64__8wekyb3d8bbwe\\Assets\\Icons\\CamMDL2.ttf', fd=-1), popenfile(path='C:\\Windows\\System32\\en-US\\KernelBase.dll.mui', fd=-1), popenfile(path='C:\\Windows\\System32\\WinMetadata\\Windows.UI.Xaml.winmd', fd=-1)]",WindowsCamera.exe,"['C:\\Program Files\\WindowsApps\\Microsoft.WindowsCamera_2018.826.98.0_x64__8wekyb3d8bbwe\\WindowsCamera.exe', '-ServerName:App.AppX3wjje43c7tprx3dar9vyjkqx3g35smht.mca']",C:\Program Files\WindowsApps\Microsoft.WindowsCamera_2018.826.98.0_x64__8wekyb3d8bbwe\WindowsCamera.exe,10772,32.0,2,0,8192,0,1.109375,0.53125,1812,0,52.3359375,19.32421875,benign
0.0984782839884801,8,0.0,158,"[popenfile(path='C:\\Users\\sctest13\\AppData\\Local\\Microsoft\\Edge\\User Data\\CrashpadMetrics-active.pma', fd=-1)]",msedge.exe,"['C:\\Program Files (x86)\\Microsoft\\Edge\\Application\\msedge.exe', '--type=crashpad-handler', '--user-data-dir=C:\\Users\\sctest13\\AppData\\Local\\Microsoft\\Edge\\User Data', '/prefetch:7', '--monitor-self-annotation=ptype=crashpad-handler', '--database=C:\\Users\\sctest13\\AppData\\Local\\Microsoft\\Edge\\User Data\\Crashpad', '--metrics-dir=C:\\Users\\sctest13\\AppData\\Local\\Microsoft\\Edge\\User Data', '--annotation=IsOfficialBuild=1', '--annotation=channel=', '--annotation=chromium-version=92.0.4515.131', '--annotation=exe=C:\\Program Files (x86)\\Microsoft\\Edge\\Application\\msedge.exe', '--annotation=plat=Win64', '--annotation=prod=Microsoft Edge', '--annotation=ver=92.0.902.67', '--initial-client-data=0x118,0x11c,0x120,0xf4,0x124,0x7ff8e1c446f8,0x7ff8e1c44708,0x7ff8e1c44718']",C:\Program Files (x86)\Microsoft\Edge\Application\msedge.exe,11000,32.0,22,16,5260,192,0.0,0.03125,163,0,8.06640625,1.96875,benign
0.1037241005689803,3,0.0,139,,smartscreen.exe,,C:\Windows\System32\smartscreen.exe,11160,,0,0,0,0,0.0,0.0,84,0,8.49609375,2.3203125,benign
0.328245050214387,5,0.0,341,"[popenfile(path='C:\\Windows\\System32\\en-US\\propsys.dll.mui', fd=-1), popenfile(path='C:\\Windows\\System32\\en-US\\shell32.dll.mui', fd=-1), popenfile(path='C:\\Windows\\Registration\\R000000000006.clb', fd=-1), popenfile(path='C:\\Windows\\SystemResources\\shell32.dll.mun', fd=-1), popenfile(path='C:\\Windows\\System32\\en-US\\windows.storage.dll.mui', fd=-1)]",RuntimeBroker.exe,"['C:\\Windows\\System32\\RuntimeBroker.exe', '-Embedding']",C:\Windows\System32\RuntimeBroker.exe,11176,32.0,109,9,883640,2731,0.40625,0.375,3119,0,26.88671875,7.0,benign
0.1167432635369489,1,0.0,164,"[popenfile(path='C:\\Windows\\Registration\\R000000000006.clb', fd=-1), popenfile(path='C:\\Windows\\System32\\en-US\\securityhealthsso.dll.mui', fd=-1)]",SecurityHealthSystray.exe,['C:\\Windows\\System32\\SecurityHealthSystray.exe'],C:\Windows\System32\SecurityHealthSystray.exe,11220,32.0,1,0,5372,0,0.015625,0.0625,246,0,9.5625,1.6875,benign
0.0018121911823545,111,0.0,4875,[],System,[],,4,,163,2614,260064,291308968,0.0,243.46875,1898382,0,0.1484375,0.19140625,benign
0.348989870328183,4,0.0,0,,Registry,,Registry,92,,4,4565,16384,95408128,0.0,2.734375,6421,0,28.5859375,4.82421875,benign
0.241927522844339,3,0.0,273,,RuntimeBroker.exe,,C:\Windows\System32\RuntimeBroker.exe,276,,13,0,4874,0,0.015625,0.078125,149,0,19.81640625,3.140625,benign
0.0146405971837595,2,0.0,59,,smss.exe,,C:\Windows\System32\smss.exe,300,,22,13,16804,65684,0.03125,0.1875,1213,0,1.19921875,1.03515625,benign
0.0632359344158473,10,0.0,519,,csrss.exe,,C:\Windows\System32\csrss.exe,416,,247,0,189401,0,0.0625,0.484375,11763,0,5.1796875,1.67578125,benign
0.3283881179393097,10,0.0,530,,sihost.exe,,C:\Windows\System32\sihost.exe,464,,122,0,499712,0,0.921875,1.125,2836,0,26.8984375,5.6328125,benign
0.1303346974046084,2,0.0,231,,svchost.exe,,C:\Windows\System32\svchost.exe,504,,4,40,16384,196608,0.21875,0.203125,63,0,10.67578125,2.38671875,benign
0.0848868501208206,1,0.0,164,,wininit.exe,,C:\Windows\System32\wininit.exe,508,,2,0,9732,0,0.109375,0.078125,288,0,6.953125,1.3828125,benign
0.0656203964978928,5,0.0,36,,fontdrvhost.exe,,C:\Windows\System32\fontdrvhost.exe,580,,1,0,1846,0,0.09375,0.125,5421,0,5.375,1.75390625,benign
0.3187072018862049,13,0.0,303,"[popenfile(path='C:\\Program Files (x86)\\Microsoft\\Edge\\Application\\92.0.902.67\\resources.pak', fd=-1), popenfile(path='C:\\Users\\sctest13\\AppData\\Local\\Microsoft\\Edge\\User Data\\Default\\Cookies-journal', fd=-1), popenfile(path='C:\\Users\\sctest13\\AppData\\Local\\Microsoft\\Edge\\User Data\\Default\\Cookies', fd=-1), popenfile(path='C:\\Users\\sctest13\\AppData\\Local\\Microsoft\\Edge\\User Data\\Default\\Cache\\data_3', fd=-1), popenfile(path='C:\\Program Files (x86)\\Microsoft\\Edge\\Application\\92.0.902.67\\msedge_200_percent.pak', fd=-1), popenfile(path='C:\\Program Files (x86)\\Microsoft\\Edge\\Application\\92.0.902.67\\Locales\\en-US.pak', fd=-1), popenfile(path='C:\\Program Files (x86)\\Microsoft\\Edge\\Application\\92.0.902.67\\v8_context_snapshot.bin', fd=-1), popenfile(path='C:\\Users\\sctest13\\AppData\\Local\\Microsoft\\Edge\\User Data\\Default\\Cache\\data_2', fd=-1), popenfile(path='C:\\Users\\sctest13\\AppData\\Local\\Microsoft\\Edge\\User Data\\Safe Browsing Cookies', fd=-1), popenfile(path='C:\\Program Files (x86)\\Microsoft\\Edge\\Application\\92.0.902.67\\msedge_100_percent.pak', fd=-1), popenfile(path='C:\\Users\\sctest13\\AppData\\Local\\Microsoft\\Edge\\User Data\\Safe Browsing Cookies-journal', fd=-1), popenfile(path='C:\\Users\\sctest13\\AppData\\Local\\Microsoft\\Edge\\User Data\\Default\\Reporting and NEL', fd=-1), popenfile(path='C:\\Users\\sctest13\\AppData\\Local\\Microsoft\\Edge\\User Data\\Default\\Reporting and NEL-journal', fd=-1), popenfile(path='C:\\Program Files (x86)\\Microsoft\\Edge\\Application\\92.0.902.67\\icudtl.dat', fd=-1), popenfile(path='C:\\Users\\sctest13\\AppData\\Local\\Microsoft\\Edge\\User Data\\Default\\Cache\\index', fd=-1), popenfile(path='C:\\Users\\sctest13\\AppData\\Local\\Microsoft\\Edge\\User Data\\Default\\Cache\\data_0', fd=-1), popenfile(path='C:\\Users\\sctest13\\AppData\\Local\\Microsoft\\Edge\\User Data\\Default\\Cache\\data_1', fd=-1)]",msedge.exe,"['C:\\Program Files (x86)\\Microsoft\\Edge\\Application\\msedge.exe', '--type=utility', '--utility-sub-type=network.mojom.NetworkService', '--field-trial-handle=2152,16853155897898354280,12150533147287318553,131072', '--lang=en-US', '--service-sandbox-type=none', '--mojo-platform-channel-handle=2480', '/prefetch:3']",C:\Program Files (x86)\Microsoft\Edge\Application\msedge.exe,632,32.0,702,1020,897335,896836,0.265625,0.1875,3354,0,26.10546875,7.79296875,benign
0.1263288011067719,8,0.0,690,,services.exe,,C:\Windows\System32\services.exe,648,,3,1099,8308,2073912,1.65625,2.828125,7949,0,10.34765625,5.375,benign
0.21526923676707,8,0.0,1260,,lsass.exe,,C:\Windows\System32\lsass.exe,664,,596,172,181456,702578,2.71875,3.328125,54116,0,17.6328125,5.6875,benign
0.2249978420618157,13,0.0,352,,WmiPrvSE.exe,,C:\Windows\System32\wbem\WmiPrvSE.exe,692,,1410,1408,1027800,137612,2.90625,3.21875,39496,0,18.4296875,10.203125,benign
1.0383378582475444,25,0.0,782,"[popenfile(path='C:\\Windows\\System32\\WinMetadata\\Windows.UI.Xaml.winmd', fd=-1), popenfile(path='C:\\Windows\\System32\\en-US\\KernelBase.dll.mui', fd=-1), popenfile(path='C:\\Windows\\Fonts\\segoeuil.ttf', fd=-1), popenfile(path='C:\\Windows\\System32\\en-US\\combase.dll.mui', fd=-1), popenfile(path='C:\\Windows\\System32\\en-US\\Windows.Security.Authentication.Web.Core.dll.mui', fd=-1), popenfile(path='C:\\Program Files\\WindowsApps\\Microsoft.BingWeather_4.25.20211.0_x64__8wekyb3d8bbwe\\Microsoft.Msn.Shell\\Themes\\Glyphs\\Font\\MSNMDL2.ttf', fd=-1), popenfile(path='C:\\Windows\\System32\\WinMetadata\\Windows.Foundation.winmd', fd=-1), popenfile(path='C:\\Windows\\System32\\en-US\\windows.ui.xaml.dll.mui', fd=-1), popenfile(path='C:\\Program Files\\WindowsApps\\Microsoft.BingWeather_4.25.20211.0_x64__8wekyb3d8bbwe\\Images\\fre_background.jpg', fd=-1), popenfile(path='C:\\Windows\\Fonts\\segoeui.ttf', fd=-1), popenfile(path='C:\\Windows\\System32\\WinMetadata\\Windows.ApplicationModel.winmd', fd=-1), popenfile(path='C:\\Windows\\System32\\en-US\\windows.storage.dll.mui', fd=-1), popenfile(path='C:\\Windows\\System32\\WinMetadata\\Windows.UI.winmd', fd=-1)]",Microsoft.Msn.Weather.exe,"['C:\\Program Files\\WindowsApps\\Microsoft.BingWeather_4.25.20211.0_x64__8wekyb3d8bbwe\\Microsoft.Msn.Weather.exe', '-ServerName:App.AppX2m6wj6jceb8yq7ppx1b3drf7yy51ha6f.mca']",C:\Program Files\WindowsApps\Microsoft.BingWeather_4.25.20211.0_x64__8wekyb3d8bbwe\Microsoft.Msn.Weather.exe,704,32.0,52,41,176476,87785,0.703125,0.5,3986,0,85.05078125,36.83203125,benign
0.8720931618873303,13,0.0,283,"[popenfile(path='C:\\Windows\\Fonts\\seguili.ttf', fd=-1), popenfile(path='C:\\Windows\\Fonts\\seguisb.ttf', fd=-1), popenfile(path='C:\\Program Files (x86)\\Microsoft\\Edge\\Application\\92.0.902.67\\msedge_100_percent.pak', fd=-1), popenfile(path='C:\\Windows\\Fonts\\segoeuii.ttf', fd=-1), popenfile(path='C:\\Users\\sctest13\\AppData\\Local\\Temp\\b4ac86b5-d0ae-49fa-99b0-53ca910c99ee.tmp', fd=-1), popenfile(path='C:\\Windows\\Fonts\\segoeuiz.ttf', fd=-1), popenfile(path='C:\\Windows\\Fonts\\segoeuil.ttf', fd=-1), popenfile(path='C:\\Windows\\Fonts\\seguibli.ttf', fd=-1), popenfile(path='C:\\Windows\\Fonts\\seguibl.ttf', fd=-1), popenfile(path='C:\\Program Files (x86)\\Microsoft\\Edge\\Application\\92.0.902.67\\resources.pak', fd=-1), popenfile(path='C:\\Program Files (x86)\\Microsoft\\Edge\\Application\\92.0.902.67\\msedge_200_percent.pak', fd=-1), popenfile(path='C:\\Program Files (x86)\\Microsoft\\Edge\\Application\\92.0.902.67\\Locales\\en-US.pak', fd=-1), popenfile(path='C:\\Program Files (x86)\\Microsoft\\Edge\\Application\\92.0.902.67\\v8_context_snapshot.bin', fd=-1), popenfile(path='C:\\Windows\\Fonts\\seguisbi.ttf', fd=-1), popenfile(path='C:\\Windows\\Fonts\\segoeuib.ttf', fd=-1), popenfile(path='C:\\Program Files (x86)\\Microsoft\\Edge\\Application\\92.0.902.67\\icudtl.dat', fd=-1), popenfile(path='C:\\Windows\\Fonts\\seguisli.ttf', fd=-1), popenfile(path='C:\\Windows\\Fonts\\segoeuisl.ttf', fd=-1), popenfile(path='C:\\Windows\\Fonts\\segoeui.ttf', fd=-1)]",msedge.exe,"['C:\\Program Files (x86)\\Microsoft\\Edge\\Application\\msedge.exe', '--type=renderer', '--field-trial-handle=2152,16853155897898354280,12150533147287318553,131072', '--lang=en-US', '--disable-client-side-phishing-detection', '--instant-process', '--device-scale-factor=1', '--num-raster-threads=1', '--renderer-client-id=10', '--no-v8-untrusted-code-mitigations', '--mojo-platform-channel-handle=4596', '/prefetch:1']",C:\Program Files (x86)\Microsoft\Edge\Application\msedge.exe,728,64.0,730,1089,493596,763968,1.75,0.21875,7944,0,71.43359375,22.81640625,benign
0.3786525786288294,16,0.0,2093,,svchost.exe,,C:\Windows\System32\svchost.exe,772,,72,6,599040,135168,3.234375,6.21875,24085,0,31.015625,12.74609375,benign
0.0402974091865693,5,0.0,36,,fontdrvhost.exe,,C:\Windows\System32\fontdrvhost.exe,800,,0,0,0,0,0.0,0.03125,1549,0,3.30078125,1.2265625,benign
0.2330573238991296,14,0.0,1594,,svchost.exe,,C:\Windows\System32\svchost.exe,884,,70,0,286720,0,12.75,8.96875,27075,0,19.08984375,10.55859375,benign
0.1947151736198375,8,0.0,313,,svchost.exe,,C:\Windows\System32\svchost.exe,900,,13,12,4739,12605,0.53125,0.125,357,0,15.94921875,4.03125,benign
0.1032948973942121,4,0.0,367,,svchost.exe,,C:\Windows\System32\svchost.exe,936,,0,0,0,0,0.515625,0.65625,5490,0,8.4609375,2.5,benign
0.1255180839988764,3,0.0,205,,svchost.exe,,C:\Windows\System32\svchost.exe,992,,0,0,0,0,0.234375,0.09375,110,0,10.28125,2.7421875,benign
0.0789733841573478,2,0.0,232,,svchost.exe,,C:\Windows\System32\svchost.exe,1044,,0,0,0,0,0.421875,0.234375,120764,0,6.46875,2.01171875,benign
0.5470909801045253,4,0.0,564,,RuntimeBroker.exe,,C:\Windows\System32\RuntimeBroker.exe,1052,,952,8,1924326,15520,2.96875,4.390625,1026,0,44.8125,22.13671875,benign
0.1670077242264686,6,0.0,343,,svchost.exe,,C:\Windows\System32\svchost.exe,1056,,4,0,44961,0,0.078125,0.078125,464,0,13.6796875,3.62109375,benign
0.1471213104622089,4,0.0,302,,svchost.exe,,C:\Windows\System32\svchost.exe,1076,,0,0,0,0,0.203125,0.078125,233,0,12.05078125,2.2578125,benign
0.2074958903796016,3,0.0,291,,svchost.exe,,C:\Windows\System32\svchost.exe,1084,,43,83,121331,163224,0.078125,0.140625,75,0,16.99609375,3.98046875,benign
0.0903234236678844,12,0.0,252,,svchost.exe,,C:\Windows\System32\svchost.exe,1088,,2,0,824,0,40.0625,58.4375,254696,0,7.3984375,2.3828125,benign
0.1857972854329873,7,0.0,413,,svchost.exe,,C:\Windows\System32\svchost.exe,1092,,1,44,6,2252972,0.703125,0.78125,2037,0,15.21875,5.640625,benign
0.1842712297004781,2,0.0,288,,svchost.exe,,C:\Windows\System32\svchost.exe,1124,,109,179,761130,1809790,0.359375,0.90625,87,0,15.09375,3.40625,benign
0.2362048138474297,8,0.0,466,,svchost.exe,,C:\Windows\System32\svchost.exe,1180,,1368,1232,12929664,32344880,1.65625,1.921875,3875,0,19.34765625,17.8046875,benign
0.1251365700657491,8,0.0,333,,svchost.exe,,C:\Windows\System32\svchost.exe,1240,,0,2,0,937984,1.078125,0.9375,2787,0,10.25,2.9765625,benign
0.1170293989867943,1,0.0,163,,SecurityHealthSystray.exe,,C:\Windows\System32\SecurityHealthSystray.exe,1272,,1,0,5045,0,0.046875,0.046875,423,0,9.5859375,1.69140625,benign
0.0947585231404891,3,0.0,147,,svchost.exe,,C:\Windows\System32\svchost.exe,1316,,0,0,0,0,0.171875,0.140625,47,0,7.76171875,3.625,benign
0.0735844998519249,3,0.0,129,,svchost.exe,,C:\Windows\System32\svchost.exe,1356,,0,0,0,0,0.03125,0.015625,138,0,6.02734375,1.41796875,benign
0.0881774077940435,1,0.0,124,,svchost.exe,,C:\Windows\System32\svchost.exe,1376,,0,0,0,0,0.046875,0.015625,65,0,7.22265625,1.37890625,benign
0.1200338212101717,6,0.0,382,,svchost.exe,,C:\Windows\System32\svchost.exe,1388,,0,0,0,0,0.15625,0.09375,323,0,9.83203125,2.3203125,benign
0.0838376868047206,6,0.0,215,,svchost.exe,,C:\Windows\System32\svchost.exe,1408,,0,0,0,0,10.640625,9.46875,59570,0,6.8671875,1.9453125,benign
0.5344056418280431,19,0.0,652,"[popenfile(path='C:\\Users\\sctest13\\AppData\\Local\\Microsoft\\Windows\\Explorer\\iconcache_idx.db', fd=-1), popenfile(path='C:\\Windows\\Fonts\\StaticCache.dat', fd=-1), popenfile(path='C:\\Windows\\Registration\\R000000000006.clb', fd=-1), popenfile(path='C:\\Windows\\SystemResources\\Taskmgr.exe.mun', fd=-1), popenfile(path='C:\\Windows\\System32\\en-US\\Taskmgr.exe.mui', fd=-1), popenfile(path='C:\\Windows\\System32\\en-US\\propsys.dll.mui', fd=-1), popenfile(path='C:\\Windows\\System32\\en-US\\oleaccrc.dll.mui', fd=-1), popenfile(path='C:\\Users\\sctest13\\AppData\\Local\\Microsoft\\Windows\\Explorer\\iconcache_16.db', fd=-1)]",Taskmgr.exe,"['C:\\Windows\\system32\\taskmgr.exe', '/7']",C:\Windows\System32\Taskmgr.exe,1436,32.0,329,16,871802,197616,4.734375,6.5,82120,0,43.7734375,20.95703125,benign
0.1369635019926949,2,0.0,145,,svchost.exe,,C:\Windows\System32\svchost.exe,1476,,0,0,0,0,0.03125,0.015625,83,0,11.21875,1.53515625,benign
0.1368204342677722,4,0.0,313,,svchost.exe,,C:\Windows\System32\svchost.exe,1496,,0,0,0,0,0.234375,0.8125,756,0,11.20703125,3.484375,benign
0.205111428297556,6,0.0,301,,taskhostw.exe,,C:\Windows\System32\taskhostw.exe,1508,,29,124,2087646,3321856,0.34375,0.546875,986,0,16.80078125,5.5546875,benign
0.1085407139747123,6,0.0,451,,svchost.exe,,C:\Windows\System32\svchost.exe,1524,,34,0,714,0,0.59375,0.15625,832,0,8.890625,2.94921875,benign
0.1714905129407141,7,0.0,245,,svchost.exe,,C:\Windows\System32\svchost.exe,1556,,1,635,49756,7896811,1.96875,33.84375,11682,0,14.046875,2.9765625,benign
0.0698170497622929,3,0.0,303,,svchost.exe,,C:\Windows\System32\svchost.exe,1580,,0,0,0,0,0.03125,0.1875,1691,0,5.71875,1.2578125,benign
0.5277291479983156,10,0.0,533,,ShellExperienceHost.exe,,C:\Windows\SystemApps\ShellExperienceHost_cw5n1h2txyewy\ShellExperienceHost.exe,1648,,4,0,13882,0,0.453125,0.375,32378,0,43.2265625,14.41796875,benign
0.1215121877010399,5,0.0,371,,svchost.exe,,C:\Windows\System32\svchost.exe,1712,,1,1,116,160,0.125,0.09375,342,0,9.953125,3.49609375,benign
0.0146405971837595,138,0.0,0,,MemCompression,,MemCompression,1732,,0,0,0,0,0.0,1.34375,7674,0,1.19921875,0.12890625,benign
0.0986690409550438,2,0.0,169,,svchost.exe,,C:\Windows\System32\svchost.exe,1756,,468,0,9412,0,0.140625,0.09375,547,0,8.08203125,1.77734375,benign
0.0952831047985391,2,0.0,173,,svchost.exe,,C:\Windows\System32\svchost.exe,1804,,0,0,0,0,0.078125,0.15625,235,0,7.8046875,1.65625,benign
0.1155510324959261,11,0.0,241,,svchost.exe,,C:\Windows\System32\svchost.exe,1812,,0,0,0,0,0.296875,0.171875,1477,0,9.46484375,2.3984375,benign
0.1092560525993259,7,0.0,410,,svchost.exe,,C:\Windows\System32\svchost.exe,1916,,0,0,0,0,0.125,0.1875,124,0,8.94921875,2.51953125,benign
0.1698690787249232,11,0.0,389,,svchost.exe,,C:\Windows\System32\svchost.exe,1944,,0,0,0,0,1.046875,0.640625,952,0,13.9140625,3.296875,benign
0.2432151323686435,2,0.0,247,,RuntimeBroker.exe,,C:\Windows\System32\RuntimeBroker.exe,2016,,0,0,0,0,0.046875,0.03125,79,0,19.921875,3.0078125,benign
0.1681999552674913,5,0.0,241,,svchost.exe,,C:\Windows\System32\svchost.exe,2076,,0,0,0,0,0.09375,0.109375,1761,0,13.77734375,2.4921875,benign
0.3173719031202594,10,0.0,260,,svchost.exe,,C:\Windows\System32\svchost.exe,2152,,79671,2080,324010740,4297032,33.34375,10.890625,5999,0,25.99609375,17.3671875,benign
0.1703459711413323,5,0.0,238,,dllhost.exe,,C:\Windows\System32\dllhost.exe,2240,,87,202,6086828,5087232,0.0625,0.078125,663,0,13.953125,5.4921875,benign
0.2380646942714252,7,0.0,481,,spoolsv.exe,,C:\Windows\System32\spoolsv.exe,2260,,326,872,134500,100148,0.5,0.484375,612,0,19.5,6.390625,benign
0.0911341407757799,6,0.0,189,,svchost.exe,,C:\Windows\System32\svchost.exe,2268,,0,0,0,0,69.984375,120.34375,963001,0,7.46484375,2.14453125,benign
0.1535116688420909,2,0.0,276,,svchost.exe,,C:\Windows\System32\svchost.exe,2284,,0,14,0,2632,0.34375,0.109375,98,0,12.57421875,2.69921875,benign
0.2280022642851931,14,0.0,406,,svchost.exe,,C:\Windows\System32\svchost.exe,2316,,1,2,116,32928,0.953125,2.296875,2245,0,18.67578125,9.92578125,benign
0.5491893067367254,21,0.0,806,"[popenfile(path='C:\\Windows\\System32\\en-US\\KernelBase.dll.mui', fd=-1), popenfile(path='C:\\Windows\\System32\\en-US\\combase.dll.mui', fd=-1), popenfile(path='C:\\Windows\\Fonts\\StaticCache.dat', fd=-1), popenfile(path='C:\\Windows\\Registration\\R000000000006.clb', fd=-1), popenfile(path='C:\\Windows\\System32\\WinMetadata\\Windows.Foundation.winmd', fd=-1), popenfile(path='C:\\Windows\\System32\\en-US\\ApplicationFrame.dll.mui', fd=-1), popenfile(path='C:\\Windows\\System32\\WinMetadata\\Windows.UI.winmd', fd=-1)]",ApplicationFrameHost.exe,"['C:\\Windows\\system32\\ApplicationFrameHost.exe', '-Embedding']",C:\Windows\System32\ApplicationFrameHost.exe,2336,32.0,65,0,29316,0,0.453125,0.40625,11023,0,44.984375,27.828125,benign
1.457287846062943,47,0.0,2076,,explorer.exe,,C:\Windows\explorer.exe,2380,,1485,35,1172874,231212,5.75,7.15625,165072,0,119.3671875,54.859375,benign
0.0992890010963756,7,0.0,191,,svchost.exe,,C:\Windows\System32\svchost.exe,2392,,3364,3054,158368,299456,0.3125,0.421875,3905,0,8.1328125,2.109375,benign
0.0893219495934253,4,0.0,129,,vm3dservice.exe,,C:\Windows\System32\vm3dservice.exe,2448,,1,0,4333,0,0.0,0.03125,8885,0,7.31640625,1.6875,benign
0.1022457340781121,6,0.0,198,,svchost.exe,,C:\Windows\System32\svchost.exe,2468,,0,0,0,0,0.03125,0.046875,122,0,8.375,1.91796875,benign
2.319604713413886,13,0.0,552,,HxTsr.exe,,C:\Program Files\WindowsApps\microsoft.windowscommunicationsapps_16005.11629.20316.0_x64__8wekyb3d8bbwe\HxTsr.exe,2504,,16,4589,411234,300826229,700.640625,306.171875,7432560,0,190.0,181.2109375,benign
0.3892395902731115,10,0.0,629,,sihost.exe,,C:\Windows\System32\sihost.exe,2580,,155,0,618487,0,1.9375,1.921875,7163,0,31.8828125,6.4375,benign
0.2526099129719029,11,0.0,477,,ctfmon.exe,['ctfmon.exe'],C:\Windows\System32\ctfmon.exe,2636,128.0,0,0,0,0,1.125,1.203125,32448,0,20.69140625,4.125,benign
1.8127157640126488,94,0.0,3254,"[popenfile(path='C:\\Windows\\System32\\en-US\\dui70.dll.mui', fd=-1), popenfile(path='C:\\Windows\\System32\\en-US\\KernelBase.dll.mui', fd=-1), popenfile(path='C:\\Windows\\System32\\en-US\\crypt32.dll.mui', fd=-1), popenfile(path='C:\\Windows\\System32\\en-US\\ActionCenter.dll.mui', fd=-1), popenfile(path='C:\\Windows\\System32\\en-US\\NetworkExplorer.dll.mui', fd=-1), popenfile(path='C:\\Users\\sctest13\\AppData\\Local\\Microsoft\\Windows\\Explorer\\iconcache_48.db', fd=-1), popenfile(path='C:\\Windows\\en-US\\explorer.exe.mui', fd=-1), popenfile(path='C:\\Windows\\System32\\en-US\\mpr.dll.mui', fd=-1), popenfile(path='C:\\Windows\\System32\\en-US\\hcproviders.dll.mui', fd=-1), popenfile(path='C:\\Windows\\System32\\WinMetadata\\Windows.UI.winmd', fd=-1), popenfile(path='C:\\Windows\\SystemResources\\stobject.dll.mun', fd=-1), popenfile(path='C:\\Windows\\System32\\en-US\\pnidui.dll.mui', fd=-1), popenfile(path='C:\\Windows\\System32\\en-US\\sndvolsso.dll.mui', fd=-1), popenfile(path='C:\\Windows\\System32\\en-US\\zipfldr.dll.mui', fd=-1), popenfile(path='C:\\Windows\\System32\\en-US\\dsreg.dll.mui', fd=-1), popenfile(path='C:\\Users\\sctest13\\AppData\\Local\\Microsoft\\Windows\\Explorer\\iconcache_idx.db', fd=-1), popenfile(path='C:\\Windows\\System32\\en-US\\bthprops.cpl.mui', fd=-1), popenfile(path='C:\\Windows\\System32\\en-US\\ntshrui.dll.mui', fd=-1), popenfile(path='C:\\Windows\\SystemResources\\ExplorerFrame.dll.mun', fd=-1), popenfile(path='C:\\Windows\\System32\\en-US\\ieframe.dll.mui', fd=-1), popenfile(path='C:\\Windows\\System32\\en-US\\propsys.dll.mui', fd=-1), popenfile(path='C:\\Windows\\System32\\en-US\\oleaccrc.dll.mui', fd=-1), popenfile(path='C:\\Users\\sctest13\\AppData\\Local\\Microsoft\\Windows\\Explorer\\thumbcache_idx.db', fd=-1), popenfile(path='C:\\Windows\\System32\\en-US\\windows.storage.dll.mui', fd=-1), popenfile(path='C:\\Windows\\System32\\en-US\\twinui.pcshell.dll.mui', fd=-1), popenfile(path='C:\\Windows\\System32\\en-US\\combase.dll.mui', fd=-1), popenfile(path='C:\\Windows\\System32\\en-US\\UIRibbon.dll.mui', fd=-1), popenfile(path='C:\\Users\\sctest13\\AppData\\Local\\Microsoft\\Windows\\Explorer\\thumbcache_256.db', fd=-1), popenfile(path='C:\\Users\\sctest13\\AppData\\Local\\Microsoft\\Windows\\Explorer\\iconcache_32.db', fd=-1), popenfile(path='C:\\Windows\\System32\\en-US\\twext.dll.mui', fd=-1), popenfile(path='C:\\Windows\\SystemResources\\zipfldr.dll.mun', fd=-1), popenfile(path='C:\\Windows\\Registration\\R000000000006.clb', fd=-1), popenfile(path='C:\\Windows\\System32\\en-US\\InputSwitch.dll.mui', fd=-1), popenfile(path='C:\\Program Files\\Windows Defender\\en-US\\shellext.dll.mui', fd=-1), popenfile(path='C:\\Windows\\System32\\en-US\\shell32.dll.mui', fd=-1), popenfile(path='C:\\Windows\\System32\\en-US\\themeui.dll.mui', fd=-1), popenfile(path='C:\\Users\\sctest13\\AppData\\Local\\Microsoft\\Windows\\Explorer\\thumbcache_16.db', fd=-1), popenfile(path='C:\\Windows\\System32\\en-US\\winnlsres.dll.mui', fd=-1), popenfile(path='C:\\Users\\sctest13\\AppData\\Local\\Microsoft\\Windows\\Explorer\\iconcache_16.db', fd=-1), popenfile(path='C:\\Windows\\System32\\en-US\\explorerframe.dll.mui', fd=-1), popenfile(path='C:\\Users\\sctest13\\AppData\\Local\\Microsoft\\GameDVR\\KnownGameList.bin', fd=-1), popenfile(path='C:\\Windows\\System32\\en-US\\wscui.cpl.mui', fd=-1), popenfile(path='C:\\Windows\\System32\\en-US\\ole32.dll.mui', fd=-1), popenfile(path='C:\\Windows\\SystemResources\\shell32.dll.mun', fd=-1), popenfile(path='C:\\Users\\sctest13\\AppData\\Local\\Microsoft\\Windows\\Explorer\\thumbcache_32.db', fd=-1), popenfile(path='C:\\Windows\\Fonts\\StaticCache.dat', fd=-1), popenfile(path='C:\\Users\\sctest13\\AppData\\Local\\Microsoft\\Windows\\Explorer\\thumbcache_48.db', fd=-1), popenfile(path='C:\\Windows\\System32\\en-US\\stobject.dll.mui', fd=-1), popenfile(path='C:\\Windows\\System32\\en-US\\ApplicationFrame.dll.mui', fd=-1), popenfile(path='C:\\Windows\\Fonts\\segoeui.ttf', fd=-1), popenfile(path='C:\\Windows\\SystemResources\\imageres.dll.mun', fd=-1), popenfile(path='C:\\Windows\\System32\\en-US\\imapi2.dll.mui', fd=-1), popenfile(path='C:\\Windows\\SystemResources\\SndVolSSO.dll.mun', fd=-1)]",explorer.exe,['C:\\Windows\\Explorer.EXE'],C:\Windows\explorer.exe,2652,32.0,3365,476,15564940,10375235,14.359375,16.21875,204701,0,148.48046875,77.37109375,benign
0.4205237327895488,13,0.0,470,,OneDrive.exe,,C:\Users\sctest1\AppData\Local\Microsoft\OneDrive\OneDrive.exe,2692,,32,1081,24740,197671,0.75,1.296875,1336,0,34.4453125,8.6796875,benign
0.1199384427268899,5,0.0,193,,svchost.exe,,C:\Windows\System32\svchost.exe,2708,,38,0,540672,0,0.15625,0.0625,285,0,9.82421875,2.4921875,benign
0.3409303884908691,10,0.0,464,,svchost.exe,,C:\Windows\System32\svchost.exe,2720,,79,109,1859131,202086,1.546875,1.328125,6173,0,27.92578125,12.51171875,benign
0.3671594713933699,13,0.0,349,,svchost.exe,,C:\Windows\System32\svchost.exe,2736,,317,1071,47057728,5609046,1.265625,0.984375,12231,0,30.07421875,24.84375,benign
0.2587618251435803,16,0.0,402,,svchost.exe,,C:\Windows\System32\svchost.exe,2776,,10061,6490,82138772,54432532,8.09375,3.421875,18253,0,21.1953125,11.2265625,benign
0.1115451361980896,6,0.0,213,,svchost.exe,,C:\Windows\System32\svchost.exe,2848,,1529,1035,102468,207488,0.0625,0.21875,4045,0,9.13671875,2.33984375,benign
0.067098762988761,3,0.0,128,,svchost.exe,,C:\Windows\System32\svchost.exe,2868,,1,0,512,0,0.015625,0.03125,161,0,5.49609375,1.2265625,benign
0.2101664879114926,12,0.0,308,,vmtoolsd.exe,,C:\Program Files\VMware\VMware Tools\vmtoolsd.exe,2884,,1469,744,19122,163575,0.3125,0.5625,70782,0,17.21484375,6.0390625,benign
0.0770658144917113,3,0.0,124,,vm3dservice.exe,,C:\Windows\System32\vm3dservice.exe,2892,,0,0,0,0,0.03125,0.046875,5139,0,6.3125,1.53515625,benign
0.1299054942298402,2,0.0,167,,VGAuthService.exe,,C:\Program Files\VMware\VMware Tools\VMware VGAuth\VGAuthService.exe,2900,,30,22,32424,2280,0.0625,0.09375,347,0,10.640625,2.45703125,benign
1.8017949276768803,24,0.0,655,,MsMpEng.exe,,C:\Program Files\Windows Defender\MsMpEng.exe,2908,,1886,5285,163300589,11032620,77.109375,22.015625,303485,0,147.5859375,143.5234375,benign
0.1508410713101999,2,0.0,153,,svchost.exe,,C:\Windows\System32\svchost.exe,2920,,0,0,0,0,0.125,0.015625,46,0,12.35546875,1.90234375,benign
0.0657634642228155,4,0.0,106,,svchost.exe,,C:\Windows\System32\svchost.exe,2940,,0,0,0,0,0.03125,0.171875,61,0,5.38671875,1.3125,benign
0.1012919492452939,4,0.0,144,,SkypeBackgroundHost.exe,,C:\Program Files\WindowsApps\Microsoft.SkypeApp_14.53.77.0_x64__kzf8qxf38zg5c\SkypeBackgroundHost.exe,3000,,0,0,0,0,0.03125,0.015625,237,0,8.296875,1.82421875,benign
0.128951709397022,5,0.0,373,,svchost.exe,,C:\Windows\System32\svchost.exe,3076,,1,1,116,160,0.1875,0.09375,441,0,10.5625,2.64453125,benign
0.1249935023408264,9,0.0,230,,msdtc.exe,,C:\Windows\System32\msdtc.exe,3208,,1,9,116,5075104,0.015625,0.171875,8660,0,10.23828125,2.67578125,benign
0.1686768476839004,1,0.0,274,"[popenfile(path='C:\\Windows\\Registration\\R000000000006.clb', fd=-1), popenfile(path='C:\\Windows\\System32\\en-US\\svchost.exe.mui', fd=-1)]",svchost.exe,"['C:\\Windows\\system32\\svchost.exe', '-k', 'UnistackSvcGroup']",C:\Windows\System32\svchost.exe,3356,32.0,1,0,5513,0,0.140625,0.078125,38,0,13.81640625,2.87890625,benign
0.0891311926268617,4,0.0,129,,vm3dservice.exe,,C:\Windows\System32\vm3dservice.exe,3448,,1,0,4333,0,0.09375,0.0625,6845,0,7.30078125,1.6875,benign
1.602787722309361,53,0.0,2085,,explorer.exe,,C:\Windows\explorer.exe,3476,,4540,582,35808494,18868495,19.109375,22.671875,161990,0,131.28515625,64.59375,benign
0.0432064529266649,3,0.0,211,,MicrosoftEdgeUpdate.exe,,C:\Program Files (x86)\Microsoft\EdgeUpdate\MicrosoftEdgeUpdate.exe,3488,,0,25,0,1886,0.1875,0.03125,971,0,3.5390625,1.85546875,benign
0.266439793047767,10,0.0,384,,svchost.exe,,C:\Windows\System32\svchost.exe,3620,,0,0,0,0,1.8125,1.28125,1199,0,21.82421875,3.98828125,benign
0.0824070095554933,10,0.0,500,,csrss.exe,,C:\Windows\System32\csrss.exe,3700,,23883,0,1435161,0,0.328125,2.484375,115584,0,6.75,1.72265625,benign
0.6322639656751915,13,0.0,537,,HxAccounts.exe,,C:\Program Files\WindowsApps\microsoft.windowscommunicationsapps_16005.11629.20316.0_x64__8wekyb3d8bbwe\HxAccounts.exe,3712,,0,1,0,65536,0.34375,0.328125,5744,0,51.7890625,16.41796875,benign
0.097476809914021,3,0.0,191,,svchost.exe,,C:\Windows\System32\svchost.exe,3768,,297,0,6066,0,0.109375,0.078125,274,0,7.984375,1.73828125,benign
0.2399722639370616,5,0.0,274,"[popenfile(path='C:\\Windows\\Fonts\\StaticCache.dat', fd=-1), popenfile(path='C:\\Windows\\Registration\\R000000000006.clb', fd=-1), popenfile(path='C:\\Windows\\System32\\en-US\\user32.dll.mui', fd=-1), popenfile(path='C:\\Windows\\System32\\en-US\\propsys.dll.mui', fd=-1), popenfile(path='C:\\Windows\\System32\\en-US\\Conhost.exe.mui', fd=-1)]",conhost.exe,"['\\??\\C:\\Windows\\system32\\conhost.exe', '0x4']",C:\Windows\System32\conhost.exe,3824,32.0,17,0,7350,0,0.21875,0.40625,33189,0,19.65625,9.3984375,benign
0.1684860907173368,11,0.0,268,,dllhost.exe,,C:\Windows\System32\dllhost.exe,3836,,4281,7,2094377,3745,0.234375,0.1875,7667,0,13.80078125,3.87109375,benign
0.029805776025569,38,0.0,963,,SkypeApp.exe,,C:\Program Files\WindowsApps\Microsoft.SkypeApp_14.53.77.0_x64__kzf8qxf38zg5c\SkypeApp.exe,3852,,13,58,28563724,28487787,22.75,4.828125,7585,0,2.44140625,112.4921875,benign
0.4078383945130666,14,0.0,465,"[popenfile(path='C:\\Windows\\System32\\en-US\\KernelBase.dll.mui', fd=-1), popenfile(path='C:\\Users\\sctest13\\AppData\\Local\\Microsoft\\OneDrive\\logs\\Personal\\SyncEngine-2025-11-13.1625.4120.1.aodl', fd=-1), popenfile(path='C:\\Users\\sctest13\\AppData\\Local\\Microsoft\\OneDrive\\logs\\Personal\\TraceCurrent.0304.0013.etl', fd=-1), popenfile(path='C:\\Users\\sctest13\\AppData\\Local\\Temp\\aria-debug-4120.log', fd=-1), popenfile(path='C:\\Windows\\Registration\\R000000000006.clb', fd=-1), popenfile(path='C:\\Users\\sctest13\\AppData\\Local\\Temp\\aria-debug-10140.log', fd=-1), popenfile(path='C:\\Users\\sctest13\\AppData\\Local\\Microsoft\\OneDrive\\setup\\logs\\Update_2025-11-13_162509_1018-2938.log', fd=-1), popenfile(path='C:\\Users\\sctest13\\AppData\\Local\\Temp\\aria-debug-9768.log', fd=-1), popenfile(path='C:\\Users\\sctest13\\AppData\\Local\\Microsoft\\OneDrive\\19.043.0304.0013\\en\\FileSync.LocalizedResources.dll.mui', fd=-1)]",OneDrive.exe,"['', '/setautostart', '/background']",C:\Users\sctest13\AppData\Local\Microsoft\OneDrive\OneDrive.exe,4120,32.0,27,747,320,228963,0.421875,0.359375,1423,0,33.40625,8.71875,benign
0.6286395833104822,35,0.0,519,,svchost.exe,,C:\Windows\System32\svchost.exe,4204,,31162,7241,127323695,22850828,4.40625,3.640625,16083,0,51.4921875,28.65625,benign
0.160903501296432,1,0.0,214,,RuntimeBroker.exe,,C:\Windows\System32\RuntimeBroker.exe,4216,,165,0,30497,0,0.078125,0.078125,90,0,13.1796875,2.19140625,benign
0.5052675151854468,8,0.0,412,"[popenfile(path='C:\\Windows\\System32\\en-US\\KernelBase.dll.mui', fd=-1), popenfile(path='C:\\Windows\\System32\\en-US\\windows.storage.dll.mui', fd=-1), popenfile(path='C:\\Windows\\Fonts\\segoeui.ttf', fd=-1)]",GameBar.exe,"['C:\\Program Files\\WindowsApps\\Microsoft.XboxGamingOverlay_2.34.28001.0_x64__8wekyb3d8bbwe\\GameBar.exe', '-ServerName:App.AppXbdkk0yrkwpcgeaem8zk81k8py1eaahny.mca']",C:\Program Files\WindowsApps\Microsoft.XboxGamingOverlay_2.34.28001.0_x64__8wekyb3d8bbwe\GameBar.exe,4244,32.0,2,0,8192,0,0.203125,0.171875,2366,0,41.38671875,11.5390625,benign
0.0747767308929476,2,0.0,106,,svchost.exe,,C:\Windows\System32\svchost.exe,4252,,0,0,0,0,0.0625,0.0,56,0,6.125,1.234375,benign
0.3625813041958425,5,0.0,342,,LogonUI.exe,,C:\Windows\System32\LogonUI.exe,4284,,1,0,33607,0,0.203125,0.0625,462,0,29.69921875,11.73046875,benign
0.2212303919721838,3,0.0,294,,svchost.exe,,C:\Windows\System32\svchost.exe,4392,,15,1691,17205,3445755,0.34375,0.265625,109,0,18.12109375,4.37890625,benign
1.3190367345459435,29,0.0,1160,"[popenfile(path='C:\\Users\\sctest13\\AppData\\Local\\Microsoft\\Edge\\User Data\\Default\\Shortcuts-journal', fd=-1), popenfile(path='C:\\Users\\sctest13\\AppData\\Local\\Microsoft\\Edge\\User Data\\ShaderCache\\GPUCache\\data_3', fd=-1), popenfile(path='C:\\Users\\sctest13\\AppData\\Local\\Microsoft\\Edge\\User Data\\Default\\load_statistics.db', fd=-1), popenfile(path='C:\\Users\\sctest13\\AppData\\Local\\Microsoft\\Edge\\User Data\\Default\\Extension State\\LOG', fd=-1), popenfile(path='C:\\Users\\sctest13\\AppData\\Local\\Microsoft\\Edge\\User Data\\Default\\heavy_ad_intervention_opt_out.db', fd=-1), popenfile(path='C:\\Windows\\System32\\en-US\\propsys.dll.mui', fd=-1), popenfile(path='C:\\Windows\\System32\\en-US\\kernel32.dll.mui', fd=-1), popenfile(path='C:\\Users\\sctest13\\AppData\\Local\\Microsoft\\Edge\\User Data\\Default\\GPUCache\\index', fd=-1), popenfile(path='C:\\Users\\sctest13\\AppData\\Local\\Microsoft\\Edge\\User Data\\Default\\Login Data', fd=-1), popenfile(path='C:\\Windows\\System32\\en-US\\Windows.Web.dll.mui', fd=-1), popenfile(path='C:\\Program Files (x86)\\Microsoft\\Edge\\Application\\92.0.902.67\\msedge_200_percent.pak', fd=-1), popenfile(path='C:\\Users\\sctest13\\AppData\\Local\\Microsoft\\Edge\\User Data\\Default\\GPUCache\\data_0', fd=-1), popenfile(path='C:\\Program Files (x86)\\Microsoft\\Edge\\Application\\92.0.902.67\\Locales\\en-US.pak', fd=-1), popenfile(path='C:\\Users\\sctest13\\AppData\\Local\\Microsoft\\Edge\\User Data\\Default\\WebAssistDatabase', fd=-1), popenfile(path='C:\\Windows\\Fonts\\seguisbi.ttf', fd=-1), popenfile(path='C:\\Users\\sctest13\\AppData\\Local\\Microsoft\\Edge\\User Data\\Default\\shared_proto_db\\MANIFEST-000001', fd=-1), popenfile(path='C:\\Windows\\Fonts\\segoeuib.ttf', fd=-1), popenfile(path='C:\\Program Files (x86)\\Microsoft\\Edge\\Application\\92.0.902.67\\icudtl.dat', fd=-1), popenfile(path='C:\\Users\\sctest13\\AppData\\Local\\Microsoft\\Edge\\User Data\\Default\\Favicons', fd=-1), popenfile(path='C:\\Users\\sctest13\\AppData\\Local\\Microsoft\\Edge\\User Data\\Default\\data_reduction_proxy_leveldb\\LOCK', fd=-1), popenfile(path='C:\\Users\\sctest13\\AppData\\Local\\Microsoft\\Edge\\User Data\\Functional SAN Data', fd=-1), popenfile(path='C:\\Users\\sctest13\\AppData\\Local\\Microsoft\\Edge\\User Data\\Default\\Network Action Predictor', fd=-1), popenfile(path='C:\\Users\\sctest13\\AppData\\Local\\Microsoft\\Edge\\User Data\\ShaderCache\\GPUCache\\data_0', fd=-1), popenfile(path='C:\\Users\\sctest13\\AppData\\Local\\Microsoft\\Edge\\User Data\\Default\\Sessions\\Session_13407524564278052', fd=-1), popenfile(path='C:\\Windows\\Fonts\\segoeui.ttf', fd=-1), popenfile(path='C:\\Users\\sctest13\\AppData\\Local\\Microsoft\\Edge\\User Data\\Default\\Sessions\\Tabs_13407524592592426', fd=-1), popenfile(path='C:\\Windows\\System32\\en-US\\KernelBase.dll.mui', fd=-1), popenfile(path='C:\\Program Files (x86)\\Microsoft\\Edge\\Application\\92.0.902.67\\msedge_100_percent.pak', fd=-1), popenfile(path='C:\\Users\\sctest13\\AppData\\Local\\Microsoft\\Edge\\User Data\\Default\\Extension State\\MANIFEST-000001', fd=-1), popenfile(path='C:\\Users\\sctest13\\AppData\\Local\\Microsoft\\Edge\\User Data\\Default\\Site Characteristics Database\\MANIFEST-000001', fd=-1), popenfile(path='C:\\Users\\sctest13\\AppData\\Local\\Microsoft\\Edge\\User Data\\Default\\WebAssistDatabase-journal', fd=-1), popenfile(path='C:\\Users\\sctest13\\AppData\\Local\\Microsoft\\Edge\\User Data\\GrShaderCache\\GPUCache\\index', fd=-1), popenfile(path='C:\\Users\\sctest13\\AppData\\Local\\Microsoft\\Edge\\User Data\\Default\\shared_proto_db\\LOG', fd=-1), popenfile(path='C:\\Users\\sctest13\\AppData\\Local\\Microsoft\\Edge\\User Data\\Default\\Visited Links', fd=-1), popenfile(path='C:\\Program Files (x86)\\Microsoft\\Edge\\Application\\92.0.902.67\\resources.pak', fd=-1), popenfile(path='C:\\Users\\sctest13\\AppData\\Local\\Microsoft\\Edge\\User Data\\Default\\shared_proto_db\\LOCK', fd=-1), popenfile(path='C:\\Users\\sctest13\\AppData\\Local\\Microsoft\\Edge\\User Data\\Default\\data_reduction_proxy_leveldb\\MANIFEST-000002', fd=-1), popenfile(path='C:\\Users\\sctest13\\AppData\\Local\\Microsoft\\Edge\\User Data\\Default\\Web Data', fd=-1), popenfile(path='C:\\Windows\\System32\\en-US\\combase.dll.mui', fd=-1), popenfile(path='C:\\Program Files (x86)\\Microsoft\\Edge\\Application\\92.0.902.67\\v8_context_snapshot.bin', fd=-1), popenfile(path='C:\\Users\\sctest13\\AppData\\Local\\Microsoft\\Edge\\User Data\\Default\\shared_proto_db\\metadata\\LOCK', fd=-1), popenfile(path='C:\\Users\\sctest13\\AppData\\Local\\Microsoft\\Edge\\User Data\\SmartScreen\\local\\cache', fd=-1), popenfile(path='C:\\Windows\\System32\\en-US\\winnlsres.dll.mui', fd=-1), popenfile(path='C:\\Users\\sctest13\\AppData\\Local\\Microsoft\\Edge\\User Data\\ShaderCache\\GPUCache\\index', fd=-1), popenfile(path='C:\\Windows\\System32\\en-US\\Windows.Security.Authentication.Web.Core.dll.mui', fd=-1), popenfile(path='C:\\Users\\sctest13\\AppData\\Local\\Microsoft\\Edge\\User Data\\Default\\GPUCache\\data_1', fd=-1), popenfile(path='C:\\Users\\sctest13\\AppData\\Local\\Microsoft\\Edge\\User Data\\Default\\Sync Data\\LevelDB\\LOCK', fd=-1), popenfile(path='C:\\Users\\sctest13\\AppData\\Local\\Microsoft\\Edge\\User Data\\Default\\shared_proto_db\\metadata\\LOG', fd=-1), popenfile(path='C:\\Users\\sctest13\\AppData\\Local\\Microsoft\\Edge\\User Data\\Default\\data_reduction_proxy_leveldb\\LOG', fd=-1), popenfile(path='C:\\Users\\sctest13\\AppData\\Local\\Microsoft\\Edge\\User Data\\Default\\Top Sites', fd=-1), popenfile(path='C:\\Users\\sctest13\\AppData\\Local\\Microsoft\\Edge\\User Data\\Default\\heavy_ad_intervention_opt_out.db-journal', fd=-1), popenfile(path='C:\\Users\\sctest13\\AppData\\Local\\Microsoft\\Edge\\User Data\\Default\\Session Storage\\LOCK', fd=-1), popenfile(path='C:\\Windows\\System32\\en-US\\winhttp.dll.mui', fd=-1), popenfile(path='C:\\Users\\sctest13\\AppData\\Local\\Microsoft\\Edge\\User Data\\Default\\Web Data-journal', fd=-1), popenfile(path='C:\\Users\\sctest13\\AppData\\Local\\Microsoft\\Edge\\User Data\\Default\\Extension State\\LOCK', fd=-1), popenfile(path='C:\\Users\\sctest13\\AppData\\Local\\Microsoft\\Edge\\User Data\\ShaderCache\\GPUCache\\data_2', fd=-1), popenfile(path='C:\\Users\\sctest13\\AppData\\Local\\Microsoft\\Edge\\User Data\\GrShaderCache\\GPUCache\\data_3', fd=-1), popenfile(path='C:\\Users\\sctest13\\AppData\\Local\\Microsoft\\Edge\\User Data\\Default\\GPUCache\\data_2', fd=-1), popenfile(path='C:\\Users\\sctest13\\AppData\\Local\\Microsoft\\Edge\\User Data\\Default\\History-journal', fd=-1), popenfile(path='C:\\Users\\sctest13\\AppData\\Local\\Microsoft\\Edge\\User Data\\Default\\data_reduction_proxy_leveldb\\000003.log', fd=-1), popenfile(path='C:\\Users\\sctest13\\AppData\\Local\\Microsoft\\Edge\\User Data\\Default\\Extension State\\000003.log', fd=-1), popenfile(path='C:\\Users\\sctest13\\AppData\\Local\\Microsoft\\Edge\\User Data\\lockfile', fd=-1), popenfile(path='C:\\Users\\sctest13\\AppData\\Local\\Microsoft\\Edge\\User Data\\Default\\Site Characteristics Database\\LOCK', fd=-1), popenfile(path='C:\\Users\\sctest13\\AppData\\Local\\Microsoft\\Edge\\User Data\\Default\\History', fd=-1), popenfile(path='C:\\Users\\sctest13\\AppData\\Local\\Microsoft\\Edge\\User Data\\Default\\shared_proto_db\\metadata\\000003.log', fd=-1), popenfile(path='C:\\Windows\\Registration\\R000000000006.clb', fd=-1), popenfile(path='C:\\Users\\sctest13\\AppData\\Local\\Microsoft\\Edge\\User Data\\GrShaderCache\\GPUCache\\data_2', fd=-1), popenfile(path='C:\\Users\\sctest13\\AppData\\Local\\Microsoft\\Edge\\User Data\\Default\\Sync Data\\LevelDB\\LOG', fd=-1), popenfile(path='C:\\Users\\sctest13\\AppData\\Local\\Microsoft\\Edge\\User Data\\Default\\Sync Data\\LevelDB\\MANIFEST-000001', fd=-1), popenfile(path='C:\\Windows\\System32\\en-US\\user32.dll.mui', fd=-1), popenfile(path='C:\\Users\\sctest13\\AppData\\Local\\Microsoft\\Edge\\User Data\\Default\\Shortcuts', fd=-1), popenfile(path='C:\\Users\\sctest13\\AppData\\Local\\Microsoft\\Edge\\User Data\\Functional Data', fd=-1), popenfile(path='C:\\Users\\sctest13\\AppData\\Local\\Microsoft\\Edge\\User Data\\Default\\load_statistics.db-wal', fd=-1), popenfile(path='C:\\Windows\\Fonts\\seguisb.ttf', fd=-1), popenfile(path='C:\\Users\\sctest13\\AppData\\Local\\Microsoft\\Edge\\User Data\\Default\\Sync Data\\LevelDB\\000003.log', fd=-1), popenfile(path='C:\\Users\\sctest13\\AppData\\Local\\Microsoft\\Edge\\User Data\\Default\\Site Characteristics Database\\000003.log', fd=-1), popenfile(path='C:\\Users\\sctest13\\AppData\\Local\\Microsoft\\Edge\\User Data\\Default\\load_statistics.db-shm', fd=-1), popenfile(path='C:\\Users\\sctest13\\AppData\\Local\\Microsoft\\Edge\\User Data\\Default\\Site Characteristics Database\\LOG', fd=-1), popenfile(path='C:\\Users\\sctest13\\AppData\\Local\\Microsoft\\Edge\\User Data\\Default\\Network Action Predictor-journal', fd=-1), popenfile(path='C:\\Users\\sctest13\\AppData\\Local\\Microsoft\\Edge\\User Data\\Default\\shared_proto_db\\metadata\\MANIFEST-000001', fd=-1), popenfile(path='C:\\Users\\sctest13\\AppData\\Local\\Microsoft\\Edge\\User Data\\Default\\GPUCache\\data_3', fd=-1), popenfile(path='C:\\Users\\sctest13\\AppData\\Local\\Microsoft\\Edge\\User Data\\Default\\Local Storage\\leveldb\\LOCK', fd=-1), popenfile(path='C:\\Users\\sctest13\\AppData\\Local\\Microsoft\\Edge\\User Data\\Default\\Top Sites-journal', fd=-1), popenfile(path='C:\\Users\\sctest13\\AppData\\Local\\Microsoft\\Edge\\User Data\\Functional SAN Data-wal', fd=-1), popenfile(path='C:\\Users\\sctest13\\AppData\\Local\\Microsoft\\Edge\\User Data\\SmartScreen\\local\\download_cache', fd=-1), popenfile(path='C:\\Users\\sctest13\\AppData\\Local\\Microsoft\\Edge\\User Data\\Default\\shared_proto_db\\000003.log', fd=-1), popenfile(path='C:\\Users\\sctest13\\AppData\\Local\\Microsoft\\Edge\\User Data\\SmartScreen\\local\\warnStateCache', fd=-1), popenfile(path='C:\\Users\\sctest13\\AppData\\Local\\Microsoft\\Edge\\User Data\\GrShaderCache\\GPUCache\\data_1', fd=-1), popenfile(path='C:\\Users\\sctest13\\AppData\\Local\\Microsoft\\Edge\\User Data\\GrShaderCache\\GPUCache\\data_0', fd=-1), popenfile(path='C:\\Users\\sctest13\\AppData\\Local\\Microsoft\\Edge\\User Data\\ShaderCache\\GPUCache\\data_1', fd=-1), popenfile(path='C:\\Users\\sctest13\\AppData\\Local\\Microsoft\\Edge\\User Data\\Functional Data-wal', fd=-1), popenfile(path='C:\\Users\\sctest13\\AppData\\Local\\Microsoft\\Edge\\User Data\\BrowserMetrics\\BrowserMetrics-691605D1-112C.pma', fd=-1)]",msedge.exe,['C:\\Program Files (x86)\\Microsoft\\Edge\\Application\\msedge.exe'],C:\Program Files (x86)\Microsoft\Edge\Application\msedge.exe,4396,32.0,5500,6555,3136494,6848984,2.484375,1.359375,38143,0,108.04296875,27.41796875,benign
0.3256221419241369,3,0.0,358,,svchost.exe,,C:\Windows\System32\svchost.exe,4416,,162,7541,659972,15842404,0.609375,0.40625,526,0,26.671875,5.69140625,benign
0.2721148128030353,3,0.0,248,,RuntimeBroker.exe,,C:\Windows\System32\RuntimeBroker.exe,4444,,1,0,7611,0,0.171875,0.171875,198,0,22.2890625,5.18359375,benign
0.3203763253436367,4,0.0,335,,RuntimeBroker.exe,,C:\Windows\System32\RuntimeBroker.exe,4452,,16,1,19434,160,0.1875,0.1875,117,0,26.2421875,4.27734375,benign
0.1028656942194439,5,0.0,140,,svchost.exe,,C:\Windows\System32\svchost.exe,4496,,1,0,4721,0,0.0,0.078125,189,0,8.42578125,1.8203125,benign
0.4226220594217488,7,0.0,446,,vmtoolsd.exe,,C:\Program Files\VMware\VMware Tools\vmtoolsd.exe,4500,,1305,136,3702715,11538,3.515625,2.546875,77644,0,34.6171875,15.91796875,benign
0.2107387588111834,8,0.0,325,,taskhostw.exe,,C:\Windows\System32\taskhostw.exe,4584,,6,298,743301,7853325,21.5625,11.9375,141781,0,17.26171875,6.34765625,benign
0.8224486613391426,14,0.0,637,,StartMenuExperienceHost.exe,,C:\Windows\SystemApps\Microsoft.Windows.StartMenuExperienceHost_cw5n1h2txyewy\StartMenuExperienceHost.exe,4592,,45,0,151244,0,1.171875,0.59375,4476,0,67.3671875,19.41796875,benign
0.0190280074147232,4,0.0,144,,SkypeBackgroundHost.exe,,C:\Program Files\WindowsApps\Microsoft.SkypeApp_14.53.77.0_x64__kzf8qxf38zg5c\SkypeBackgroundHost.exe,4604,,0,0,0,0,0.046875,0.015625,117,0,1.55859375,1.79296875,benign
0.471026639687273,10,0.0,508,,TextInputHost.exe,,C:\Windows\SystemApps\MicrosoftWindows.Client.CBS_cw5n1h2txyewy\TextInputHost.exe,4612,,3,0,31201,0,0.34375,0.21875,48705,0,38.58203125,12.43359375,benign
0.2146015873840972,2,0.0,242,,RuntimeBroker.exe,,C:\Windows\System32\RuntimeBroker.exe,4640,,8,0,14535,0,0.03125,0.046875,94,0,17.578125,2.77734375,benign
0.1049163316100031,4,0.0,181,,NisSrv.exe,,C:\Program Files\Windows Defender\NisSrv.exe,4716,,0,0,0,0,0.0625,0.109375,373,0,8.59375,3.70703125,benign
0.1242304744745718,3,0.0,261,,winlogon.exe,,C:\Windows\System32\winlogon.exe,4740,,2,0,15882,0,0.09375,0.078125,540,0,10.17578125,2.27734375,benign
0.0173111947156505,28,0.0,823,,HxOutlook.exe,,C:\Program Files\WindowsApps\microsoft.windowscommunicationsapps_16005.11629.20316.0_x64__8wekyb3d8bbwe\HxOutlook.exe,4796,,2,1,8192,65536,0.65625,0.328125,2709,0,1.41796875,30.49609375,benign
0.212598639235179,11,0.0,349,,svchost.exe,,C:\Windows\System32\svchost.exe,4836,,17,6,2719744,49428,0.0625,0.09375,1305,0,17.4140625,8.4296875,benign
0.0760643404172522,4,0.0,134,,svchost.exe,,C:\Windows\System32\svchost.exe,4840,,0,0,0,0,0.015625,0.078125,68,0,6.23046875,1.62109375,benign
0.1233720681250354,9,0.0,246,,svchost.exe,,C:\Windows\System32\svchost.exe,4864,,1,0,63940,0,0.234375,0.15625,411,0,10.10546875,4.6015625,benign
0.0890358141435799,7,0.0,105,,SgrmBroker.exe,,C:\Windows\System32\SgrmBroker.exe,5032,,2,0,80480,0,0.15625,0.046875,4932,0,7.29296875,4.41796875,benign
0.3089785965914591,3,0.0,528,,svchost.exe,,C:\Windows\System32\svchost.exe,5040,,12,141,3212255,15392772,0.625,0.28125,331,0,25.30859375,7.45703125,benign
0.1802653334026417,4,0.0,175,,svchost.exe,,C:\Windows\System32\svchost.exe,5044,,0,0,0,0,0.234375,0.03125,146,0,14.765625,2.58984375,benign
0.1913769267049738,1,0.0,184,"[popenfile(path='C:\\Windows\\Registration\\R000000000006.clb', fd=-1)]",RuntimeBroker.exe,"['C:\\Windows\\System32\\RuntimeBroker.exe', '-Embedding']",C:\Windows\System32\RuntimeBroker.exe,5116,32.0,1,0,9730,0,0.046875,0.078125,76,0,15.67578125,2.40625,benign
1.1561302851005932,15,0.0,1287,,dwm.exe,,C:\Windows\System32\dwm.exe,5156,,3,0,88405,0,5.265625,3.90625,153765,0,94.69921875,66.84765625,benign
0.2139816272427654,4,0.0,241,,svchost.exe,,C:\Windows\System32\svchost.exe,5224,,0,0,0,0,0.046875,0.015625,6831,0,17.52734375,3.0703125,benign
0.1256611517237991,3,0.0,266,,winlogon.exe,,C:\Windows\System32\winlogon.exe,5296,,2,0,15454,0,0.09375,0.09375,578,0,10.29296875,2.35546875,benign
1.5604873649738735,18,0.0,730,"[popenfile(path='C:\\Users\\sctest13\\AppData\\Local\\Packages\\Microsoft.MicrosoftSolitaireCollection_8wekyb3d8bbwe\\LocalState\\logs\\Solitaire.log', fd=-1), popenfile(path='C:\\Windows\\System32\\en-US\\KernelBase.dll.mui', fd=-1), popenfile(path='C:\\Windows\\Fonts\\segoeuil.ttf', fd=-1), popenfile(path='C:\\Windows\\System32\\en-US\\combase.dll.mui', fd=-1), popenfile(path='C:\\Windows\\Fonts\\seguisb.ttf', fd=-1), popenfile(path='C:\\Windows\\System32\\WinMetadata\\Windows.System.winmd', fd=-1), popenfile(path='C:\\Windows\\Fonts\\segoeuisl.ttf', fd=-1), popenfile(path='C:\\Windows\\Fonts\\segoeuib.ttf', fd=-1), popenfile(path='C:\\Windows\\Fonts\\segoeui.ttf', fd=-1), popenfile(path='C:\\Windows\\Fonts\\seguibl.ttf', fd=-1), popenfile(path='C:\\Windows\\System32\\WinMetadata\\Windows.ApplicationModel.winmd', fd=-1), popenfile(path='C:\\Users\\sctest13\\AppData\\Local\\Packages\\Microsoft.MicrosoftSolitaireCollection_8wekyb3d8bbwe\\AC\\Temp\\aria-debug-5304.log', fd=-1), popenfile(path='C:\\Windows\\System32\\en-US\\windows.storage.dll.mui', fd=-1), popenfile(path='C:\\Windows\\System32\\WinMetadata\\Windows.UI.winmd', fd=-1)]",Solitaire.exe,"['C:\\Program Files\\WindowsApps\\Microsoft.MicrosoftSolitaireCollection_4.4.8204.0_x64__8wekyb3d8bbwe\\Solitaire.exe', '-ServerName:App.AppXx8xn0rs58sab7mvbtxgdhw97cpm1dzhb.mca']",C:\Program Files\WindowsApps\Microsoft.MicrosoftSolitaireCollection_4.4.8204.0_x64__8wekyb3d8bbwe\Solitaire.exe,5304,32.0,18554,155,11189770,33057,6.15625,2.765625,223401,0,127.8203125,91.51171875,benign
0.3045434971188545,1,0.0,269,,ApplicationFrameHost.exe,,C:\Windows\System32\ApplicationFrameHost.exe,5316,,8,0,3030,0,0.171875,0.125,110,0,24.9453125,4.27734375,benign
0.0531735044296152,5,0.0,36,,fontdrvhost.exe,,C:\Windows\System32\fontdrvhost.exe,5364,,0,0,0,0,0.0625,0.046875,3477,0,4.35546875,1.39453125,benign
0.2979146925307679,3,0.0,493,,svchost.exe,,C:\Windows\System32\svchost.exe,5432,,10,147,3170304,15347716,0.4375,0.265625,376,0,24.40234375,6.94140625,benign
0.3873320206074751,2,0.0,402,,svchost.exe,,C:\Windows\System32\svchost.exe,5504,,91,332,367695,682883,0.453125,0.3125,224,0,31.7265625,7.05078125,benign
0.1537978042919363,4,0.0,190,,audiodg.exe,"['C:\\Windows\\system32\\AUDIODG.EXE', '0x2ec']",C:\Windows\System32\audiodg.exe,5568,32.0,1,0,5470,0,3.40625,5.1875,63714,0,12.59765625,7.0,benign
0.1231813111584718,7,0.0,225,,svchost.exe,,C:\Windows\System32\svchost.exe,5652,,3,3,348,480,0.078125,0.09375,227,0,10.08984375,2.42578125,benign
0.1244212314411355,3,0.0,277,,winlogon.exe,,C:\Windows\System32\winlogon.exe,5708,,1,0,9728,0,0.078125,0.109375,505,0,10.19140625,2.29296875,benign
0.3770788336546793,15,0.0,685,"[popenfile(path='C:\\Windows\\System32\\en-US\\KernelBase.dll.mui', fd=-1), popenfile(path='C:\\Windows\\Registration\\R000000000006.clb', fd=-1)]",sihost.exe,['sihost.exe'],C:\Windows\System32\sihost.exe,5716,32.0,96,0,402918,0,1.0625,1.171875,8161,0,30.88671875,6.796875,benign
0.1475028243953361,3,0.0,234,,svchost.exe,,C:\Windows\System32\svchost.exe,5724,,0,0,0,0,0.140625,0.015625,98,0,12.08203125,2.640625,benign
0.4085537331376803,23,0.0,896,,SearchIndexer.exe,,C:\Windows\System32\SearchIndexer.exe,5756,,4718,5095,4171738,54423120,19.328125,4.921875,77801,0,33.46484375,33.72265625,benign
0.7057053978021935,15,0.0,902,,dwm.exe,,C:\Windows\System32\dwm.exe,5860,,2,0,72092,0,1.375,0.984375,37867,0,57.8046875,35.8046875,benign
0.3502297906108467,5,0.0,441,,RuntimeBroker.exe,,C:\Windows\System32\RuntimeBroker.exe,5868,,271,2,58067,248,0.34375,0.625,504,0,28.6875,7.8046875,benign
0.1040102360188258,6,0.0,173,,svchost.exe,,C:\Windows\System32\svchost.exe,5880,,0,1,0,4096,0.109375,0.0,95,0,8.51953125,1.9921875,benign
1.6237709886313616,26,0.0,975,,SearchApp.exe,,C:\Windows\SystemApps\Microsoft.Windows.Search_cw5n1h2txyewy\SearchApp.exe,5908,,2200,335,11360356,4137458,2.0,1.296875,56038,0,133.00390625,78.09375,benign
0.6276381092360231,12,0.0,489,"[popenfile(path='C:\\Windows\\System32\\en-US\\KernelBase.dll.mui', fd=-1), popenfile(path='C:\\Program Files\\WindowsApps\\Microsoft.UI.Xaml.2.0_2.1810.18004.0_x64__8wekyb3d8bbwe\\Microsoft.UI.Xaml\\Assets\\NoiseAsset_256x256_PNG.png', fd=-1), popenfile(path='C:\\Windows\\Fonts\\seguisb.ttf', fd=-1), popenfile(path='C:\\Program Files\\WindowsApps\\Microsoft.WindowsAlarms_10.1906.2182.0_x64__8wekyb3d8bbwe\\Assets\\AlarmMDL2.ttf', fd=-1), popenfile(path='C:\\Windows\\Fonts\\segoeuisl.ttf', fd=-1), popenfile(path='C:\\Windows\\System32\\en-US\\windows.ui.xaml.dll.mui', fd=-1), popenfile(path='C:\\Windows\\Fonts\\segoeui.ttf', fd=-1), popenfile(path='C:\\Windows\\System32\\WinMetadata\\Windows.ApplicationModel.winmd', fd=-1), popenfile(path='C:\\Windows\\System32\\en-US\\windows.storage.dll.mui', fd=-1)]",Time.exe,"['C:\\Program Files\\WindowsApps\\Microsoft.WindowsAlarms_10.1906.2182.0_x64__8wekyb3d8bbwe\\Time.exe', '-ServerName:App.AppXq8avk61zazpy808ab5ppkf6taqp47km6.mca']",C:\Program Files\WindowsApps\Microsoft.WindowsAlarms_10.1906.2182.0_x64__8wekyb3d8bbwe\Time.exe,6036,32.0,2,1,8192,119,0.40625,0.171875,1512,0,51.41015625,16.734375,benign
0.129476291055072,1,0.0,132,"[popenfile(path='C:\\Windows\\Registration\\R000000000006.clb', fd=-1), popenfile(path='C:\\Windows\\System32\\en-US\\propsys.dll.mui', fd=-1)]",RuntimeBroker.exe,"['C:\\Windows\\System32\\RuntimeBroker.exe', '-Embedding']",C:\Windows\System32\RuntimeBroker.exe,6056,32.0,0,0,0,0,0.109375,0.015625,76,0,10.60546875,3.421875,benign
0.352185049518124,13,0.0,234,"[popenfile(path='C:\\Program Files (x86)\\Microsoft\\Edge\\Application\\92.0.902.67\\resources.pak', fd=-1), popenfile(path='C:\\Program Files (x86)\\Microsoft\\Edge\\Application\\92.0.902.67\\msedge_200_percent.pak', fd=-1), popenfile(path='C:\\Program Files (x86)\\Microsoft\\Edge\\Application\\92.0.902.67\\Locales\\en-US.pak', fd=-1), popenfile(path='C:\\Program Files (x86)\\Microsoft\\Edge\\Application\\92.0.902.67\\v8_context_snapshot.bin', fd=-1), popenfile(path='C:\\Users\\sctest13\\AppData\\Local\\Temp\\dd3b2c9a-533c-4c7c-bd3d-039061556e6d.tmp', fd=-1), popenfile(path='C:\\Program Files (x86)\\Microsoft\\Edge\\Application\\92.0.902.67\\msedge_100_percent.pak', fd=-1), popenfile(path='C:\\Program Files (x86)\\Microsoft\\Edge\\Application\\92.0.902.67\\icudtl.dat', fd=-1)]",msedge.exe,"['C:\\Program Files (x86)\\Microsoft\\Edge\\Application\\msedge.exe', '--type=renderer', '--field-trial-handle=2152,16853155897898354280,12150533147287318553,131072', '--lang=en-US', '--disable-client-side-phishing-detection', '--device-scale-factor=1', '--num-raster-threads=1', '--renderer-client-id=19', '--no-v8-untrusted-code-mitigations', '--mojo-platform-channel-handle=5260', '/prefetch:1']",C:\Program Files (x86)\Microsoft\Edge\Application\msedge.exe,6152,64.0,71,78,60828,30560,0.09375,0.0625,770,0,28.84765625,12.328125,benign
0.1549423460913182,3,0.0,237,,svchost.exe,,C:\Windows\System32\svchost.exe,6188,,16,0,5177,0,1.015625,15.6875,57,0,12.69140625,3.0390625,benign
0.0685294402379883,9,0.0,325,,csrss.exe,,C:\Windows\System32\csrss.exe,6252,,4765,0,384069,0,0.03125,1.09375,66465,0,5.61328125,1.64453125,benign
0.3395950897249237,6,0.0,375,"[popenfile(path='C:\\Windows\\System32\\en-US\\KernelBase.dll.mui', fd=-1), popenfile(path='C:\\Users\\sctest13\\AppData\\Local\\Microsoft\\Windows\\Notifications\\wpndatabase.db-wal', fd=-1), popenfile(path='C:\\Users\\sctest13\\AppData\\Local\\Microsoft\\Windows\\Notifications\\wpndatabase.db-shm', fd=-1), popenfile(path='C:\\Windows\\Registration\\R000000000006.clb', fd=-1), popenfile(path='C:\\Windows\\System32\\en-US\\QuietHours.dll.mui', fd=-1), popenfile(path='C:\\Windows\\System32\\en-US\\svchost.exe.mui', fd=-1), popenfile(path='C:\\Users\\sctest13\\AppData\\Local\\Microsoft\\Windows\\Notifications\\WPNPRMRY.tmp', fd=-1), popenfile(path='C:\\Users\\sctest13\\AppData\\Local\\Microsoft\\Windows\\Notifications\\wpndatabase.db', fd=-1)]",svchost.exe,"['C:\\Windows\\system32\\svchost.exe', '-k', 'UnistackSvcGroup', '-s', 'WpnUserService']",C:\Windows\System32\svchost.exe,6276,32.0,126,7135,512516,14932748,0.90625,0.40625,10647,0,27.81640625,6.0,benign
2.4613848288123137,53,0.0,1772,"[popenfile(path='C:\\Windows\\System32\\en-US\\KernelBase.dll.mui', fd=-1), popenfile(path='C:\\Windows\\Fonts\\seguisb.ttf', fd=-1), popenfile(path='C:\\Users\\sctest13\\AppData\\Local\\Packages\\Microsoft.Windows.Search_cw5n1h2txyewy\\LocalState\\AppIconCache\\100\\Microsoft_Windows_Explorer', fd=-1), popenfile(path='C:\\Windows\\SystemApps\\Microsoft.Windows.Search_cw5n1h2txyewy\\Cortana.Internal.Search.winmd', fd=-1), popenfile(path='C:\\Users\\sctest13\\AppData\\Local\\Packages\\Microsoft.Windows.Search_cw5n1h2txyewy\\LocalState\\AppIconCache\\100\\Microsoft_Windows_Computer', fd=-1), popenfile(path='C:\\Windows\\System32\\WinMetadata\\Windows.System.winmd', fd=-1), popenfile(path='C:\\Users\\sctest13\\AppData\\Local\\Packages\\Microsoft.Windows.Search_cw5n1h2txyewy\\LocalState\\AppIconCache\\100\\Microsoft_WindowsFeedbackHub_8wekyb3d8bbwe!App', fd=-1), popenfile(path='C:\\Windows\\System32\\WinMetadata\\Windows.UI.winmd', fd=-1), popenfile(path='C:\\Users\\sctest13\\AppData\\Local\\Packages\\Microsoft.Windows.Search_cw5n1h2txyewy\\LocalState\\AppIconCache\\100\\MSEdge', fd=-1), popenfile(path='C:\\Windows\\System32\\WinMetadata\\Windows.Foundation.winmd', fd=-1), popenfile(path='C:\\Users\\sctest13\\AppData\\Local\\Packages\\Microsoft.Windows.Search_cw5n1h2txyewy\\LocalState\\AppIconCache\\100\\Microsoft_WindowsAlarms_8wekyb3d8bbwe!App', fd=-1), popenfile(path='C:\\Windows\\SystemResources\\edgehtml.dll.mun', fd=-1), popenfile(path='C:\\Users\\sctest13\\AppData\\Local\\Packages\\Microsoft.Windows.Search_cw5n1h2txyewy\\LocalState\\AppIconCache\\100\\Microsoft_MicrosoftStickyNotes_8wekyb3d8bbwe!App', fd=-1), popenfile(path='C:\\Windows\\System32\\WinMetadata\\Windows.ApplicationModel.winmd', fd=-1), popenfile(path='C:\\Windows\\System32\\en-US\\windows.storage.dll.mui', fd=-1), popenfile(path='C:\\Windows\\System32\\WinMetadata\\Windows.Storage.winmd', fd=-1), popenfile(path='C:\\Windows\\SystemApps\\Microsoft.Windows.Search_cw5n1h2txyewy\\Cortana.Search.winmd', fd=-1), popenfile(path='C:\\Users\\sctest13\\AppData\\Local\\Packages\\Microsoft.Windows.Search_cw5n1h2txyewy\\LocalState\\AppIconCache\\100\\Microsoft_Getstarted_8wekyb3d8bbwe!App', fd=-1), popenfile(path='C:\\Windows\\System32\\WinMetadata\\Windows.Security.winmd', fd=-1), popenfile(path='C:\\Windows\\Fonts\\simsun.ttc', fd=-1), popenfile(path='C:\\Users\\sctest13\\AppData\\Local\\Packages\\Microsoft.Windows.Search_cw5n1h2txyewy\\LocalState\\AppIconCache\\100\\{1AC14E77-02E7-4E5D-B744-2EB1AE5198B7}_SnippingTool_exe', fd=-1), popenfile(path='C:\\Windows\\System32\\en-US\\edgehtml.dll.mui', fd=-1), popenfile(path='C:\\Windows\\System32\\en-US\\shell32.dll.mui', fd=-1), popenfile(path='C:\\Users\\sctest13\\AppData\\Local\\Packages\\Microsoft.Windows.Search_cw5n1h2txyewy\\LocalState\\AppIconCache\\100\\Microsoft_MicrosoftSolitaireCollection_8wekyb3d8bbwe!App', fd=-1), popenfile(path='C:\\Users\\sctest13\\AppData\\Local\\Packages\\Microsoft.Windows.Search_cw5n1h2txyewy\\LocalState\\AppIconCache\\100\\Microsoft_BingWeather_8wekyb3d8bbwe!App', fd=-1), popenfile(path='C:\\Windows\\System32\\en-US\\d2d1.dll.mui', fd=-1), popenfile(path='C:\\Users\\sctest13\\AppData\\Local\\Packages\\Microsoft.Windows.Search_cw5n1h2txyewy\\LocalState\\AppIconCache\\100\\Microsoft_SkyDrive_Desktop', fd=-1), popenfile(path='C:\\Users\\sctest13\\AppData\\Local\\Packages\\Microsoft.Windows.Search_cw5n1h2txyewy\\LocalState\\AppIconCache\\100\\Microsoft_AutoGenerated_{923DD477-5846-686B-A659-0FCCD73851A8}', fd=-1), popenfile(path='C:\\Users\\sctest13\\AppData\\Local\\Packages\\Microsoft.Windows.Search_cw5n1h2txyewy\\LocalState\\AppIconCache\\100\\{1AC14E77-02E7-4E5D-B744-2EB1AE5198B7}_notepad_exe', fd=-1), popenfile(path='C:\\Users\\sctest13\\AppData\\Local\\Packages\\Microsoft.Windows.Search_cw5n1h2txyewy\\LocalState\\AppIconCache\\100\\{1AC14E77-02E7-4E5D-B744-2EB1AE5198B7}_cmd_exe', fd=-1), popenfile(path='C:\\Users\\sctest13\\AppData\\Local\\Packages\\Microsoft.Windows.Search_cw5n1h2txyewy\\LocalState\\AppIconCache\\100\\{1AC14E77-02E7-4E5D-B744-2EB1AE5198B7}_narrator_exe', fd=-1), popenfile(path='C:\\Windows\\Fonts\\segoeui.ttf', fd=-1), popenfile(path='C:\\Users\\sctest13\\AppData\\Local\\Packages\\Microsoft.Windows.Search_cw5n1h2txyewy\\LocalState\\AppIconCache\\100\\{1AC14E77-02E7-4E5D-B744-2EB1AE5198B7}_mspaint_exe', fd=-1)]",SearchApp.exe,"['C:\\Windows\\SystemApps\\Microsoft.Windows.Search_cw5n1h2txyewy\\SearchApp.exe', '-ServerName:CortanaUI.AppX8z9r6jm96hw4bsbneegw0kyxx296wr9t.mca']",C:\Windows\SystemApps\Microsoft.Windows.Search_cw5n1h2txyewy\SearchApp.exe,6316,32.0,16997,7254,74553635,50607463,20.984375,5.515625,72807,0,201.61328125,133.3515625,benign
0.3623905472292789,5,0.0,342,,LogonUI.exe,,C:\Windows\System32\LogonUI.exe,6424,,1,0,26845,0,0.078125,0.09375,463,0,29.68359375,11.85546875,benign
0.2245686388870475,14,0.0,401,,svchost.exe,,C:\Windows\System32\svchost.exe,6456,,86,18,2796310,90500,0.296875,0.140625,702,0,18.39453125,9.0390625,benign
0.088415854002248,6,0.0,210,,svchost.exe,,C:\Windows\System32\svchost.exe,6492,,1,0,4014,0,0.078125,0.0,82,0,7.2421875,1.8359375,benign
0.1511748960016863,6,0.0,213,,svchost.exe,,C:\Windows\System32\svchost.exe,6536,,1,0,5917,0,0.375,0.4375,477,0,12.3828125,2.63671875,benign
0.2424997937440298,5,0.0,245,,svchost.exe,,C:\Windows\System32\svchost.exe,6648,,0,0,0,0,0.09375,0.046875,279,0,19.86328125,3.62890625,benign
0.7522024084020813,14,0.0,1007,,dwm.exe,,C:\Windows\System32\dwm.exe,6716,,3,0,87546,0,2.53125,1.8125,133963,0,61.61328125,40.06640625,benign
0.2294329415344204,13,0.0,541,,SecurityHealthService.exe,,C:\Windows\System32\SecurityHealthService.exe,6832,,0,1,0,4096,0.84375,0.328125,8058,0,18.79296875,4.67578125,benign
2.355467023127851,35,0.0,1318,,SearchApp.exe,,C:\Windows\SystemApps\Microsoft.Windows.Search_cw5n1h2txyewy\SearchApp.exe,7200,,14466,6341,63724878,44349325,13.5625,4.453125,50667,0,192.9375,129.44921875,benign
0.190184695663951,1,0.0,245,,RuntimeBroker.exe,,C:\Windows\System32\RuntimeBroker.exe,7224,,1120,0,251853,0,0.5,0.671875,141,0,15.578125,2.87890625,benign
0.3145582378634456,5,0.0,357,"[popenfile(path='C:\\Windows\\System32\\en-US\\KernelBase.dll.mui', fd=-1), popenfile(path='C:\\Windows\\Registration\\R000000000006.clb', fd=-1), popenfile(path='C:\\Windows\\System32\\en-US\\wininet.dll.mui', fd=-1), popenfile(path='C:\\Windows\\System32\\en-US\\propsys.dll.mui', fd=-1), popenfile(path='C:\\Windows\\System32\\en-US\\netmsg.dll.mui', fd=-1)]",RuntimeBroker.exe,"['C:\\Windows\\System32\\RuntimeBroker.exe', '-Embedding']",C:\Windows\System32\RuntimeBroker.exe,7376,32.0,0,0,0,0,0.421875,0.234375,4193,0,25.765625,6.01171875,benign
0.4707405042374275,10,0.0,507,,TextInputHost.exe,,C:\Windows\SystemApps\MicrosoftWindows.Client.CBS_cw5n1h2txyewy\TextInputHost.exe,7380,,2,0,27105,0,0.796875,0.28125,23890,0,38.55859375,12.54296875,benign
0.2076866473461652,14,0.0,542,,csrss.exe,,C:\Windows\System32\csrss.exe,7428,,14285,0,982575,0,0.265625,1.53125,89641,0,17.01171875,2.80859375,benign
0.2263808300694021,10,0.0,309,"[popenfile(path='C:\\Windows\\System32\\en-US\\crypt32.dll.mui', fd=-1), popenfile(path='C:\\Windows\\System32\\en-US\\KernelBase.dll.mui', fd=-1), popenfile(path='C:\\Windows\\Registration\\R000000000006.clb', fd=-1), popenfile(path='C:\\Users\\sctest13\\AppData\\Local\\ConnectedDevicesPlatform\\L.sctest13\\ActivitiesCache.db-shm', fd=-1), popenfile(path='C:\\Windows\\System32\\en-US\\svchost.exe.mui', fd=-1), popenfile(path='C:\\Users\\sctest13\\AppData\\Local\\ConnectedDevicesPlatform\\L.sctest13\\ActivitiesCache.db-wal', fd=-1), popenfile(path='C:\\Users\\sctest13\\AppData\\Local\\ConnectedDevicesPlatform\\L.sctest13\\ActivitiesCache.db', fd=-1)]",svchost.exe,"['C:\\Windows\\system32\\svchost.exe', '-k', 'UnistackSvcGroup', '-s', 'CDPUserSvc']",C:\Windows\System32\svchost.exe,7504,32.0,15,1301,17205,2642356,0.59375,0.203125,776,0,18.54296875,4.953125,benign
0.2066851732717061,8,0.0,317,"[popenfile(path='C:\\Users\\sctest13\\AppData\\Local\\Microsoft\\Windows\\WebCache\\V01.log', fd=-1), popenfile(path='C:\\Windows\\System32\\en-US\\wdmaud.drv.mui', fd=-1), popenfile(path='C:\\Users\\sctest13\\AppData\\Local\\Microsoft\\Windows\\WebCacheLock.dat', fd=-1), popenfile(path='C:\\Windows\\System32\\en-US\\taskhostw.exe.mui', fd=-1), popenfile(path='C:\\Windows\\System32\\en-US\\MMDevAPI.dll.mui', fd=-1), popenfile(path='C:\\Windows\\System32\\en-US\\MsCtfMonitor.dll.mui', fd=-1), popenfile(path='C:\\Windows\\Registration\\R000000000006.clb', fd=-1), popenfile(path='C:\\Windows\\System32\\en-US\\winmm.dll.mui', fd=-1), popenfile(path='C:\\Users\\sctest13\\AppData\\Local\\Microsoft\\Windows\\WebCache\\V01tmp.log', fd=-1), popenfile(path='C:\\Users\\sctest13\\AppData\\Local\\Microsoft\\Windows\\WebCache\\WebCacheV01.jfm', fd=-1), popenfile(path='C:\\Users\\sctest13\\AppData\\Local\\Microsoft\\Windows\\WebCache\\WebCacheV01.dat', fd=-1), popenfile(path='C:\\Windows\\System32\\en-US\\ESENT.dll.mui', fd=-1)]",taskhostw.exe,"['taskhostw.exe', '{222A245B-E637-4AE9-A93F-A59CA119A75E}']",C:\Windows\System32\taskhostw.exe,7672,32.0,7,272,756647,7648525,0.234375,0.203125,1559,0,16.9296875,5.72265625,benign
0.3525665634512513,3,0.0,358,,RuntimeBroker.exe,,C:\Windows\System32\RuntimeBroker.exe,7764,,45,11,89082,17668,1.109375,0.703125,119,0,28.87890625,4.8203125,benign
0.0884635432438889,3,0.0,126,,svchost.exe,,C:\Windows\System32\svchost.exe,7784,,245,2,329506,1011,0.03125,0.28125,37,0,7.24609375,1.703125,benign
0.9163487781300952,14,0.0,642,,StartMenuExperienceHost.exe,,C:\Windows\SystemApps\Microsoft.Windows.StartMenuExperienceHost_cw5n1h2txyewy\StartMenuExperienceHost.exe,7888,,125,1915,492662,457302,2.84375,1.5,11287,0,75.05859375,22.9609375,benign
0.0647143009067155,5,0.0,36,,fontdrvhost.exe,,C:\Windows\System32\fontdrvhost.exe,7960,,1,0,2006,0,0.1875,0.046875,4650,0,5.30078125,1.76953125,benign
0.2404491563534707,4,0.0,205,,RuntimeBroker.exe,,C:\Windows\System32\RuntimeBroker.exe,8024,,1,0,10796,0,0.21875,0.09375,107,0,19.6953125,6.16015625,benign
0.2566158092697394,4,0.0,289,,svchost.exe,,C:\Windows\System32\svchost.exe,8028,,5,0,5710,0,0.109375,0.03125,7335,0,21.01953125,3.53125,benign
0.0649527471149201,2,0.0,83,"[popenfile(path='C:\\Windows\\System32\\en-US\\cmd.exe.mui', fd=-1)]",cmd.exe,['C:\\Windows\\system32\\cmd.exe'],C:\Windows\System32\cmd.exe,8048,32.0,0,0,0,0,0.0,0.015625,247,0,5.3203125,3.92578125,benign
0.5908220146892402,23,0.0,584,"[popenfile(path='C:\\Windows\\System32\\en-US\\KernelBase.dll.mui', fd=-1), popenfile(path='C:\\Windows\\SystemResources\\shell32.dll.mun', fd=-1), popenfile(path='C:\\Windows\\System32\\en-US\\combase.dll.mui', fd=-1), popenfile(path='C:\\Windows\\Registration\\R000000000006.clb', fd=-1), popenfile(path='C:\\Windows\\System32\\en-US\\shell32.dll.mui', fd=-1), popenfile(path='C:\\Windows\\System32\\en-US\\propsys.dll.mui', fd=-1), popenfile(path='C:\\Windows\\System32\\en-US\\windows.storage.dll.mui', fd=-1)]",RuntimeBroker.exe,"['C:\\Windows\\System32\\RuntimeBroker.exe', '-Embedding']",C:\Windows\System32\RuntimeBroker.exe,8064,32.0,1131,8,1961027,15520,3.546875,4.3125,3504,0,48.39453125,23.20703125,benign
0.1714428236990732,5,0.0,259,,dllhost.exe,,C:\Windows\System32\dllhost.exe,8288,,88,265,6013918,11132928,0.109375,0.09375,804,0,14.04296875,4.34375,benign
0.2312928219584159,9,0.0,231,"[popenfile(path='C:\\Program Files (x86)\\Microsoft\\Edge\\Application\\92.0.902.67\\resources.pak', fd=-1), popenfile(path='C:\\Users\\sctest13\\AppData\\Local\\Microsoft\\Edge\\User Data\\Default\\Local Storage\\leveldb\\LOG', fd=-1), popenfile(path='C:\\Program Files (x86)\\Microsoft\\Edge\\Application\\92.0.902.67\\msedge_200_percent.pak', fd=-1), popenfile(path='C:\\Program Files (x86)\\Microsoft\\Edge\\Application\\92.0.902.67\\Locales\\en-US.pak', fd=-1), popenfile(path='C:\\Program Files (x86)\\Microsoft\\Edge\\Application\\92.0.902.67\\v8_context_snapshot.bin', fd=-1), popenfile(path='C:\\Users\\sctest13\\AppData\\Local\\Microsoft\\Edge\\User Data\\Default\\Local Storage\\leveldb\\000003.log', fd=-1), popenfile(path='C:\\Program Files (x86)\\Microsoft\\Edge\\Application\\92.0.902.67\\msedge_100_percent.pak', fd=-1), popenfile(path='C:\\Users\\sctest13\\AppData\\Local\\Microsoft\\Edge\\User Data\\Default\\Local Storage\\leveldb\\MANIFEST-000001', fd=-1), popenfile(path='C:\\Program Files (x86)\\Microsoft\\Edge\\Application\\92.0.902.67\\icudtl.dat', fd=-1), popenfile(path='C:\\Users\\sctest13\\AppData\\Local\\Microsoft\\Edge\\User Data\\Default\\Session Storage\\MANIFEST-000001', fd=-1), popenfile(path='C:\\Users\\sctest13\\AppData\\Local\\Microsoft\\Edge\\User Data\\Default\\Session Storage\\LOG', fd=-1), popenfile(path='C:\\Users\\sctest13\\AppData\\Local\\Microsoft\\Edge\\User Data\\Default\\Session Storage\\000003.log', fd=-1)]",msedge.exe,"['C:\\Program Files (x86)\\Microsoft\\Edge\\Application\\msedge.exe', '--type=utility', '--utility-sub-type=storage.mojom.StorageService', '--field-trial-handle=2152,16853155897898354280,12150533147287318553,131072', '--lang=en-US', '--service-sandbox-type=utility', '--mojo-platform-channel-handle=2908', '/prefetch:8']",C:\Program Files (x86)\Microsoft\Edge\Application\msedge.exe,8436,32.0,129,128,28348,27388,0.09375,0.078125,417,0,18.9453125,6.32421875,benign
0.4839027349303189,4,0.0,504,,ApplicationFrameHost.exe,,C:\Windows\System32\ApplicationFrameHost.exe,8504,,72,0,37693,0,0.5625,0.84375,2209,0,39.63671875,17.67578125,benign
0.0174065731989323,10,0.0,485,,WinStore.App.exe,,C:\Program Files\WindowsApps\Microsoft.WindowsStore_11910.1002.5.0_x64__8wekyb3d8bbwe\WinStore.App.exe,8520,,0,0,0,0,0.421875,0.171875,951,0,1.42578125,18.50390625,benign
0.0893696388350662,4,0.0,129,,vm3dservice.exe,,C:\Windows\System32\vm3dservice.exe,8524,,1,0,4717,0,0.015625,0.203125,4987,0,7.3203125,1.6875,benign
6.561705825097798,43,0.0,979,,SkypeApp.exe,,C:\Program Files\WindowsApps\Microsoft.SkypeApp_14.53.77.0_x64__kzf8qxf38zg5c\SkypeApp.exe,8528,,13,68,28559632,119474,16.265625,3.1875,59596,0,537.47265625,495.88671875,benign
0.0186941827232369,16,0.0,519,,Microsoft.Photos.exe,,C:\Program Files\WindowsApps\Microsoft.Windows.Photos_2019.19071.12548.0_x64__8wekyb3d8bbwe\Microsoft.Photos.exe,8568,,234,649,906032,1396828,0.625,0.578125,1965,0,1.53125,23.90625,benign
0.1196523072770444,2,0.0,173,,svchost.exe,,C:\Windows\System32\svchost.exe,8624,,0,0,0,0,0.03125,0.0625,180,0,9.80078125,2.1171875,benign
0.0869374875113798,1,0.0,122,"[popenfile(path='C:\\Windows\\Registration\\R000000000006.clb', fd=-1)]",GameBarPresenceWriter.exe,"['C:\\Windows\\System32\\GameBarPresenceWriter.exe', '-ServerName:Windows.Gaming.GameBar.Internal.PresenceWriterServer']",C:\Windows\System32\GameBarPresenceWriter.exe,8640,32.0,0,0,0,0,0.0,0.0,81,0,7.12109375,1.2734375,benign
0.1176016698864853,1,0.0,164,,SecurityHealthSystray.exe,,C:\Windows\System32\SecurityHealthSystray.exe,8816,,1,0,5331,0,0.03125,0.0625,405,0,9.6328125,1.6953125,benign
0.4079814622379893,13,0.0,457,,OneDrive.exe,,C:\Users\sctest12\AppData\Local\Microsoft\OneDrive\OneDrive.exe,8820,,27,999,320,260219,0.125,0.296875,1193,0,33.41796875,8.40625,benign
0.2243778819204839,4,0.0,372,,svchost.exe,,C:\Windows\System32\svchost.exe,8824,,0,2,0,536576,0.25,0.484375,60,0,18.37890625,3.1640625,benign
0.3551894717415014,9,0.0,485,"[popenfile(path='C:\\Windows\\System32\\en-US\\KernelBase.dll.mui', fd=-1), popenfile(path='C:\\Windows\\System32\\en-US\\windows.storage.dll.mui', fd=-1)]",backgroundTaskHost.exe,"['C:\\Windows\\system32\\backgroundTaskHost.exe', '-ServerName:App.AppX4q1azgcmy0qhjw5hwy4c233sbca9jma9.mca']",C:\Windows\System32\backgroundTaskHost.exe,8916,32.0,0,0,0,0,0.234375,0.15625,3186,0,29.09375,9.48828125,benign
0.1124989210309078,1,0.0,148,,RuntimeBroker.exe,,C:\Windows\System32\RuntimeBroker.exe,8952,,1,0,8356,0,0.046875,0.015625,86,0,9.21484375,1.98828125,benign
0.2682042949884806,9,0.0,424,,SearchProtocolHost.exe,,C:\Windows\System32\SearchProtocolHost.exe,8964,,65,2,403630,248,1.25,1.046875,16901,0,21.96875,3.94921875,benign
0.3251452495077278,5,0.0,338,,RuntimeBroker.exe,,C:\Windows\System32\RuntimeBroker.exe,9052,,108,9,879771,2731,0.265625,0.375,2495,0,26.6328125,6.94140625,benign
0.6129498228106227,23,0.0,706,,WWAHost.exe,,C:\Windows\System32\WWAHost.exe,9180,,8,2,40077,261,0.125,0.140625,996,0,50.20703125,16.38671875,benign
0.869088739663953,4,0.0,590,"[popenfile(path='C:\\Windows\\System32\\en-US\\KernelBase.dll.mui', fd=-1), popenfile(path='C:\\Windows\\System32\\en-US\\tzres.dll.mui', fd=-1), popenfile(path='C:\\Users\\sctest13\\AppData\\Local\\Temp\\_MEI104762\\base_library.zip', fd=-1)]",generate_data.exe,"['.\\generate_data.exe', '[1340, 10404]']",C:\Users\Public\Downloads\generate_data.exe,9188,32.0,891,0,10018358,0,1.453125,5.078125,29091,0,71.1875,86.08984375,benign
0.1188892794107898,6,0.0,183,,SearchFilterHost.exe,,C:\Windows\System32\SearchFilterHost.exe,9252,,363,0,7414,0,0.015625,0.015625,480,0,9.73828125,2.1484375,benign
0.8391875851551021,14,0.0,462,"[popenfile(path='C:\\Windows\\Registration\\R000000000006.clb', fd=-1), popenfile(path='C:\\Program Files (x86)\\Microsoft\\Edge\\Application\\92.0.902.67\\icudtl.dat', fd=-1)]",msedge.exe,"['C:\\Program Files (x86)\\Microsoft\\Edge\\Application\\msedge.exe', '--type=gpu-process', '--field-trial-handle=2152,16853155897898354280,12150533147287318553,131072', '--gpu-preferences=UAAAAAAAAADgAAAQAAAAAAAAAAAAAAAAAABgAAAAAAAwAAAAAAAAAAAAAAAAAAAAAAAAAAAAAAAAAAAAAAAAAHgAAAAAAAAAeAAAAAAAAAAoAAAABAAAACAAAAAAAAAAKAAAAAAAAAAwAAAAAAAAADgAAAAAAAAAEAAAAAAAAAAAAAAADQAAABAAAAAAAAAAAQAAAA0AAAAQAAAAAAAAAAQAAAANAAAAEAAAAAAAAAAHAAAADQAAAAgAAAAAAAAACAAAAAAAAAA=', '--mojo-platform-channel-handle=2196', '/prefetch:2']",C:\Program Files (x86)\Microsoft\Edge\Application\msedge.exe,9256,32768.0,4370,3702,8584514,1272776,1.5625,0.5,27697,0,68.73828125,48.80859375,benign
0.2734978008106217,10,0.0,317,"[popenfile(path='C:\\Windows\\System32\\en-US\\KernelBase.dll.mui', fd=-1), popenfile(path='C:\\Windows\\System32\\en-US\\ole32.dll.mui', fd=-1), popenfile(path='C:\\Windows\\Registration\\R000000000006.clb', fd=-1), popenfile(path='C:\\Windows\\System32\\en-US\\svchost.exe.mui', fd=-1), popenfile(path='C:\\Windows\\System32\\en-US\\propsys.dll.mui', fd=-1), popenfile(path='C:\\Windows\\System32\\en-US\\windows.applicationmodel.datatransfer.dll.mui', fd=-1)]",svchost.exe,"['C:\\Windows\\system32\\svchost.exe', '-k', 'ClipboardSvcGroup', '-p', '-s', 'cbdhsvc']",C:\Windows\System32\svchost.exe,9388,32.0,2,0,9684,0,0.21875,0.046875,3607,0,22.40234375,3.87890625,benign
0.0963799573562801,3,0.0,122,,svchost.exe,,C:\Windows\System32\svchost.exe,9668,,0,0,0,0,0.28125,0.09375,1489,0,7.89453125,2.70703125,benign
0.8951747548415311,15,0.0,650,"[popenfile(path='C:\\Windows\\System32\\en-US\\KernelBase.dll.mui', fd=-1), popenfile(path='C:\\Windows\\System32\\en-US\\Windows.Globalization.dll.mui', fd=-1), popenfile(path='C:\\Windows\\SystemResources\\Windows.UI.ShellCommon\\StartUI\\Assets\\Fonts\\BitMDL2.ttf', fd=-1), popenfile(path='C:\\Windows\\System32\\en-US\\windows.ui.xaml.dll.mui', fd=-1), popenfile(path='C:\\Windows\\Fonts\\segoeuib.ttf', fd=-1), popenfile(path='C:\\Users\\sctest13\\AppData\\Local\\Packages\\Microsoft.Windows.StartMenuExperienceHost_cw5n1h2txyewy\\TempState\\TileCache_100_3_PNGEncoded_Data.bin', fd=-1), popenfile(path='C:\\Windows\\Fonts\\segoeui.ttf', fd=-1), popenfile(path='C:\\Windows\\Fonts\\segmdl2.ttf', fd=-1), popenfile(path='C:\\Windows\\System32\\en-US\\windows.storage.dll.mui', fd=-1), popenfile(path='C:\\Users\\sctest13\\AppData\\Local\\Packages\\Microsoft.Windows.StartMenuExperienceHost_cw5n1h2txyewy\\TempState\\TileCache_100_3_PNGEncoded_Header.bin', fd=-1)]",StartMenuExperienceHost.exe,"['C:\\Windows\\SystemApps\\Microsoft.Windows.StartMenuExperienceHost_cw5n1h2txyewy\\StartMenuExperienceHost.exe', '-ServerName:App.AppXywbrabmsek0gm3tkwpr5kwzbs55tkqay.mca']",C:\Windows\SystemApps\Microsoft.Windows.StartMenuExperienceHost_cw5n1h2txyewy\StartMenuExperienceHost.exe,9820,32.0,79,1219,334786,288966,3.0,1.59375,18720,0,73.32421875,22.390625,benign
0.3393566435167191,7,0.0,355,"[popenfile(path='C:\\Windows\\System32\\en-US\\KernelBase.dll.mui', fd=-1), popenfile(path='C:\\Windows\\System32\\en-US\\combase.dll.mui', fd=-1), popenfile(path='C:\\Windows\\Registration\\R000000000006.clb', fd=-1), popenfile(path='C:\\Windows\\System32\\en-US\\propsys.dll.mui', fd=-1), popenfile(path='C:\\Windows\\System32\\en-US\\netmsg.dll.mui', fd=-1), popenfile(path='C:\\Windows\\System32\\en-US\\windows.storage.dll.mui', fd=-1)]",RuntimeBroker.exe,"['C:\\Windows\\System32\\RuntimeBroker.exe', '-Embedding']",C:\Windows\System32\RuntimeBroker.exe,9916,32.0,44,10,88966,17508,0.53125,0.4375,1028,0,27.796875,4.625,benign
0.4668776756645138,10,0.0,517,"[popenfile(path='C:\\Windows\\System32\\en-US\\KernelBase.dll.mui', fd=-1), popenfile(path='C:\\Windows\\System32\\WinMetadata\\Windows.UI.winmd', fd=-1), popenfile(path='C:\\Windows\\Fonts\\segoeui.ttf', fd=-1)]",TextInputHost.exe,"['C:\\Windows\\SystemApps\\MicrosoftWindows.Client.CBS_cw5n1h2txyewy\\TextInputHost.exe', '-ServerName:InputApp.AppXjd5de1g66v206tj52m9d0dtpppx4cgpn.mca']",C:\Windows\SystemApps\MicrosoftWindows.Client.CBS_cw5n1h2txyewy\TextInputHost.exe,9996,32.0,2,0,27626,0,0.4375,0.234375,4425,0,38.2421875,12.21484375,benign
1.173346101332962,34,0.0,861,"[popenfile(path='C:\\Windows\\System32\\en-US\\KernelBase.dll.mui', fd=-1), popenfile(path='C:\\Windows\\Fonts\\seguisb.ttf', fd=-1), popenfile(path='C:\\Windows\\System32\\WinMetadata\\Windows.Web.winmd', fd=-1), popenfile(path='C:\\Windows\\System32\\en-US\\windows.applicationmodel.datatransfer.dll.mui', fd=-1), popenfile(path='C:\\Windows\\System32\\WinMetadata\\Windows.System.winmd', fd=-1), popenfile(path='C:\\Windows\\System32\\WinMetadata\\Windows.UI.winmd', fd=-1), popenfile(path='C:\\Program Files\\WindowsApps\\Microsoft.MicrosoftStickyNotes_3.6.73.0_x64__8wekyb3d8bbwe\\Assets\\ExtendedSplashScreen.png', fd=-1), popenfile(path='C:\\Windows\\System32\\WinMetadata\\Windows.Foundation.winmd', fd=-1), popenfile(path='C:\\Windows\\System32\\en-US\\windows.ui.xaml.dll.mui', fd=-1), popenfile(path='C:\\Windows\\System32\\en-US\\netmsg.dll.mui', fd=-1), popenfile(path='C:\\Windows\\System32\\en-US\\windows.storage.dll.mui', fd=-1), popenfile(path='C:\\Program Files\\WindowsApps\\Microsoft.MicrosoftStickyNotes_3.6.73.0_x64__8wekyb3d8bbwe\\Assets\\NewNotePlaceholder-light.png', fd=-1), popenfile(path='C:\\Windows\\System32\\en-US\\combase.dll.mui', fd=-1), popenfile(path='C:\\Windows\\Fonts\\segoeuib.ttf', fd=-1), popenfile(path='C:\\Users\\sctest13\\AppData\\Local\\Packages\\Microsoft.MicrosoftStickyNotes_8wekyb3d8bbwe\\LocalState\\plum.sqlite', fd=-1), popenfile(path='C:\\Windows\\Fonts\\calibri.ttf', fd=-1), popenfile(path='C:\\Windows\\System32\\WinMetadata\\Windows.UI.Xaml.winmd', fd=-1), popenfile(path='C:\\Windows\\System32\\en-US\\Windows.Security.Authentication.Web.Core.dll.mui', fd=-1), popenfile(path='C:\\Windows\\Fonts\\segoeui.ttf', fd=-1), popenfile(path='C:\\Users\\sctest13\\AppData\\Local\\Packages\\Microsoft.MicrosoftStickyNotes_8wekyb3d8bbwe\\LocalState\\plum.sqlite-shm', fd=-1), popenfile(path='C:\\Users\\sctest13\\AppData\\Local\\Packages\\Microsoft.MicrosoftStickyNotes_8wekyb3d8bbwe\\LocalState\\plum.sqlite-wal', fd=-1), popenfile(path='C:\\Program Files\\WindowsApps\\Microsoft.MicrosoftStickyNotes_3.6.73.0_x64__8wekyb3d8bbwe\\Assets\\SearchPlaceholder-light.png', fd=-1)]",Microsoft.Notes.exe,"['C:\\Program Files\\WindowsApps\\Microsoft.MicrosoftStickyNotes_3.6.73.0_x64__8wekyb3d8bbwe\\Microsoft.Notes.exe', '-ServerName:App.AppX495fygk72hjw82j58ny5h3nr8hpsd8vs.mca']",C:\Program Files\WindowsApps\Microsoft.MicrosoftStickyNotes_3.6.73.0_x64__8wekyb3d8bbwe\Microsoft.Notes.exe,10108,32.0,36,161,61664,316276,3.40625,0.734375,17893,0,96.109375,33.3046875,benign
0.1033902758774939,16,0.0,519,"[popenfile(path='C:\\Windows\\System32\\en-US\\KernelBase.dll.mui', fd=-1), popenfile(path='C:\\Users\\sctest13\\AppData\\Local\\Packages\\Microsoft.Windows.Photos_8wekyb3d8bbwe\\LocalState\\PhotosAppTracing_startedInBGMode.etl', fd=-1), popenfile(path='C:\\Users\\sctest13\\AppData\\Local\\Packages\\Microsoft.Windows.Photos_8wekyb3d8bbwe\\LocalState\\MediaDb.v1.sqlite-shm', fd=-1), popenfile(path='C:\\Windows\\Fonts\\segoeui.ttf', fd=-1), popenfile(path='C:\\Users\\sctest13\\AppData\\Local\\Packages\\Microsoft.Windows.Photos_8wekyb3d8bbwe\\LocalState\\MediaDb.v1.sqlite-wal', fd=-1), popenfile(path='C:\\Users\\sctest13\\AppData\\Local\\Packages\\Microsoft.Windows.Photos_8wekyb3d8bbwe\\LocalState\\MediaDb.v1.sqlite', fd=-1), popenfile(path='C:\\Windows\\System32\\en-US\\windows.storage.dll.mui', fd=-1), popenfile(path='C:\\Windows\\System32\\WinMetadata\\Windows.Storage.winmd', fd=-1)]",Microsoft.Photos.exe,"['C:\\Program Files\\WindowsApps\\Microsoft.Windows.Photos_2019.19071.12548.0_x64__8wekyb3d8bbwe\\Microsoft.Photos.exe', '-ServerName:App.AppXzst44mncqdg84v7sv6p7yznqwssy6f7f.mca']",C:\Program Files\WindowsApps\Microsoft.Windows.Photos_2019.19071.12548.0_x64__8wekyb3d8bbwe\Microsoft.Photos.exe,10464,32.0,291,689,1135508,1479228,0.984375,0.65625,1920,0,8.46875,24.23828125,benign
0.0751582448260749,3,0.0,95,[],generate_data.exe,"['.\\generate_data.exe', '[1340, 10404]']",C:\Users\Public\Downloads\generate_data.exe,10476,32.0,6963,35139,53051584,143178226,0.859375,1.0625,6987,0,6.15625,1.27734375,benign
0.2107864480528244,4,0.0,219,"[popenfile(path='C:\\Windows\\Registration\\R000000000006.clb', fd=-1)]",RuntimeBroker.exe,"['C:\\Windows\\System32\\RuntimeBroker.exe', '-Embedding']",C:\Windows\System32\RuntimeBroker.exe,10508,32.0,0,0,0,0,0.03125,0.015625,186,0,17.265625,2.71484375,benign
0.236538638538916,3,0.0,268,"[popenfile(path='C:\\Windows\\Fonts\\StaticCache.dat', fd=-1), popenfile(path='C:\\Windows\\Registration\\R000000000006.clb', fd=-1), popenfile(path='C:\\Windows\\System32\\en-US\\user32.dll.mui', fd=-1), popenfile(path='C:\\Windows\\System32\\en-US\\propsys.dll.mui', fd=-1), popenfile(path='C:\\Windows\\System32\\en-US\\Conhost.exe.mui', fd=-1)]",conhost.exe,"['\\??\\C:\\Windows\\system32\\conhost.exe', '0x4']",C:\Windows\System32\conhost.exe,10516,32.0,18,0,17750,0,0.1875,0.171875,4214,0,19.375,8.40234375,benign
0.1797407517445917,8,0.0,265,"[popenfile(path='C:\\Users\\sctest13\\AppData\\Local\\Packages\\Microsoft.Windows.Search_cw5n1h2txyewy\\AppData\\CacheStorage\\CacheStorage.edb', fd=-1), popenfile(path='C:\\Users\\sctest13\\AppData\\Local\\Packages\\Microsoft.Windows.Search_cw5n1h2txyewy\\AppData\\Indexed DB\\IndexedDB.jfm', fd=-1), popenfile(path='C:\\Users\\sctest13\\AppData\\Local\\Packages\\Microsoft.Windows.Search_cw5n1h2txyewy\\AppData\\Indexed DB\\edbtmp.log', fd=-1), popenfile(path='C:\\Windows\\Registration\\R000000000006.clb', fd=-1), popenfile(path='C:\\Users\\sctest13\\AppData\\Local\\Packages\\Microsoft.Windows.Search_cw5n1h2txyewy\\AppData\\Indexed DB\\temp.edb', fd=-1), popenfile(path='C:\\Users\\sctest13\\AppData\\Local\\Packages\\Microsoft.Windows.Search_cw5n1h2txyewy\\AppData\\CacheStorage\\CacheStorage.jfm', fd=-1), popenfile(path='C:\\Users\\sctest13\\AppData\\Local\\Packages\\Microsoft.Windows.Search_cw5n1h2txyewy\\AppData\\Indexed DB\\edb.log', fd=-1), popenfile(path='C:\\Users\\sctest13\\AppData\\Local\\Packages\\Microsoft.Windows.Search_cw5n1h2txyewy\\AppData\\Indexed DB\\IndexedDB.edb', fd=-1), popenfile(path='C:\\Users\\sctest13\\AppData\\Local\\Microsoft\\Internet Explorer\\CacheStorage\\edb.log', fd=-1), popenfile(path='C:\\Users\\sctest13\\AppData\\Local\\Microsoft\\Internet Explorer\\CacheStorage\\edbtmp.log', fd=-1), popenfile(path='C:\\Windows\\System32\\en-US\\ESENT.dll.mui', fd=-1)]",dllhost.exe,"['C:\\Windows\\system32\\DllHost.exe', '/Processid:{973D20D7-562D-44B9-B70B-5A0F49CCDF3F}']",C:\Windows\System32\dllhost.exe,10540,32.0,9,208,1067265,10563584,0.140625,0.1875,615,0,14.72265625,4.90625,benign
0.065525018014611,1,0.0,86,"[popenfile(path='C:\\Windows\\System32\\en-US\\cmd.exe.mui', fd=-1)]",cmd.exe,['C:\\Windows\\system32\\cmd.exe'],C:\Windows\System32\cmd.exe,10548,32.0,1,0,2355,0,0.03125,0.0,375,0,5.3671875,2.63671875,benign
0.0892742603517844,8,0.0,132,"[popenfile(path='C:\\Windows\\Registration\\R000000000006.clb', fd=-1)]",dllhost.exe,"['C:\\Windows\\system32\\DllHost.exe', '/Processid:{AB8902B4-09CA-4BB6-B78D-A8F59079A8D5}']",C:\Windows\System32\dllhost.exe,10612,32.0,0,0,0,0,0.015625,0.046875,598,0,7.3125,1.62109375,benign
0.2652952512483851,5,0.0,291,"[popenfile(path='C:\\Windows\\System32\\en-US\\shell32.dll.mui', fd=-1), popenfile(path='C:\\Windows\\System32\\en-US\\windows.storage.dll.mui', fd=-1), popenfile(path='C:\\Windows\\Registration\\R000000000006.clb', fd=-1), popenfile(path='C:\\Windows\\System32\\en-US\\propsys.dll.mui', fd=-1)]",RuntimeBroker.exe,"['C:\\Windows\\System32\\RuntimeBroker.exe', '-Embedding']",C:\Windows\System32\RuntimeBroker.exe,10688,32.0,1350,0,272522,0,0.421875,0.75,291,0,21.73046875,3.76953125,benign
0.6269704598530503,12,0.0,576,"[popenfile(path='C:\\Windows\\System32\\WinMetadata\\Windows.UI.Xaml.winmd', fd=-1), popenfile(path='C:\\Windows\\System32\\en-US\\KernelBase.dll.mui', fd=-1), popenfile(path='C:\\Windows\\System32\\en-US\\combase.dll.mui', fd=-1), popenfile(path='C:\\Program Files\\WindowsApps\\Microsoft.WindowsCamera_2018.826.98.0_x64__8wekyb3d8bbwe\\Assets\\WindowsIcons\\WindowsCameraSplashScreen.scale-100.png', fd=-1), popenfile(path='C:\\Windows\\System32\\WinMetadata\\Windows.Foundation.winmd', fd=-1), popenfile(path='C:\\Windows\\Fonts\\segoeuisl.ttf', fd=-1), popenfile(path='C:\\Windows\\System32\\en-US\\windows.ui.xaml.dll.mui', fd=-1), popenfile(path='C:\\Windows\\Fonts\\segoeui.ttf', fd=-1), popenfile(path='C:\\Program Files\\WindowsApps\\Microsoft.WindowsCamera_2018.826.98.0_x64__8wekyb3d8bbwe\\Assets\\Icons\\CamMDL2.ttf', fd=-1), popenfile(path='C:\\Windows\\System32\\WinMetadata\\Windows.System.winmd', fd=-1), popenfile(path='C:\\Windows\\System32\\WinMetadata\\Windows.UI.winmd', fd=-1)]",WindowsCamera.exe,"['C:\\Program Files\\WindowsApps\\Microsoft.WindowsCamera_2018.826.98.0_x64__8wekyb3d8bbwe\\WindowsCamera.exe', '-ServerName:App.AppX3wjje43c7tprx3dar9vyjkqx3g35smht.mca']",C:\Program Files\WindowsApps\Microsoft.WindowsCamera_2018.826.98.0_x64__8wekyb3d8bbwe\WindowsCamera.exe,10772,32.0,2,0,8192,0,1.109375,0.53125,1812,0,51.35546875,19.32421875,benign
0.24879477364063,9,0.0,292,"[popenfile(path='C:\\Windows\\Registration\\R000000000006.clb', fd=-1)]",RuntimeBroker.exe,"['C:\\Windows\\System32\\RuntimeBroker.exe', '-Embedding']",C:\Windows\System32\RuntimeBroker.exe,10920,32.0,5,2,9980,2748,0.125,0.109375,575,0,20.37890625,3.66015625,benign
0.1008150568288848,9,0.0,160,"[popenfile(path='C:\\Windows\\System32\\en-US\\KernelBase.dll.mui', fd=-1), popenfile(path='C:\\Users\\sctest13\\AppData\\Local\\Microsoft\\Edge\\User Data\\CrashpadMetrics-active.pma', fd=-1)]",msedge.exe,"['C:\\Program Files (x86)\\Microsoft\\Edge\\Application\\msedge.exe', '--type=crashpad-handler', '--user-data-dir=C:\\Users\\sctest13\\AppData\\Local\\Microsoft\\Edge\\User Data', '/prefetch:7', '--monitor-self-annotation=ptype=crashpad-handler', '--database=C:\\Users\\sctest13\\AppData\\Local\\Microsoft\\Edge\\User Data\\Crashpad', '--metrics-dir=C:\\Users\\sctest13\\AppData\\Local\\Microsoft\\Edge\\User Data', '--annotation=IsOfficialBuild=1', '--annotation=channel=', '--annotation=chromium-version=92.0.4515.131', '--annotation=exe=C:\\Program Files (x86)\\Microsoft\\Edge\\Application\\msedge.exe', '--annotation=plat=Win64', '--annotation=prod=Microsoft Edge', '--annotation=ver=92.0.902.67', '--initial-client-data=0x118,0x11c,0x120,0xf4,0x124,0x7ff8e1c446f8,0x7ff8e1c44708,0x7ff8e1c44718']",C:\Program Files (x86)\Microsoft\Edge\Application\msedge.exe,11000,32.0,22,16,5260,192,0.015625,0.03125,171,0,8.2578125,2.01953125,benign
0.3248591140578823,5,0.0,340,"[popenfile(path='C:\\Windows\\SystemResources\\shell32.dll.mun', fd=-1), popenfile(path='C:\\Windows\\Registration\\R000000000006.clb', fd=-1), popenfile(path='C:\\Windows\\System32\\en-US\\shell32.dll.mui', fd=-1), popenfile(path='C:\\Windows\\System32\\en-US\\propsys.dll.mui', fd=-1), popenfile(path='C:\\Windows\\System32\\en-US\\windows.storage.dll.mui', fd=-1)]",RuntimeBroker.exe,"['C:\\Windows\\System32\\RuntimeBroker.exe', '-Embedding']",C:\Windows\System32\RuntimeBroker.exe,11176,32.0,109,9,883640,2731,0.40625,0.375,2911,0,26.609375,6.9140625,benign
0.1169340205035125,1,0.0,164,"[popenfile(path='C:\\Windows\\System32\\en-US\\securityhealthsso.dll.mui', fd=-1), popenfile(path='C:\\Windows\\Registration\\R000000000006.clb', fd=-1)]",SecurityHealthSystray.exe,['C:\\Windows\\System32\\SecurityHealthSystray.exe'],C:\Windows\System32\SecurityHealthSystray.exe,11220,32.0,1,0,5372,0,0.015625,0.0625,267,0,9.578125,1.6875,benign
