cpu_percent,num_handles,pid,name,cmdline,memory_percent,num_threads,open_files,nice,exe,read_count,write_count,read_bytes,write_bytes,cpu_times_user,cpu_times_system,voluntary_ctx_switches,involuntary_ctx_switches,memory_rss,memory_vms,label
0.0,3156,4,System,[],0.003243244274481486,111,[],,,228,1177,486964,42959972,0.0,145.484375,1526116,0,0.1328125,0.19140625,benign
0.0,0,92,Registry,,0.6628618959815249,4,,,Registry,86,2491,675840,65220608,0.0,0.6875,4829,0,27.14453125,3.30078125,benign
0.0,257,212,msedge.exe,"['C:\\Program Files (x86)\\Microsoft\\Edge\\Application\\msedge.exe', '--type=utility', '--utility-sub-type=edge_search_indexer.mojom.SearchIndexerInterfaceBroker', '--lang=en-US', '--service-sandbox-type=search_indexer', '--message-loop-type-ui', '--no-pre-read-main-dll', '--skip-read-main-dll', '--metrics-shmem-handle=5948,i,12791693631914837810,15682252403766016919,524288', '--field-trial-handle=2084,i,15097455975441437171,2563118911106030475,262144', '--variations-seed-version', '--trace-process-track-uuid=3190709010674959568', '--mojo-platform-channel-handle=6440', '/prefetch:8']",0.5731003412083756,9,"[popenfile(path='C:\\Program Files (x86)\\Microsoft\\Edge\\Application\\142.0.3595.53\\resources.pak', fd=-1), popenfile(path='C:\\Program Files (x86)\\Microsoft\\Edge\\Application\\142.0.3595.53\\Locales\\en-US.pak', fd=-1), popenfile(path='C:\\Program Files (x86)\\Microsoft\\Edge\\Application\\142.0.3595.53\\msedge_200_percent.pak', fd=-1), popenfile(path='C:\\Windows\\Registration\\R000000000006.clb', fd=-1), popenfile(path='C:\\Program Files (x86)\\Microsoft\\Edge\\Application\\142.0.3595.53\\icudtl.dat', fd=-1), popenfile(path='C:\\Program Files (x86)\\Microsoft\\Edge\\Application\\142.0.3595.53\\msedge_100_percent.pak', fd=-1), popenfile(path='C:\\Program Files (x86)\\Microsoft\\Edge\\Application\\142.0.3595.53\\v8_context_snapshot.bin', fd=-1)]",32.0,C:\Program Files (x86)\Microsoft\Edge\Application\msedge.exe,88,66,44275,46336,0.265625,0.453125,3954,0,23.46875,8.78515625,benign
0.0,53,316,smss.exe,,0.0234658262212484,2,,,C:\Windows\System32\smss.exe,22,37,16804,32062,0.015625,0.203125,923,0,0.9609375,1.0703125,benign
0.0,285,404,svchost.exe,,0.2807314088176181,4,,,C:\Windows\System32\svchost.exe,0,0,0,0,0.046875,0.171875,66,0,11.49609375,2.0546875,benign
0.0,538,416,csrss.exe,,0.11065186348230953,10,,,C:\Windows\System32\csrss.exe,247,0,189331,0,0.109375,0.640625,13206,0,4.53125,1.6875,benign
0.0,165,492,wininit.exe,,0.1430843062271244,1,,,C:\Windows\System32\wininit.exe,2,0,9732,0,0.015625,0.046875,392,0,5.859375,1.32421875,benign
0.0,598,500,csrss.exe,,1.116534536258994,12,,,C:\Windows\System32\csrss.exe,150339,0,3957639,0,0.171875,24.359375,952785,0,45.72265625,3.67578125,benign
0.0,991,504,dwm.exe,,1.188172078910041,15,,,C:\Windows\System32\dwm.exe,2,0,109516,0,29.828125,33.09375,910731,0,48.65625,66.453125,benign
0.0,283,556,winlogon.exe,,0.231987355162911,5,,,C:\Windows\System32\winlogon.exe,3,0,9872,0,0.0625,0.28125,946,0,9.5,3.66796875,benign
0.0,652,636,services.exe,,0.20813997079172364,5,,,C:\Windows\System32\services.exe,54,35,413812,24084,0.65625,2.359375,1200,0,8.5234375,4.78515625,benign
0.0,1411,652,lsass.exe,,0.425151168569529,9,,,C:\Windows\System32\lsass.exe,1885,1256,140058,197917,2.21875,3.0,20527,0,17.41015625,7.7578125,benign
0.0,768,708,powershell.exe,"['C:\\Windows\\System32\\WindowsPowerShell\\v1.0\\powershell.exe', '-noexit', '-command', 'try { . ""c:\\Users\\keylogger\\AppData\\Local\\Programs\\Microsoft VS Code\\resources\\app\\out\\vs\\workbench\\contrib\\terminal\\common\\scripts\\shellIntegration.ps1"" } catch {}']",2.01901495040221,9,"[popenfile(path='C:\\Windows\\System32\\WindowsPowerShell\\v1.0\\en-US\\powershell.exe.mui', fd=-1), popenfile(path='C:\\Windows\\System32\\en-US\\propsys.dll.mui', fd=-1), popenfile(path='C:\\Windows\\Microsoft.NET\\assembly\\GAC_64\\System.Transactions\\v4.0_4.0.0.0__b77a5c561934e089\\System.Transactions.dll', fd=-1), popenfile(path='C:\\Windows\\Microsoft.NET\\assembly\\GAC_MSIL\\System.Dynamic\\v4.0_4.0.0.0__b03f5f7f11d50a3a\\System.Dynamic.dll', fd=-1), popenfile(path='C:\\Windows\\System32\\en-US\\KernelBase.dll.mui', fd=-1), popenfile(path='C:\\Program Files\\WindowsPowerShell\\Modules\\PSReadline\\2.0.0\\Microsoft.PowerShell.PSReadline.dll', fd=-1), popenfile(path='C:\\Windows\\Registration\\R000000000006.clb', fd=-1), popenfile(path='C:\\Windows\\System32\\en-US\\winnlsres.dll.mui', fd=-1), popenfile(path='C:\\Windows\\System32\\en-US\\crypt32.dll.mui', fd=-1), popenfile(path='C:\\Windows\\Microsoft.NET\\assembly\\GAC_MSIL\\Microsoft.Management.Infrastructure\\v4.0_1.0.0.0__31bf3856ad364e35\\Microsoft.Management.Infrastructure.dll', fd=-1)]",32.0,C:\Windows\System32\WindowsPowerShell\v1.0\powershell.exe,162,161,485418,1562,0.75,1.03125,20232,0,82.6796875,65.84765625,benign
0.0,1411,780,svchost.exe,,0.640349965135124,12,,,C:\Windows\System32\svchost.exe,38,8,299008,98304,3.859375,11.609375,20447,0,26.22265625,9.9296875,benign
0.0,216,800,svchost.exe,,0.21138321506620508,1,,,C:\Windows\System32\svchost.exe,0,0,0,0,0.03125,0.09375,49,0,8.65625,2.08984375,benign
0.0,50,808,fontdrvhost.exe,,0.12047698584323875,5,,,C:\Windows\System32\fontdrvhost.exe,0,0,0,0,0.109375,0.28125,7736,0,4.93359375,1.84765625,benign
0.0,50,816,fontdrvhost.exe,,0.06505566456459923,5,,,C:\Windows\System32\fontdrvhost.exe,0,0,0,0,0.0,0.03125,1849,0,2.6640625,1.45703125,benign
0.0,1193,900,svchost.exe,,0.35055655025645477,10,,,C:\Windows\System32\svchost.exe,20,0,81920,0,6.84375,9.4375,14570,0,14.35546875,7.48046875,benign
0.0,310,948,svchost.exe,,0.23322741915021275,4,,,C:\Windows\System32\svchost.exe,0,0,0,0,0.21875,0.59375,1177,0,9.55078125,2.53515625,benign
0.0,120,1032,svchost.exe,,0.12066776491820824,3,,,C:\Windows\System32\svchost.exe,0,0,0,0,0.015625,0.015625,62,0,4.94140625,1.265625,benign
0.0,114,1068,conhost.exe,"['\\\\?\\C:\\Windows\\system32\\conhost.exe', '--headless', '--width', '184', '--height', '12', '--signal', '0x730', '--server', '0x6f4']",0.15262325997559936,5,"[popenfile(path='C:\\Windows\\System32\\en-US\\Conhost.exe.mui', fd=-1)]",32.0,C:\Windows\System32\conhost.exe,55,103,125,6293,0.25,1.1875,141980,0,6.25,1.296875,benign
0.0,415,1172,svchost.exe,,0.361144788917262,7,,,C:\Windows\System32\svchost.exe,3343,936,79048016,17053024,0.796875,2.984375,3675,0,14.7890625,16.12890625,benign
0.0,393,1200,svchost.exe,,0.35618453296805497,5,,,C:\Windows\System32\svchost.exe,1,524,6,7845922,0.375,1.21875,1939,0,14.5859375,5.90625,benign
0.0,246,1232,svchost.exe,,0.3164070958369144,2,,,C:\Windows\System32\svchost.exe,27,0,200704,0,0.09375,0.171875,69,0,12.95703125,3.1484375,benign
0.0,142,1276,svchost.exe,,0.15739273684983685,1,,,C:\Windows\System32\svchost.exe,0,0,0,0,0.078125,0.203125,44,0,6.4453125,4.23046875,benign
0.0,247,1320,svchost.exe,,0.21567574425301883,7,,,C:\Windows\System32\svchost.exe,0,0,0,0,0.65625,1.171875,1600,0,8.83203125,2.5546875,benign
0.0,167,1336,svchost.exe,,0.14050878871503616,2,,,C:\Windows\System32\svchost.exe,0,0,0,0,0.140625,0.171875,11091,0,5.75390625,1.4609375,benign
0.0,232,1364,svchost.exe,,0.17103344071015603,6,,,C:\Windows\System32\svchost.exe,0,0,0,0,0.125,0.46875,328,0,7.00390625,2.1171875,benign
0.0,205,1464,dllhost.exe,,0.24677273347304718,5,,,C:\Windows\System32\dllhost.exe,24,70,2408448,1015808,0.03125,0.0625,296,0,10.10546875,3.890625,benign
0.0,230,1516,svchost.exe,,0.2479174079228642,2,,,C:\Windows\System32\svchost.exe,0,0,0,0,0.015625,0.078125,88,0,10.15234375,2.26953125,benign
0.0,779,1556,powershell.exe,"['C:\\Windows\\System32\\WindowsPowerShell\\v1.0\\powershell.exe', '-noexit', '-command', 'try { . ""c:\\Users\\keylogger\\AppData\\Local\\Programs\\Microsoft VS Code\\resources\\app\\out\\vs\\workbench\\contrib\\terminal\\common\\scripts\\shellIntegration.ps1"" } catch {}']",1.4810179589882222,13,"[popenfile(path='C:\\Windows\\System32\\WindowsPowerShell\\v1.0\\en-US\\powershell.exe.mui', fd=-1), popenfile(path='C:\\Windows\\Microsoft.NET\\assembly\\GAC_64\\System.Transactions\\v4.0_4.0.0.0__b77a5c561934e089\\System.Transactions.dll', fd=-1), popenfile(path='C:\\Windows\\Microsoft.NET\\assembly\\GAC_MSIL\\System.Dynamic\\v4.0_4.0.0.0__b03f5f7f11d50a3a\\System.Dynamic.dll', fd=-1), popenfile(path='C:\\Windows\\System32\\en-US\\KernelBase.dll.mui', fd=-1), popenfile(path='C:\\Windows\\Microsoft.NET\\assembly\\GAC_MSIL\\Microsoft.Management.Infrastructure\\v4.0_1.0.0.0__31bf3856ad364e35\\Microsoft.Management.Infrastructure.dll', fd=-1), popenfile(path='C:\\Program Files\\WindowsPowerShell\\Modules\\PSReadline\\2.0.0\\Microsoft.PowerShell.PSReadline.dll', fd=-1), popenfile(path='C:\\Windows\\System32\\en-US\\winnlsres.dll.mui', fd=-1), popenfile(path='C:\\Windows\\System32\\en-US\\crypt32.dll.mui', fd=-1)]",32.0,C:\Windows\System32\WindowsPowerShell\v1.0\powershell.exe,155,64,476771,1067,0.59375,0.890625,17207,0,60.6484375,63.59765625,benign
0.0,129,1592,svchost.exe,,0.16158987649916584,1,,,C:\Windows\System32\svchost.exe,0,0,0,0,0.015625,0.078125,76,0,6.6171875,1.38671875,benign
0.0,158,1600,python.exe,"['C:\\Users\\keylogger\\AppData\\Local\\Microsoft\\WindowsApps\\python.exe', '.\\generate_data.py']",0.29055653117854724,3,"[popenfile(path='C:\\Windows\\System32\\en-US\\winhttp.dll.mui', fd=-1), popenfile(path='C:\\Windows\\System32\\en-US\\KernelBase.dll.mui', fd=-1)]",32.0,C:\Program Files\WindowsApps\PythonSoftwareFoundation.PythonManager_25.0.240.0_x64__3847v3x7pw1km\python.exe,64,0,7188087,0,0.046875,0.09375,163,0,11.8984375,4.53125,benign
0.0,443,1604,svchost.exe,,0.2046105579047879,4,,,C:\Windows\System32\svchost.exe,34,0,714,0,0.1875,0.40625,265,0,8.37890625,2.82421875,benign
0.0,224,1616,svchost.exe,,0.33166942183447434,3,,,C:\Windows\System32\svchost.exe,3,517,233633,5551039,0.890625,13.546875,10617,0,13.58203125,2.7578125,benign
0.0,235,1644,svchost.exe,,0.14069956779000564,3,,,C:\Windows\System32\svchost.exe,0,0,0,0,0.0,0.0625,1182,0,5.76171875,1.328125,benign
0.0,393,1704,svchost.exe,,0.2515422103472847,5,,,C:\Windows\System32\svchost.exe,9,9,1044,1440,0.09375,0.375,2321,0,10.30078125,3.9296875,benign
0.0,0,1788,MemCompression,,2.375199483370265,58,,,MemCompression,0,0,0,0,0.0,26.703125,334829,0,97.265625,0.91015625,benign
0.0,171,1804,svchost.exe,,0.177901487409058,2,,,C:\Windows\System32\svchost.exe,72,0,1448,0,0.0,0.03125,304,0,7.28515625,1.7421875,benign
0.0,181,1872,svchost.exe,,0.17513519082200027,2,,,C:\Windows\System32\svchost.exe,0,0,0,0,0.015625,0.09375,211,0,7.171875,1.66015625,benign
0.0,155,1880,svchost.exe,,0.16349766724886083,5,,,C:\Windows\System32\svchost.exe,0,0,0,0,0.453125,0.578125,1918,0,6.6953125,1.9453125,benign
0.0,177,1924,svchost.exe,,0.17141499886009504,4,,,C:\Windows\System32\svchost.exe,0,0,0,0,0.109375,0.4375,91,0,7.01953125,1.875,benign
0.0,557,1952,svchost.exe,,0.2240700235516768,6,,,C:\Windows\System32\svchost.exe,0,0,0,0,0.21875,0.734375,363,0,9.17578125,2.8359375,benign
0.0,130,1960,svchost.exe,,0.18801277838244146,2,,,C:\Windows\System32\svchost.exe,1,0,4293,0,0.0,0.03125,130,0,7.69921875,1.60546875,benign
0.0,368,2020,svchost.exe,,0.3209857936361824,12,,,C:\Windows\System32\svchost.exe,0,0,0,0,0.171875,0.296875,594,0,13.14453125,3.2421875,benign
0.0,308,2056,svchost.exe,,0.19726556351846217,10,,,C:\Windows\System32\svchost.exe,4,0,1648,0,0.265625,0.859375,992,0,8.078125,3.0,benign
0.0,188,2064,svchost.exe,,0.4077902727473045,6,,,C:\Windows\System32\svchost.exe,4498,165,18288000,427472,8.84375,4.9375,172,0,16.69921875,8.5390625,benign
0.0,137,2072,svchost.exe,,0.14565982373921263,3,,,C:\Windows\System32\svchost.exe,0,0,0,0,0.015625,0.03125,277,0,5.96484375,1.51171875,benign
0.0,368,2088,svchost.exe,,0.20079497640539792,4,,,C:\Windows\System32\svchost.exe,0,0,0,0,0.03125,0.140625,370,0,8.22265625,2.19921875,benign
0.0,365,2160,svchost.exe,,0.2271224887511888,5,,,C:\Windows\System32\svchost.exe,1,1,116,160,0.078125,0.078125,240,0,9.30078125,2.70703125,benign
0.0,158,2164,svchost.exe,,0.16435617308622355,3,,,C:\Windows\System32\svchost.exe,0,0,0,0,0.0,0.078125,65,0,6.73046875,1.83203125,benign
0.0,200,2200,svchost.exe,,0.288362571816398,2,,,C:\Windows\System32\svchost.exe,0,0,0,0,0.046875,0.078125,487,0,11.80859375,2.3203125,benign
0.0,440,2316,spoolsv.exe,,0.28779023459148956,9,,,C:\Windows\System32\spoolsv.exe,2,2,232,320,0.015625,0.140625,393,0,11.78515625,5.203125,benign
0.0,399,2388,svchost.exe,,0.353132067768543,10,,,C:\Windows\System32\svchost.exe,1,2,116,32928,0.296875,0.703125,714,0,14.4609375,9.06640625,benign
0.0,186,2424,svchost.exe,,0.17647064434678675,5,,,C:\Windows\System32\svchost.exe,1280,861,82696,139224,0.03125,0.140625,3351,0,7.2265625,2.0,benign
0.0,207,2616,svchost.exe,,0.179427720008814,5,,,C:\Windows\System32\svchost.exe,0,0,0,0,0.015625,0.015625,176,0,7.34765625,1.875,benign
0.0,155,2656,python.exe,"['C:\\Users\\keylogger\\AppData\\Local\\Python\\pythoncore-3.14-64\\python.exe', '.\\keylogger.py']",0.5202545374418244,5,"[popenfile(path='C:\\Windows\\System32\\en-US\\KernelBase.dll.mui', fd=-1)]",32.0,C:\Users\keylogger\AppData\Local\Python\pythoncore-3.14-64\python.exe,155,86,1865582,10881,0.109375,0.125,4375,0,21.3046875,14.0078125,keylogger
0.0,287,2752,svchost.exe,,0.3123053457250702,5,,,C:\Windows\System32\svchost.exe,955,98,9377364,280096,0.234375,0.578125,1681,0,12.7890625,3.79296875,benign
0.0,705,2772,svchost.exe,,0.9283309788015831,9,,,C:\Windows\System32\svchost.exe,343,1008,28932441,2534440,7.703125,8.234375,68681,0,38.015625,22.3515625,benign
0.0,345,2804,svchost.exe,,0.6625757273690707,13,,,C:\Windows\System32\svchost.exe,792,1421,65818934,7154204,7.203125,19.671875,46955,0,27.1328125,25.47265625,benign
0.0,145,2812,cmd.exe,"['cmd', '/k', 'python', '.\\keylogger.py']",0.18801277838244146,3,[],32.0,C:\Windows\System32\cmd.exe,0,0,0,0,0.0,0.03125,174,0,7.69921875,4.703125,benign
0.0,181,2824,audiodg.exe,"['C:\\Windows\\system32\\AUDIODG.EXE', '0x514']",0.2980923046398425,5,,32.0,C:\Windows\System32\audiodg.exe,1,0,7469,0,0.03125,1.71875,223,0,12.20703125,6.140625,benign
0.0,395,2828,svchost.exe,,0.42457883134462043,16,,,C:\Windows\System32\svchost.exe,4829,16,39010696,346340,6.40625,5.9375,13325,0,17.38671875,10.26171875,benign
0.0,308,2836,svchost.exe,,0.4321146048059157,4,,,C:\Windows\System32\svchost.exe,151,0,353181,0,0.25,0.296875,186,0,17.6953125,5.15234375,benign
0.0,213,2896,svchost.exe,,0.20222581946766913,6,,,C:\Windows\System32\svchost.exe,3174,2117,208116,334152,0.078125,0.09375,5955,0,8.28125,2.37109375,benign
0.0,134,2936,svchost.exe,,0.13440385831601218,5,,,C:\Windows\System32\svchost.exe,0,0,0,0,0.0,0.09375,46,0,5.50390625,1.56640625,benign
0.0,136,2952,svchost.exe,,0.1279173697670492,3,,,C:\Windows\System32\svchost.exe,1,0,512,0,0.0,0.03125,257,0,5.23828125,1.265625,benign
0.0,166,2972,VGAuthService.exe,,0.16969798718536952,2,,,C:\Program Files\VMware\VMware Tools\VMware VGAuth\VGAuthService.exe,30,22,32424,2280,0.015625,0.03125,399,0,6.94921875,2.453125,benign
0.0,128,2980,vm3dservice.exe,,0.14012723056509716,3,,,C:\Windows\System32\vm3dservice.exe,0,0,0,0,0.015625,0.03125,8266,0,5.73828125,1.54296875,benign
0.0,308,2988,vmtoolsd.exe,,0.3617171261421705,11,,,C:\Program Files\VMware\VMware Tools\vmtoolsd.exe,2421,1225,27928,275739,0.671875,1.78125,122047,0,14.8125,6.2265625,benign
0.0,267,3008,dllhost.exe,"['C:\\Windows\\system32\\DllHost.exe', '/Processid:{973D20D7-562D-44B9-B70B-5A0F49CCDF3F}']",0.288362571816398,6,"[popenfile(path='C:\\Users\\keylogger\\AppData\\Local\\Packages\\Microsoft.Windows.Search_cw5n1h2txyewy\\AppData\\CacheStorage\\CacheStorage.edb', fd=-1), popenfile(path='C:\\Windows\\System32\\en-US\\ESENT.dll.mui', fd=-1), popenfile(path='C:\\Users\\keylogger\\AppData\\Local\\Packages\\Microsoft.Windows.Search_cw5n1h2txyewy\\AppData\\CacheStorage\\CacheStorage.jfm', fd=-1), popenfile(path='C:\\Users\\keylogger\\AppData\\Local\\Microsoft\\Internet Explorer\\CacheStorage\\edb.log', fd=-1), popenfile(path='C:\\Windows\\Registration\\R000000000006.clb', fd=-1)]",32.0,C:\Windows\System32\dllhost.exe,202,338,12968134,7483392,0.375,0.40625,1399,0,11.80859375,3.78125,benign
0.0,379,3032,svchost.exe,,0.4485216052532926,6,,,C:\Windows\System32\svchost.exe,728,49,2986480,99040,0.125,0.078125,769,0,18.3671875,4.25390625,benign
0.0,875,3044,MsMpEng.exe,,4.977998403179142,27,,,C:\ProgramData\Microsoft\Windows Defender\Platform\4.18.25090.3009-0\MsMpEng.exe,15309,3821,1152420801,693923286,130.8125,30.359375,303419,0,203.8515625,288.453125,benign
0.0,827,3068,Taskmgr.exe,"['C:\\Windows\\system32\\taskmgr.exe', '/7']",1.5881404095835958,21,,32.0,C:\Windows\System32\Taskmgr.exe,820,22,1094587,198532,113.109375,446.640625,2228964,0,65.03515625,36.4609375,benign
0.0,136,3124,vm3dservice.exe,,0.1534817658129621,4,,,C:\Windows\System32\vm3dservice.exe,0,0,0,0,0.046875,1.046875,29440,0,6.28515625,1.703125,benign
0.0,451,3436,msedge.exe,"['C:\\Program Files (x86)\\Microsoft\\Edge\\Application\\msedge.exe', '--type=renderer', '--pdf-upsell-enabled', '--dma-cps-flags=2048', '--no-pre-read-main-dll', '--disable-gpu-compositing', '--video-capture-use-gpu-memory-buffer', '--lang=en-US', '--js-flags=--ms-user-locale=', '--device-scale-factor=1', '--num-raster-threads=1', '--renderer-client-id=40', '--time-ticks-at-unix-epoch=-1762955756248050', '--launch-time-ticks=3123906279', '--skip-read-main-dll', '--metrics-shmem-handle=5524,i,11307852610085143561,13330827466073125397,2097152', '--field-trial-handle=2084,i,15097455975441437171,2563118911106030475,262144', '--variations-seed-version', '--trace-process-track-uuid=3190709023793545454', '--mojo-platform-channel-handle=5740', '/prefetch:1']",2.345437947675023,17,"[popenfile(path='C:\\Windows\\Fonts\\arial.ttf', fd=-1), popenfile(path='C:\\Users\\keylogger\\AppData\\Local\\Microsoft\\Edge\\User Data\\Subresource Filter\\Indexed Rules\\37\\10.34.0.81\\Ruleset Data', fd=-1), popenfile(path='C:\\Windows\\Fonts\\arialbi.ttf', fd=-1), popenfile(path='C:\\Windows\\Fonts\\arialbd.ttf', fd=-1), popenfile(path='C:\\Windows\\Fonts\\times.ttf', fd=-1), popenfile(path='C:\\Windows\\Fonts\\consolai.ttf', fd=-1), popenfile(path='C:\\Windows\\Fonts\\consolab.ttf', fd=-1), popenfile(path='C:\\Windows\\Fonts\\consola.ttf', fd=-1), popenfile(path='C:\\Program Files (x86)\\Microsoft\\Edge\\Application\\142.0.3595.53\\msedge_100_percent.pak', fd=-1), popenfile(path='C:\\Program Files (x86)\\Microsoft\\Edge\\Application\\142.0.3595.53\\v8_context_snapshot.bin', fd=-1), popenfile(path='C:\\Windows\\Fonts\\timesi.ttf', fd=-1), popenfile(path='C:\\Program Files (x86)\\Microsoft\\Edge\\Application\\142.0.3595.53\\msedge_200_percent.pak', fd=-1), popenfile(path='C:\\Windows\\Fonts\\timesbd.ttf', fd=-1), popenfile(path='C:\\Windows\\Fonts\\timesbi.ttf', fd=-1), popenfile(path='C:\\Windows\\Fonts\\consolaz.ttf', fd=-1), popenfile(path='C:\\Windows\\Fonts\\ariali.ttf', fd=-1), popenfile(path='C:\\Program Files (x86)\\Microsoft\\Edge\\Application\\142.0.3595.53\\resources.pak', fd=-1), popenfile(path='C:\\Users\\keylogger\\AppData\\Local\\Temp\\55476706-a714-48df-b942-47df2a2efb10.tmp', fd=-1), popenfile(path='C:\\Program Files (x86)\\Microsoft\\Edge\\Application\\142.0.3595.53\\Locales\\en-US.pak', fd=-1), popenfile(path='C:\\Program Files (x86)\\Microsoft\\Edge\\Application\\142.0.3595.53\\icudtl.dat', fd=-1), popenfile(path='C:\\Windows\\Fonts\\ariblk.ttf', fd=-1)]",32.0,C:\Program Files (x86)\Microsoft\Edge\Application\msedge.exe,6439,7096,6030436,9251159,5.359375,2.4375,53264,0,96.046875,70.25390625,benign
0.0,1044,3456,msedgewebview2.exe,"['C:\\Program Files (x86)\\Microsoft\\EdgeWebView\\Application\\142.0.3595.69\\msedgewebview2.exe', '--embedded-browser-webview=1', '--webview-exe-name=SearchApp.exe', '--webview-exe-version=10.0.19041.6282', '--user-data-dir=C:\\Users\\keylogger\\AppData\\Local\\Packages\\Microsoft.Windows.Search_cw5n1h2txyewy\\LocalState\\EBWebView', '--noerrdialogs', '--enable-features=msEmbeddedBrowserVisualHosting', '--lang=en-US', '--mojo-named-platform-channel-pipe=6632.1460.13820676504618395795']",1.8213678287338089,54,"[popenfile(path='C:\\Users\\keylogger\\AppData\\Local\\Packages\\Microsoft.Windows.Search_cw5n1h2txyewy\\LocalState\\EBWebView\\ShaderCache\\index', fd=-1), popenfile(path='C:\\Users\\keylogger\\AppData\\Local\\Packages\\Microsoft.Windows.Search_cw5n1h2txyewy\\LocalState\\EBWebView\\Default\\Extension Scripts\\000003.log', fd=-1), popenfile(path='C:\\Users\\keylogger\\AppData\\Local\\Packages\\Microsoft.Windows.Search_cw5n1h2txyewy\\LocalState\\EBWebView\\BrowserMetrics\\BrowserMetrics-691493D5-D80.pma', fd=-1), popenfile(path='C:\\Users\\keylogger\\AppData\\Local\\Packages\\Microsoft.Windows.Search_cw5n1h2txyewy\\LocalState\\EBWebView\\Default\\Extension Rules\\LOCK', fd=-1), popenfile(path='C:\\Users\\keylogger\\AppData\\Local\\Packages\\Microsoft.Windows.Search_cw5n1h2txyewy\\LocalState\\EBWebView\\Default\\Code Cache\\js\\fff490e040697223_0', fd=-1), popenfile(path='C:\\Users\\keylogger\\AppData\\Local\\Packages\\Microsoft.Windows.Search_cw5n1h2txyewy\\LocalState\\EBWebView\\Default\\Code Cache\\js\\db05280cef3e97b6_0', fd=-1), popenfile(path='C:\\Users\\keylogger\\AppData\\Local\\Packages\\Microsoft.Windows.Search_cw5n1h2txyewy\\LocalState\\EBWebView\\Default\\ServerCertificate-journal', fd=-1), popenfile(path='C:\\Users\\keylogger\\AppData\\Local\\Packages\\Microsoft.Windows.Search_cw5n1h2txyewy\\LocalState\\EBWebView\\ShaderCache\\data_2', fd=-1), popenfile(path='C:\\Users\\keylogger\\AppData\\Local\\Packages\\Microsoft.Windows.Search_cw5n1h2txyewy\\LocalState\\EBWebView\\Default\\Local Storage\\leveldb\\LOCK', fd=-1), popenfile(path='C:\\Users\\keylogger\\AppData\\Local\\Packages\\Microsoft.Windows.Search_cw5n1h2txyewy\\LocalState\\EBWebView\\Default\\shared_proto_db\\LOG', fd=-1), popenfile(path='C:\\Users\\keylogger\\AppData\\Local\\Packages\\Microsoft.Windows.Search_cw5n1h2txyewy\\LocalState\\EBWebView\\Default\\Sync Data\\LevelDB\\LOG', fd=-1), popenfile(path='C:\\Users\\keylogger\\AppData\\Local\\Packages\\Microsoft.Windows.Search_cw5n1h2txyewy\\LocalState\\EBWebView\\GrShaderCache\\data_3', fd=-1), popenfile(path='C:\\Users\\keylogger\\AppData\\Local\\Packages\\Microsoft.Windows.Search_cw5n1h2txyewy\\LocalState\\EBWebView\\Default\\Site Characteristics Database\\LOCK', fd=-1), popenfile(path='C:\\Users\\keylogger\\AppData\\Local\\Packages\\Microsoft.Windows.Search_cw5n1h2txyewy\\LocalState\\EBWebView\\Default\\Extension Rules\\LOG', fd=-1), popenfile(path='C:\\Users\\keylogger\\AppData\\Local\\Packages\\Microsoft.Windows.Search_cw5n1h2txyewy\\LocalState\\EBWebView\\Default\\shared_proto_db\\metadata\\LOCK', fd=-1), popenfile(path='C:\\Users\\keylogger\\AppData\\Local\\Packages\\Microsoft.Windows.Search_cw5n1h2txyewy\\LocalState\\EBWebView\\Default\\ServerCertificate', fd=-1), popenfile(path='C:\\Users\\keylogger\\AppData\\Local\\Packages\\Microsoft.Windows.Search_cw5n1h2txyewy\\LocalState\\EBWebView\\Default\\Code Cache\\js\\5146d5cf972cf510_0', fd=-1), popenfile(path='C:\\Users\\keylogger\\AppData\\Local\\Packages\\Microsoft.Windows.Search_cw5n1h2txyewy\\LocalState\\EBWebView\\Default\\Code Cache\\js\\7ec5490706114f24_0', fd=-1), popenfile(path='C:\\Users\\keylogger\\AppData\\Local\\Packages\\Microsoft.Windows.Search_cw5n1h2txyewy\\LocalState\\EBWebView\\Default\\Site Characteristics Database\\000003.log', fd=-1), popenfile(path='C:\\Users\\keylogger\\AppData\\Local\\Packages\\Microsoft.Windows.Search_cw5n1h2txyewy\\LocalState\\EBWebView\\Default\\Site Characteristics Database\\LOG', fd=-1), popenfile(path='C:\\Users\\keylogger\\AppData\\Local\\Packages\\Microsoft.Windows.Search_cw5n1h2txyewy\\LocalState\\EBWebView\\Default\\Login Data', fd=-1), popenfile(path='C:\\Users\\keylogger\\AppData\\Local\\Packages\\Microsoft.Windows.Search_cw5n1h2txyewy\\LocalState\\EBWebView\\GrShaderCache\\data_1', fd=-1), popenfile(path='C:\\Users\\keylogger\\AppData\\Local\\Packages\\Microsoft.Windows.Search_cw5n1h2txyewy\\LocalState\\EBWebView\\Default\\Code Cache\\js\\cfffdd7b5ed23e55_0', fd=-1), popenfile(path='C:\\Users\\keylogger\\AppData\\Local\\Packages\\Microsoft.Windows.Search_cw5n1h2txyewy\\LocalState\\EBWebView\\Default\\Sync Data\\LevelDB\\000003.log', fd=-1), popenfile(path='C:\\Users\\keylogger\\AppData\\Local\\Packages\\Microsoft.Windows.Search_cw5n1h2txyewy\\LocalState\\EBWebView\\Default\\Session Storage\\LOCK', fd=-1), popenfile(path='C:\\Program Files (x86)\\Microsoft\\EdgeWebView\\Application\\142.0.3595.69\\icudtl.dat', fd=-1), popenfile(path='C:\\Users\\keylogger\\AppData\\Local\\Packages\\Microsoft.Windows.Search_cw5n1h2txyewy\\LocalState\\EBWebView\\Default\\Extension Scripts\\LOG', fd=-1), popenfile(path='C:\\Users\\keylogger\\AppData\\Local\\Packages\\Microsoft.Windows.Search_cw5n1h2txyewy\\LocalState\\EBWebView\\Default\\Code Cache\\js\\ef8573e04f3359c9_0', fd=-1), popenfile(path='C:\\Program Files (x86)\\Microsoft\\EdgeWebView\\Application\\142.0.3595.69\\msedge_200_percent.pak', fd=-1), popenfile(path='C:\\Users\\keylogger\\AppData\\Local\\Packages\\Microsoft.Windows.Search_cw5n1h2txyewy\\LocalState\\EBWebView\\Default\\Extension Rules\\MANIFEST-000001', fd=-1), popenfile(path='C:\\Users\\keylogger\\AppData\\Local\\Packages\\Microsoft.Windows.Search_cw5n1h2txyewy\\LocalState\\EBWebView\\Default\\shared_proto_db\\000003.log', fd=-1), popenfile(path='C:\\Users\\keylogger\\AppData\\Local\\Packages\\Microsoft.Windows.Search_cw5n1h2txyewy\\LocalState\\EBWebView\\Default\\Code Cache\\js\\0fd9e9379e929301_0', fd=-1), popenfile(path='C:\\Users\\keylogger\\AppData\\Local\\Packages\\Microsoft.Windows.Search_cw5n1h2txyewy\\LocalState\\EBWebView\\ShaderCache\\data_0', fd=-1), popenfile(path='C:\\Users\\keylogger\\AppData\\Local\\Packages\\Microsoft.Windows.Search_cw5n1h2txyewy\\LocalState\\EBWebView\\Default\\Favicons', fd=-1), popenfile(path='C:\\Windows\\Fonts\\segoeui.ttf', fd=-1), popenfile(path='C:\\Users\\keylogger\\AppData\\Local\\Packages\\Microsoft.Windows.Search_cw5n1h2txyewy\\LocalState\\EBWebView\\Default\\History-journal', fd=-1), popenfile(path='C:\\Users\\keylogger\\AppData\\Local\\Packages\\Microsoft.Windows.Search_cw5n1h2txyewy\\LocalState\\EBWebView\\Default\\Code Cache\\js\\8255d97b6742f565_0', fd=-1), popenfile(path='C:\\Windows\\System32\\en-US\\KernelBase.dll.mui', fd=-1), popenfile(path='C:\\Users\\keylogger\\AppData\\Local\\Packages\\Microsoft.Windows.Search_cw5n1h2txyewy\\LocalState\\EBWebView\\Default\\Code Cache\\js\\60a9df5883d6cfb2_0', fd=-1), popenfile(path='C:\\Users\\keylogger\\AppData\\Local\\Packages\\Microsoft.Windows.Search_cw5n1h2txyewy\\LocalState\\EBWebView\\Default\\Extension Scripts\\LOCK', fd=-1), popenfile(path='C:\\Users\\keylogger\\AppData\\Local\\Packages\\Microsoft.Windows.Search_cw5n1h2txyewy\\LocalState\\EBWebView\\Default\\Web Data-journal', fd=-1), popenfile(path='C:\\Users\\keylogger\\AppData\\Local\\Packages\\Microsoft.Windows.Search_cw5n1h2txyewy\\LocalState\\EBWebView\\Default\\shared_proto_db\\metadata\\MANIFEST-000001', fd=-1), popenfile(path='C:\\Users\\keylogger\\AppData\\Local\\Packages\\Microsoft.Windows.Search_cw5n1h2txyewy\\LocalState\\EBWebView\\GrShaderCache\\data_0', fd=-1), popenfile(path='C:\\Users\\keylogger\\AppData\\Local\\Packages\\Microsoft.Windows.Search_cw5n1h2txyewy\\LocalState\\EBWebView\\Default\\Code Cache\\js\\d6cda546e69b3999_0', fd=-1), popenfile(path='C:\\Program Files (x86)\\Microsoft\\EdgeWebView\\Application\\142.0.3595.69\\msedge_100_percent.pak', fd=-1), popenfile(path='C:\\Users\\keylogger\\AppData\\Local\\Packages\\Microsoft.Windows.Search_cw5n1h2txyewy\\LocalState\\EBWebView\\GraphiteDawnCache\\data_1', fd=-1), popenfile(path='C:\\Users\\keylogger\\AppData\\Local\\Packages\\Microsoft.Windows.Search_cw5n1h2txyewy\\LocalState\\EBWebView\\GrShaderCache\\data_2', fd=-1), popenfile(path='C:\\Users\\keylogger\\AppData\\Local\\Packages\\Microsoft.Windows.Search_cw5n1h2txyewy\\LocalState\\EBWebView\\Default\\Extension Rules\\000003.log', fd=-1), popenfile(path='C:\\Users\\keylogger\\AppData\\Local\\Packages\\Microsoft.Windows.Search_cw5n1h2txyewy\\LocalState\\EBWebView\\Default\\Vpn Tokens-journal', fd=-1), popenfile(path='C:\\Windows\\Fonts\\seguisb.ttf', fd=-1), popenfile(path='C:\\Users\\keylogger\\AppData\\Local\\Packages\\Microsoft.Windows.Search_cw5n1h2txyewy\\LocalState\\EBWebView\\GraphiteDawnCache\\index', fd=-1), popenfile(path='C:\\Users\\keylogger\\AppData\\Local\\Packages\\Microsoft.Windows.Search_cw5n1h2txyewy\\LocalState\\EBWebView\\Default\\shared_proto_db\\LOCK', fd=-1), popenfile(path='C:\\Users\\keylogger\\AppData\\Local\\Packages\\Microsoft.Windows.Search_cw5n1h2txyewy\\LocalState\\EBWebView\\Default\\Code Cache\\js\\4e7972307c4cb5f6_0', fd=-1), popenfile(path='C:\\Users\\keylogger\\AppData\\Local\\Packages\\Microsoft.Windows.Search_cw5n1h2txyewy\\LocalState\\EBWebView\\Default\\Sync Data\\LevelDB\\LOCK', fd=-1), popenfile(path='C:\\Users\\keylogger\\AppData\\Local\\Packages\\Microsoft.Windows.Search_cw5n1h2txyewy\\LocalState\\EBWebView\\Default\\Login Data-journal', fd=-1), popenfile(path='C:\\Users\\keylogger\\AppData\\Local\\Packages\\Microsoft.Windows.Search_cw5n1h2txyewy\\LocalState\\EBWebView\\Default\\History', fd=-1), popenfile(path='C:\\Users\\keylogger\\AppData\\Local\\Packages\\Microsoft.Windows.Search_cw5n1h2txyewy\\LocalState\\EBWebView\\Default\\Code Cache\\js\\4881d33afc87e917_0', fd=-1), popenfile(path='C:\\Users\\keylogger\\AppData\\Local\\Packages\\Microsoft.Windows.Search_cw5n1h2txyewy\\LocalState\\EBWebView\\Default\\Code Cache\\js\\3a5334da83a9987b_0', fd=-1), popenfile(path='C:\\Users\\keylogger\\AppData\\Local\\Packages\\Microsoft.Windows.Search_cw5n1h2txyewy\\LocalState\\EBWebView\\GrShaderCache\\index', fd=-1), popenfile(path='C:\\Users\\keylogger\\AppData\\Local\\Packages\\Microsoft.Windows.Search_cw5n1h2txyewy\\LocalState\\EBWebView\\Default\\Site Characteristics Database\\MANIFEST-000001', fd=-1), popenfile(path='C:\\Users\\keylogger\\AppData\\Local\\Packages\\Microsoft.Windows.Search_cw5n1h2txyewy\\LocalState\\EBWebView\\Default\\Login Data For Account', fd=-1), popenfile(path='C:\\Users\\keylogger\\AppData\\Local\\Packages\\Microsoft.Windows.Search_cw5n1h2txyewy\\LocalState\\EBWebView\\GraphiteDawnCache\\data_3', fd=-1), popenfile(path='C:\\Users\\keylogger\\AppData\\Local\\Packages\\Microsoft.Windows.Search_cw5n1h2txyewy\\LocalState\\EBWebView\\GraphiteDawnCache\\data_0', fd=-1), popenfile(path='C:\\Users\\keylogger\\AppData\\Local\\Packages\\Microsoft.Windows.Search_cw5n1h2txyewy\\LocalState\\EBWebView\\Default\\Extension State\\000003.log', fd=-1), popenfile(path='C:\\Users\\keylogger\\AppData\\Local\\Packages\\Microsoft.Windows.Search_cw5n1h2txyewy\\LocalState\\EBWebView\\Default\\Sync Data\\LevelDB\\MANIFEST-000001', fd=-1), popenfile(path='C:\\Users\\keylogger\\AppData\\Local\\Packages\\Microsoft.Windows.Search_cw5n1h2txyewy\\LocalState\\EBWebView\\Default\\SharedStorage-wal', fd=-1), popenfile(path='C:\\Users\\keylogger\\AppData\\Local\\Packages\\Microsoft.Windows.Search_cw5n1h2txyewy\\LocalState\\EBWebView\\Default\\Code Cache\\js\\629f61e3b0524aa2_0', fd=-1), popenfile(path='C:\\Users\\keylogger\\AppData\\Local\\Packages\\Microsoft.Windows.Search_cw5n1h2txyewy\\LocalState\\EBWebView\\Default\\Favicons-journal', fd=-1), popenfile(path='C:\\Windows\\System32\\en-US\\user32.dll.mui', fd=-1), popenfile(path='C:\\Users\\keylogger\\AppData\\Local\\Packages\\Microsoft.Windows.Search_cw5n1h2txyewy\\LocalState\\EBWebView\\Default\\Web Data', fd=-1), popenfile(path='C:\\Users\\keylogger\\AppData\\Local\\Packages\\Microsoft.Windows.Search_cw5n1h2txyewy\\LocalState\\EBWebView\\Default\\Code Cache\\js\\275d09d11b915449_0', fd=-1), popenfile(path='C:\\Users\\keylogger\\AppData\\Local\\Packages\\Microsoft.Windows.Search_cw5n1h2txyewy\\LocalState\\EBWebView\\Default\\shared_proto_db\\metadata\\LOG', fd=-1), popenfile(path='C:\\Users\\keylogger\\AppData\\Local\\Packages\\Microsoft.Windows.Search_cw5n1h2txyewy\\LocalState\\EBWebView\\Default\\Extension State\\LOCK', fd=-1), popenfile(path='C:\\Program Files (x86)\\Microsoft\\EdgeWebView\\Application\\142.0.3595.69\\Locales\\en-US.pak', fd=-1), popenfile(path='C:\\Users\\keylogger\\AppData\\Local\\Packages\\Microsoft.Windows.Search_cw5n1h2txyewy\\LocalState\\EBWebView\\Default\\Code Cache\\js\\d67af04e756aea61_0', fd=-1), popenfile(path='C:\\Users\\keylogger\\AppData\\Local\\Packages\\Microsoft.Windows.Search_cw5n1h2txyewy\\LocalState\\EBWebView\\Default\\Extension State\\MANIFEST-000001', fd=-1), popenfile(path='C:\\Users\\keylogger\\AppData\\Local\\Packages\\Microsoft.Windows.Search_cw5n1h2txyewy\\LocalState\\EBWebView\\Default\\shared_proto_db\\MANIFEST-000001', fd=-1), popenfile(path='C:\\Users\\keylogger\\AppData\\Local\\Packages\\Microsoft.Windows.Search_cw5n1h2txyewy\\LocalState\\EBWebView\\Default\\Vpn Tokens', fd=-1), popenfile(path='C:\\Users\\keylogger\\AppData\\Local\\Packages\\Microsoft.Windows.Search_cw5n1h2txyewy\\LocalState\\EBWebView\\Default\\Extension Scripts\\MANIFEST-000001', fd=-1), popenfile(path='C:\\Users\\keylogger\\AppData\\Local\\Packages\\Microsoft.Windows.Search_cw5n1h2txyewy\\LocalState\\EBWebView\\lockfile', fd=-1), popenfile(path='C:\\Users\\keylogger\\AppData\\Local\\Packages\\Microsoft.Windows.Search_cw5n1h2txyewy\\LocalState\\EBWebView\\Default\\Login Data For Account-journal', fd=-1), popenfile(path='C:\\Users\\keylogger\\AppData\\Local\\Packages\\Microsoft.Windows.Search_cw5n1h2txyewy\\LocalState\\EBWebView\\Default\\Code Cache\\js\\be99037fcc7ab570_0', fd=-1), popenfile(path='C:\\Users\\keylogger\\AppData\\Local\\Packages\\Microsoft.Windows.Search_cw5n1h2txyewy\\LocalState\\EBWebView\\Default\\Code Cache\\js\\82d8dc300636e331_0', fd=-1), popenfile(path='C:\\Users\\keylogger\\AppData\\Local\\Packages\\Microsoft.Windows.Search_cw5n1h2txyewy\\LocalState\\EBWebView\\Default\\SharedStorage', fd=-1), popenfile(path='C:\\Program Files (x86)\\Microsoft\\EdgeWebView\\Application\\142.0.3595.69\\resources.pak', fd=-1), popenfile(path='C:\\Users\\keylogger\\AppData\\Local\\Packages\\Microsoft.Windows.Search_cw5n1h2txyewy\\LocalState\\EBWebView\\Default\\Extension State\\LOG', fd=-1), popenfile(path='C:\\Windows\\Fonts\\segoeuib.ttf', fd=-1), popenfile(path='C:\\Windows\\System32\\en-US\\Windows.Security.Authentication.Web.Core.dll.mui', fd=-1), popenfile(path='C:\\Users\\keylogger\\AppData\\Local\\Packages\\Microsoft.Windows.Search_cw5n1h2txyewy\\LocalState\\EBWebView\\Default\\Code Cache\\js\\00e1fb5ed23b6952_0', fd=-1), popenfile(path='C:\\Users\\keylogger\\AppData\\Local\\Packages\\Microsoft.Windows.Search_cw5n1h2txyewy\\LocalState\\EBWebView\\ShaderCache\\data_3', fd=-1), popenfile(path='C:\\Users\\keylogger\\AppData\\Local\\Packages\\Microsoft.Windows.Search_cw5n1h2txyewy\\LocalState\\EBWebView\\ShaderCache\\data_1', fd=-1), popenfile(path='C:\\Users\\keylogger\\AppData\\Local\\Packages\\Microsoft.Windows.Search_cw5n1h2txyewy\\LocalState\\EBWebView\\GraphiteDawnCache\\data_2', fd=-1), popenfile(path='C:\\Users\\keylogger\\AppData\\Local\\Packages\\Microsoft.Windows.Search_cw5n1h2txyewy\\LocalState\\EBWebView\\Default\\shared_proto_db\\metadata\\000003.log', fd=-1)]",32.0,C:\Program Files (x86)\Microsoft\EdgeWebView\Application\142.0.3595.69\msedgewebview2.exe,4529,4583,6895273,6376049,1.34375,1.828125,16972,0,74.5859375,36.36328125,benign
0.0,556,3528,sihost.exe,['sihost.exe'],0.6363436045607646,9,"[popenfile(path='C:\\Windows\\System32\\en-US\\KernelBase.dll.mui', fd=-1), popenfile(path='C:\\Windows\\Registration\\R000000000006.clb', fd=-1)]",32.0,C:\Windows\System32\sihost.exe,155,0,634880,0,1.328125,2.296875,10923,0,26.05859375,5.8359375,benign
0.0,220,3584,RuntimeBroker.exe,"['C:\\Windows\\System32\\RuntimeBroker.exe', '-Embedding']",0.39500807472434807,3,"[popenfile(path='C:\\Windows\\System32\\en-US\\propsys.dll.mui', fd=-1), popenfile(path='C:\\Windows\\System32\\en-US\\windows.storage.dll.mui', fd=-1), popenfile(path='C:\\Windows\\Registration\\R000000000006.clb', fd=-1)]",32.0,C:\Windows\System32\RuntimeBroker.exe,0,0,0,0,0.046875,0.109375,296,0,16.17578125,2.5703125,benign
0.0,140,3616,python.exe,"['C:\\Users\\keylogger\\AppData\\Local\\Python\\pythoncore-3.14-64\\python.exe', '.\\generate_data.py']",1.6518606206234088,4,"[popenfile(path='C:\\Windows\\System32\\en-US\\tzres.dll.mui', fd=-1), popenfile(path='C:\\Windows\\System32\\en-US\\KernelBase.dll.mui', fd=-1)]",32.0,C:\Users\keylogger\AppData\Local\Python\pythoncore-3.14-64\python.exe,931,0,13620926,0,0.671875,1.71875,6803,0,67.64453125,83.3515625,benign
0.0,311,3632,svchost.exe,"['C:\\Windows\\system32\\svchost.exe', '-k', 'UnistackSvcGroup', '-s', 'CDPUserSvc']",0.4002544992860093,10,"[popenfile(path='C:\\Users\\keylogger\\AppData\\Local\\ConnectedDevicesPlatform\\L.keylogger\\ActivitiesCache.db-wal', fd=-1), popenfile(path='C:\\Users\\keylogger\\AppData\\Local\\ConnectedDevicesPlatform\\L.keylogger\\ActivitiesCache.db-shm', fd=-1), popenfile(path='C:\\Windows\\System32\\en-US\\svchost.exe.mui', fd=-1), popenfile(path='C:\\Users\\keylogger\\AppData\\Local\\ConnectedDevicesPlatform\\L.keylogger\\ActivitiesCache.db', fd=-1), popenfile(path='C:\\Windows\\Registration\\R000000000006.clb', fd=-1), popenfile(path='C:\\Windows\\System32\\en-US\\crypt32.dll.mui', fd=-1)]",32.0,C:\Windows\System32\svchost.exe,142,3887,519226,8067438,1.453125,0.765625,920,0,16.390625,4.88671875,benign
0.0,269,3648,dllhost.exe,,0.26089038502079015,10,,,C:\Windows\System32\dllhost.exe,4157,7,2096005,3745,0.140625,0.421875,8411,0,10.68359375,3.80078125,benign
0.0,806,3752,svchost.exe,,0.8267411213803249,16,,,C:\Windows\System32\svchost.exe,42610,446,282177597,85830405,1.890625,1.859375,4676,0,33.85546875,23.1328125,benign
0.0,414,3788,WUDFHost.exe,,0.1671224696732813,6,,,C:\Windows\System32\WUDFHost.exe,1,0,0,0,0.015625,0.15625,86,0,6.84375,2.046875,benign
0.0,748,3844,SearchIndexer.exe,,0.8161528827195177,17,,,C:\Windows\System32\SearchIndexer.exe,4886,2663,8103462,83718922,20.734375,3.0,65889,0,33.421875,25.3125,benign
0.0,122,3912,svchost.exe,,0.14804456217633138,4,,,C:\Windows\System32\svchost.exe,0,0,0,0,0.0,0.03125,58,0,6.0625,1.58203125,benign
0.0,155,3924,python.exe,"['C:\\Users\\keylogger\\AppData\\Local\\Python\\pythoncore-3.14-64\\python.exe', '.\\keylogger.py']",0.5254055724660008,5,"[popenfile(path='C:\\Windows\\System32\\en-US\\KernelBase.dll.mui', fd=-1)]",32.0,C:\Users\keylogger\AppData\Local\Python\pythoncore-3.14-64\python.exe,155,88,1865582,11184,0.1875,0.1875,4323,0,21.515625,14.34765625,keylogger
0.0,163,3932,svchost.exe,,0.24658195439807773,3,,,C:\Windows\System32\svchost.exe,1,0,5535,0,0.09375,0.171875,1254,0,10.09765625,1.89453125,benign
0.0,325,4000,svchost.exe,,0.181717068908448,10,,,C:\Windows\System32\svchost.exe,0,0,0,0,0.0,0.046875,38,0,7.44140625,2.5859375,benign
0.0,202,4008,svchost.exe,,0.17131960932261028,9,,,C:\Windows\System32\svchost.exe,1,0,0,0,0.015625,0.046875,250,0,7.015625,2.03125,benign
0.0,211,4056,svchost.exe,,0.17990466769623772,6,,,C:\Windows\System32\svchost.exe,1,0,0,0,0.0,0.046875,55,0,7.3671875,1.8671875,benign
0.0,499,4100,ctfmon.exe,['ctfmon.exe'],0.4690303558125138,8,,128.0,C:\Windows\System32\ctfmon.exe,15,0,32385,0,3.9375,12.828125,136044,0,19.20703125,4.44921875,benign
0.0,112,4132,conhost.exe,"['\\\\?\\C:\\Windows\\system32\\conhost.exe', '--headless', '--width', '172', '--height', '12', '--signal', '0x7b8', '--server', '0x7b4']",0.14623216096412114,5,"[popenfile(path='C:\\Windows\\System32\\en-US\\Conhost.exe.mui', fd=-1)]",32.0,C:\Windows\System32\conhost.exe,160,272,368,17778,0.109375,0.046875,3863,0,5.98828125,1.3828125,benign
0.0,531,4252,svchost.exe,"['C:\\Windows\\system32\\svchost.exe', '-k', 'UnistackSvcGroup', '-s', 'WpnUserService']",0.8265503423053553,8,"[popenfile(path='C:\\Users\\keylogger\\AppData\\Local\\Microsoft\\Windows\\Notifications\\wpndatabase.db', fd=-1), popenfile(path='C:\\Windows\\System32\\en-US\\svchost.exe.mui', fd=-1), popenfile(path='C:\\Users\\keylogger\\AppData\\Local\\Microsoft\\Windows\\Notifications\\WPNPRMRY.tmp', fd=-1), popenfile(path='C:\\Windows\\System32\\en-US\\QuietHours.dll.mui', fd=-1), popenfile(path='C:\\Windows\\System32\\en-US\\mswsock.dll.mui', fd=-1), popenfile(path='C:\\Windows\\System32\\en-US\\KernelBase.dll.mui', fd=-1), popenfile(path='C:\\Windows\\Registration\\R000000000006.clb', fd=-1), popenfile(path='C:\\Windows\\System32\\en-US\\winnlsres.dll.mui', fd=-1), popenfile(path='C:\\Users\\keylogger\\AppData\\Local\\Microsoft\\Windows\\Notifications\\wpndatabase.db-wal', fd=-1), popenfile(path='C:\\Windows\\System32\\en-US\\crypt32.dll.mui', fd=-1), popenfile(path='C:\\Users\\keylogger\\AppData\\Local\\Microsoft\\Windows\\Notifications\\wpndatabase.db-shm', fd=-1)]",32.0,C:\Windows\System32\svchost.exe,387,5106,1581172,10738264,2.734375,2.453125,2914,0,33.84765625,8.59765625,benign
0.0,465,4276,MpDefenderCoreService.exe,,0.5011766299448743,9,,,C:\ProgramData\Microsoft\Windows Defender\Platform\4.18.25090.3009-0\MpDefenderCoreService.exe,680,19,5917115,36544,0.171875,0.546875,116,0,20.5234375,8.8046875,benign
0.0,214,4468,MicrosoftEdgeUpdate.exe,,0.08623214188621364,4,,,C:\Program Files (x86)\Microsoft\EdgeUpdate\MicrosoftEdgeUpdate.exe,1,49,92,4660,0.03125,0.109375,945,0,3.53125,2.04296875,benign
0.0,314,4472,taskhostw.exe,"['taskhostw.exe', '{222A245B-E637-4AE9-A93F-A59CA119A75E}']",0.38728152218808337,7,"[popenfile(path='C:\\Users\\keylogger\\AppData\\Local\\Microsoft\\Windows\\WebCache\\V01tmp.log', fd=-1), popenfile(path='C:\\Users\\keylogger\\AppData\\Local\\Microsoft\\Windows\\WebCache\\WebCacheV01.jfm', fd=-1), popenfile(path='C:\\Users\\keylogger\\AppData\\Local\\Microsoft\\Windows\\WebCache\\V01.log', fd=-1), popenfile(path='C:\\Windows\\System32\\en-US\\ESENT.dll.mui', fd=-1), popenfile(path='C:\\Windows\\System32\\en-US\\MMDevAPI.dll.mui', fd=-1), popenfile(path='C:\\Users\\keylogger\\AppData\\Local\\Microsoft\\Windows\\WebCache\\WebCacheV01.dat', fd=-1), popenfile(path='C:\\Users\\keylogger\\AppData\\Local\\Microsoft\\Windows\\WebCacheLock.dat', fd=-1), popenfile(path='C:\\Windows\\System32\\en-US\\winmm.dll.mui', fd=-1), popenfile(path='C:\\Windows\\Registration\\R000000000006.clb', fd=-1), popenfile(path='C:\\Windows\\System32\\en-US\\wdmaud.drv.mui', fd=-1), popenfile(path='C:\\Windows\\System32\\en-US\\taskhostw.exe.mui', fd=-1), popenfile(path='C:\\Windows\\System32\\en-US\\MsCtfMonitor.dll.mui', fd=-1)]",32.0,C:\Windows\System32\taskhostw.exe,115,958,6215772,23698162,1.125,1.40625,5215,0,15.859375,6.30859375,benign
0.0,376,4564,WmiPrvSE.exe,,0.4376471979800312,13,,,C:\Windows\System32\wbem\WmiPrvSE.exe,4004,4002,1397596,387572,5.5625,12.28125,88163,0,17.921875,11.41796875,benign
0.0,231,4696,msdtc.exe,,0.17742453972163424,9,,,C:\Windows\System32\msdtc.exe,1,3,116,151712,0.078125,0.171875,8317,0,7.265625,2.796875,benign
0.0,129,4736,AggregatorHost.exe,,0.17446746405960703,4,,,C:\Windows\System32\AggregatorHost.exe,55,0,12256434,0,0.1875,0.234375,905,0,7.14453125,2.49609375,benign
0.0,285,4888,svchost.exe,,0.36858517284107245,4,,,C:\Windows\System32\svchost.exe,0,0,0,0,0.5,0.75,280,0,15.09375,3.27734375,benign
0.0,239,4908,svchost.exe,,0.2850239380044318,7,,,C:\Windows\System32\svchost.exe,1,2,242688,8192,0.140625,0.125,153,0,11.671875,2.93359375,benign
0.0,299,4952,svchost.exe,"['C:\\Windows\\system32\\svchost.exe', '-k', 'ClipboardSvcGroup', '-p', '-s', 'cbdhsvc']",0.5005089031824812,6,"[popenfile(path='C:\\Windows\\System32\\en-US\\svchost.exe.mui', fd=-1), popenfile(path='C:\\Windows\\System32\\en-US\\ole32.dll.mui', fd=-1), popenfile(path='C:\\Windows\\System32\\en-US\\windows.applicationmodel.datatransfer.dll.mui', fd=-1), popenfile(path='C:\\Windows\\System32\\en-US\\KernelBase.dll.mui', fd=-1), popenfile(path='C:\\Windows\\Registration\\R000000000006.clb', fd=-1)]",32.0,C:\Windows\System32\svchost.exe,0,0,0,0,0.203125,0.390625,22259,0,20.49609375,3.640625,benign
0.0,175,4972,svchost.exe,,0.18238479567084123,3,,,C:\Windows\System32\svchost.exe,264,0,5392,0,0.015625,0.046875,65,0,7.46875,1.7421875,benign
0.0,182,5088,SearchFilterHost.exe,,0.2188235989900156,6,,,C:\Windows\System32\SearchFilterHost.exe,363,0,7414,0,0.03125,0.09375,694,0,8.9609375,2.171875,benign
0.0,307,5172,svchost.exe,,0.32537371236048085,6,,,C:\Windows\System32\svchost.exe,11,4,4857,4203,0.03125,0.234375,163,0,13.32421875,3.86328125,benign
0.0,2336,5268,explorer.exe,['C:\\Windows\\Explorer.EXE'],4.175772392932398,57,"[popenfile(path='C:\\Users\\keylogger\\AppData\\Local\\Microsoft\\Windows\\Explorer\\thumbcache_48.db', fd=-1), popenfile(path='C:\\Program Files\\Windows Defender\\en-US\\shellext.dll.mui', fd=-1), popenfile(path='C:\\Windows\\System32\\en-US\\twinui.pcshell.dll.mui', fd=-1), popenfile(path='C:\\Windows\\System32\\en-US\\twext.dll.mui', fd=-1), popenfile(path='C:\\Users\\keylogger\\AppData\\Local\\Microsoft\\GameDVR\\KnownGameList.bin', fd=-1), popenfile(path='C:\\Windows\\SystemResources\\stobject.dll.mun', fd=-1), popenfile(path='C:\\Windows\\Fonts\\StaticCache.dat', fd=-1), popenfile(path='C:\\Windows\\System32\\en-US\\ntshrui.dll.mui', fd=-1), popenfile(path='C:\\Windows\\SystemResources\\SndVolSSO.dll.mun', fd=-1), popenfile(path='C:\\Users\\keylogger\\AppData\\Local\\Microsoft\\Windows\\Explorer\\iconcache_32.db', fd=-1), popenfile(path='C:\\Windows\\System32\\en-US\\mpr.dll.mui', fd=-1), popenfile(path='C:\\Windows\\SystemResources\\ExplorerFrame.dll.mun', fd=-1), popenfile(path='C:\\Windows\\Fonts\\segoeui.ttf', fd=-1), popenfile(path='C:\\Windows\\System32\\en-US\\acppage.dll.mui', fd=-1), popenfile(path='C:\\Users\\keylogger\\AppData\\Local\\Microsoft\\Windows\\Explorer\\iconcache_16.db', fd=-1), popenfile(path='C:\\Windows\\System32\\en-US\\KernelBase.dll.mui', fd=-1), popenfile(path='C:\\Windows\\System32\\en-US\\dui70.dll.mui', fd=-1), popenfile(path='C:\\Windows\\Registration\\R000000000006.clb', fd=-1), popenfile(path='C:\\Users\\keylogger\\AppData\\Local\\Microsoft\\Windows\\Explorer\\iconcache_256.db', fd=-1), popenfile(path='C:\\Windows\\System32\\en-US\\imapi2.dll.mui', fd=-1), popenfile(path='C:\\Windows\\System32\\en-US\\shell32.dll.mui', fd=-1), popenfile(path='C:\\Windows\\System32\\en-US\\InputSwitch.dll.mui', fd=-1), popenfile(path='C:\\Windows\\System32\\en-US\\ApplicationFrame.dll.mui', fd=-1), popenfile(path='C:\\Windows\\System32\\en-US\\UIRibbon.dll.mui', fd=-1), popenfile(path='C:\\Windows\\System32\\en-US\\windows.storage.dll.mui', fd=-1), popenfile(path='C:\\Windows\\System32\\en-US\\bthprops.cpl.mui', fd=-1), popenfile(path='C:\\Windows\\en-US\\explorer.exe.mui', fd=-1), popenfile(path='C:\\Windows\\System32\\en-US\\propsys.dll.mui', fd=-1), popenfile(path='C:\\Users\\keylogger\\AppData\\Local\\Microsoft\\Windows\\Explorer\\thumbcache_idx.db', fd=-1), popenfile(path='C:\\Windows\\System32\\en-US\\mswsock.dll.mui', fd=-1), popenfile(path='C:\\Windows\\System32\\en-US\\stobject.dll.mui', fd=-1), popenfile(path='C:\\Windows\\System32\\en-US\\sndvolsso.dll.mui', fd=-1), popenfile(path='C:\\Windows\\System32\\en-US\\ActionCenter.dll.mui', fd=-1), popenfile(path='C:\\Users\\keylogger\\AppData\\Local\\Microsoft\\Windows\\Explorer\\thumbcache_256.db', fd=-1), popenfile(path='C:\\Windows\\System32\\en-US\\Windows.Security.Authentication.Web.Core.dll.mui', fd=-1), popenfile(path='C:\\Windows\\System32\\en-US\\crypt32.dll.mui', fd=-1), popenfile(path='C:\\Users\\keylogger\\AppData\\Local\\Microsoft\\Windows\\Explorer\\thumbcache_16.db', fd=-1), popenfile(path='C:\\Users\\keylogger\\AppData\\Local\\Microsoft\\Windows\\Explorer\\iconcache_idx.db', fd=-1), popenfile(path='C:\\Windows\\SystemResources\\shell32.dll.mun', fd=-1), popenfile(path='C:\\Windows\\System32\\en-US\\hcproviders.dll.mui', fd=-1), popenfile(path='C:\\Windows\\System32\\en-US\\winnlsres.dll.mui', fd=-1), popenfile(path='C:\\Windows\\System32\\en-US\\explorerframe.dll.mui', fd=-1), popenfile(path='C:\\Users\\keylogger\\AppData\\Local\\Microsoft\\Windows\\Explorer\\thumbcache_32.db', fd=-1), popenfile(path='C:\\Users\\keylogger\\AppData\\Local\\Microsoft\\Windows\\Explorer\\iconcache_48.db', fd=-1), popenfile(path='C:\\Windows\\Fonts\\seguisb.ttf', fd=-1), popenfile(path='C:\\Windows\\SystemResources\\imageres.dll.mun', fd=-1), popenfile(path='C:\\Windows\\System32\\en-US\\ieframe.dll.mui', fd=-1), popenfile(path='C:\\Windows\\System32\\en-US\\pnidui.dll.mui', fd=-1), popenfile(path='C:\\Windows\\System32\\en-US\\dsreg.dll.mui', fd=-1), popenfile(path='C:\\Windows\\System32\\en-US\\wscui.cpl.mui', fd=-1), popenfile(path='C:\\Windows\\System32\\en-US\\oleaccrc.dll.mui', fd=-1)]",32.0,C:\Windows\explorer.exe,9290,676,16499342,1597279,24.34375,108.15625,821121,0,171.0,91.65234375,benign
0.0,336,5276,msedgewebview2.exe,"['C:\\Program Files (x86)\\Microsoft\\EdgeWebView\\Application\\142.0.3595.69\\msedgewebview2.exe', '--type=gpu-process', '--noerrdialogs', '--user-data-dir=C:\\Users\\keylogger\\AppData\\Local\\Packages\\Microsoft.Windows.Search_cw5n1h2txyewy\\LocalState\\EBWebView', '--webview-exe-name=SearchApp.exe', '--webview-exe-version=10.0.19041.6282', '--embedded-browser-webview=1', '--no-pre-read-main-dll', '--gpu-preferences=SAAAAAAAAADgAAAEAAAAAAAAAAAAAGAAAQAAAAAAAAAAAAAAAAAAAAIAAAAAAAAAAAAAAAAAAAAQAAAAAAAAABAAAAAAAAAACAAAAAAAAAAIAAAAAAAAAA==', '--startup-read-main-dll', '--metrics-shmem-handle=1692,i,3728481724681176957,14218085766958911081,262144', '--field-trial-handle=1936,i,2238199769039427031,1139989135762586427,262144', '--enable-features=ForceSWDCompWhenDCompFallbackRequired,LocalNetworkAccessForFencedFrameNavigationsWarningOnly,LocalNetworkAccessForNavigationsWarningOnly,LocalNetworkAccessForSubframeNavigationsWarningOnly,LocalNetworkAccessForWorkersWarningOnly,msAggressiveCacheTrimming,msCustomDataPartition,msEmbeddedBrowserVisualHosting,msWebView2NoTabForScreenShare,msWebViewAppLifeCycleWorkaround', '--disable-features=BackForwardCache,BackgroundTabLoadingFromPerformanceManager,CloseOmniboxPopupOnInactiveAreaClick,CollectAVProductsInfo,CollectCodeIntegrityInfo,DeferSpeculativeRFHCreation,EnableHangWatcher,FilterAdsOnAbusiveSites,GetWifiProtocol,LoginDetection,MediaFoundationCameraUsageMonitoring,PreconnectToSearch,PreloadingEagerHeuristics,SafetyHub,SegmentationPlatform,ServiceWorkerAutoPreload,SpareRendererForSitePerProcess,Ukm,WebPayments,msAITrackerClassification,msAbydosForWindowlessWV2,msAffirmVirtualCard,msAllowChromeWebstore,msAllowMSAPrtSSOForNonMSAProfile,msApplicationGuard,msAskBeforeClosingMultipleTabs,msAutoToggleAADPrtSSOForNonAADProfile,msAutofillEdgeServiceRequest,msAutofillEnableEdgeSuggestions,msAutomaticTabFreeze,msBrowserSettingsSupported,msCoarseGeolocationService,msDataProtection,msDesktopMode,msDesktopRewards,msDisableVariationsSeedFetchThrottling,msEEProactiveHistory,msETFOffstoreExtensionFileDataCollection,msETFPasswordTheftDNRActionSignals,msEdgeAdPlatformUI,msEdgeAddWebCapturetoCollections,msEdgeAutofillShowDeployedPassword,msEdgeCaptureSelectionInPDF,msEdgeCloudConfigService,msEdgeCloudConfigServiceV2,msEdgeCohorts,msEdgeCollectionsPrismExperiment1,msEdgeCollectionsPrismOverallMigration,msEdgeComposeNext,msEdgeEnableNurturingFramework,msEdgeEnclavePrefsBasic,msEdgeEnclavePrefsNotification,msEdgeFaviconService,msEdgeHJTelemetry,msEdgeHubAppSkype,msEdgeImageEditorUI,msEdgeLinkDoctor,msEdgeMouseGestureDefaultEnabled,msEdgeMouseGestureSupported,msEdgeNewDeviceFre,msEdgeOnRampFRE,msEdgeOnRampImport,msEdgePDFCMHighlightUX,msEdgePasswordIris,msEdgePasswordIrisSaveBubble,msEdgePasswordStrengthCheck,msEdgePinpointFramework,msEdgeProngPersonalization,msEdgeReadingView,msEdgeRose,msEdgeScreenshotUI,msEdgeSendTabToSelf,msEdgeSettingsImport,msEdgeSettingsImportV2,msEdgeShoppingPersistentStorage,msEdgeShoppingUI,msEdgeSmartFind,msEdgeSuperDragDefaultEnabled,msEdgeSuperDragDropSupported,msEdgeTranslate,msEdgeUpdatesMoreMenuPill,msEdgeWebCapture,msEdgeWebCaptureUniformExperience,msEdgeWebContentFilteringFeedback,msEdgeWorkSearchBanner,msEnableCustomJobMemoryLimitsOnXbox,msEnableMIPForPDF,msEnablePdfUpsell,msEnableThirdPartyScanning,msEnableWebSignInCta,msEnableWebToBrowserSignIn,msEndpointDlp,msEntityExtraction,msExtensionTelemetryFramework,msExternalTaskManager,msFileSystemAccessDirectoryIterationBlocklistCheck,msForceBrowserSignIn,msForeignSessionsPage,msGeolocationAccessService,msGeolocationOSLocationPermissionFallback,msGeolocationSQMService,msGeolocationService,msGrowthInfraLaunchSourceLogging,msGuidedSwitchAllowed,msHubPinPersist,msImplicitSignin,msIrm,msIrmv2,msKlarnaVirtualCard,msLlmConsumerDlpPurview,msLoadStatistics,msLogIsEdgePinnedToTaskbarOnLaunch,msMIPCrossTenantPdfViewSupport,msMdatpWebSiteDlp,msNotificationPermissionForPWA,msNumberOfSitesToPin,msNurturingGlobalSitePinningOnCloseModal,msNurturingSitePinningCITopSites,msNurturingSitePinningWithWindowsConsent,msOnHoverSearchInSidebar,msOpenOfficeDocumentsInWebViewer,msPageInteractionRestrictionRevoke,msPasswordBreachDetection,msPdfAnnotationsVisibility,msPdfDataRecovery,msPdfDigitalSignatureRead,msPdfFreeText,msPdfFreeTextForCJK,msPdfHighlightMode,msPdfInking,msPdfKeyphraseSupport,msPdfOOUI,msPdfPopupMarkerRenderer,msPdfShare,msPdfSharedLibrary,msPdfTextNote,msPdfTextNoteMoreMenu,msPdfThumbnailCache,msPdfUnderside,msPdfViewRestore,msPersonalizationUMA,msPriceComparison,msPrintInWebView2,msPromptDefaultHandlerForPDF,msReactiveSearch,msReadAloud,msReadAloudPdf,msRedirectToShoreline,msRevokeExtensions,msSaasDlp,msShoppingTrigger,msShorelineSearch,msShorelineSearchFindOnPageWebUI,msShowOfflineGameEntrance,msShowReadAloudIconInAddressBar,msShowUXForAADPrtSSOForNonAADProfile,msSitePinningWithoutUi,msSuspendMessageForNewSessionWhenHavingPendingNavigation,msSyncEdgeCollections,msTabResourceStats,msTokenizationAutofillInlineEnabled,msTouchMode,msTriggeringSignalGenerator,msUserUnderstanding,msVideoSuperResolutionUI,msWalletBuyNow,msWalletCheckout,msWalletDiagnosticDataLogger,msWalletHubEntry,msWalletHubIntlP3,msWalletPartialCard,msWalletPasswordCategorization,msWalletPasswordCategorizationPlatformExpansion,msWalletTokenizationCardMetadata,msWalletTokenizedAutofill,msWebAssist,msWebAssistHistorySearchService,msWebOOUI,msWindowsTaskManager,msWindowsUserActivities,msZipPayVirtualCard', '--variations-seed-version', '--trace-process-track-uuid=3190708988185955192', '--mojo-platform-channel-handle=1928', '/prefetch:2']",1.056725296256056,20,"[popenfile(path='C:\\Program Files (x86)\\Microsoft\\EdgeWebView\\Application\\142.0.3595.69\\icudtl.dat', fd=-1)]",32768.0,C:\Program Files (x86)\Microsoft\EdgeWebView\Application\142.0.3595.69\msedgewebview2.exe,1008,938,4061872,174584,0.296875,1.765625,6426,0,43.2734375,16.53125,benign
0.0,373,5356,msedgewebview2.exe,"['C:\\Program Files (x86)\\Microsoft\\EdgeWebView\\Application\\142.0.3595.69\\msedgewebview2.exe', '--type=utility', '--utility-sub-type=network.mojom.NetworkService', '--lang=en-US', '--service-sandbox-type=none', '--noerrdialogs', '--user-data-dir=C:\\Users\\keylogger\\AppData\\Local\\Packages\\Microsoft.Windows.Search_cw5n1h2txyewy\\LocalState\\EBWebView', '--webview-exe-name=SearchApp.exe', '--webview-exe-version=10.0.19041.6282', '--embedded-browser-webview=1', '--startup-read-main-dll', '--metrics-shmem-handle=2192,i,8525222117918634796,1971560163068642671,524288', '--field-trial-handle=1936,i,2238199769039427031,1139989135762586427,262144', '--enable-features=ForceSWDCompWhenDCompFallbackRequired,LocalNetworkAccessForFencedFrameNavigationsWarningOnly,LocalNetworkAccessForNavigationsWarningOnly,LocalNetworkAccessForSubframeNavigationsWarningOnly,LocalNetworkAccessForWorkersWarningOnly,msAggressiveCacheTrimming,msCustomDataPartition,msEmbeddedBrowserVisualHosting,msWebView2NoTabForScreenShare,msWebViewAppLifeCycleWorkaround', '--disable-features=BackForwardCache,BackgroundTabLoadingFromPerformanceManager,CloseOmniboxPopupOnInactiveAreaClick,CollectAVProductsInfo,CollectCodeIntegrityInfo,DeferSpeculativeRFHCreation,EnableHangWatcher,FilterAdsOnAbusiveSites,GetWifiProtocol,LoginDetection,MediaFoundationCameraUsageMonitoring,PreconnectToSearch,PreloadingEagerHeuristics,SafetyHub,SegmentationPlatform,ServiceWorkerAutoPreload,SpareRendererForSitePerProcess,Ukm,WebPayments,msAITrackerClassification,msAbydosForWindowlessWV2,msAffirmVirtualCard,msAllowChromeWebstore,msAllowMSAPrtSSOForNonMSAProfile,msApplicationGuard,msAskBeforeClosingMultipleTabs,msAutoToggleAADPrtSSOForNonAADProfile,msAutofillEdgeServiceRequest,msAutofillEnableEdgeSuggestions,msAutomaticTabFreeze,msBrowserSettingsSupported,msCoarseGeolocationService,msDataProtection,msDesktopMode,msDesktopRewards,msDisableVariationsSeedFetchThrottling,msEEProactiveHistory,msETFOffstoreExtensionFileDataCollection,msETFPasswordTheftDNRActionSignals,msEdgeAdPlatformUI,msEdgeAddWebCapturetoCollections,msEdgeAutofillShowDeployedPassword,msEdgeCaptureSelectionInPDF,msEdgeCloudConfigService,msEdgeCloudConfigServiceV2,msEdgeCohorts,msEdgeCollectionsPrismExperiment1,msEdgeCollectionsPrismOverallMigration,msEdgeComposeNext,msEdgeEnableNurturingFramework,msEdgeEnclavePrefsBasic,msEdgeEnclavePrefsNotification,msEdgeFaviconService,msEdgeHJTelemetry,msEdgeHubAppSkype,msEdgeImageEditorUI,msEdgeLinkDoctor,msEdgeMouseGestureDefaultEnabled,msEdgeMouseGestureSupported,msEdgeNewDeviceFre,msEdgeOnRampFRE,msEdgeOnRampImport,msEdgePDFCMHighlightUX,msEdgePasswordIris,msEdgePasswordIrisSaveBubble,msEdgePasswordStrengthCheck,msEdgePinpointFramework,msEdgeProngPersonalization,msEdgeReadingView,msEdgeRose,msEdgeScreenshotUI,msEdgeSendTabToSelf,msEdgeSettingsImport,msEdgeSettingsImportV2,msEdgeShoppingPersistentStorage,msEdgeShoppingUI,msEdgeSmartFind,msEdgeSuperDragDefaultEnabled,msEdgeSuperDragDropSupported,msEdgeTranslate,msEdgeUpdatesMoreMenuPill,msEdgeWebCapture,msEdgeWebCaptureUniformExperience,msEdgeWebContentFilteringFeedback,msEdgeWorkSearchBanner,msEnableCustomJobMemoryLimitsOnXbox,msEnableMIPForPDF,msEnablePdfUpsell,msEnableThirdPartyScanning,msEnableWebSignInCta,msEnableWebToBrowserSignIn,msEndpointDlp,msEntityExtraction,msExtensionTelemetryFramework,msExternalTaskManager,msFileSystemAccessDirectoryIterationBlocklistCheck,msForceBrowserSignIn,msForeignSessionsPage,msGeolocationAccessService,msGeolocationOSLocationPermissionFallback,msGeolocationSQMService,msGeolocationService,msGrowthInfraLaunchSourceLogging,msGuidedSwitchAllowed,msHubPinPersist,msImplicitSignin,msIrm,msIrmv2,msKlarnaVirtualCard,msLlmConsumerDlpPurview,msLoadStatistics,msLogIsEdgePinnedToTaskbarOnLaunch,msMIPCrossTenantPdfViewSupport,msMdatpWebSiteDlp,msNotificationPermissionForPWA,msNumberOfSitesToPin,msNurturingGlobalSitePinningOnCloseModal,msNurturingSitePinningCITopSites,msNurturingSitePinningWithWindowsConsent,msOnHoverSearchInSidebar,msOpenOfficeDocumentsInWebViewer,msPageInteractionRestrictionRevoke,msPasswordBreachDetection,msPdfAnnotationsVisibility,msPdfDataRecovery,msPdfDigitalSignatureRead,msPdfFreeText,msPdfFreeTextForCJK,msPdfHighlightMode,msPdfInking,msPdfKeyphraseSupport,msPdfOOUI,msPdfPopupMarkerRenderer,msPdfShare,msPdfSharedLibrary,msPdfTextNote,msPdfTextNoteMoreMenu,msPdfThumbnailCache,msPdfUnderside,msPdfViewRestore,msPersonalizationUMA,msPriceComparison,msPrintInWebView2,msPromptDefaultHandlerForPDF,msReactiveSearch,msReadAloud,msReadAloudPdf,msRedirectToShoreline,msRevokeExtensions,msSaasDlp,msShoppingTrigger,msShorelineSearch,msShorelineSearchFindOnPageWebUI,msShowOfflineGameEntrance,msShowReadAloudIconInAddressBar,msShowUXForAADPrtSSOForNonAADProfile,msSitePinningWithoutUi,msSuspendMessageForNewSessionWhenHavingPendingNavigation,msSyncEdgeCollections,msTabResourceStats,msTokenizationAutofillInlineEnabled,msTouchMode,msTriggeringSignalGenerator,msUserUnderstanding,msVideoSuperResolutionUI,msWalletBuyNow,msWalletCheckout,msWalletDiagnosticDataLogger,msWalletHubEntry,msWalletHubIntlP3,msWalletPartialCard,msWalletPasswordCategorization,msWalletPasswordCategorizationPlatformExpansion,msWalletTokenizationCardMetadata,msWalletTokenizedAutofill,msWebAssist,msWebAssistHistorySearchService,msWebOOUI,msWindowsTaskManager,msWindowsUserActivities,msZipPayVirtualCard', '--variations-seed-version', '--trace-process-track-uuid=3190708989122997041', '--mojo-platform-channel-handle=2188', '/prefetch:3']",0.7041655657124215,22,"[popenfile(path='C:\\Program Files (x86)\\Microsoft\\EdgeWebView\\Application\\142.0.3595.69\\v8_context_snapshot.bin', fd=-1), popenfile(path='C:\\Users\\keylogger\\AppData\\Local\\Packages\\Microsoft.Windows.Search_cw5n1h2txyewy\\LocalState\\EBWebView\\Default\\Safe Browsing Network\\Safe Browsing Cookies-journal', fd=-1), popenfile(path='C:\\Program Files (x86)\\Microsoft\\EdgeWebView\\Application\\142.0.3595.69\\msedge_200_percent.pak', fd=-1), popenfile(path='C:\\Users\\keylogger\\AppData\\Local\\Packages\\Microsoft.Windows.Search_cw5n1h2txyewy\\LocalState\\EBWebView\\Default\\Network\\Cookies', fd=-1), popenfile(path='C:\\Users\\keylogger\\AppData\\Local\\Packages\\Microsoft.Windows.Search_cw5n1h2txyewy\\LocalState\\EBWebView\\Default\\Network\\Trust Tokens-journal', fd=-1), popenfile(path='C:\\Users\\keylogger\\AppData\\Local\\Packages\\Microsoft.Windows.Search_cw5n1h2txyewy\\LocalState\\EBWebView\\Default\\Cache\\Cache_Data\\data_0', fd=-1), popenfile(path='C:\\Users\\keylogger\\AppData\\Local\\Packages\\Microsoft.Windows.Search_cw5n1h2txyewy\\LocalState\\EBWebView\\Default\\Network\\56156f43-4832-4e00-b4dc-56e5db23da66.tmp', fd=-1), popenfile(path='C:\\Users\\keylogger\\AppData\\Local\\Packages\\Microsoft.Windows.Search_cw5n1h2txyewy\\LocalState\\EBWebView\\Default\\Network\\Trust Tokens', fd=-1), popenfile(path='C:\\Users\\keylogger\\AppData\\Local\\Packages\\Microsoft.Windows.Search_cw5n1h2txyewy\\LocalState\\EBWebView\\Default\\Cache\\Cache_Data\\index', fd=-1), popenfile(path='C:\\Users\\keylogger\\AppData\\Local\\Packages\\Microsoft.Windows.Search_cw5n1h2txyewy\\LocalState\\EBWebView\\Default\\Cache\\No_Vary_Search\\journal.baj', fd=-1), popenfile(path='C:\\Program Files (x86)\\Microsoft\\EdgeWebView\\Application\\142.0.3595.69\\resources.pak', fd=-1), popenfile(path='C:\\Users\\keylogger\\AppData\\Local\\Packages\\Microsoft.Windows.Search_cw5n1h2txyewy\\LocalState\\EBWebView\\Default\\Shared Dictionary\\db-journal', fd=-1), popenfile(path='C:\\Users\\keylogger\\AppData\\Local\\Packages\\Microsoft.Windows.Search_cw5n1h2txyewy\\LocalState\\EBWebView\\Default\\Cache\\Cache_Data\\data_3', fd=-1), popenfile(path='C:\\Users\\keylogger\\AppData\\Local\\Packages\\Microsoft.Windows.Search_cw5n1h2txyewy\\LocalState\\EBWebView\\Default\\Cache\\Cache_Data\\data_2', fd=-1), popenfile(path='C:\\Program Files (x86)\\Microsoft\\EdgeWebView\\Application\\142.0.3595.69\\msedge_100_percent.pak', fd=-1), popenfile(path='C:\\Users\\keylogger\\AppData\\Local\\Packages\\Microsoft.Windows.Search_cw5n1h2txyewy\\LocalState\\EBWebView\\Default\\Network\\Reporting and NEL-journal', fd=-1), popenfile(path='C:\\Users\\keylogger\\AppData\\Local\\Packages\\Microsoft.Windows.Search_cw5n1h2txyewy\\LocalState\\EBWebView\\Default\\Network\\Reporting and NEL', fd=-1), popenfile(path='C:\\Users\\keylogger\\AppData\\Local\\Packages\\Microsoft.Windows.Search_cw5n1h2txyewy\\LocalState\\EBWebView\\Default\\Shared Dictionary\\db', fd=-1), popenfile(path='C:\\Users\\keylogger\\AppData\\Local\\Packages\\Microsoft.Windows.Search_cw5n1h2txyewy\\LocalState\\EBWebView\\Default\\Network\\Cookies-journal', fd=-1), popenfile(path='C:\\Program Files (x86)\\Microsoft\\EdgeWebView\\Application\\142.0.3595.69\\icudtl.dat', fd=-1), popenfile(path='C:\\Program Files (x86)\\Microsoft\\EdgeWebView\\Application\\142.0.3595.69\\Locales\\en-US.pak', fd=-1), popenfile(path='C:\\Users\\keylogger\\AppData\\Local\\Packages\\Microsoft.Windows.Search_cw5n1h2txyewy\\LocalState\\EBWebView\\Default\\Safe Browsing Network\\Safe Browsing Cookies', fd=-1), popenfile(path='C:\\Users\\keylogger\\AppData\\Local\\Packages\\Microsoft.Windows.Search_cw5n1h2txyewy\\LocalState\\EBWebView\\Default\\Cache\\Cache_Data\\data_1', fd=-1)]",32.0,C:\Program Files (x86)\Microsoft\EdgeWebView\Application\142.0.3595.69\msedgewebview2.exe,2104,5721,1893031,6471469,1.296875,1.296875,6523,0,28.8359375,13.49609375,benign
0.0,165,5600,python.exe,"['python', '.\\keylogger.py']",0.31354540971237194,1,"[popenfile(path='C:\\Windows\\System32\\en-US\\winhttp.dll.mui', fd=-1), popenfile(path='C:\\Windows\\System32\\en-US\\KernelBase.dll.mui', fd=-1)]",32.0,C:\Program Files\WindowsApps\PythonSoftwareFoundation.PythonManager_25.0.240.0_x64__3847v3x7pw1km\python.exe,65,0,7197755,0,0.0625,0.03125,172,0,12.83984375,4.5234375,benign
0.0,176,5628,conhost.exe,"['\\??\\C:\\Windows\\system32\\conhost.exe', '0x4']",0.3694436786784352,5,"[popenfile(path='C:\\Windows\\Registration\\R000000000006.clb', fd=-1), popenfile(path='C:\\Windows\\System32\\en-US\\Conhost.exe.mui', fd=-1), popenfile(path='C:\\Windows\\Fonts\\StaticCache.dat', fd=-1), popenfile(path='C:\\Windows\\System32\\en-US\\user32.dll.mui', fd=-1)]",32.0,C:\Windows\System32\conhost.exe,2,0,9270,0,0.0,0.0,938,0,15.12890625,6.828125,benign
0.0,184,5744,msedge.exe,"['C:\\Program Files (x86)\\Microsoft\\Edge\\Application\\msedge.exe', '--type=crashpad-handler', '--user-data-dir=C:\\Users\\keylogger\\AppData\\Local\\Microsoft\\Edge\\User Data', '/prefetch:4', '--monitor-self-annotation=ptype=crashpad-handler', '--database=C:\\Users\\keylogger\\AppData\\Local\\Microsoft\\Edge\\User Data\\Crashpad', '--annotation=IsOfficialBuild=1', '--annotation=channel=', '--annotation=chromium-version=142.0.7444.60', '--annotation=exe=C:\\Program Files (x86)\\Microsoft\\Edge\\Application\\msedge.exe', '--annotation=plat=Win64', '--annotation=prod=Edge', '--annotation=ver=142.0.3595.53', '--initial-client-data=0x270,0x274,0x278,0x26c,0x2d8,0x7ffbc747db58,0x7ffbc747db64,0x7ffbc747db70']",0.16626396383591854,7,[],32.0,C:\Program Files (x86)\Microsoft\Edge\Application\msedge.exe,55,46,7321,552,0.015625,0.125,312,0,6.80859375,2.04296875,benign
0.0,145,5920,cmd.exe,"['cmd', '/k', 'python', '.\\keylogger.py']",0.1881081679199262,3,[],32.0,C:\Windows\System32\cmd.exe,0,0,0,0,0.015625,0.0,97,0,7.703125,4.71484375,benign
0.0,244,5972,svchost.exe,,0.2129094476659611,8,,,C:\Windows\System32\svchost.exe,1,0,63942,0,0.03125,0.171875,439,0,8.71875,4.15234375,benign
0.0,207,6180,NisSrv.exe,,0.24209864613629448,3,,,C:\ProgramData\Microsoft\Windows Defender\Platform\4.18.25090.3009-0\NisSrv.exe,0,0,0,0,0.015625,0.109375,829,0,9.9140625,4.26953125,benign
0.0,147,6228,msedgewebview2.exe,"['C:\\Program Files (x86)\\Microsoft\\EdgeWebView\\Application\\142.0.3595.69\\msedgewebview2.exe', '--type=crashpad-handler', '--user-data-dir=C:\\Users\\keylogger\\AppData\\Local\\Packages\\Microsoft.Windows.Search_cw5n1h2txyewy\\LocalState\\EBWebView', '/prefetch:4', '--monitor-self-annotation=ptype=crashpad-handler', '--database=C:\\Users\\keylogger\\AppData\\Local\\Packages\\Microsoft.Windows.Search_cw5n1h2txyewy\\LocalState\\EBWebView\\Crashpad', '--annotation=IsOfficialBuild=1', '--annotation=channel=', '--annotation=chromium-version=142.0.7444.135', '--annotation=exe=C:\\Program Files (x86)\\Microsoft\\EdgeWebView\\Application\\142.0.3595.69\\msedgewebview2.exe', '--annotation=plat=Win64', '--annotation=prod=Edge WebView2', '--annotation=ver=142.0.3595.69', '--initial-client-data=0x170,0x174,0x178,0x14c,0x180,0x7ffbcc81db58,0x7ffbcc81db64,0x7ffbcc81db70']",0.14861689940123987,10,[],32.0,C:\Program Files (x86)\Microsoft\EdgeWebView\Application\142.0.3595.69\msedgewebview2.exe,13,5,1880,60,0.0,0.03125,240,0,6.0859375,2.08984375,benign
0.0,620,6296,StartMenuExperienceHost.exe,"['C:\\Windows\\SystemApps\\Microsoft.Windows.StartMenuExperienceHost_cw5n1h2txyewy\\StartMenuExperienceHost.exe', '-ServerName:App.AppXywbrabmsek0gm3tkwpr5kwzbs55tkqay.mca']",1.5220354601066646,8,"[popenfile(path='C:\\Windows\\Fonts\\segmdl2.ttf', fd=-1), popenfile(path='C:\\Users\\keylogger\\AppData\\Local\\Packages\\Microsoft.Windows.StartMenuExperienceHost_cw5n1h2txyewy\\TempState\\TileCache_100_3_PNGEncoded_Header.bin', fd=-1), popenfile(path='C:\\Windows\\System32\\en-US\\windows.storage.dll.mui', fd=-1), popenfile(path='C:\\Windows\\System32\\en-US\\windows.ui.xaml.dll.mui', fd=-1), popenfile(path='C:\\Windows\\Fonts\\segoeuib.ttf', fd=-1), popenfile(path='C:\\Windows\\Fonts\\segoeui.ttf', fd=-1), popenfile(path='C:\\Windows\\System32\\en-US\\KernelBase.dll.mui', fd=-1), popenfile(path='C:\\Windows\\System32\\en-US\\Windows.Globalization.dll.mui', fd=-1), popenfile(path='C:\\Users\\keylogger\\AppData\\Local\\Packages\\Microsoft.Windows.StartMenuExperienceHost_cw5n1h2txyewy\\TempState\\TileCache_100_3_PNGEncoded_Data.bin', fd=-1), popenfile(path='C:\\Windows\\SystemResources\\Windows.UI.ShellCommon\\StartUI\\Assets\\Fonts\\BitMDL2.ttf', fd=-1), popenfile(path='C:\\Windows\\System32\\en-US\\Windows.Web.dll.mui', fd=-1), popenfile(path='C:\\Windows\\System32\\en-US\\Windows.Security.Authentication.Web.Core.dll.mui', fd=-1)]",32.0,C:\Windows\SystemApps\Microsoft.Windows.StartMenuExperienceHost_cw5n1h2txyewy\StartMenuExperienceHost.exe,92,364,335959,82632,1.34375,1.765625,4798,0,62.328125,18.4140625,benign
0.0,333,6356,RuntimeBroker.exe,"['C:\\Windows\\System32\\RuntimeBroker.exe', '-Embedding']",0.6757394835419661,2,"[popenfile(path='C:\\Windows\\System32\\en-US\\windows.storage.dll.mui', fd=-1), popenfile(path='C:\\Windows\\System32\\en-US\\propsys.dll.mui', fd=-1), popenfile(path='C:\\Windows\\System32\\en-US\\ShutdownUX.dll.mui', fd=-1), popenfile(path='C:\\Windows\\System32\\en-US\\KernelBase.dll.mui', fd=-1), popenfile(path='C:\\Windows\\Registration\\R000000000006.clb', fd=-1), popenfile(path='C:\\Windows\\System32\\en-US\\Windows.Security.Authentication.Web.Core.dll.mui', fd=-1)]",32.0,C:\Windows\System32\RuntimeBroker.exe,16,0,46945,0,0.265625,0.546875,203,0,27.671875,4.4140625,benign
0.0,508,6380,svchost.exe,,0.4980287752078777,15,,,C:\Windows\System32\svchost.exe,86,9,2801161,55062,0.015625,0.09375,734,0,20.39453125,9.203125,benign
0.0,559,6388,svchost.exe,"['C:\\Windows\\System32\\svchost.exe', '-k', 'UnistackSvcGroup']",0.5366615378892012,5,"[popenfile(path='C:\\Users\\keylogger\\AppData\\Local\\Comms\\UnistoreDB\\USStmp.jtx', fd=-1), popenfile(path='C:\\Windows\\System32\\en-US\\ESENT.dll.mui', fd=-1), popenfile(path='C:\\Windows\\System32\\en-US\\svchost.exe.mui', fd=-1), popenfile(path='C:\\Users\\keylogger\\AppData\\Local\\Comms\\UnistoreDB\\USS.jtx', fd=-1), popenfile(path='C:\\Users\\keylogger\\AppData\\Local\\Comms\\UnistoreDB\\store.jfm', fd=-1), popenfile(path='C:\\Users\\keylogger\\AppData\\Local\\Comms\\UnistoreDB\\tmp.edb', fd=-1), popenfile(path='C:\\Windows\\Registration\\R000000000006.clb', fd=-1), popenfile(path='C:\\Users\\keylogger\\AppData\\Local\\Comms\\UnistoreDB\\store.vol', fd=-1)]",32.0,C:\Windows\System32\svchost.exe,1712,2891,15596044,97851486,8.8125,6.328125,6688,0,21.9765625,7.7421875,benign
0.0,2286,6524,SearchApp.exe,"['C:\\Windows\\SystemApps\\Microsoft.Windows.Search_cw5n1h2txyewy\\SearchApp.exe', '-ServerName:CortanaUI.AppX8z9r6jm96hw4bsbneegw0kyxx296wr9t.mca']",2.192528519086969,51,"[popenfile(path='C:\\Windows\\Fonts\\arial.ttf', fd=-1), popenfile(path='C:\\Windows\\System32\\WinMetadata\\Windows.UI.winmd', fd=-1), popenfile(path='C:\\Windows\\Fonts\\seguisym.ttf', fd=-1), popenfile(path='C:\\Users\\keylogger\\AppData\\Local\\Packages\\Microsoft.Windows.Search_cw5n1h2txyewy\\LocalState\\AppIconCache\\100\\{1AC14E77-02E7-4E5D-B744-2EB1AE5198B7}_cmd_exe', fd=-1), popenfile(path='C:\\Windows\\Fonts\\arialbd.ttf', fd=-1), popenfile(path='C:\\Users\\keylogger\\AppData\\Local\\Packages\\Microsoft.Windows.Search_cw5n1h2txyewy\\LocalState\\AppIconCache\\100\\Microsoft_AutoGenerated_{923DD477-5846-686B-A659-0FCCD73851A8}', fd=-1), popenfile(path='C:\\Users\\keylogger\\AppData\\Local\\Packages\\Microsoft.Windows.Search_cw5n1h2txyewy\\LocalState\\AppIconCache\\100\\MSEdge', fd=-1), popenfile(path='C:\\Windows\\System32\\en-US\\d2d1.dll.mui', fd=-1), popenfile(path='C:\\Windows\\Fonts\\times.ttf', fd=-1), popenfile(path='C:\\Windows\\SystemResources\\edgehtml.dll.mun', fd=-1), popenfile(path='C:\\Windows\\SystemApps\\Microsoft.Windows.Search_cw5n1h2txyewy\\Cortana.Internal.Search.winmd', fd=-1), popenfile(path='C:\\Windows\\System32\\WinMetadata\\Windows.System.winmd', fd=-1), popenfile(path='C:\\Users\\keylogger\\AppData\\Local\\Packages\\Microsoft.Windows.Search_cw5n1h2txyewy\\LocalState\\AppIconCache\\100\\Microsoft_Windows_Computer', fd=-1), popenfile(path='C:\\Windows\\Fonts\\segoeui.ttf', fd=-1), popenfile(path='C:\\Windows\\System32\\en-US\\dnsapi.dll.mui', fd=-1), popenfile(path='C:\\Users\\keylogger\\AppData\\Local\\Packages\\Microsoft.Windows.Search_cw5n1h2txyewy\\LocalState\\AppIconCache\\100\\{1AC14E77-02E7-4E5D-B744-2EB1AE5198B7}_mspaint_exe', fd=-1), popenfile(path='C:\\Windows\\System32\\en-US\\KernelBase.dll.mui', fd=-1), popenfile(path='C:\\Windows\\System32\\en-US\\StartTileData.dll.mui', fd=-1), popenfile(path='C:\\Windows\\System32\\WinMetadata\\Windows.ApplicationModel.winmd', fd=-1), popenfile(path='C:\\Windows\\Fonts\\seguiemj.ttf', fd=-1), popenfile(path='C:\\Users\\keylogger\\AppData\\Local\\Packages\\Microsoft.Windows.Search_cw5n1h2txyewy\\LocalState\\AppIconCache\\100\\{1AC14E77-02E7-4E5D-B744-2EB1AE5198B7}_cleanmgr_exe', fd=-1), popenfile(path='C:\\Windows\\System32\\WinMetadata\\Windows.Web.winmd', fd=-1), popenfile(path='C:\\Windows\\System32\\en-US\\shell32.dll.mui', fd=-1), popenfile(path='C:\\Windows\\Fonts\\simsun.ttc', fd=-1), popenfile(path='C:\\Windows\\System32\\WinMetadata\\Windows.Storage.winmd', fd=-1), popenfile(path='C:\\Windows\\System32\\WinMetadata\\Windows.Security.winmd', fd=-1), popenfile(path='C:\\Windows\\System32\\en-US\\windows.storage.dll.mui', fd=-1), popenfile(path='C:\\Users\\keylogger\\AppData\\Local\\Packages\\Microsoft.Windows.Search_cw5n1h2txyewy\\LocalState\\AppIconCache\\100\\Microsoft_Windows_Explorer', fd=-1), popenfile(path='C:\\Windows\\Fonts\\segoeuib.ttf', fd=-1), popenfile(path='C:\\Windows\\System32\\en-US\\mswsock.dll.mui', fd=-1), popenfile(path='C:\\Users\\keylogger\\AppData\\Local\\Packages\\Microsoft.Windows.Search_cw5n1h2txyewy\\LocalState\\AppIconCache\\100\\{1AC14E77-02E7-4E5D-B744-2EB1AE5198B7}_SnippingTool_exe', fd=-1), popenfile(path='C:\\Users\\keylogger\\AppData\\Local\\Packages\\Microsoft.Windows.Search_cw5n1h2txyewy\\LocalState\\AppIconCache\\100\\Microsoft_Windows_RemoteDesktop', fd=-1), popenfile(path='C:\\Windows\\System32\\en-US\\edgehtml.dll.mui', fd=-1), popenfile(path='C:\\Users\\keylogger\\AppData\\Local\\Packages\\Microsoft.Windows.Search_cw5n1h2txyewy\\LocalState\\AppIconCache\\100\\Microsoft_VisualStudioCode', fd=-1), popenfile(path='C:\\Windows\\System32\\en-US\\crypt32.dll.mui', fd=-1), popenfile(path='C:\\Users\\keylogger\\AppData\\Local\\Packages\\Microsoft.Windows.Search_cw5n1h2txyewy\\LocalState\\AppIconCache\\100\\PythonSoftwareFoundation_PythonManager_3847v3x7pw1km!Py_Manager_Exe', fd=-1), popenfile(path='C:\\Users\\keylogger\\AppData\\Local\\Packages\\Microsoft.Windows.Search_cw5n1h2txyewy\\LocalState\\AppIconCache\\100\\Microsoft_Getstarted_8wekyb3d8bbwe!App', fd=-1), popenfile(path='C:\\Users\\keylogger\\AppData\\Local\\Packages\\Microsoft.Windows.Search_cw5n1h2txyewy\\LocalState\\AppIconCache\\100\\{1AC14E77-02E7-4E5D-B744-2EB1AE5198B7}_dfrgui_exe', fd=-1), popenfile(path='C:\\Windows\\SystemResources\\Chakra.dll.mun', fd=-1), popenfile(path='C:\\Windows\\System32\\WinMetadata\\Windows.Foundation.winmd', fd=-1), popenfile(path='C:\\Users\\keylogger\\AppData\\Local\\Packages\\Microsoft.Windows.Search_cw5n1h2txyewy\\LocalState\\AppIconCache\\100\\Microsoft_WindowsStore_8wekyb3d8bbwe!App', fd=-1), popenfile(path='C:\\Windows\\Fonts\\seguisb.ttf', fd=-1), popenfile(path='C:\\Users\\keylogger\\AppData\\Local\\Packages\\Microsoft.Windows.Search_cw5n1h2txyewy\\LocalState\\AppIconCache\\100\\Microsoft_GetHelp_8wekyb3d8bbwe!App', fd=-1), popenfile(path='C:\\Windows\\System32\\en-US\\winnlsres.dll.mui', fd=-1), popenfile(path='C:\\Users\\keylogger\\AppData\\Local\\Packages\\Microsoft.Windows.Search_cw5n1h2txyewy\\LocalState\\AppIconCache\\100\\{1AC14E77-02E7-4E5D-B744-2EB1AE5198B7}_notepad_exe', fd=-1), popenfile(path='C:\\Users\\keylogger\\AppData\\Local\\Packages\\Microsoft.Windows.Search_cw5n1h2txyewy\\LocalState\\AppIconCache\\100\\C__Users_keylogger_AppData_Local_Python_pythoncore-3_14-64_python_exe', fd=-1), popenfile(path='C:\\Windows\\SystemApps\\Microsoft.Windows.Search_cw5n1h2txyewy\\Cortana.Search.winmd', fd=-1)]",32.0,C:\Windows\SystemApps\Microsoft.Windows.Search_cw5n1h2txyewy\SearchApp.exe,8011,4871,43812576,22407444,14.0,18.21875,77869,0,89.78515625,173.73046875,benign
0.0,145,6584,cmd.exe,"['cmd', '/k', 'python', '.\\keylogger.py']",0.1881081679199262,3,[],32.0,C:\Windows\System32\cmd.exe,0,0,0,0,0.015625,0.0,146,0,7.703125,4.71875,benign
0.0,805,6632,SearchApp.exe,"['C:\\Windows\\SystemApps\\Microsoft.Windows.Search_cw5n1h2txyewy\\SearchApp.exe', '-ServerName:ShellFeedsUI.AppX88fpyyrd21w8wqe62wzsjh5agex7tf1e.mca']",1.298251605167442,17,"[popenfile(path='C:\\Windows\\System32\\en-US\\windows.storage.dll.mui', fd=-1), popenfile(path='C:\\Windows\\Fonts\\segoeui.ttf', fd=-1), popenfile(path='C:\\Windows\\System32\\en-US\\dnsapi.dll.mui', fd=-1), popenfile(path='C:\\Program Files (x86)\\Microsoft\\EdgeWebView\\Application\\142.0.3595.69\\icudtl.dat', fd=-1), popenfile(path='C:\\Windows\\System32\\en-US\\KernelBase.dll.mui', fd=-1), popenfile(path='C:\\Windows\\System32\\en-US\\Windows.Web.dll.mui', fd=-1), popenfile(path='C:\\Windows\\System32\\en-US\\crypt32.dll.mui', fd=-1)]",32.0,C:\Windows\SystemApps\Microsoft.Windows.Search_cw5n1h2txyewy\SearchApp.exe,970,196,1274970,967726,0.515625,1.296875,4899,0,53.1640625,17.4921875,benign
0.0,523,6648,RuntimeBroker.exe,"['C:\\Windows\\System32\\RuntimeBroker.exe', '-Embedding']",0.8420034473778848,9,"[popenfile(path='C:\\Windows\\System32\\en-US\\combase.dll.mui', fd=-1), popenfile(path='C:\\Windows\\System32\\en-US\\AppResolver.dll.mui', fd=-1), popenfile(path='C:\\Windows\\System32\\en-US\\windows.storage.dll.mui', fd=-1), popenfile(path='C:\\Windows\\System32\\en-US\\propsys.dll.mui', fd=-1), popenfile(path='C:\\Windows\\System32\\en-US\\KernelBase.dll.mui', fd=-1), popenfile(path='C:\\Windows\\SystemResources\\imageres.dll.mun', fd=-1), popenfile(path='C:\\Windows\\System32\\en-US\\StartTileData.dll.mui', fd=-1), popenfile(path='C:\\Windows\\Registration\\R000000000006.clb', fd=-1), popenfile(path='C:\\Windows\\System32\\en-US\\shell32.dll.mui', fd=-1), popenfile(path='C:\\Windows\\System32\\en-US\\Windows.Security.Authentication.Web.Core.dll.mui', fd=-1)]",32.0,C:\Windows\System32\RuntimeBroker.exe,741,2,290707,248,0.78125,1.921875,3686,0,34.48046875,11.0,benign
0.0,123,7076,uhssvc.exe,,0.14766300402639237,3,,,C:\Program Files\Microsoft Update Health Tools\uhssvc.exe,0,1,0,65536,0.015625,0.046875,1792,0,6.046875,1.3359375,benign
0.0,221,7124,svchost.exe,,0.16721785921076604,6,,,C:\Windows\System32\svchost.exe,0,0,0,0,0.0625,0.09375,242,0,6.84765625,1.88671875,benign
0.0,285,7224,svchost.exe,,0.27300485628135335,4,,,C:\Windows\System32\svchost.exe,3,0,8573,0,0.21875,0.046875,194,0,11.1796875,2.53125,benign
0.0,165,7276,python.exe,"['python', '.\\keylogger.py']",0.31583475861200594,1,"[popenfile(path='C:\\Windows\\System32\\en-US\\winhttp.dll.mui', fd=-1), popenfile(path='C:\\Windows\\System32\\en-US\\KernelBase.dll.mui', fd=-1)]",32.0,C:\Program Files\WindowsApps\PythonSoftwareFoundation.PythonManager_25.0.240.0_x64__3847v3x7pw1km\python.exe,64,0,7189089,0,0.078125,0.015625,197,0,12.93359375,4.63671875,benign
0.0,1097,7372,Code.exe,['C:\\Users\\keylogger\\AppData\\Local\\Programs\\Microsoft VS Code\\Code.exe'],2.7099213704042513,51,"[popenfile(path='C:\\Users\\keylogger\\AppData\\Roaming\\Code\\logs\\20251112T085715\\editSessions.log', fd=-1), popenfile(path='C:\\Users\\keylogger\\AppData\\Roaming\\Code\\logs\\20251112T085715\\terminal.log', fd=-1), popenfile(path='C:\\Users\\keylogger\\AppData\\Roaming\\Code\\Local Storage\\leveldb\\000003.log', fd=-1), popenfile(path='C:\\Users\\keylogger\\AppData\\Roaming\\Code\\logs\\20251112T085715\\remoteTunnelService.log', fd=-1), popenfile(path='C:\\Windows\\Fonts\\StaticCache.dat', fd=-1), popenfile(path='C:\\Users\\keylogger\\AppData\\Roaming\\Code\\User\\globalStorage\\state.vscdb', fd=-1), popenfile(path='C:\\Users\\keylogger\\AppData\\Local\\Programs\\Microsoft VS Code\\locales\\en-US.pak', fd=-1), popenfile(path='C:\\Windows\\Fonts\\msyh.ttc', fd=-1), popenfile(path='C:\\Windows\\Fonts\\msjh.ttc', fd=-1), popenfile(path='C:\\Users\\keylogger\\AppData\\Roaming\\Code\\logs\\20251112T085715\\window1\\renderer.log', fd=-1), popenfile(path='C:\\Users\\keylogger\\AppData\\Roaming\\Code\\logs\\20251112T085715\\window1\\mcpServer.ms-python.vscode-pylance\\pylance mcp server.log', fd=-1), popenfile(path='C:\\Users\\keylogger\\AppData\\Roaming\\Code\\logs\\20251112T085715\\network-shared.log', fd=-1), popenfile(path='C:\\Users\\keylogger\\AppData\\Roaming\\Code\\logs\\20251112T085715\\telemetry.log', fd=-1), popenfile(path='C:\\Users\\keylogger\\AppData\\Roaming\\Code\\logs\\20251112T085715\\window1\\views.log', fd=-1), popenfile(path='C:\\Users\\keylogger\\AppData\\Roaming\\Code\\logs\\20251112T085715\\window1\\network.log', fd=-1), popenfile(path='C:\\Users\\keylogger\\AppData\\Local\\Programs\\Microsoft VS Code\\resources.pak', fd=-1), popenfile(path='C:\\Windows\\System32\\en-US\\duser.dll.mui', fd=-1), popenfile(path='C:\\Windows\\Fonts\\segoeui.ttf', fd=-1), popenfile(path='C:\\Users\\keylogger\\AppData\\Local\\Programs\\Microsoft VS Code\\icudtl.dat', fd=-1), popenfile(path='C:\\Windows\\System32\\en-US\\KernelBase.dll.mui', fd=-1), popenfile(path='C:\\Users\\keylogger\\AppData\\Roaming\\Code\\logs\\20251112T085715\\window1\\output_20251112T085724\\tasks.log', fd=-1), popenfile(path='C:\\Users\\keylogger\\AppData\\Roaming\\Code\\Local Storage\\leveldb\\MANIFEST-000001', fd=-1), popenfile(path='C:\\Windows\\Registration\\R000000000006.clb', fd=-1), popenfile(path='C:\\Users\\keylogger\\AppData\\Roaming\\Code\\logs\\20251112T085715\\window1\\textModelChanges.log', fd=-1), popenfile(path='C:\\Windows\\System32\\en-US\\shell32.dll.mui', fd=-1), popenfile(path='C:\\Users\\keylogger\\AppData\\Local\\Programs\\Microsoft VS Code\\v8_context_snapshot.bin', fd=-1), popenfile(path='C:\\Users\\keylogger\\AppData\\Local\\Programs\\Microsoft VS Code\\chrome_100_percent.pak', fd=-1), popenfile(path='C:\\Windows\\Fonts\\simsun.ttc', fd=-1), popenfile(path='C:\\Users\\keylogger\\AppData\\Roaming\\Code\\logs\\20251112T085715\\main.log', fd=-1), popenfile(path='C:\\Windows\\Fonts\\YuGothR.ttc', fd=-1), popenfile(path='C:\\Users\\keylogger\\AppData\\Roaming\\Code\\DIPS', fd=-1), popenfile(path='C:\\Windows\\WinSxS\\amd64_microsoft.windows.c..-controls.resources_6595b64144ccf1df_6.0.19041.1_en-us_cb612d02732b0fd9\\comctl32.dll.mui', fd=-1), popenfile(path='C:\\Windows\\System32\\en-US\\propsys.dll.mui', fd=-1), popenfile(path='C:\\Windows\\Fonts\\malgun.ttf', fd=-1), popenfile(path='C:\\Users\\keylogger\\AppData\\Roaming\\Code\\logs\\20251112T085715\\sharedprocess.log', fd=-1), popenfile(path='C:\\Windows\\System32\\en-US\\mswsock.dll.mui', fd=-1), popenfile(path='C:\\Users\\keylogger\\AppData\\Roaming\\Code\\SharedStorage-wal', fd=-1), popenfile(path='C:\\Users\\keylogger\\AppData\\Roaming\\Code\\logs\\20251112T085715\\window1\\notebook.rendering.log', fd=-1), popenfile(path='C:\\Users\\keylogger\\AppData\\Roaming\\Code\\User\\workspaceStorage\\6898a7638a8465fb798a31a4495e4bdc\\state.vscdb', fd=-1), popenfile(path='C:\\Users\\keylogger\\AppData\\Roaming\\Code\\Local Storage\\leveldb\\LOCK', fd=-1), popenfile(path='C:\\Windows\\System32\\en-US\\kernel32.dll.mui', fd=-1), popenfile(path='C:\\Users\\keylogger\\AppData\\Roaming\\Code\\DIPS-wal', fd=-1), popenfile(path='C:\\Windows\\System32\\en-US\\user32.dll.mui', fd=-1), popenfile(path='C:\\Windows\\Fonts\\msgothic.ttc', fd=-1), popenfile(path='C:\\Users\\keylogger\\AppData\\Roaming\\Code\\logs\\20251112T085715\\userDataSync.log', fd=-1), popenfile(path='C:\\Users\\keylogger\\AppData\\Roaming\\Code\\SharedStorage', fd=-1), popenfile(path='C:\\Users\\keylogger\\AppData\\Local\\Programs\\Microsoft VS Code\\chrome_200_percent.pak', fd=-1), popenfile(path='C:\\Users\\keylogger\\AppData\\Roaming\\Code\\Local Storage\\leveldb\\LOG', fd=-1), popenfile(path='C:\\Windows\\SystemResources\\imageres.dll.mun', fd=-1)]",32.0,C:\Users\keylogger\AppData\Local\Programs\Microsoft VS Code\Code.exe,120519,74528,119665911,72008282,63.125,120.890625,1053134,0,110.97265625,107.296875,benign
0.0,198,7380,conhost.exe,"['\\??\\C:\\Windows\\system32\\conhost.exe', '0x4']",0.3931956735121378,5,"[popenfile(path='C:\\Windows\\Registration\\R000000000006.clb', fd=-1), popenfile(path='C:\\Windows\\System32\\en-US\\Conhost.exe.mui', fd=-1), popenfile(path='C:\\Windows\\Fonts\\StaticCache.dat', fd=-1), popenfile(path='C:\\Windows\\System32\\en-US\\user32.dll.mui', fd=-1)]",32.0,C:\Windows\System32\conhost.exe,1,0,60,0,0.0,0.015625,888,0,16.1015625,6.890625,benign
0.0,169,7412,SecurityHealthSystray.exe,['C:\\Windows\\System32\\SecurityHealthSystray.exe'],0.21815587222762234,1,"[popenfile(path='C:\\Windows\\System32\\en-US\\securityhealthsso.dll.mui', fd=-1), popenfile(path='C:\\Windows\\Registration\\R000000000006.clb', fd=-1)]",32.0,C:\Windows\System32\SecurityHealthSystray.exe,1,0,7903,0,0.0,0.078125,441,0,8.93359375,1.71875,benign
0.0,399,7444,SecurityHealthService.exe,,0.3651511494916214,6,,,C:\Windows\System32\SecurityHealthService.exe,1,1,14257,4096,0.25,0.6875,3342,0,14.953125,4.5390625,benign
0.0,607,7552,vmtoolsd.exe,"['C:\\Program Files\\VMware\\VMware Tools\\vmtoolsd.exe', '-n', 'vmusr']",0.6787919487414781,9,"[popenfile(path='C:\\Windows\\System32\\en-US\\propsys.dll.mui', fd=-1), popenfile(path='C:\\Windows\\System32\\en-US\\msxml6r.dll.mui', fd=-1), popenfile(path='C:\\Windows\\SystemResources\\shell32.dll.mun', fd=-1), popenfile(path='C:\\Windows\\Temp\\vmware-vmusr-keylogger.log', fd=-1), popenfile(path='C:\\Windows\\System32\\en-US\\KernelBase.dll.mui', fd=-1), popenfile(path='C:\\Windows\\Registration\\R000000000006.clb', fd=-1), popenfile(path='C:\\Windows\\System32\\en-US\\shell32.dll.mui', fd=-1), popenfile(path='C:\\Windows\\System32\\en-US\\crypt32.dll.mui', fd=-1)]",32.0,C:\Program Files\VMware\VMware Tools\vmtoolsd.exe,2697,229,8512311,20941,9.625,8.359375,209631,0,27.796875,23.1796875,benign
0.0,511,7604,msedgewebview2.exe,"['C:\\Program Files (x86)\\Microsoft\\EdgeWebView\\Application\\142.0.3595.69\\msedgewebview2.exe', '--type=renderer', '--noerrdialogs', '--user-data-dir=C:\\Users\\keylogger\\AppData\\Local\\Packages\\Microsoft.Windows.Search_cw5n1h2txyewy\\LocalState\\EBWebView', '--webview-exe-name=SearchApp.exe', '--webview-exe-version=10.0.19041.6282', '--embedded-browser-webview=1', '--dma-cps-flags=0', '--video-capture-use-gpu-memory-buffer', '--lang=en-US', '--device-scale-factor=1', '--num-raster-threads=1', '--renderer-client-id=5', '--js-flags=--expose-gc --ms-user-locale=', '--time-ticks-at-unix-epoch=-1762955756248049', '--launch-time-ticks=489936013', '--ram-no-pressure-read-main-dll', '--metrics-shmem-handle=3556,i,13163050069218276565,5933633994958427589,2097152', '--field-trial-handle=1936,i,2238199769039427031,1139989135762586427,262144', '--enable-features=ForceSWDCompWhenDCompFallbackRequired,LocalNetworkAccessForFencedFrameNavigationsWarningOnly,LocalNetworkAccessForNavigationsWarningOnly,LocalNetworkAccessForSubframeNavigationsWarningOnly,LocalNetworkAccessForWorkersWarningOnly,msAggressiveCacheTrimming,msCustomDataPartition,msEmbeddedBrowserVisualHosting,msWebView2NoTabForScreenShare,msWebViewAppLifeCycleWorkaround', '--disable-features=BackForwardCache,BackgroundTabLoadingFromPerformanceManager,CloseOmniboxPopupOnInactiveAreaClick,CollectAVProductsInfo,CollectCodeIntegrityInfo,DeferSpeculativeRFHCreation,EnableHangWatcher,FilterAdsOnAbusiveSites,GetWifiProtocol,LoginDetection,MediaFoundationCameraUsageMonitoring,PreconnectToSearch,PreloadingEagerHeuristics,SafetyHub,SegmentationPlatform,ServiceWorkerAutoPreload,SpareRendererForSitePerProcess,Ukm,WebPayments,msAITrackerClassification,msAbydosForWindowlessWV2,msAffirmVirtualCard,msAllowChromeWebstore,msAllowMSAPrtSSOForNonMSAProfile,msApplicationGuard,msAskBeforeClosingMultipleTabs,msAutoToggleAADPrtSSOForNonAADProfile,msAutofillEdgeServiceRequest,msAutofillEnableEdgeSuggestions,msAutomaticTabFreeze,msBrowserSettingsSupported,msCoarseGeolocationService,msDataProtection,msDesktopMode,msDesktopRewards,msDisableVariationsSeedFetchThrottling,msEEProactiveHistory,msETFOffstoreExtensionFileDataCollection,msETFPasswordTheftDNRActionSignals,msEdgeAdPlatformUI,msEdgeAddWebCapturetoCollections,msEdgeAutofillShowDeployedPassword,msEdgeCaptureSelectionInPDF,msEdgeCloudConfigService,msEdgeCloudConfigServiceV2,msEdgeCohorts,msEdgeCollectionsPrismExperiment1,msEdgeCollectionsPrismOverallMigration,msEdgeComposeNext,msEdgeEnableNurturingFramework,msEdgeEnclavePrefsBasic,msEdgeEnclavePrefsNotification,msEdgeFaviconService,msEdgeHJTelemetry,msEdgeHubAppSkype,msEdgeImageEditorUI,msEdgeLinkDoctor,msEdgeMouseGestureDefaultEnabled,msEdgeMouseGestureSupported,msEdgeNewDeviceFre,msEdgeOnRampFRE,msEdgeOnRampImport,msEdgePDFCMHighlightUX,msEdgePasswordIris,msEdgePasswordIrisSaveBubble,msEdgePasswordStrengthCheck,msEdgePinpointFramework,msEdgeProngPersonalization,msEdgeReadingView,msEdgeRose,msEdgeScreenshotUI,msEdgeSendTabToSelf,msEdgeSettingsImport,msEdgeSettingsImportV2,msEdgeShoppingPersistentStorage,msEdgeShoppingUI,msEdgeSmartFind,msEdgeSuperDragDefaultEnabled,msEdgeSuperDragDropSupported,msEdgeTranslate,msEdgeUpdatesMoreMenuPill,msEdgeWebCapture,msEdgeWebCaptureUniformExperience,msEdgeWebContentFilteringFeedback,msEdgeWorkSearchBanner,msEnableCustomJobMemoryLimitsOnXbox,msEnableMIPForPDF,msEnablePdfUpsell,msEnableThirdPartyScanning,msEnableWebSignInCta,msEnableWebToBrowserSignIn,msEndpointDlp,msEntityExtraction,msExtensionTelemetryFramework,msExternalTaskManager,msFileSystemAccessDirectoryIterationBlocklistCheck,msForceBrowserSignIn,msForeignSessionsPage,msGeolocationAccessService,msGeolocationOSLocationPermissionFallback,msGeolocationSQMService,msGeolocationService,msGrowthInfraLaunchSourceLogging,msGuidedSwitchAllowed,msHubPinPersist,msImplicitSignin,msIrm,msIrmv2,msKlarnaVirtualCard,msLlmConsumerDlpPurview,msLoadStatistics,msLogIsEdgePinnedToTaskbarOnLaunch,msMIPCrossTenantPdfViewSupport,msMdatpWebSiteDlp,msNotificationPermissionForPWA,msNumberOfSitesToPin,msNurturingGlobalSitePinningOnCloseModal,msNurturingSitePinningCITopSites,msNurturingSitePinningWithWindowsConsent,msOnHoverSearchInSidebar,msOpenOfficeDocumentsInWebViewer,msPageInteractionRestrictionRevoke,msPasswordBreachDetection,msPdfAnnotationsVisibility,msPdfDataRecovery,msPdfDigitalSignatureRead,msPdfFreeText,msPdfFreeTextForCJK,msPdfHighlightMode,msPdfInking,msPdfKeyphraseSupport,msPdfOOUI,msPdfPopupMarkerRenderer,msPdfShare,msPdfSharedLibrary,msPdfTextNote,msPdfTextNoteMoreMenu,msPdfThumbnailCache,msPdfUnderside,msPdfViewRestore,msPersonalizationUMA,msPriceComparison,msPrintInWebView2,msPromptDefaultHandlerForPDF,msReactiveSearch,msReadAloud,msReadAloudPdf,msRedirectToShoreline,msRevokeExtensions,msSaasDlp,msShoppingTrigger,msShorelineSearch,msShorelineSearchFindOnPageWebUI,msShowOfflineGameEntrance,msShowReadAloudIconInAddressBar,msShowUXForAADPrtSSOForNonAADProfile,msSitePinningWithoutUi,msSuspendMessageForNewSessionWhenHavingPendingNavigation,msSyncEdgeCollections,msTabResourceStats,msTokenizationAutofillInlineEnabled,msTouchMode,msTriggeringSignalGenerator,msUserUnderstanding,msVideoSuperResolutionUI,msWalletBuyNow,msWalletCheckout,msWalletDiagnosticDataLogger,msWalletHubEntry,msWalletHubIntlP3,msWalletPartialCard,msWalletPasswordCategorization,msWalletPasswordCategorizationPlatformExpansion,msWalletTokenizationCardMetadata,msWalletTokenizedAutofill,msWebAssist,msWebAssistHistorySearchService,msWebOOUI,msWindowsTaskManager,msWindowsUserActivities,msZipPayVirtualCard', '--variations-seed-version', '--trace-process-track-uuid=3190708990997080739', '--mojo-platform-channel-handle=3564', '/prefetch:1']",1.680763650481288,21,"[popenfile(path='C:\\Windows\\Fonts\\arial.ttf', fd=-1), popenfile(path='C:\\Windows\\Fonts\\seguisbi.ttf', fd=-1), popenfile(path='C:\\Program Files (x86)\\Microsoft\\EdgeWebView\\Application\\142.0.3595.69\\v8_context_snapshot.bin', fd=-1), popenfile(path='C:\\Windows\\Fonts\\arialbi.ttf', fd=-1), popenfile(path='C:\\Windows\\Fonts\\arialbd.ttf', fd=-1), popenfile(path='C:\\Windows\\Fonts\\seguili.ttf', fd=-1), popenfile(path='C:\\Windows\\Fonts\\seguibl.ttf', fd=-1), popenfile(path='C:\\Program Files (x86)\\Microsoft\\EdgeWebView\\Application\\142.0.3595.69\\msedge_200_percent.pak', fd=-1), popenfile(path='C:\\Windows\\Fonts\\times.ttf', fd=-1), popenfile(path='C:\\Windows\\Fonts\\consolai.ttf', fd=-1), popenfile(path='C:\\Windows\\Fonts\\consolab.ttf', fd=-1), popenfile(path='C:\\Windows\\Fonts\\segoeui.ttf', fd=-1), popenfile(path='C:\\Windows\\Fonts\\consola.ttf', fd=-1), popenfile(path='C:\\Windows\\Fonts\\ariblk.ttf', fd=-1), popenfile(path='C:\\Windows\\Fonts\\timesi.ttf', fd=-1), popenfile(path='C:\\Windows\\Fonts\\segoeuii.ttf', fd=-1), popenfile(path='C:\\Program Files (x86)\\Microsoft\\EdgeWebView\\Application\\142.0.3595.69\\resources.pak', fd=-1), popenfile(path='C:\\Windows\\Fonts\\segoeuib.ttf', fd=-1), popenfile(path='C:\\Windows\\Fonts\\segoeuil.ttf', fd=-1), popenfile(path='C:\\Program Files (x86)\\Microsoft\\EdgeWebView\\Application\\142.0.3595.69\\msedge_100_percent.pak', fd=-1), popenfile(path='C:\\Users\\keylogger\\AppData\\Local\\Packages\\Microsoft.Windows.Search_cw5n1h2txyewy\\AC\\Temp\\c0aa25ef-0923-40a4-a6b4-5831c3a0cf11.tmp', fd=-1), popenfile(path='C:\\Windows\\Fonts\\timesbd.ttf', fd=-1), popenfile(path='C:\\Windows\\Fonts\\timesbi.ttf', fd=-1), popenfile(path='C:\\Windows\\Fonts\\consolaz.ttf', fd=-1), popenfile(path='C:\\Windows\\Fonts\\seguisli.ttf', fd=-1), popenfile(path='C:\\Program Files (x86)\\Microsoft\\EdgeWebView\\Application\\142.0.3595.69\\Locales\\en-US.pak', fd=-1), popenfile(path='C:\\Program Files (x86)\\Microsoft\\EdgeWebView\\Application\\142.0.3595.69\\icudtl.dat', fd=-1), popenfile(path='C:\\Windows\\Fonts\\ariali.ttf', fd=-1), popenfile(path='C:\\Windows\\Fonts\\seguisb.ttf', fd=-1), popenfile(path='C:\\Windows\\Fonts\\seguibli.ttf', fd=-1), popenfile(path='C:\\Windows\\Fonts\\segoeuisl.ttf', fd=-1), popenfile(path='C:\\Windows\\Fonts\\segoeuiz.ttf', fd=-1)]",64.0,C:\Program Files (x86)\Microsoft\EdgeWebView\Application\142.0.3595.69\msedgewebview2.exe,2140,3330,2843056,5979573,3.296875,2.046875,20935,0,68.828125,143.8515625,benign
0.0,224,7680,Code.exe,"['C:\\Users\\keylogger\\AppData\\Local\\Programs\\Microsoft VS Code\\Code.exe', '--type=crashpad-handler', '--user-data-dir=C:\\Users\\keylogger\\AppData\\Roaming\\Code', '/prefetch:4', '--no-rate-limit', '--monitor-self-annotation=ptype=crashpad-handler', '--database=C:\\Users\\keylogger\\AppData\\Roaming\\Code\\Crashpad', '--url=appcenter://code?aid=a4e3233c-699c-46ec-b4f4-9c2a77254662&uid=627f84cc-401f-4f65-94fa-5c8e364bc821&iid=627f84cc-401f-4f65-94fa-5c8e364bc821&sid=627f84cc-401f-4f65-94fa-5c8e364bc821', '--annotation=_companyName=Microsoft', '--annotation=_productName=VSCode', '--annotation=_version=1.105.1', '--annotation=plat=Win64', '--annotation=prod=Electron', '--annotation=ver=37.6.0', '--initial-client-data=0x45c,0x460,0x464,0x458,0x468,0x7ff772906ce4,0x7ff772906cf0,0x7ff772906d00']",0.6882355129524683,7,"[popenfile(path='C:\\Windows\\System32\\en-US\\mswsock.dll.mui', fd=-1)]",32.0,C:\Users\keylogger\AppData\Local\Programs\Microsoft VS Code\Code.exe,20,19,5847,228,0.0,0.09375,211,0,28.18359375,10.42578125,benign
0.0,209,7752,svchost.exe,,0.18658193532017023,2,,,C:\Windows\System32\svchost.exe,1,1,5788,4096,0.03125,0.046875,63,0,7.640625,1.65625,benign
0.0,349,7812,Code.exe,"['C:\\Users\\keylogger\\AppData\\Local\\Programs\\Microsoft VS Code\\Code.exe', '--type=gpu-process', '--user-data-dir=C:\\Users\\keylogger\\AppData\\Roaming\\Code', '--gpu-preferences=UAAAAAAAAADgAAAEAAAAAAAAAAAAAAAAAABgAAEAAAAAAAAAAAAAAAAAAAACAAAAAAAAAAAAAAAAAAAAAAAAABAAAAAAAAAAEAAAAAAAAAAIAAAAAAAAAAgAAAAAAAAA', '--field-trial-handle=1768,i,5791151919403288756,5385276150718787774,262144', '--enable-features=DocumentPolicyIncludeJSCallStacksInCrashReports,EarlyEstablishGpuChannel,EnableTransparentHwndEnlargement,EstablishGpuChannelAsync', '--disable-features=CalculateNativeWinOcclusion,FontationsLinuxSystemFonts,ScreenAIOCREnabled,SpareRendererForSitePerProcess,WinDelaySpellcheckServiceInit', '--variations-seed-version', '--mojo-platform-channel-handle=1764', '/prefetch:2']",3.7389837007897304,16,"[popenfile(path='C:\\Users\\keylogger\\AppData\\Local\\Programs\\Microsoft VS Code\\icudtl.dat', fd=-1), popenfile(path='C:\\Windows\\System32\\en-US\\mswsock.dll.mui', fd=-1)]",32768.0,C:\Users\keylogger\AppData\Local\Programs\Microsoft VS Code\Code.exe,166399,149223,1456592526,17118752,35.4375,177.28125,1218823,0,153.11328125,198.203125,benign
0.0,332,7844,Code.exe,"['C:\\Users\\keylogger\\AppData\\Local\\Programs\\Microsoft VS Code\\Code.exe', '--type=utility', '--utility-sub-type=network.mojom.NetworkService', '--lang=en-US', '--service-sandbox-type=none', '--user-data-dir=C:\\Users\\keylogger\\AppData\\Roaming\\Code', '--standard-schemes=vscode-webview,vscode-file', '--enable-sandbox', '--secure-schemes=vscode-webview,vscode-file', '--cors-schemes=vscode-webview,vscode-file', '--fetch-schemes=vscode-webview,vscode-file', '--service-worker-schemes=vscode-webview', '--code-cache-schemes=vscode-webview,vscode-file', '--field-trial-handle=1768,i,5791151919403288756,5385276150718787774,262144', '--enable-features=DocumentPolicyIncludeJSCallStacksInCrashReports,EarlyEstablishGpuChannel,EnableTransparentHwndEnlargement,EstablishGpuChannelAsync', '--disable-features=CalculateNativeWinOcclusion,FontationsLinuxSystemFonts,ScreenAIOCREnabled,SpareRendererForSitePerProcess,WinDelaySpellcheckServiceInit', '--variations-seed-version', '--mojo-platform-channel-handle=2024', '/prefetch:3']",1.0356442084719264,15,"[popenfile(path='C:\\Users\\keylogger\\AppData\\Roaming\\Code\\Network\\Trust Tokens', fd=-1), popenfile(path='C:\\Users\\keylogger\\AppData\\Roaming\\Code\\Cache\\Cache_Data\\data_1', fd=-1), popenfile(path='C:\\Users\\keylogger\\AppData\\Roaming\\Code\\Cache\\Cache_Data\\data_2', fd=-1), popenfile(path='C:\\Users\\keylogger\\AppData\\Roaming\\Code\\Network\\Cookies', fd=-1), popenfile(path='C:\\Users\\keylogger\\AppData\\Local\\Programs\\Microsoft VS Code\\chrome_200_percent.pak', fd=-1), popenfile(path='C:\\Users\\keylogger\\AppData\\Local\\Programs\\Microsoft VS Code\\resources.pak', fd=-1), popenfile(path='C:\\Users\\keylogger\\AppData\\Roaming\\Code\\Shared Dictionary\\db', fd=-1), popenfile(path='C:\\Windows\\System32\\en-US\\mswsock.dll.mui', fd=-1), popenfile(path='C:\\Users\\keylogger\\AppData\\Roaming\\Code\\Cache\\Cache_Data\\data_3', fd=-1), popenfile(path='C:\\Users\\keylogger\\AppData\\Local\\Programs\\Microsoft VS Code\\locales\\en-US.pak', fd=-1), popenfile(path='C:\\Users\\keylogger\\AppData\\Roaming\\Code\\Cache\\Cache_Data\\data_0', fd=-1), popenfile(path='C:\\Users\\keylogger\\AppData\\Local\\Programs\\Microsoft VS Code\\icudtl.dat', fd=-1), popenfile(path='C:\\Windows\\Registration\\R000000000006.clb', fd=-1), popenfile(path='C:\\Users\\keylogger\\AppData\\Roaming\\Code\\Cache\\Cache_Data\\index', fd=-1), popenfile(path='C:\\Users\\keylogger\\AppData\\Local\\Programs\\Microsoft VS Code\\v8_context_snapshot.bin', fd=-1), popenfile(path='C:\\Users\\keylogger\\AppData\\Local\\Programs\\Microsoft VS Code\\chrome_100_percent.pak', fd=-1)]",32.0,C:\Users\keylogger\AppData\Local\Programs\Microsoft VS Code\Code.exe,1653,2858,2501484,891686,1.484375,0.59375,18661,0,42.41015625,13.08984375,benign
0.0,773,7876,OneDrive.exe,"['C:\\Users\\keylogger\\AppData\\Local\\Microsoft\\OneDrive\\OneDrive.exe', '/background']",1.44381603936917,24,"[popenfile(path='C:\\Users\\keylogger\\AppData\\Local\\Microsoft\\OneDrive\\21.220.1024.0005\\en\\FileSync.LocalizedResources.dll.mui', fd=-1), popenfile(path='C:\\Users\\keylogger\\AppData\\Local\\Microsoft\\OneDrive\\setup\\logs\\Update_2025-11-12_135731_7876-7880.log', fd=-1), popenfile(path='C:\\Users\\keylogger\\AppData\\Local\\Microsoft\\OneDrive\\logs\\Personal\\SyncEngine-2025-11-12.1357.7876.1.aodl', fd=-1), popenfile(path='C:\\Windows\\System32\\en-US\\propsys.dll.mui', fd=-1), popenfile(path='C:\\Windows\\System32\\en-US\\mswsock.dll.mui', fd=-1), popenfile(path='C:\\Windows\\SysWOW64\\ieframe.dll', fd=-1), popenfile(path='C:\\Windows\\SystemResources\\ieframe.dll.mun', fd=-1), popenfile(path='C:\\Windows\\System32\\en-US\\ieframe.dll.mui', fd=-1), popenfile(path='C:\\Windows\\System32\\en-US\\KernelBase.dll.mui', fd=-1), popenfile(path='C:\\Windows\\SysWOW64\\en-US\\urlmon.dll.mui', fd=-1), popenfile(path='C:\\Windows\\Registration\\R000000000006.clb', fd=-1), popenfile(path='C:\\Windows\\SystemResources\\mshtml.dll.mun', fd=-1), popenfile(path='C:\\Windows\\SysWOW64\\en-US\\user32.dll.mui', fd=-1), popenfile(path='C:\\Windows\\SysWOW64\\en-US\\jscript9.dll.mui', fd=-1), popenfile(path='C:\\Windows\\System32\\en-US\\Windows.Security.Authentication.Web.Core.dll.mui', fd=-1), popenfile(path='C:\\Windows\\System32\\en-US\\crypt32.dll.mui', fd=-1), popenfile(path='C:\\Windows\\System32\\en-US\\mshtml.dll.mui', fd=-1)]",32.0,C:\Users\keylogger\AppData\Local\Microsoft\OneDrive\OneDrive.exe,67,3439,1177187,1030515,0.859375,2.234375,14992,0,59.125,25.21484375,benign
0.0,329,8024,RuntimeBroker.exe,"['C:\\Windows\\System32\\RuntimeBroker.exe', '-Embedding']",0.6020987606037395,3,"[popenfile(path='C:\\Windows\\System32\\en-US\\Windows.Storage.Search.dll.mui', fd=-1), popenfile(path='C:\\Windows\\System32\\en-US\\windows.storage.dll.mui', fd=-1), popenfile(path='C:\\Windows\\System32\\en-US\\propsys.dll.mui', fd=-1), popenfile(path='C:\\Windows\\Registration\\R000000000006.clb', fd=-1), popenfile(path='C:\\Windows\\System32\\en-US\\shell32.dll.mui', fd=-1)]",32.0,C:\Windows\System32\RuntimeBroker.exe,258,8,168154,128,0.1875,0.875,449,0,24.65625,8.40625,benign
0.0,200,8064,conhost.exe,"['\\??\\C:\\Windows\\system32\\conhost.exe', '0x4']",0.3939587898120159,5,"[popenfile(path='C:\\Windows\\Registration\\R000000000006.clb', fd=-1), popenfile(path='C:\\Windows\\System32\\en-US\\Conhost.exe.mui', fd=-1), popenfile(path='C:\\Windows\\Fonts\\StaticCache.dat', fd=-1), popenfile(path='C:\\Windows\\System32\\en-US\\user32.dll.mui', fd=-1)]",32.0,C:\Windows\System32\conhost.exe,1,0,60,0,0.03125,0.015625,842,0,16.1328125,6.890625,benign
0.0,511,8092,Code.exe,"['C:\\Users\\keylogger\\AppData\\Local\\Programs\\Microsoft VS Code\\Code.exe', '--type=renderer', '--user-data-dir=C:\\Users\\keylogger\\AppData\\Roaming\\Code', '--standard-schemes=vscode-webview,vscode-file', '--enable-sandbox', '--secure-schemes=vscode-webview,vscode-file', '--cors-schemes=vscode-webview,vscode-file', '--fetch-schemes=vscode-webview,vscode-file', '--service-worker-schemes=vscode-webview', '--code-cache-schemes=vscode-webview,vscode-file', '--app-user-model-id=Microsoft.VisualStudioCode', '--app-path=C:\\Users\\keylogger\\AppData\\Local\\Programs\\Microsoft VS Code\\resources\\app', '--enable-sandbox', '--enable-blink-features=HighlightAPI', '--disable-blink-features=FontMatchingCTMigration,StandardizedBrowserZoom,', '--video-capture-use-gpu-memory-buffer', '--lang=en-US', '--device-scale-factor=1', '--num-raster-threads=1', '--renderer-client-id=4', '--time-ticks-at-unix-epoch=-1762955756248046', '--launch-time-ticks=79636693', '--field-trial-handle=1768,i,5791151919403288756,5385276150718787774,262144', '--enable-features=DocumentPolicyIncludeJSCallStacksInCrashReports,EarlyEstablishGpuChannel,EnableTransparentHwndEnlargement,EstablishGpuChannelAsync', '--disable-features=CalculateNativeWinOcclusion,FontationsLinuxSystemFonts,ScreenAIOCREnabled,SpareRendererForSitePerProcess,WinDelaySpellcheckServiceInit', '--variations-seed-version', '--mojo-platform-channel-handle=3176', '--vscode-window-config=vscode:dcf33721-1f8e-4ed2-9410-8541038fd530', '/prefetch:1']",8.966711913103948,16,"[popenfile(path='C:\\Windows\\Fonts\\arial.ttf', fd=-1), popenfile(path='C:\\Windows\\Fonts\\palai.ttf', fd=-1), popenfile(path='C:\\Windows\\Fonts\\seguisbi.ttf', fd=-1), popenfile(path='C:\\Windows\\Fonts\\palabi.ttf', fd=-1), popenfile(path='C:\\Windows\\Fonts\\arialbi.ttf', fd=-1), popenfile(path='C:\\Users\\keylogger\\AppData\\Local\\Programs\\Microsoft VS Code\\locales\\en-US.pak', fd=-1), popenfile(path='C:\\Windows\\Fonts\\arialbd.ttf', fd=-1), popenfile(path='C:\\Windows\\Fonts\\msyh.ttc', fd=-1), popenfile(path='C:\\Windows\\Fonts\\seguili.ttf', fd=-1), popenfile(path='C:\\Windows\\Fonts\\seguibl.ttf', fd=-1), popenfile(path='C:\\Windows\\Fonts\\l_10646.ttf', fd=-1), popenfile(path='C:\\Windows\\Fonts\\times.ttf', fd=-1), popenfile(path='C:\\Windows\\Fonts\\consolai.ttf', fd=-1), popenfile(path='C:\\Windows\\Fonts\\consolab.ttf', fd=-1), popenfile(path='C:\\Users\\keylogger\\AppData\\Local\\Programs\\Microsoft VS Code\\resources.pak', fd=-1), popenfile(path='C:\\Windows\\Fonts\\segoeui.ttf', fd=-1), popenfile(path='C:\\Windows\\Fonts\\segoeuiz.ttf', fd=-1), popenfile(path='C:\\Windows\\Fonts\\consola.ttf', fd=-1), popenfile(path='C:\\Users\\keylogger\\AppData\\Local\\Programs\\Microsoft VS Code\\icudtl.dat', fd=-1), popenfile(path='C:\\Windows\\Fonts\\courbd.ttf', fd=-1), popenfile(path='C:\\Windows\\Fonts\\tahomabd.ttf', fd=-1), popenfile(path='C:\\Windows\\Fonts\\msyhl.ttc', fd=-1), popenfile(path='C:\\Users\\keylogger\\AppData\\Local\\Programs\\Microsoft VS Code\\v8_context_snapshot.bin', fd=-1), popenfile(path='C:\\Users\\keylogger\\AppData\\Local\\Programs\\Microsoft VS Code\\chrome_100_percent.pak', fd=-1), popenfile(path='C:\\Windows\\Fonts\\cambria.ttc', fd=-1), popenfile(path='C:\\Windows\\Fonts\\timesi.ttf', fd=-1), popenfile(path='C:\\Windows\\Fonts\\pala.ttf', fd=-1), popenfile(path='C:\\Windows\\Fonts\\segoeuii.ttf', fd=-1), popenfile(path='C:\\Windows\\Fonts\\cour.ttf', fd=-1), popenfile(path='C:\\Windows\\Fonts\\micross.ttf', fd=-1), popenfile(path='C:\\Windows\\Fonts\\segoeuib.ttf', fd=-1), popenfile(path='C:\\Windows\\Fonts\\segoeuil.ttf', fd=-1), popenfile(path='C:\\Windows\\System32\\en-US\\mswsock.dll.mui', fd=-1), popenfile(path='C:\\Windows\\Fonts\\palab.ttf', fd=-1), popenfile(path='C:\\Users\\keylogger\\AppData\\Local\\Temp\\a32bd24a-8d0f-44e1-9bb0-31b99d3e2f23.tmp', fd=-1), popenfile(path='C:\\Windows\\Fonts\\timesbd.ttf', fd=-1), popenfile(path='C:\\Windows\\Fonts\\msgothic.ttc', fd=-1), popenfile(path='C:\\Windows\\Fonts\\courbi.ttf', fd=-1), popenfile(path='C:\\Windows\\Fonts\\tahoma.ttf', fd=-1), popenfile(path='C:\\Windows\\Fonts\\timesbi.ttf', fd=-1), popenfile(path='C:\\Users\\keylogger\\AppData\\Local\\Programs\\Microsoft VS Code\\chrome_200_percent.pak', fd=-1), popenfile(path='C:\\Windows\\Fonts\\couri.ttf', fd=-1), popenfile(path='C:\\Windows\\Fonts\\consolaz.ttf', fd=-1), popenfile(path='C:\\Windows\\Fonts\\seguisli.ttf', fd=-1), popenfile(path='C:\\Windows\\Fonts\\ariali.ttf', fd=-1), popenfile(path='C:\\Windows\\Fonts\\seguisb.ttf', fd=-1), popenfile(path='C:\\Windows\\Fonts\\seguibli.ttf', fd=-1), popenfile(path='C:\\Windows\\Fonts\\segoeuisl.ttf', fd=-1), popenfile(path='C:\\Windows\\Fonts\\ariblk.ttf', fd=-1), popenfile(path='C:\\Windows\\Fonts\\msyhbd.ttc', fd=-1)]",32.0,C:\Users\keylogger\AppData\Local\Programs\Microsoft VS Code\Code.exe,294075,268470,337398399,1478094182,384.625,60.8125,2444189,0,367.19140625,315.00390625,benign
0.0,1686,8128,msedge.exe,"['C:\\Program Files (x86)\\Microsoft\\Edge\\Application\\msedge.exe', '--no-startup-window', '--win-session-start']",3.8507802387218564,59,"[popenfile(path='C:\\Windows\\Fonts\\seguisbi.ttf', fd=-1), popenfile(path='C:\\Users\\keylogger\\AppData\\Local\\Microsoft\\Edge\\User Data\\Default\\DawnGraphiteCache\\data_1', fd=-1), popenfile(path='C:\\Users\\keylogger\\AppData\\Local\\Microsoft\\Edge\\User Data\\Default\\ExtensionActivityEdge', fd=-1), popenfile(path='C:\\Users\\keylogger\\AppData\\Local\\Microsoft\\Edge\\User Data\\Default\\DawnGraphiteCache\\index', fd=-1), popenfile(path='C:\\Users\\keylogger\\AppData\\Local\\Microsoft\\Edge\\User Data\\BrowserMetrics\\BrowserMetrics-6914923F-1FC0.pma', fd=-1), popenfile(path='C:\\Users\\keylogger\\AppData\\Local\\Microsoft\\Edge\\User Data\\Default\\Site Characteristics Database\\LOG', fd=-1), popenfile(path='C:\\Users\\keylogger\\AppData\\Local\\Microsoft\\Edge\\User Data\\Default\\Sync Data\\LevelDB\\MANIFEST-000001', fd=-1), popenfile(path='C:\\Users\\keylogger\\AppData\\Local\\Microsoft\\Edge\\User Data\\Default\\Sync Data\\LevelDB\\000003.log', fd=-1), popenfile(path='C:\\Users\\keylogger\\AppData\\Local\\Microsoft\\Edge\\User Data\\Default\\GPUCache\\data_2', fd=-1), popenfile(path='C:\\Users\\keylogger\\AppData\\Local\\Microsoft\\Edge\\User Data\\GrShaderCache\\data_3', fd=-1), popenfile(path='C:\\Users\\keylogger\\AppData\\Local\\Microsoft\\Edge\\User Data\\Default\\DashTrackerDatabase', fd=-1), popenfile(path='C:\\Users\\keylogger\\AppData\\Local\\Microsoft\\Edge\\User Data\\Default\\GPUCache\\index', fd=-1), popenfile(path='C:\\Windows\\Fonts\\segoeuii.ttf', fd=-1), popenfile(path='C:\\Windows\\System32\\en-US\\Geolocation.dll.mui', fd=-1), popenfile(path='C:\\Users\\keylogger\\AppData\\Local\\Microsoft\\Edge\\User Data\\GraphiteDawnCache\\data_3', fd=-1), popenfile(path='C:\\Users\\keylogger\\AppData\\Local\\Microsoft\\Edge\\User Data\\ShaderCache\\data_2', fd=-1), popenfile(path='C:\\Users\\keylogger\\AppData\\Local\\Microsoft\\Edge\\User Data\\Default\\DawnWebGPUCache\\data_1', fd=-1), popenfile(path='C:\\Users\\keylogger\\AppData\\Local\\Microsoft\\Edge\\User Data\\Default\\EdgeCoupons\\coupons_data.db\\LOG', fd=-1), popenfile(path='C:\\Program Files (x86)\\Microsoft\\Edge\\Application\\142.0.3595.53\\msedge_200_percent.pak', fd=-1), popenfile(path='C:\\Users\\keylogger\\AppData\\Local\\Microsoft\\Edge\\User Data\\GrShaderCache\\index', fd=-1), popenfile(path='C:\\Users\\keylogger\\AppData\\Local\\Microsoft\\Edge\\User Data\\Default\\ExtensionActivityComp', fd=-1), popenfile(path='C:\\Users\\keylogger\\AppData\\Local\\Microsoft\\Edge\\User Data\\Default\\Platform Notifications\\LOCK', fd=-1), popenfile(path='C:\\Users\\keylogger\\AppData\\Local\\Microsoft\\Edge\\User Data\\Default\\shared_proto_db\\MANIFEST-000001', fd=-1), popenfile(path='C:\\Users\\keylogger\\AppData\\Local\\Microsoft\\Edge\\User Data\\Default\\Extension State\\000003.log', fd=-1), popenfile(path='C:\\Users\\keylogger\\AppData\\Local\\Microsoft\\Edge\\User Data\\Default\\WebAssistDatabase', fd=-1), popenfile(path='C:\\Users\\keylogger\\AppData\\Local\\Microsoft\\Edge\\User Data\\Default\\EdgeCoupons\\coupons_data.db\\000005.ldb', fd=-1), popenfile(path='C:\\Users\\keylogger\\AppData\\Local\\Microsoft\\Edge\\User Data\\Default\\Service Worker\\Database\\LOCK', fd=-1), popenfile(path='C:\\Users\\keylogger\\AppData\\Local\\Microsoft\\Edge\\User Data\\Default\\Platform Notifications\\000003.log', fd=-1), popenfile(path='C:\\Users\\keylogger\\AppData\\Local\\Microsoft\\Edge\\User Data\\Default\\Site Characteristics Database\\LOCK', fd=-1), popenfile(path='C:\\Users\\keylogger\\AppData\\Local\\Microsoft\\Edge\\User Data\\Default\\Network Action Predictor-journal', fd=-1), popenfile(path='C:\\Program Files (x86)\\Microsoft\\Edge\\Application\\142.0.3595.53\\icudtl.dat', fd=-1), popenfile(path='C:\\Users\\keylogger\\AppData\\Local\\Microsoft\\Edge\\User Data\\Default\\heavy_ad_intervention_opt_out.db', fd=-1), popenfile(path='C:\\Users\\keylogger\\AppData\\Local\\Microsoft\\Edge\\User Data\\Default\\Session Storage\\LOCK', fd=-1), popenfile(path='C:\\Users\\keylogger\\AppData\\Local\\Microsoft\\Edge\\User Data\\Default\\Nurturing\\campaign_history', fd=-1), popenfile(path='C:\\Users\\keylogger\\AppData\\Local\\Microsoft\\Edge\\User Data\\Default\\shared_proto_db\\000003.log', fd=-1), popenfile(path='C:\\Users\\keylogger\\AppData\\Local\\Microsoft\\Edge\\User Data\\Default\\Site Characteristics Database\\MANIFEST-000001', fd=-1), popenfile(path='C:\\Users\\keylogger\\AppData\\Local\\Microsoft\\Edge\\User Data\\Default\\Login Data', fd=-1), popenfile(path='C:\\Users\\keylogger\\AppData\\Local\\Microsoft\\Edge\\User Data\\Default\\Service Worker\\Database\\LOG', fd=-1), popenfile(path='C:\\Users\\keylogger\\AppData\\Local\\Microsoft\\Edge\\User Data\\Default\\History-journal', fd=-1), popenfile(path='C:\\Users\\keylogger\\AppData\\Local\\Microsoft\\Edge\\User Data\\Default\\ServerCertificate', fd=-1), popenfile(path='C:\\Users\\keylogger\\AppData\\Local\\Microsoft\\Edge\\User Data\\Default\\GPUCache\\data_0', fd=-1), popenfile(path='C:\\Users\\keylogger\\AppData\\Local\\Microsoft\\Edge\\User Data\\Default\\SharedStorage', fd=-1), popenfile(path='C:\\Windows\\Fonts\\segoeui.ttf', fd=-1), popenfile(path='C:\\Users\\keylogger\\AppData\\Local\\Microsoft\\Edge\\User Data\\Default\\Extension State\\LOG', fd=-1), popenfile(path='C:\\Windows\\System32\\en-US\\KernelBase.dll.mui', fd=-1), popenfile(path='C:\\Users\\keylogger\\AppData\\Local\\Microsoft\\Edge\\User Data\\Default\\Login Data For Account', fd=-1), popenfile(path='C:\\Windows\\Registration\\R000000000006.clb', fd=-1), popenfile(path='C:\\Users\\keylogger\\AppData\\Local\\Microsoft\\Edge\\User Data\\Default\\load_statistics.db-shm', fd=-1), popenfile(path='C:\\Users\\keylogger\\AppData\\Local\\Microsoft\\Edge\\User Data\\first_party_sets.db-journal', fd=-1), popenfile(path='C:\\Users\\keylogger\\AppData\\Local\\Microsoft\\Edge\\User Data\\Default\\Favicons-journal', fd=-1), popenfile(path='C:\\Users\\keylogger\\AppData\\Local\\Microsoft\\Edge\\User Data\\Default\\shared_proto_db\\metadata\\MANIFEST-000001', fd=-1), popenfile(path='C:\\Users\\keylogger\\AppData\\Local\\Microsoft\\Edge\\User Data\\Default\\Sessions\\Session_13407434448585341', fd=-1), popenfile(path='C:\\Users\\keylogger\\AppData\\Local\\Microsoft\\Edge\\User Data\\GraphiteDawnCache\\index', fd=-1), popenfile(path='C:\\Users\\keylogger\\AppData\\Local\\Microsoft\\Edge\\User Data\\Default\\Web Data-journal', fd=-1), popenfile(path='C:\\Users\\keylogger\\AppData\\Local\\Microsoft\\Edge\\User Data\\Default\\GPUCache\\data_1', fd=-1), popenfile(path='C:\\Windows\\Fonts\\seguisb.ttf', fd=-1), popenfile(path='C:\\Users\\keylogger\\AppData\\Local\\Microsoft\\Edge\\User Data\\Default\\EdgeJourneys\\EdgeJourneys.db', fd=-1), popenfile(path='C:\\Users\\keylogger\\AppData\\Local\\Microsoft\\Edge\\User Data\\Subresource Filter\\Indexed Rules\\37\\10.34.0.81\\Ruleset Data', fd=-1), popenfile(path='C:\\Users\\keylogger\\AppData\\Local\\Microsoft\\Edge\\User Data\\GraphiteDawnCache\\data_0', fd=-1), popenfile(path='C:\\Users\\keylogger\\AppData\\Local\\Microsoft\\Edge\\User Data\\Default\\EdgeHubAppUsage\\EdgeHubAppUsageSQLite.db', fd=-1), popenfile(path='C:\\Users\\keylogger\\AppData\\Local\\Microsoft\\Edge\\User Data\\Default\\Top Sites', fd=-1), popenfile(path='C:\\Users\\keylogger\\AppData\\Local\\Microsoft\\Edge\\User Data\\Default\\EdgeCoupons\\coupons_data.db\\LOCK', fd=-1), popenfile(path='C:\\Users\\keylogger\\AppData\\Local\\Microsoft\\Edge\\User Data\\Default\\BrowsingTopicsSiteData', fd=-1), popenfile(path='C:\\Users\\keylogger\\AppData\\Local\\Microsoft\\Edge\\User Data\\Default\\DIPS', fd=-1), popenfile(path='C:\\Users\\keylogger\\AppData\\Local\\Microsoft\\Edge\\User Data\\lockfile', fd=-1), popenfile(path='C:\\Users\\keylogger\\AppData\\Local\\Microsoft\\Edge\\User Data\\ShaderCache\\data_0', fd=-1), popenfile(path='C:\\Program Files (x86)\\Microsoft\\Edge\\Application\\142.0.3595.53\\msedge_100_percent.pak', fd=-1), popenfile(path='C:\\Users\\keylogger\\AppData\\Local\\Microsoft\\Edge\\User Data\\Default\\Shortcuts', fd=-1), popenfile(path='C:\\Users\\keylogger\\AppData\\Local\\Microsoft\\Edge\\User Data\\Default\\Local Storage\\leveldb\\LOCK', fd=-1), popenfile(path='C:\\Users\\keylogger\\AppData\\Local\\Microsoft\\Edge\\User Data\\Default\\EdgeCoupons\\coupons_data.db\\000007.log', fd=-1), popenfile(path='C:\\Users\\keylogger\\AppData\\Local\\Microsoft\\Edge\\User Data\\Default\\Web Data', fd=-1), popenfile(path='C:\\Users\\keylogger\\AppData\\Local\\Microsoft\\Edge\\User Data\\Default\\Favicons', fd=-1), popenfile(path='C:\\Users\\keylogger\\AppData\\Local\\Microsoft\\Edge\\User Data\\Default\\load_statistics.db-wal', fd=-1), popenfile(path='C:\\Users\\keylogger\\AppData\\Local\\Microsoft\\Edge\\User Data\\Default\\shared_proto_db\\metadata\\LOG', fd=-1), popenfile(path='C:\\Users\\keylogger\\AppData\\Local\\Microsoft\\Edge\\User Data\\Default\\EdgeCoupons\\coupons_data.db\\000008.ldb', fd=-1), popenfile(path='C:\\Users\\keylogger\\AppData\\Local\\Microsoft\\Edge\\User Data\\GraphiteDawnCache\\data_1', fd=-1), popenfile(path='C:\\Windows\\System32\\en-US\\kernel32.dll.mui', fd=-1), popenfile(path='C:\\Users\\keylogger\\AppData\\Local\\Microsoft\\Edge\\User Data\\ShaderCache\\index', fd=-1), popenfile(path='C:\\Users\\keylogger\\AppData\\Local\\Microsoft\\Edge\\User Data\\GrShaderCache\\data_2', fd=-1), popenfile(path='C:\\Users\\keylogger\\AppData\\Local\\Microsoft\\Edge\\User Data\\Default\\shared_proto_db\\LOG', fd=-1), popenfile(path='C:\\Windows\\System32\\en-US\\user32.dll.mui', fd=-1), popenfile(path='C:\\Users\\keylogger\\AppData\\Local\\Microsoft\\Edge\\User Data\\Safe Browsing\\ChromeExtMalware.store.32_13407429720145065', fd=-1), popenfile(path='C:\\Users\\keylogger\\AppData\\Local\\Microsoft\\Edge\\User Data\\Default\\DawnWebGPUCache\\index', fd=-1), popenfile(path='C:\\Users\\keylogger\\AppData\\Local\\Microsoft\\Edge\\User Data\\Default\\Extension State\\MANIFEST-000001', fd=-1), popenfile(path='C:\\Program Files (x86)\\Microsoft\\Edge\\Application\\142.0.3595.53\\resources.pak', fd=-1), popenfile(path='C:\\Users\\keylogger\\AppData\\Local\\Microsoft\\Edge\\User Data\\Default\\WebStorage\\QuotaManager-journal', fd=-1), popenfile(path='C:\\Users\\keylogger\\AppData\\Local\\Microsoft\\Edge\\User Data\\Default\\shared_proto_db\\LOCK', fd=-1), popenfile(path='C:\\Windows\\System32\\en-US\\combase.dll.mui', fd=-1), popenfile(path='C:\\Users\\keylogger\\AppData\\Local\\Microsoft\\Edge\\User Data\\Default\\Sync Data\\LevelDB\\LOCK', fd=-1), popenfile(path='C:\\Users\\keylogger\\AppData\\Local\\Microsoft\\Edge\\User Data\\Default\\EdgeJourneys\\EdgeJourneys.db-wal', fd=-1), popenfile(path='C:\\Users\\keylogger\\AppData\\Local\\Microsoft\\Edge\\User Data\\Default\\DawnGraphiteCache\\data_0', fd=-1), popenfile(path='C:\\Users\\keylogger\\AppData\\Local\\Microsoft\\Edge\\User Data\\Default\\DawnWebGPUCache\\data_3', fd=-1), popenfile(path='C:\\Users\\keylogger\\AppData\\Local\\Microsoft\\Edge\\User Data\\ShaderCache\\data_1', fd=-1), popenfile(path='C:\\Users\\keylogger\\AppData\\Local\\Microsoft\\Edge\\User Data\\Default\\GPUCache\\data_3', fd=-1), popenfile(path='C:\\Users\\keylogger\\AppData\\Local\\Microsoft\\Edge\\User Data\\Default\\Network Action Predictor', fd=-1), popenfile(path='C:\\Users\\keylogger\\AppData\\Local\\Microsoft\\Edge\\User Data\\Default\\Sync Data\\LevelDB\\LOG', fd=-1), popenfile(path='C:\\Users\\keylogger\\AppData\\Local\\Microsoft\\Edge\\User Data\\Default\\DawnGraphiteCache\\data_2', fd=-1), popenfile(path='C:\\Users\\keylogger\\AppData\\Local\\Microsoft\\Edge\\User Data\\GrShaderCache\\data_1', fd=-1), popenfile(path='C:\\Users\\keylogger\\AppData\\Local\\Microsoft\\Edge\\User Data\\Default\\Extension State\\LOCK', fd=-1), popenfile(path='C:\\Users\\keylogger\\AppData\\Local\\Microsoft\\Edge\\User Data\\Default\\MediaDeviceSalts', fd=-1), popenfile(path='C:\\Users\\keylogger\\AppData\\Local\\Microsoft\\Edge\\User Data\\Default\\Service Worker\\Database\\MANIFEST-000001', fd=-1), popenfile(path='C:\\Users\\keylogger\\AppData\\Local\\Microsoft\\Edge\\User Data\\Default\\DawnWebGPUCache\\data_0', fd=-1), popenfile(path='C:\\Users\\keylogger\\AppData\\Local\\Microsoft\\Edge\\User Data\\Default\\Platform Notifications\\MANIFEST-000001', fd=-1), popenfile(path='C:\\Users\\keylogger\\AppData\\Local\\Microsoft\\Edge\\User Data\\first_party_sets.db', fd=-1), popenfile(path='C:\\Users\\keylogger\\AppData\\Local\\Microsoft\\Edge\\User Data\\Default\\SharedStorage-wal', fd=-1), popenfile(path='C:\\Users\\keylogger\\AppData\\Local\\Microsoft\\Edge\\User Data\\GrShaderCache\\data_0', fd=-1), popenfile(path='C:\\Users\\keylogger\\AppData\\Local\\Microsoft\\Edge\\User Data\\Default\\Site Characteristics Database\\000003.log', fd=-1), popenfile(path='C:\\Users\\keylogger\\AppData\\Local\\Microsoft\\Edge\\User Data\\Default\\Service Worker\\Database\\000003.log', fd=-1), popenfile(path='C:\\Windows\\System32\\en-US\\propsys.dll.mui', fd=-1), popenfile(path='C:\\Users\\keylogger\\AppData\\Local\\Microsoft\\Edge\\User Data\\Default\\shared_proto_db\\metadata\\000003.log', fd=-1), popenfile(path='C:\\Users\\keylogger\\AppData\\Local\\Microsoft\\Edge\\User Data\\Default\\Platform Notifications\\LOG', fd=-1), popenfile(path='C:\\Windows\\Fonts\\segoeuib.ttf', fd=-1), popenfile(path='C:\\Users\\keylogger\\AppData\\Local\\Microsoft\\Edge\\User Data\\Default\\Vpn Tokens', fd=-1), popenfile(path='C:\\Users\\keylogger\\AppData\\Local\\Microsoft\\Edge\\User Data\\GraphiteDawnCache\\data_2', fd=-1), popenfile(path='C:\\Users\\keylogger\\AppData\\Local\\Microsoft\\Edge\\User Data\\Default\\HubApps Icons', fd=-1), popenfile(path='C:\\Users\\keylogger\\AppData\\Local\\Microsoft\\Edge\\User Data\\Default\\EdgeCoupons\\coupons_data.db\\MANIFEST-000001', fd=-1), popenfile(path='C:\\Users\\keylogger\\AppData\\Local\\Microsoft\\Edge\\User Data\\Default\\load_statistics.db', fd=-1), popenfile(path='C:\\Users\\keylogger\\AppData\\Local\\Microsoft\\Edge\\User Data\\Default\\DawnGraphiteCache\\data_3', fd=-1), popenfile(path='C:\\Users\\keylogger\\AppData\\Local\\Microsoft\\Edge\\User Data\\Nurturing\\campaign_history', fd=-1), popenfile(path='C:\\Windows\\System32\\en-US\\Windows.Security.Authentication.Web.Core.dll.mui', fd=-1), popenfile(path='C:\\Users\\keylogger\\AppData\\Local\\Microsoft\\Edge\\User Data\\Default\\WebStorage\\QuotaManager', fd=-1), popenfile(path='C:\\Users\\keylogger\\AppData\\Local\\Microsoft\\Edge\\User Data\\Default\\Shortcuts-journal', fd=-1), popenfile(path='C:\\Users\\keylogger\\AppData\\Local\\Microsoft\\Edge\\User Data\\Default\\Sessions\\Tabs_13407432323749433', fd=-1), popenfile(path='C:\\Users\\keylogger\\AppData\\Local\\Microsoft\\Edge\\User Data\\ZxcvbnData\\3.1.0.0\\ranked_dicts', fd=-1), popenfile(path='C:\\Users\\keylogger\\AppData\\Local\\Microsoft\\Edge\\User Data\\Default\\History', fd=-1), popenfile(path='C:\\Program Files (x86)\\Microsoft\\Edge\\Application\\142.0.3595.53\\Locales\\en-US.pak', fd=-1), popenfile(path='C:\\Users\\keylogger\\AppData\\Local\\Microsoft\\Edge\\User Data\\Default\\MediaDeviceSalts-journal', fd=-1), popenfile(path='C:\\Users\\keylogger\\AppData\\Local\\Microsoft\\Edge\\User Data\\Default\\DIPS-wal', fd=-1), popenfile(path='C:\\Users\\keylogger\\AppData\\Local\\Microsoft\\Edge\\User Data\\Default\\DawnWebGPUCache\\data_2', fd=-1), popenfile(path='C:\\Users\\keylogger\\AppData\\Local\\Microsoft\\Edge\\User Data\\Default\\shared_proto_db\\metadata\\LOCK', fd=-1), popenfile(path='C:\\Users\\keylogger\\AppData\\Local\\Microsoft\\Edge\\User Data\\Default\\EdgeEDrop\\EdgeEDropSQLite.db', fd=-1), popenfile(path='C:\\Users\\keylogger\\AppData\\Local\\Microsoft\\Edge\\User Data\\ShaderCache\\data_3', fd=-1)]",32.0,C:\Program Files (x86)\Microsoft\Edge\Application\msedge.exe,111659,63438,117992478,159185432,51.703125,49.890625,806897,0,157.69140625,82.30859375,benign
0.0,155,8164,python.exe,"['C:\\Users\\keylogger\\AppData\\Local\\Python\\pythoncore-3.14-64\\python.exe', '.\\keylogger.py']",0.5238793398662448,5,"[popenfile(path='C:\\Windows\\System32\\en-US\\KernelBase.dll.mui', fd=-1)]",32.0,C:\Users\keylogger\AppData\Local\Python\pythoncore-3.14-64\python.exe,156,111,1900641,14622,0.21875,0.140625,3750,0,21.453125,14.2109375,keylogger
0.0,339,8308,Code.exe,"['C:\\Users\\keylogger\\AppData\\Local\\Programs\\Microsoft VS Code\\Code.exe', '--type=utility', '--utility-sub-type=node.mojom.NodeService', '--lang=en-US', '--service-sandbox-type=none', '--user-data-dir=C:\\Users\\keylogger\\AppData\\Roaming\\Code', '--standard-schemes=vscode-webview,vscode-file', '--enable-sandbox', '--secure-schemes=vscode-webview,vscode-file', '--cors-schemes=vscode-webview,vscode-file', '--fetch-schemes=vscode-webview,vscode-file', '--service-worker-schemes=vscode-webview', '--code-cache-schemes=vscode-webview,vscode-file', '--field-trial-handle=1768,i,5791151919403288756,5385276150718787774,262144', '--enable-features=DocumentPolicyIncludeJSCallStacksInCrashReports,EarlyEstablishGpuChannel,EnableTransparentHwndEnlargement,EstablishGpuChannelAsync', '--disable-features=CalculateNativeWinOcclusion,FontationsLinuxSystemFonts,ScreenAIOCREnabled,SpareRendererForSitePerProcess,WinDelaySpellcheckServiceInit', '--variations-seed-version', '--mojo-platform-channel-handle=3808', '/prefetch:8']",2.1825126176510707,22,"[popenfile(path='C:\\Users\\keylogger\\AppData\\Local\\Programs\\Microsoft VS Code\\chrome_200_percent.pak', fd=-1), popenfile(path='C:\\Users\\keylogger\\AppData\\Local\\Programs\\Microsoft VS Code\\resources.pak', fd=-1), popenfile(path='C:\\Windows\\System32\\en-US\\mswsock.dll.mui', fd=-1), popenfile(path='C:\\Users\\keylogger\\AppData\\Local\\Programs\\Microsoft VS Code\\locales\\en-US.pak', fd=-1), popenfile(path='C:\\Users\\keylogger\\AppData\\Local\\Programs\\Microsoft VS Code\\icudtl.dat', fd=-1), popenfile(path='C:\\Windows\\Registration\\R000000000006.clb', fd=-1), popenfile(path='C:\\Users\\keylogger\\AppData\\Local\\Programs\\Microsoft VS Code\\v8_context_snapshot.bin', fd=-1), popenfile(path='C:\\Users\\keylogger\\AppData\\Local\\Programs\\Microsoft VS Code\\chrome_100_percent.pak', fd=-1)]",32.0,C:\Users\keylogger\AppData\Local\Programs\Microsoft VS Code\Code.exe,4681,2022,25672683,8820292,7.5625,4.28125,358171,0,89.375,81.3125,benign
0.0,361,8340,Code.exe,"['C:\\Users\\keylogger\\AppData\\Local\\Programs\\Microsoft VS Code\\Code.exe', '--type=utility', '--utility-sub-type=node.mojom.NodeService', '--lang=en-US', '--service-sandbox-type=none', '--dns-result-order=ipv4first', '--experimental-network-inspection', '--inspect-port=0', '--user-data-dir=C:\\Users\\keylogger\\AppData\\Roaming\\Code', '--standard-schemes=vscode-webview,vscode-file', '--enable-sandbox', '--secure-schemes=vscode-webview,vscode-file', '--cors-schemes=vscode-webview,vscode-file', '--fetch-schemes=vscode-webview,vscode-file', '--service-worker-schemes=vscode-webview', '--code-cache-schemes=vscode-webview,vscode-file', '--field-trial-handle=1768,i,5791151919403288756,5385276150718787774,262144', '--enable-features=DocumentPolicyIncludeJSCallStacksInCrashReports,EarlyEstablishGpuChannel,EnableTransparentHwndEnlargement,EstablishGpuChannelAsync', '--disable-features=CalculateNativeWinOcclusion,FontationsLinuxSystemFonts,ScreenAIOCREnabled,SpareRendererForSitePerProcess,WinDelaySpellcheckServiceInit', '--variations-seed-version', '--mojo-platform-channel-handle=3768', '/prefetch:8']",4.365979130676989,22,"[popenfile(path='C:\\Users\\keylogger\\AppData\\Roaming\\Code\\logs\\20251112T085715\\window1\\exthost\\vscode.github\\GitHub.log', fd=-1), popenfile(path='C:\\Users\\keylogger\\AppData\\Local\\Programs\\Microsoft VS Code\\chrome_200_percent.pak', fd=-1), popenfile(path='C:\\Users\\keylogger\\AppData\\Local\\Programs\\Microsoft VS Code\\resources.pak', fd=-1), popenfile(path='C:\\Windows\\System32\\en-US\\mswsock.dll.mui', fd=-1), popenfile(path='C:\\Users\\keylogger\\AppData\\Roaming\\Code\\logs\\20251112T085715\\window1\\exthost\\extHostTelemetry.log', fd=-1), popenfile(path='C:\\Users\\keylogger\\AppData\\Roaming\\Code\\logs\\20251112T085715\\window1\\exthost\\exthost.log', fd=-1), popenfile(path='C:\\Users\\keylogger\\AppData\\Roaming\\Code\\logs\\20251112T085715\\window1\\exthost\\ms-python.python\\Python.log', fd=-1), popenfile(path='C:\\Users\\keylogger\\AppData\\Local\\Programs\\Microsoft VS Code\\locales\\en-US.pak', fd=-1), popenfile(path='C:\\Users\\keylogger\\AppData\\Roaming\\Code\\logs\\20251112T085715\\window1\\exthost\\ms-python.vscode-python-envs\\Python Environments.log', fd=-1), popenfile(path='C:\\Users\\keylogger\\AppData\\Local\\Programs\\Microsoft VS Code\\icudtl.dat', fd=-1), popenfile(path='C:\\Windows\\System32\\en-US\\KernelBase.dll.mui', fd=-1), popenfile(path='C:\\Users\\keylogger\\AppData\\Roaming\\Code\\logs\\20251112T085715\\window1\\exthost\\vscode.github-authentication\\GitHub Authentication.log', fd=-1), popenfile(path='C:\\Users\\keylogger\\AppData\\Roaming\\Code\\logs\\20251112T085715\\window1\\exthost\\vscode.git\\Git.log', fd=-1), popenfile(path='C:\\Windows\\Registration\\R000000000006.clb', fd=-1), popenfile(path='C:\\Users\\keylogger\\AppData\\Roaming\\Code\\logs\\20251112T085715\\window1\\exthost\\ms-python.python\\Python Language Server.log', fd=-1), popenfile(path='C:\\Users\\keylogger\\AppData\\Roaming\\Code\\logs\\20251112T085715\\window1\\exthost\\ms-python.debugpy\\Python Debugger.log', fd=-1), popenfile(path='C:\\Users\\keylogger\\AppData\\Local\\Programs\\Microsoft VS Code\\v8_context_snapshot.bin', fd=-1), popenfile(path='C:\\Users\\keylogger\\AppData\\Local\\Programs\\Microsoft VS Code\\chrome_100_percent.pak', fd=-1)]",32.0,C:\Users\keylogger\AppData\Local\Programs\Microsoft VS Code\Code.exe,44318,51913,30846228,212128154,26.359375,12.21875,1392323,0,178.7890625,181.9921875,benign
0.0,319,8356,Code.exe,"['C:\\Users\\keylogger\\AppData\\Local\\Programs\\Microsoft VS Code\\Code.exe', '--type=utility', '--utility-sub-type=node.mojom.NodeService', '--lang=en-US', '--service-sandbox-type=none', '--user-data-dir=C:\\Users\\keylogger\\AppData\\Roaming\\Code', '--standard-schemes=vscode-webview,vscode-file', '--enable-sandbox', '--secure-schemes=vscode-webview,vscode-file', '--cors-schemes=vscode-webview,vscode-file', '--fetch-schemes=vscode-webview,vscode-file', '--service-worker-schemes=vscode-webview', '--code-cache-schemes=vscode-webview,vscode-file', '--field-trial-handle=1768,i,5791151919403288756,5385276150718787774,262144', '--enable-features=DocumentPolicyIncludeJSCallStacksInCrashReports,EarlyEstablishGpuChannel,EnableTransparentHwndEnlargement,EstablishGpuChannelAsync', '--disable-features=CalculateNativeWinOcclusion,FontationsLinuxSystemFonts,ScreenAIOCREnabled,SpareRendererForSitePerProcess,WinDelaySpellcheckServiceInit', '--variations-seed-version', '--mojo-platform-channel-handle=3912', '/prefetch:8']",2.0908432721282266,24,"[popenfile(path='C:\\Users\\keylogger\\AppData\\Local\\Programs\\Microsoft VS Code\\chrome_200_percent.pak', fd=-1), popenfile(path='C:\\Users\\keylogger\\AppData\\Local\\Programs\\Microsoft VS Code\\resources.pak', fd=-1), popenfile(path='C:\\Windows\\System32\\en-US\\mswsock.dll.mui', fd=-1), popenfile(path='C:\\Users\\keylogger\\AppData\\Local\\Programs\\Microsoft VS Code\\locales\\en-US.pak', fd=-1), popenfile(path='C:\\Users\\keylogger\\AppData\\Local\\Programs\\Microsoft VS Code\\icudtl.dat', fd=-1), popenfile(path='C:\\Windows\\System32\\en-US\\KernelBase.dll.mui', fd=-1), popenfile(path='C:\\Windows\\Registration\\R000000000006.clb', fd=-1), popenfile(path='C:\\Users\\keylogger\\AppData\\Local\\Programs\\Microsoft VS Code\\v8_context_snapshot.bin', fd=-1), popenfile(path='C:\\Users\\keylogger\\AppData\\Local\\Programs\\Microsoft VS Code\\chrome_100_percent.pak', fd=-1)]",32.0,C:\Users\keylogger\AppData\Local\Programs\Microsoft VS Code\Code.exe,136,5039,1226015,21884376,11.171875,5.828125,715789,0,85.62109375,87.47265625,benign
0.0,346,8408,msedge.exe,"['C:\\Program Files (x86)\\Microsoft\\Edge\\Application\\msedge.exe', '--type=utility', '--utility-sub-type=network.mojom.NetworkService', '--lang=en-US', '--service-sandbox-type=none', '--no-pre-read-main-dll', '--startup-read-main-dll', '--metrics-shmem-handle=1900,i,10310775635201473320,13772906323377711286,524288', '--field-trial-handle=2084,i,15097455975441437171,2563118911106030475,262144', '--variations-seed-version', '--trace-process-track-uuid=3190708989122997041', '--mojo-platform-channel-handle=3496', '/prefetch:3']",0.9555169969847368,18,"[popenfile(path='C:\\Users\\keylogger\\AppData\\Local\\Microsoft\\Edge\\User Data\\Default\\Network\\Cookies-journal', fd=-1), popenfile(path='C:\\Users\\keylogger\\AppData\\Local\\Microsoft\\Edge\\User Data\\Default\\Cache\\Cache_Data\\data_1', fd=-1), popenfile(path='C:\\Users\\keylogger\\AppData\\Local\\Microsoft\\Edge\\User Data\\Default\\Network\\Trust Tokens', fd=-1), popenfile(path='C:\\Users\\keylogger\\AppData\\Local\\Microsoft\\Edge\\User Data\\Default\\Cache\\Cache_Data\\index', fd=-1), popenfile(path='C:\\Users\\keylogger\\AppData\\Local\\Microsoft\\Edge\\User Data\\Default\\Cache\\No_Vary_Search\\journal.baj', fd=-1), popenfile(path='C:\\Users\\keylogger\\AppData\\Local\\Microsoft\\Edge\\User Data\\Default\\Shared Dictionary\\db', fd=-1), popenfile(path='C:\\Users\\keylogger\\AppData\\Local\\Microsoft\\Edge\\User Data\\Default\\Network\\Reporting and NEL', fd=-1), popenfile(path='C:\\Users\\keylogger\\AppData\\Local\\Microsoft\\Edge\\User Data\\Default\\Cache\\Cache_Data\\data_2', fd=-1), popenfile(path='C:\\Windows\\Registration\\R000000000006.clb', fd=-1), popenfile(path='C:\\Users\\keylogger\\AppData\\Local\\Microsoft\\Edge\\User Data\\Default\\Cache\\Cache_Data\\data_0', fd=-1), popenfile(path='C:\\Program Files (x86)\\Microsoft\\Edge\\Application\\142.0.3595.53\\msedge_100_percent.pak', fd=-1), popenfile(path='C:\\Program Files (x86)\\Microsoft\\Edge\\Application\\142.0.3595.53\\v8_context_snapshot.bin', fd=-1), popenfile(path='C:\\Users\\keylogger\\AppData\\Local\\Microsoft\\Edge\\User Data\\Default\\Network\\Cookies', fd=-1), popenfile(path='C:\\Users\\keylogger\\AppData\\Local\\Microsoft\\Edge\\User Data\\Default\\Network\\Reporting and NEL-journal', fd=-1), popenfile(path='C:\\Program Files (x86)\\Microsoft\\Edge\\Application\\142.0.3595.53\\msedge_200_percent.pak', fd=-1), popenfile(path='C:\\Users\\keylogger\\AppData\\Local\\Microsoft\\Edge\\User Data\\Default\\Cache\\Cache_Data\\data_3', fd=-1), popenfile(path='C:\\Users\\keylogger\\AppData\\Local\\Microsoft\\Edge\\User Data\\Default\\Safe Browsing Network\\Safe Browsing Cookies', fd=-1), popenfile(path='C:\\Program Files (x86)\\Microsoft\\Edge\\Application\\142.0.3595.53\\resources.pak', fd=-1), popenfile(path='C:\\Program Files (x86)\\Microsoft\\Edge\\Application\\142.0.3595.53\\Locales\\en-US.pak', fd=-1), popenfile(path='C:\\Program Files (x86)\\Microsoft\\Edge\\Application\\142.0.3595.53\\icudtl.dat', fd=-1)]",32.0,C:\Program Files (x86)\Microsoft\Edge\Application\msedge.exe,49902,127600,35761034,81189622,28.359375,11.03125,178666,0,39.12890625,17.0625,benign
0.0,308,8416,msedge.exe,"['C:\\Program Files (x86)\\Microsoft\\Edge\\Application\\msedge.exe', '--type=gpu-process', '--no-pre-read-main-dll', '--gpu-preferences=SAAAAAAAAADgAAAEAAAAAAAAAAAAAGAAAQAAAAAAAAAAAAAAAAAAAAIAAAAAAAAAAAAAAAAAAAAQAAAAAAAAABAAAAAAAAAACAAAAAAAAAAIAAAAAAAAAA==', '--startup-read-main-dll', '--metrics-shmem-handle=1672,i,5891474909385828480,17413621208838747146,262144', '--field-trial-handle=2084,i,15097455975441437171,2563118911106030475,262144', '--variations-seed-version', '--trace-process-track-uuid=3190708988185955192', '--mojo-platform-channel-handle=2076', '/prefetch:2']",1.0447062145329775,17,"[popenfile(path='C:\\Program Files (x86)\\Microsoft\\Edge\\Application\\142.0.3595.53\\icudtl.dat', fd=-1)]",32768.0,C:\Program Files (x86)\Microsoft\Edge\Application\msedge.exe,42721,38137,193541393,4747192,9.453125,45.9375,214368,0,42.78125,17.828125,benign
0.0,201,8424,msedge.exe,"['C:\\Program Files (x86)\\Microsoft\\Edge\\Application\\msedge.exe', '--type=utility', '--utility-sub-type=storage.mojom.StorageService', '--lang=en-US', '--service-sandbox-type=service', '--no-pre-read-main-dll', '--startup-read-main-dll', '--metrics-shmem-handle=2500,i,8635986130275454153,2596447012907648492,524288', '--field-trial-handle=2084,i,15097455975441437171,2563118911106030475,262144', '--variations-seed-version', '--trace-process-track-uuid=3190708990060038890', '--mojo-platform-channel-handle=3612', '/prefetch:8']",0.42639123255683065,11,"[popenfile(path='C:\\Users\\keylogger\\AppData\\Local\\Microsoft\\Edge\\User Data\\Default\\Local Storage\\leveldb\\000005.ldb', fd=-1), popenfile(path='C:\\Users\\keylogger\\AppData\\Local\\Microsoft\\Edge\\User Data\\Default\\Local Storage\\leveldb\\000020.log', fd=-1), popenfile(path='C:\\Program Files (x86)\\Microsoft\\Edge\\Application\\142.0.3595.53\\icudtl.dat', fd=-1), popenfile(path='C:\\Users\\keylogger\\AppData\\Local\\Microsoft\\Edge\\User Data\\Default\\Local Storage\\leveldb\\000019.ldb', fd=-1), popenfile(path='C:\\Users\\keylogger\\AppData\\Local\\Microsoft\\Edge\\User Data\\Default\\Session Storage\\000036.ldb', fd=-1), popenfile(path='C:\\Program Files (x86)\\Microsoft\\Edge\\Application\\142.0.3595.53\\msedge_100_percent.pak', fd=-1), popenfile(path='C:\\Program Files (x86)\\Microsoft\\Edge\\Application\\142.0.3595.53\\v8_context_snapshot.bin', fd=-1), popenfile(path='C:\\Users\\keylogger\\AppData\\Local\\Microsoft\\Edge\\User Data\\Default\\Local Storage\\leveldb\\000021.ldb', fd=-1), popenfile(path='C:\\Users\\keylogger\\AppData\\Local\\Microsoft\\Edge\\User Data\\Default\\Session Storage\\000035.ldb', fd=-1), popenfile(path='C:\\Program Files (x86)\\Microsoft\\Edge\\Application\\142.0.3595.53\\msedge_200_percent.pak', fd=-1), popenfile(path='C:\\Users\\keylogger\\AppData\\Local\\Microsoft\\Edge\\User Data\\Default\\Local Storage\\leveldb\\000017.ldb', fd=-1), popenfile(path='C:\\Users\\keylogger\\AppData\\Local\\Microsoft\\Edge\\User Data\\Default\\Session Storage\\000037.log', fd=-1), popenfile(path='C:\\Program Files (x86)\\Microsoft\\Edge\\Application\\142.0.3595.53\\resources.pak', fd=-1), popenfile(path='C:\\Users\\keylogger\\AppData\\Local\\Microsoft\\Edge\\User Data\\Default\\Local Storage\\leveldb\\LOG', fd=-1), popenfile(path='C:\\Program Files (x86)\\Microsoft\\Edge\\Application\\142.0.3595.53\\Locales\\en-US.pak', fd=-1), popenfile(path='C:\\Users\\keylogger\\AppData\\Local\\Microsoft\\Edge\\User Data\\Default\\Local Storage\\leveldb\\MANIFEST-000001', fd=-1), popenfile(path='C:\\Users\\keylogger\\AppData\\Local\\Microsoft\\Edge\\User Data\\Default\\Session Storage\\000005.ldb', fd=-1), popenfile(path='C:\\Users\\keylogger\\AppData\\Local\\Microsoft\\Edge\\User Data\\Default\\Session Storage\\LOG', fd=-1), popenfile(path='C:\\Users\\keylogger\\AppData\\Local\\Microsoft\\Edge\\User Data\\Default\\Session Storage\\000038.ldb', fd=-1), popenfile(path='C:\\Users\\keylogger\\AppData\\Local\\Microsoft\\Edge\\User Data\\Default\\Session Storage\\MANIFEST-000001', fd=-1)]",32.0,C:\Program Files (x86)\Microsoft\Edge\Application\msedge.exe,3050,8136,22312265,32783593,1.265625,1.46875,32924,0,17.4609375,8.7890625,benign
0.0,177,8640,msedgewebview2.exe,"['C:\\Program Files (x86)\\Microsoft\\EdgeWebView\\Application\\142.0.3595.69\\msedgewebview2.exe', '--type=utility', '--utility-sub-type=storage.mojom.StorageService', '--lang=en-US', '--service-sandbox-type=service', '--noerrdialogs', '--user-data-dir=C:\\Users\\keylogger\\AppData\\Local\\Packages\\Microsoft.Windows.Search_cw5n1h2txyewy\\LocalState\\EBWebView', '--webview-exe-name=SearchApp.exe', '--webview-exe-version=10.0.19041.6282', '--embedded-browser-webview=1', '--startup-read-main-dll', '--metrics-shmem-handle=2224,i,8415479213497505475,15470629525867511833,524288', '--field-trial-handle=1936,i,2238199769039427031,1139989135762586427,262144', '--enable-features=ForceSWDCompWhenDCompFallbackRequired,LocalNetworkAccessForFencedFrameNavigationsWarningOnly,LocalNetworkAccessForNavigationsWarningOnly,LocalNetworkAccessForSubframeNavigationsWarningOnly,LocalNetworkAccessForWorkersWarningOnly,msAggressiveCacheTrimming,msCustomDataPartition,msEmbeddedBrowserVisualHosting,msWebView2NoTabForScreenShare,msWebViewAppLifeCycleWorkaround', '--disable-features=BackForwardCache,BackgroundTabLoadingFromPerformanceManager,CloseOmniboxPopupOnInactiveAreaClick,CollectAVProductsInfo,CollectCodeIntegrityInfo,DeferSpeculativeRFHCreation,EnableHangWatcher,FilterAdsOnAbusiveSites,GetWifiProtocol,LoginDetection,MediaFoundationCameraUsageMonitoring,PreconnectToSearch,PreloadingEagerHeuristics,SafetyHub,SegmentationPlatform,ServiceWorkerAutoPreload,SpareRendererForSitePerProcess,Ukm,WebPayments,msAITrackerClassification,msAbydosForWindowlessWV2,msAffirmVirtualCard,msAllowChromeWebstore,msAllowMSAPrtSSOForNonMSAProfile,msApplicationGuard,msAskBeforeClosingMultipleTabs,msAutoToggleAADPrtSSOForNonAADProfile,msAutofillEdgeServiceRequest,msAutofillEnableEdgeSuggestions,msAutomaticTabFreeze,msBrowserSettingsSupported,msCoarseGeolocationService,msDataProtection,msDesktopMode,msDesktopRewards,msDisableVariationsSeedFetchThrottling,msEEProactiveHistory,msETFOffstoreExtensionFileDataCollection,msETFPasswordTheftDNRActionSignals,msEdgeAdPlatformUI,msEdgeAddWebCapturetoCollections,msEdgeAutofillShowDeployedPassword,msEdgeCaptureSelectionInPDF,msEdgeCloudConfigService,msEdgeCloudConfigServiceV2,msEdgeCohorts,msEdgeCollectionsPrismExperiment1,msEdgeCollectionsPrismOverallMigration,msEdgeComposeNext,msEdgeEnableNurturingFramework,msEdgeEnclavePrefsBasic,msEdgeEnclavePrefsNotification,msEdgeFaviconService,msEdgeHJTelemetry,msEdgeHubAppSkype,msEdgeImageEditorUI,msEdgeLinkDoctor,msEdgeMouseGestureDefaultEnabled,msEdgeMouseGestureSupported,msEdgeNewDeviceFre,msEdgeOnRampFRE,msEdgeOnRampImport,msEdgePDFCMHighlightUX,msEdgePasswordIris,msEdgePasswordIrisSaveBubble,msEdgePasswordStrengthCheck,msEdgePinpointFramework,msEdgeProngPersonalization,msEdgeReadingView,msEdgeRose,msEdgeScreenshotUI,msEdgeSendTabToSelf,msEdgeSettingsImport,msEdgeSettingsImportV2,msEdgeShoppingPersistentStorage,msEdgeShoppingUI,msEdgeSmartFind,msEdgeSuperDragDefaultEnabled,msEdgeSuperDragDropSupported,msEdgeTranslate,msEdgeUpdatesMoreMenuPill,msEdgeWebCapture,msEdgeWebCaptureUniformExperience,msEdgeWebContentFilteringFeedback,msEdgeWorkSearchBanner,msEnableCustomJobMemoryLimitsOnXbox,msEnableMIPForPDF,msEnablePdfUpsell,msEnableThirdPartyScanning,msEnableWebSignInCta,msEnableWebToBrowserSignIn,msEndpointDlp,msEntityExtraction,msExtensionTelemetryFramework,msExternalTaskManager,msFileSystemAccessDirectoryIterationBlocklistCheck,msForceBrowserSignIn,msForeignSessionsPage,msGeolocationAccessService,msGeolocationOSLocationPermissionFallback,msGeolocationSQMService,msGeolocationService,msGrowthInfraLaunchSourceLogging,msGuidedSwitchAllowed,msHubPinPersist,msImplicitSignin,msIrm,msIrmv2,msKlarnaVirtualCard,msLlmConsumerDlpPurview,msLoadStatistics,msLogIsEdgePinnedToTaskbarOnLaunch,msMIPCrossTenantPdfViewSupport,msMdatpWebSiteDlp,msNotificationPermissionForPWA,msNumberOfSitesToPin,msNurturingGlobalSitePinningOnCloseModal,msNurturingSitePinningCITopSites,msNurturingSitePinningWithWindowsConsent,msOnHoverSearchInSidebar,msOpenOfficeDocumentsInWebViewer,msPageInteractionRestrictionRevoke,msPasswordBreachDetection,msPdfAnnotationsVisibility,msPdfDataRecovery,msPdfDigitalSignatureRead,msPdfFreeText,msPdfFreeTextForCJK,msPdfHighlightMode,msPdfInking,msPdfKeyphraseSupport,msPdfOOUI,msPdfPopupMarkerRenderer,msPdfShare,msPdfSharedLibrary,msPdfTextNote,msPdfTextNoteMoreMenu,msPdfThumbnailCache,msPdfUnderside,msPdfViewRestore,msPersonalizationUMA,msPriceComparison,msPrintInWebView2,msPromptDefaultHandlerForPDF,msReactiveSearch,msReadAloud,msReadAloudPdf,msRedirectToShoreline,msRevokeExtensions,msSaasDlp,msShoppingTrigger,msShorelineSearch,msShorelineSearchFindOnPageWebUI,msShowOfflineGameEntrance,msShowReadAloudIconInAddressBar,msShowUXForAADPrtSSOForNonAADProfile,msSitePinningWithoutUi,msSuspendMessageForNewSessionWhenHavingPendingNavigation,msSyncEdgeCollections,msTabResourceStats,msTokenizationAutofillInlineEnabled,msTouchMode,msTriggeringSignalGenerator,msUserUnderstanding,msVideoSuperResolutionUI,msWalletBuyNow,msWalletCheckout,msWalletDiagnosticDataLogger,msWalletHubEntry,msWalletHubIntlP3,msWalletPartialCard,msWalletPasswordCategorization,msWalletPasswordCategorizationPlatformExpansion,msWalletTokenizationCardMetadata,msWalletTokenizedAutofill,msWebAssist,msWebAssistHistorySearchService,msWebOOUI,msWindowsTaskManager,msWindowsUserActivities,msZipPayVirtualCard', '--variations-seed-version', '--trace-process-track-uuid=3190708990060038890', '--mojo-platform-channel-handle=2444', '/prefetch:8']",0.3696344577534047,9,"[popenfile(path='C:\\Program Files (x86)\\Microsoft\\EdgeWebView\\Application\\142.0.3595.69\\resources.pak', fd=-1), popenfile(path='C:\\Users\\keylogger\\AppData\\Local\\Packages\\Microsoft.Windows.Search_cw5n1h2txyewy\\LocalState\\EBWebView\\Default\\Local Storage\\leveldb\\LOG', fd=-1), popenfile(path='C:\\Users\\keylogger\\AppData\\Local\\Packages\\Microsoft.Windows.Search_cw5n1h2txyewy\\LocalState\\EBWebView\\Default\\Session Storage\\LOG', fd=-1), popenfile(path='C:\\Users\\keylogger\\AppData\\Local\\Packages\\Microsoft.Windows.Search_cw5n1h2txyewy\\LocalState\\EBWebView\\Default\\Session Storage\\MANIFEST-000001', fd=-1), popenfile(path='C:\\Program Files (x86)\\Microsoft\\EdgeWebView\\Application\\142.0.3595.69\\v8_context_snapshot.bin', fd=-1), popenfile(path='C:\\Program Files (x86)\\Microsoft\\EdgeWebView\\Application\\142.0.3595.69\\msedge_100_percent.pak', fd=-1), popenfile(path='C:\\Program Files (x86)\\Microsoft\\EdgeWebView\\Application\\142.0.3595.69\\icudtl.dat', fd=-1), popenfile(path='C:\\Program Files (x86)\\Microsoft\\EdgeWebView\\Application\\142.0.3595.69\\Locales\\en-US.pak', fd=-1), popenfile(path='C:\\Users\\keylogger\\AppData\\Local\\Packages\\Microsoft.Windows.Search_cw5n1h2txyewy\\LocalState\\EBWebView\\Default\\Session Storage\\000003.log', fd=-1), popenfile(path='C:\\Users\\keylogger\\AppData\\Local\\Packages\\Microsoft.Windows.Search_cw5n1h2txyewy\\LocalState\\EBWebView\\Default\\Local Storage\\leveldb\\MANIFEST-000001', fd=-1), popenfile(path='C:\\Program Files (x86)\\Microsoft\\EdgeWebView\\Application\\142.0.3595.69\\msedge_200_percent.pak', fd=-1), popenfile(path='C:\\Users\\keylogger\\AppData\\Local\\Packages\\Microsoft.Windows.Search_cw5n1h2txyewy\\LocalState\\EBWebView\\Default\\Local Storage\\leveldb\\000003.log', fd=-1)]",32.0,C:\Program Files (x86)\Microsoft\EdgeWebView\Application\142.0.3595.69\msedgewebview2.exe,91,152,716834,1402015,0.015625,0.84375,1383,0,15.13671875,10.31640625,benign
0.0,401,8700,Code.exe,"['C:\\Users\\keylogger\\AppData\\Local\\Programs\\Microsoft VS Code\\Code.exe', '--type=utility', '--utility-sub-type=node.mojom.NodeService', '--lang=en-US', '--service-sandbox-type=none', '--user-data-dir=C:\\Users\\keylogger\\AppData\\Roaming\\Code', '--standard-schemes=vscode-webview,vscode-file', '--enable-sandbox', '--secure-schemes=vscode-webview,vscode-file', '--cors-schemes=vscode-webview,vscode-file', '--fetch-schemes=vscode-webview,vscode-file', '--service-worker-schemes=vscode-webview', '--code-cache-schemes=vscode-webview,vscode-file', '--field-trial-handle=1768,i,5791151919403288756,5385276150718787774,262144', '--enable-features=DocumentPolicyIncludeJSCallStacksInCrashReports,EarlyEstablishGpuChannel,EnableTransparentHwndEnlargement,EstablishGpuChannelAsync', '--disable-features=CalculateNativeWinOcclusion,FontationsLinuxSystemFonts,ScreenAIOCREnabled,SpareRendererForSitePerProcess,WinDelaySpellcheckServiceInit', '--variations-seed-version', '--mojo-platform-channel-handle=3816', '/prefetch:8']",2.689984957069939,30,"[popenfile(path='C:\\Users\\keylogger\\AppData\\Local\\Programs\\Microsoft VS Code\\chrome_200_percent.pak', fd=-1), popenfile(path='C:\\Users\\keylogger\\AppData\\Local\\Programs\\Microsoft VS Code\\resources.pak', fd=-1), popenfile(path='C:\\Windows\\System32\\en-US\\mswsock.dll.mui', fd=-1), popenfile(path='C:\\Users\\keylogger\\AppData\\Local\\Programs\\Microsoft VS Code\\locales\\en-US.pak', fd=-1), popenfile(path='C:\\Users\\keylogger\\AppData\\Local\\Programs\\Microsoft VS Code\\icudtl.dat', fd=-1), popenfile(path='C:\\Windows\\System32\\en-US\\KernelBase.dll.mui', fd=-1), popenfile(path='C:\\Windows\\Registration\\R000000000006.clb', fd=-1), popenfile(path='C:\\Users\\keylogger\\AppData\\Local\\Programs\\Microsoft VS Code\\v8_context_snapshot.bin', fd=-1), popenfile(path='C:\\Users\\keylogger\\AppData\\Local\\Programs\\Microsoft VS Code\\chrome_100_percent.pak', fd=-1), popenfile(path='C:\\Users\\keylogger\\AppData\\Roaming\\Code\\logs\\20251112T085715\\ptyhost.log', fd=-1)]",32.0,C:\Users\keylogger\AppData\Local\Programs\Microsoft VS Code\Code.exe,4839,9736,2478295,36725244,9.703125,10.515625,435239,0,110.15625,129.71484375,benign
0.0,624,8748,svchost.exe,,0.4907791703590366,11,,,C:\Windows\System32\svchost.exe,19,193,189622,159432984,3.71875,4.578125,55766,0,20.09765625,11.8125,benign
0.0,531,8840,TextInputHost.exe,"['C:\\Windows\\SystemApps\\MicrosoftWindows.Client.CBS_cw5n1h2txyewy\\TextInputHost.exe', '-ServerName:InputApp.AppXk0k6mrh4r2q0ct33a9wgbez0x7v9cz5y.mca']",0.902861972293155,10,"[popenfile(path='C:\\Windows\\System32\\WinMetadata\\Windows.UI.winmd', fd=-1), popenfile(path='C:\\Windows\\System32\\en-US\\KernelBase.dll.mui', fd=-1), popenfile(path='C:\\Windows\\Fonts\\segoeui.ttf', fd=-1), popenfile(path='C:\\Windows\\Registration\\R000000000006.clb', fd=-1)]",32.0,C:\Windows\SystemApps\MicrosoftWindows.Client.CBS_cw5n1h2txyewy\TextInputHost.exe,1,0,4096,0,1.265625,2.796875,42859,0,36.97265625,12.4609375,benign
0.0,165,9044,python.exe,"['python', '.\\keylogger.py']",0.2901749730286083,1,"[popenfile(path='C:\\Windows\\System32\\en-US\\winhttp.dll.mui', fd=-1), popenfile(path='C:\\Windows\\System32\\en-US\\KernelBase.dll.mui', fd=-1)]",32.0,C:\Program Files\WindowsApps\PythonSoftwareFoundation.PythonManager_25.0.240.0_x64__3847v3x7pw1km\python.exe,64,0,7189089,0,0.046875,0.015625,190,0,11.8828125,4.53125,benign
0.0,220,9240,svchost.exe,,0.28034985066767903,3,,,C:\Windows\System32\svchost.exe,2,0,24,0,0.78125,2.15625,76,0,11.48046875,2.69921875,benign
0.0,147,9304,svchost.exe,,0.27453108888110933,4,,,C:\Windows\System32\svchost.exe,1,0,6540,0,0.0,0.0625,90,0,11.2421875,1.875,benign
0.0,545,9344,ShellExperienceHost.exe,"['C:\\Windows\\SystemApps\\ShellExperienceHost_cw5n1h2txyewy\\ShellExperienceHost.exe', '-ServerName:App.AppXtk181tbxbce2qsex02s8tw7hfxa9xb3t.mca']",0.9585694621842488,10,"[popenfile(path='C:\\Windows\\System32\\en-US\\windows.storage.dll.mui', fd=-1), popenfile(path='C:\\Windows\\System32\\en-US\\windows.ui.xaml.dll.mui', fd=-1), popenfile(path='C:\\Windows\\Fonts\\segoeui.ttf', fd=-1), popenfile(path='C:\\Windows\\Fonts\\seguisb.ttf', fd=-1), popenfile(path='C:\\Windows\\System32\\en-US\\KernelBase.dll.mui', fd=-1)]",32.0,C:\Windows\SystemApps\ShellExperienceHost_cw5n1h2txyewy\ShellExperienceHost.exe,4,0,8900,0,0.234375,0.53125,2673,0,39.25390625,15.12890625,benign
0.0,222,9356,msedge.exe,"['C:\\Program Files (x86)\\Microsoft\\Edge\\Application\\msedge.exe', '--type=utility', '--utility-sub-type=audio.mojom.AudioService', '--lang=en-US', '--service-sandbox-type=audio', '--no-pre-read-main-dll', '--skip-read-main-dll', '--metrics-shmem-handle=6548,i,8137749933328182224,15687576402261621925,524288', '--field-trial-handle=2084,i,15097455975441437171,2563118911106030475,262144', '--variations-seed-version', '--trace-process-track-uuid=3190709015360168813', '--mojo-platform-channel-handle=6824', '/prefetch:8']",0.3985374876112838,10,"[popenfile(path='C:\\Windows\\System32\\en-US\\MMDevAPI.dll.mui', fd=-1), popenfile(path='C:\\Program Files (x86)\\Microsoft\\Edge\\Application\\142.0.3595.53\\resources.pak', fd=-1), popenfile(path='C:\\Program Files (x86)\\Microsoft\\Edge\\Application\\142.0.3595.53\\Locales\\en-US.pak', fd=-1), popenfile(path='C:\\Program Files (x86)\\Microsoft\\Edge\\Application\\142.0.3595.53\\msedge_200_percent.pak', fd=-1), popenfile(path='C:\\Windows\\Registration\\R000000000006.clb', fd=-1), popenfile(path='C:\\Program Files (x86)\\Microsoft\\Edge\\Application\\142.0.3595.53\\icudtl.dat', fd=-1), popenfile(path='C:\\Program Files (x86)\\Microsoft\\Edge\\Application\\142.0.3595.53\\msedge_100_percent.pak', fd=-1), popenfile(path='C:\\Program Files (x86)\\Microsoft\\Edge\\Application\\142.0.3595.53\\v8_context_snapshot.bin', fd=-1)]",32.0,C:\Program Files (x86)\Microsoft\Edge\Application\msedge.exe,22,32,30515,42408,0.0625,0.109375,1839,0,16.3203125,7.984375,benign
0.0,368,9528,msedge.exe,"['C:\\Program Files (x86)\\Microsoft\\Edge\\Application\\msedge.exe', '--type=utility', '--utility-sub-type=video_capture.mojom.VideoCaptureService', '--lang=en-US', '--service-sandbox-type=none', '--no-pre-read-main-dll', '--skip-read-main-dll', '--metrics-shmem-handle=6544,i,12752457230439670308,15456107060628917759,524288', '--field-trial-handle=2084,i,15097455975441437171,2563118911106030475,262144', '--variations-seed-version', '--trace-process-track-uuid=3190709016297210662', '--mojo-platform-channel-handle=6316', '/prefetch:8']",0.5415264043009235,9,"[popenfile(path='C:\\Windows\\System32\\en-US\\propsys.dll.mui', fd=-1), popenfile(path='C:\\Program Files (x86)\\Microsoft\\Edge\\Application\\142.0.3595.53\\resources.pak', fd=-1), popenfile(path='C:\\Program Files (x86)\\Microsoft\\Edge\\Application\\142.0.3595.53\\Locales\\en-US.pak', fd=-1), popenfile(path='C:\\Program Files (x86)\\Microsoft\\Edge\\Application\\142.0.3595.53\\msedge_200_percent.pak', fd=-1), popenfile(path='C:\\Windows\\Registration\\R000000000006.clb', fd=-1), popenfile(path='C:\\Program Files (x86)\\Microsoft\\Edge\\Application\\142.0.3595.53\\icudtl.dat', fd=-1), popenfile(path='C:\\Program Files (x86)\\Microsoft\\Edge\\Application\\142.0.3595.53\\msedge_100_percent.pak', fd=-1), popenfile(path='C:\\Program Files (x86)\\Microsoft\\Edge\\Application\\142.0.3595.53\\v8_context_snapshot.bin', fd=-1)]",32.0,C:\Program Files (x86)\Microsoft\Edge\Application\msedge.exe,28,45,15136,55832,0.109375,0.171875,1633,0,22.17578125,11.01953125,benign
0.0,176,9536,svchost.exe,,0.17923694093384449,3,,,C:\Windows\System32\svchost.exe,3,2,4400,276,0.0,0.015625,67,0,7.33984375,1.59765625,benign
0.0,255,9652,Code.exe,"['C:\\Users\\keylogger\\AppData\\Local\\Programs\\Microsoft VS Code\\Code.exe', 'c:\\Users\\keylogger\\.vscode\\extensions\\ms-python.vscode-pylance-2025.9.1\\dist\\server.bundle.js', '--cancellationReceive=file:9f8e7ee11a1bf8edccf958afa1859bbacf1cb10f71', '--node-ipc', '--clientProcessId=8340']",10.312085949788855,15,"[popenfile(path='C:\\Users\\keylogger\\AppData\\Roaming\\Code\\logs\\20251112T085715\\window1\\exthost\\vscode.github\\GitHub.log', fd=-1), popenfile(path='C:\\Windows\\System32\\en-US\\mswsock.dll.mui', fd=-1), popenfile(path='C:\\Users\\keylogger\\AppData\\Roaming\\Code\\logs\\20251112T085715\\window1\\exthost\\extHostTelemetry.log', fd=-1), popenfile(path='C:\\Users\\keylogger\\AppData\\Roaming\\Code\\logs\\20251112T085715\\window1\\exthost\\exthost.log', fd=-1), popenfile(path='C:\\Users\\keylogger\\AppData\\Roaming\\Code\\logs\\20251112T085715\\window1\\exthost\\ms-python.python\\Python.log', fd=-1), popenfile(path='C:\\Users\\keylogger\\AppData\\Roaming\\Code\\logs\\20251112T085715\\window1\\exthost\\ms-python.vscode-python-envs\\Python Environments.log', fd=-1), popenfile(path='C:\\Users\\keylogger\\AppData\\Local\\Programs\\Microsoft VS Code\\icudtl.dat', fd=-1), popenfile(path='C:\\Users\\keylogger\\AppData\\Roaming\\Code\\logs\\20251112T085715\\window1\\exthost\\vscode.github-authentication\\GitHub Authentication.log', fd=-1), popenfile(path='C:\\Users\\keylogger\\AppData\\Roaming\\Code\\logs\\20251112T085715\\window1\\exthost\\vscode.git\\Git.log', fd=-1), popenfile(path='C:\\Users\\keylogger\\AppData\\Roaming\\Code\\logs\\20251112T085715\\window1\\exthost\\ms-python.debugpy\\Python Debugger.log', fd=-1), popenfile(path='C:\\Users\\keylogger\\AppData\\Local\\Programs\\Microsoft VS Code\\v8_context_snapshot.bin', fd=-1)]",32.0,C:\Users\keylogger\AppData\Local\Programs\Microsoft VS Code\Code.exe,17533,3763,65072017,933724,35.671875,12.3125,95221,0,422.28515625,446.9921875,benign
0.0,372,9724,SearchProtocolHost.exe,,0.3618125156796552,8,,,C:\Windows\System32\SearchProtocolHost.exe,35,0,3613901,0,0.046875,0.140625,1419,0,14.81640625,2.78125,benign
0.0,244,9740,notepad.exe,['C:\\Windows\\system32\\notepad.exe'],0.3552306375932075,1,"[popenfile(path='C:\\Windows\\SystemResources\\notepad.exe.mun', fd=-1), popenfile(path='C:\\Windows\\Fonts\\StaticCache.dat', fd=-1), popenfile(path='C:\\Windows\\System32\\en-US\\notepad.exe.mui', fd=-1), popenfile(path='C:\\Windows\\Registration\\R000000000006.clb', fd=-1)]",32.0,C:\Windows\System32\notepad.exe,2,0,10097,0,1.171875,11.84375,86680,0,14.546875,2.59765625,benign
0.0,63,9832,pet.exe,"['c:\\Users\\keylogger\\.vscode\\extensions\\ms-python.vscode-python-envs-1.10.0-win32-x64\\python-env-tools\\bin\\pet.exe', 'server']",0.13955489334018864,1,"[popenfile(path='C:\\Windows\\System32\\en-US\\KernelBase.dll.mui', fd=-1), popenfile(path='C:\\Users\\keylogger\\AppData\\Roaming\\Code\\logs\\20251112T085715\\window1\\exthost\\extHostTelemetry.log', fd=-1), popenfile(path='C:\\Users\\keylogger\\AppData\\Roaming\\Code\\logs\\20251112T085715\\window1\\exthost\\exthost.log', fd=-1)]",32.0,C:\Users\keylogger\.vscode\extensions\ms-python.vscode-python-envs-1.10.0-win32-x64\python-env-tools\bin\pet.exe,28,2115,12247,271559,0.234375,1.90625,76,0,5.71484375,1.59765625,benign
0.0,111,9840,conhost.exe,"['\\??\\C:\\Windows\\system32\\conhost.exe', '0x4']",0.12333867196778123,2,"[popenfile(path='C:\\Windows\\System32\\en-US\\Conhost.exe.mui', fd=-1)]",32.0,C:\Windows\System32\conhost.exe,0,0,0,0,0.015625,0.078125,590,0,5.05078125,6.17578125,benign
0.0,617,9856,msedge.exe,"['C:\\Program Files (x86)\\Microsoft\\Edge\\Application\\msedge.exe', '--type=renderer', '--pdf-upsell-enabled', '--dma-cps-flags=2048', '--no-pre-read-main-dll', '--disable-gpu-compositing', '--video-capture-use-gpu-memory-buffer', '--lang=en-US', '--js-flags=--ms-user-locale=', '--device-scale-factor=1', '--num-raster-threads=1', '--renderer-client-id=23', '--time-ticks-at-unix-epoch=-1762955756248050', '--launch-time-ticks=2965845213', '--skip-read-main-dll', '--metrics-shmem-handle=5956,i,2802682493163780770,13441872940778741900,2097152', '--field-trial-handle=2084,i,15097455975441437171,2563118911106030475,262144', '--variations-seed-version', '--trace-process-track-uuid=3190709007863834021', '--mojo-platform-channel-handle=5940', '/prefetch:1']",0.4625438672635508,17,"[popenfile(path='C:\\Windows\\Fonts\\arial.ttf', fd=-1), popenfile(path='C:\\Users\\keylogger\\AppData\\Local\\Microsoft\\Edge\\User Data\\Subresource Filter\\Indexed Rules\\37\\10.34.0.81\\Ruleset Data', fd=-1), popenfile(path='C:\\Windows\\Fonts\\seguisbi.ttf', fd=-1), popenfile(path='C:\\Windows\\Fonts\\arialbi.ttf', fd=-1), popenfile(path='C:\\Windows\\Fonts\\arialbd.ttf', fd=-1), popenfile(path='C:\\Windows\\Fonts\\seguili.ttf', fd=-1), popenfile(path='C:\\Windows\\Fonts\\seguibl.ttf', fd=-1), popenfile(path='C:\\Windows\\Fonts\\times.ttf', fd=-1), popenfile(path='C:\\Users\\keylogger\\AppData\\Local\\Temp\\2f82074c-9b14-4c95-b259-8e6a4ff94d15.tmp', fd=-1), popenfile(path='C:\\Windows\\Fonts\\consolai.ttf', fd=-1), popenfile(path='C:\\Windows\\Fonts\\consolab.ttf', fd=-1), popenfile(path='C:\\Windows\\Fonts\\segoeui.ttf', fd=-1), popenfile(path='C:\\Windows\\Fonts\\segoeuiz.ttf', fd=-1), popenfile(path='C:\\Windows\\Fonts\\ariblk.ttf', fd=-1), popenfile(path='C:\\Windows\\Fonts\\seguiemj.ttf', fd=-1), popenfile(path='C:\\Program Files (x86)\\Microsoft\\Edge\\Application\\142.0.3595.53\\msedge_100_percent.pak', fd=-1), popenfile(path='C:\\Program Files (x86)\\Microsoft\\Edge\\Application\\142.0.3595.53\\v8_context_snapshot.bin', fd=-1), popenfile(path='C:\\Windows\\Fonts\\timesi.ttf', fd=-1), popenfile(path='C:\\Windows\\Fonts\\segoeuii.ttf', fd=-1), popenfile(path='C:\\Windows\\Fonts\\segoeuib.ttf', fd=-1), popenfile(path='C:\\Windows\\Fonts\\segoeuil.ttf', fd=-1), popenfile(path='C:\\Program Files (x86)\\Microsoft\\Edge\\Application\\142.0.3595.53\\msedge_200_percent.pak', fd=-1), popenfile(path='C:\\Windows\\Fonts\\timesbd.ttf', fd=-1), popenfile(path='C:\\Windows\\Fonts\\timesbi.ttf', fd=-1), popenfile(path='C:\\Windows\\Fonts\\consolaz.ttf', fd=-1), popenfile(path='C:\\Windows\\Fonts\\seguisli.ttf', fd=-1), popenfile(path='C:\\Windows\\Fonts\\ariali.ttf', fd=-1), popenfile(path='C:\\Program Files (x86)\\Microsoft\\Edge\\Application\\142.0.3595.53\\resources.pak', fd=-1), popenfile(path='C:\\Windows\\Fonts\\seguisb.ttf', fd=-1), popenfile(path='C:\\Program Files (x86)\\Microsoft\\Edge\\Application\\142.0.3595.53\\Locales\\en-US.pak', fd=-1), popenfile(path='C:\\Windows\\Fonts\\seguibli.ttf', fd=-1), popenfile(path='C:\\Windows\\Fonts\\segoeuisl.ttf', fd=-1), popenfile(path='C:\\Program Files (x86)\\Microsoft\\Edge\\Application\\142.0.3595.53\\icudtl.dat', fd=-1), popenfile(path='C:\\Windows\\Fonts\\consola.ttf', fd=-1)]",64.0,C:\Program Files (x86)\Microsoft\Edge\Application\msedge.exe,24513,25997,14442585,31794532,26.328125,5.796875,180620,0,18.94140625,100.5703125,benign
0.0,226,9948,svchost.exe,,0.2481081869978337,8,,,C:\Windows\System32\svchost.exe,0,0,0,0,0.015625,0.203125,201,0,10.16015625,2.98046875,benign
0.0,109,9968,conhost.exe,"['\\\\?\\C:\\Windows\\system32\\conhost.exe', '--headless', '--width', '80', '--height', '30', '--signal', '0x5b0', '--server', '0x5ac']",0.1313513931165002,5,"[popenfile(path='C:\\Windows\\System32\\en-US\\Conhost.exe.mui', fd=-1)]",32.0,C:\Windows\System32\conhost.exe,2,2,0,125,0.0,0.015625,159,0,5.37890625,1.26953125,benign
0.0,229,10024,svchost.exe,,0.28912568811627604,5,,,C:\Windows\System32\svchost.exe,25,0,107468,0,0.125,0.359375,87,0,11.83984375,2.6953125,benign
0.0,454,10044,powershell.exe,"['C:\\Windows\\System32\\WindowsPowerShell\\v1.0\\powershell.exe', '-noexit', '-command', 'try { . ""c:\\Users\\keylogger\\AppData\\Local\\Programs\\Microsoft VS Code\\resources\\app\\out\\vs\\workbench\\contrib\\terminal\\common\\scripts\\shellIntegration.ps1"" } catch {}']",1.245215022325921,9,"[popenfile(path='C:\\Windows\\System32\\WindowsPowerShell\\v1.0\\en-US\\powershell.exe.mui', fd=-1), popenfile(path='C:\\Windows\\System32\\en-US\\KernelBase.dll.mui', fd=-1), popenfile(path='C:\\Windows\\Microsoft.NET\\assembly\\GAC_MSIL\\Microsoft.Management.Infrastructure\\v4.0_1.0.0.0__31bf3856ad364e35\\Microsoft.Management.Infrastructure.dll', fd=-1), popenfile(path='C:\\Program Files\\WindowsPowerShell\\Modules\\PSReadline\\2.0.0\\Microsoft.PowerShell.PSReadline.dll', fd=-1), popenfile(path='C:\\Windows\\System32\\en-US\\winnlsres.dll.mui', fd=-1), popenfile(path='C:\\Windows\\System32\\en-US\\crypt32.dll.mui', fd=-1)]",32.0,C:\Windows\System32\WindowsPowerShell\v1.0\powershell.exe,141,2,483301,120,0.59375,2.015625,75192,0,50.9921875,59.96875,benign
0.0,213,10188,msedge.exe,"['C:\\Program Files (x86)\\Microsoft\\Edge\\Application\\msedge.exe', '--type=renderer', '--pdf-upsell-enabled', '--dma-cps-flags=2048', '--no-pre-read-main-dll', '--disable-gpu-compositing', '--video-capture-use-gpu-memory-buffer', '--lang=en-US', '--js-flags=--ms-user-locale=', '--device-scale-factor=1', '--num-raster-threads=1', '--renderer-client-id=48', '--time-ticks-at-unix-epoch=-1762955756248050', '--launch-time-ticks=5015316436', '--skip-read-main-dll', '--metrics-shmem-handle=7424,i,7319344557159547448,9107981756372503630,2097152', '--field-trial-handle=2084,i,15097455975441437171,2563118911106030475,262144', '--variations-seed-version', '--trace-process-track-uuid=3190709031289880246', '--mojo-platform-channel-handle=5752', '/prefetch:1']",0.5653737886721109,15,"[popenfile(path='C:\\Users\\keylogger\\AppData\\Local\\Microsoft\\Edge\\User Data\\Subresource Filter\\Indexed Rules\\37\\10.34.0.81\\Ruleset Data', fd=-1), popenfile(path='C:\\Users\\keylogger\\AppData\\Local\\Temp\\b811a15b-f988-4022-a761-761d7292ae16.tmp', fd=-1), popenfile(path='C:\\Program Files (x86)\\Microsoft\\Edge\\Application\\142.0.3595.53\\resources.pak', fd=-1), popenfile(path='C:\\Program Files (x86)\\Microsoft\\Edge\\Application\\142.0.3595.53\\Locales\\en-US.pak', fd=-1), popenfile(path='C:\\Program Files (x86)\\Microsoft\\Edge\\Application\\142.0.3595.53\\msedge_200_percent.pak', fd=-1), popenfile(path='C:\\Program Files (x86)\\Microsoft\\Edge\\Application\\142.0.3595.53\\icudtl.dat', fd=-1), popenfile(path='C:\\Program Files (x86)\\Microsoft\\Edge\\Application\\142.0.3595.53\\msedge_100_percent.pak', fd=-1), popenfile(path='C:\\Program Files (x86)\\Microsoft\\Edge\\Application\\142.0.3595.53\\v8_context_snapshot.bin', fd=-1)]",64.0,C:\Program Files (x86)\Microsoft\Edge\Application\msedge.exe,44,59,66776,113776,0.109375,0.109375,1196,0,23.15234375,20.6328125,benign
