num_handles,exe,name,memory_percent,nice,cmdline,open_files,pid,cpu_percent,num_threads,read_count,write_count,read_bytes,write_bytes,cpu_times_user,cpu_times_system,voluntary_ctx_switches,involuntary_ctx_switches,memory_rss,memory_vms,label
3186,,System,0.003243244274481486,,[],[],4,0.0,110,227,908,482868,40756324,0.0,135.96875,1257898,0,0.1328125,0.19140625,benign
0,Registry,Registry,0.6328141916738288,,,,92,0.0,4,86,2131,675840,59871232,0.0,0.671875,4045,0,25.9140625,3.73046875,benign
257,C:\Program Files (x86)\Microsoft\Edge\Application\msedge.exe,msedge.exe,0.5753896901080096,32.0,"['C:\\Program Files (x86)\\Microsoft\\Edge\\Application\\msedge.exe', '--type=utility', '--utility-sub-type=edge_search_indexer.mojom.SearchIndexerInterfaceBroker', '--lang=en-US', '--service-sandbox-type=search_indexer', '--message-loop-type-ui', '--no-pre-read-main-dll', '--skip-read-main-dll', '--metrics-shmem-handle=5948,i,12791693631914837810,15682252403766016919,524288', '--field-trial-handle=2084,i,15097455975441437171,2563118911106030475,262144', '--variations-seed-version', '--trace-process-track-uuid=3190709010674959568', '--mojo-platform-channel-handle=6440', '/prefetch:8']","[popenfile(path='C:\\Program Files (x86)\\Microsoft\\Edge\\Application\\142.0.3595.53\\msedge_200_percent.pak', fd=-1), popenfile(path='C:\\Windows\\Registration\\R000000000006.clb', fd=-1), popenfile(path='C:\\Program Files (x86)\\Microsoft\\Edge\\Application\\142.0.3595.53\\Locales\\en-US.pak', fd=-1), popenfile(path='C:\\Program Files (x86)\\Microsoft\\Edge\\Application\\142.0.3595.53\\v8_context_snapshot.bin', fd=-1), popenfile(path='C:\\Program Files (x86)\\Microsoft\\Edge\\Application\\142.0.3595.53\\resources.pak', fd=-1), popenfile(path='C:\\Program Files (x86)\\Microsoft\\Edge\\Application\\142.0.3595.53\\msedge_100_percent.pak', fd=-1), popenfile(path='C:\\Program Files (x86)\\Microsoft\\Edge\\Application\\142.0.3595.53\\icudtl.dat', fd=-1)]",212,0.0,9,82,60,43603,17080,0.265625,0.453125,3665,0,23.5625,8.78515625,benign
53,C:\Windows\System32\smss.exe,smss.exe,0.0234658262212484,,,,316,0.0,2,22,37,16804,32062,0.015625,0.203125,922,0,0.9609375,1.0703125,benign
196,C:\Windows\System32\conhost.exe,conhost.exe,0.3936726211995616,32.0,"['\\??\\C:\\Windows\\system32\\conhost.exe', '0x4']","[popenfile(path='C:\\Windows\\Registration\\R000000000006.clb', fd=-1), popenfile(path='C:\\Windows\\Fonts\\StaticCache.dat', fd=-1), popenfile(path='C:\\Windows\\System32\\en-US\\user32.dll.mui', fd=-1), popenfile(path='C:\\Windows\\System32\\en-US\\Conhost.exe.mui', fd=-1)]",352,0.0,3,1,0,60,0,0.03125,0.0625,1044,0,16.12109375,6.83203125,benign
277,C:\Windows\System32\svchost.exe,svchost.exe,0.27882361806792305,,,,404,0.0,1,0,0,0,0,0.046875,0.171875,59,0,11.41796875,1.8359375,benign
523,C:\Windows\System32\csrss.exe,csrss.exe,0.11122420070721803,,,,416,0.0,10,247,0,189331,0,0.09375,0.625,11300,0,4.5546875,1.68359375,benign
165,C:\Windows\System32\wininit.exe,wininit.exe,0.1430843062271244,,,,492,0.0,1,2,0,9732,0,0.015625,0.046875,392,0,5.859375,1.32421875,benign
628,C:\Windows\System32\csrss.exe,csrss.exe,1.2153580970931948,,,,500,0.0,12,139940,0,3712899,0,0.15625,23.328125,825323,0,49.76953125,3.68359375,benign
987,C:\Windows\System32\dwm.exe,dwm.exe,1.3411768970355793,,,,504,0.0,15,2,0,109516,0,26.515625,30.4375,800685,0,54.921875,69.625,benign
283,C:\Windows\System32\winlogon.exe,winlogon.exe,0.23170118655045677,,,,556,0.0,4,3,0,9872,0,0.0625,0.28125,944,0,9.48828125,3.59375,benign
153,C:\Users\keylogger\AppData\Local\Python\pythoncore-3.14-64\python.exe,python.exe,0.5308427761026315,32.0,"['C:\\Users\\keylogger\\AppData\\Local\\Python\\pythoncore-3.14-64\\python.exe', '.\\keylogger.py']","[popenfile(path='C:\\Windows\\System32\\en-US\\KernelBase.dll.mui', fd=-1)]",608,0.0,3,155,45,1865582,3768,0.109375,0.171875,1512,0,21.73828125,14.4453125,keylogger
638,C:\Windows\System32\services.exe,services.exe,0.20689990680442188,,,,636,0.0,5,54,35,413812,24084,0.578125,2.234375,636,0,8.47265625,4.78515625,benign
1385,C:\Windows\System32\lsass.exe,lsass.exe,0.42896675006891893,,,,652,0.0,9,1508,1002,116758,165993,2.03125,2.796875,17391,0,17.56640625,7.609375,benign
719,C:\Windows\System32\WindowsPowerShell\v1.0\powershell.exe,powershell.exe,2.1064871562757252,32.0,"['C:\\Windows\\System32\\WindowsPowerShell\\v1.0\\powershell.exe', '-noexit', '-command', 'try { . ""c:\\Users\\keylogger\\AppData\\Local\\Programs\\Microsoft VS Code\\resources\\app\\out\\vs\\workbench\\contrib\\terminal\\common\\scripts\\shellIntegration.ps1"" } catch {}']","[popenfile(path='C:\\Windows\\System32\\en-US\\propsys.dll.mui', fd=-1), popenfile(path='C:\\Windows\\System32\\WindowsPowerShell\\v1.0\\en-US\\powershell.exe.mui', fd=-1), popenfile(path='C:\\Windows\\Microsoft.NET\\assembly\\GAC_MSIL\\System.Dynamic\\v4.0_4.0.0.0__b03f5f7f11d50a3a\\System.Dynamic.dll', fd=-1), popenfile(path='C:\\Windows\\System32\\en-US\\KernelBase.dll.mui', fd=-1), popenfile(path='C:\\Windows\\System32\\en-US\\crypt32.dll.mui', fd=-1), popenfile(path='C:\\Windows\\System32\\en-US\\winnlsres.dll.mui', fd=-1), popenfile(path='C:\\Program Files\\WindowsPowerShell\\Modules\\PSReadline\\2.0.0\\Microsoft.PowerShell.PSReadline.dll', fd=-1), popenfile(path='C:\\Windows\\Registration\\R000000000006.clb', fd=-1), popenfile(path='C:\\Windows\\Microsoft.NET\\assembly\\GAC_64\\System.Transactions\\v4.0_4.0.0.0__b77a5c561934e089\\System.Transactions.dll', fd=-1), popenfile(path='C:\\Windows\\Microsoft.NET\\assembly\\GAC_MSIL\\Microsoft.Management.Infrastructure\\v4.0_1.0.0.0__31bf3856ad364e35\\Microsoft.Management.Infrastructure.dll', fd=-1)]",708,0.0,9,160,149,485391,1432,0.75,1.0,10810,0,86.26171875,65.84765625,benign
176,C:\Windows\System32\SearchFilterHost.exe,SearchFilterHost.exe,0.2195867152898936,,,,732,0.0,8,363,0,7414,0,0.015625,0.09375,308,0,8.9921875,2.296875,benign
374,C:\Windows\System32\SearchProtocolHost.exe,SearchProtocolHost.exe,0.2949444499028458,,,,752,0.0,8,101,0,9018466,0,0.265625,0.296875,3430,0,12.078125,2.7421875,benign
1394,C:\Windows\System32\svchost.exe,svchost.exe,0.632718802136344,,,,780,0.0,11,37,8,294912,98304,3.25,10.875,26369,0,25.91015625,9.84765625,benign
216,C:\Windows\System32\svchost.exe,svchost.exe,0.21128782552872036,,,,800,0.0,1,0,0,0,0,0.015625,0.09375,49,0,8.65234375,2.08984375,benign
50,C:\Windows\System32\fontdrvhost.exe,fontdrvhost.exe,0.12114471260563199,,,,808,0.0,5,0,0,0,0,0.109375,0.28125,7574,0,4.9609375,1.84765625,benign
50,C:\Windows\System32\fontdrvhost.exe,fontdrvhost.exe,0.06505566456459923,,,,816,0.0,5,0,0,0,0,0.0,0.03125,1849,0,2.6640625,1.45703125,benign
153,C:\Users\keylogger\AppData\Local\Python\pythoncore-3.14-64\python.exe,python.exe,0.5213038223541565,32.0,"['C:\\Users\\keylogger\\AppData\\Local\\Python\\pythoncore-3.14-64\\python.exe', '.\\keylogger.py']","[popenfile(path='C:\\Windows\\System32\\en-US\\KernelBase.dll.mui', fd=-1)]",880,0.0,3,155,47,1865582,3920,0.15625,0.09375,1632,0,21.34765625,14.02734375,keylogger
1181,C:\Windows\System32\svchost.exe,svchost.exe,0.3478856432068818,,,,900,0.0,11,19,0,77824,0,5.671875,8.828125,5202,0,14.24609375,7.41015625,benign
309,C:\Windows\System32\svchost.exe,svchost.exe,0.2314150179380025,,,,948,0.0,4,0,0,0,0,0.203125,0.578125,2406,0,9.4765625,2.5234375,benign
120,C:\Windows\System32\svchost.exe,svchost.exe,0.12057237538072349,,,,1032,0.0,3,0,0,0,0,0.015625,0.015625,62,0,4.9375,1.265625,benign
114,C:\Windows\System32\conhost.exe,conhost.exe,0.15395871350038587,32.0,"['\\\\?\\C:\\Windows\\system32\\conhost.exe', '--headless', '--width', '184', '--height', '12', '--signal', '0x730', '--server', '0x6f4']","[popenfile(path='C:\\Windows\\System32\\en-US\\Conhost.exe.mui', fd=-1)]",1068,0.0,5,39,68,85,3105,0.21875,0.8125,95856,0,6.3046875,1.2890625,benign
416,C:\Windows\System32\svchost.exe,svchost.exe,0.3576153760303262,,,,1172,0.0,7,2969,846,76449232,15010016,0.6875,2.71875,4183,0,14.64453125,16.125,benign
393,C:\Windows\System32\svchost.exe,svchost.exe,0.3244198169856334,,,,1200,0.0,5,1,296,6,5952386,0.296875,0.984375,1939,0,13.28515625,5.8125,benign
246,C:\Windows\System32\svchost.exe,svchost.exe,0.3050557408762292,,,,1232,0.0,2,27,0,200704,0,0.09375,0.140625,69,0,12.4921875,3.15234375,benign
141,C:\Windows\System32\svchost.exe,svchost.exe,0.15558033563762658,,,,1276,0.0,1,0,0,0,0,0.0625,0.203125,44,0,6.37109375,4.23046875,benign
245,C:\Windows\System32\svchost.exe,svchost.exe,0.21491262795314084,,,,1320,0.0,6,0,0,0,0,0.5625,1.109375,1530,0,8.80078125,2.50390625,benign
169,C:\Windows\System32\svchost.exe,svchost.exe,0.14069956779000564,,,,1336,0.0,2,0,0,0,0,0.140625,0.15625,9515,0,5.76171875,1.4609375,benign
234,C:\Windows\System32\svchost.exe,svchost.exe,0.17103344071015603,,,,1364,0.0,6,0,0,0,0,0.09375,0.4375,1401,0,7.00390625,2.1171875,benign
204,C:\Windows\System32\dllhost.exe,dllhost.exe,0.2456280590232302,,,,1464,0.0,4,24,70,2408448,1015808,0.03125,0.0625,290,0,10.05859375,3.8359375,benign
230,C:\Windows\System32\svchost.exe,svchost.exe,0.2479174079228642,,,,1516,0.0,2,0,0,0,0,0.015625,0.078125,88,0,10.15234375,2.26953125,benign
781,C:\Windows\System32\WindowsPowerShell\v1.0\powershell.exe,powershell.exe,1.8463598875548133,32.0,"['C:\\Windows\\System32\\WindowsPowerShell\\v1.0\\powershell.exe', '-noexit', '-command', 'try { . ""c:\\Users\\keylogger\\AppData\\Local\\Programs\\Microsoft VS Code\\resources\\app\\out\\vs\\workbench\\contrib\\terminal\\common\\scripts\\shellIntegration.ps1"" } catch {}']","[popenfile(path='C:\\Windows\\System32\\WindowsPowerShell\\v1.0\\en-US\\powershell.exe.mui', fd=-1), popenfile(path='C:\\Windows\\Microsoft.NET\\assembly\\GAC_MSIL\\System.Dynamic\\v4.0_4.0.0.0__b03f5f7f11d50a3a\\System.Dynamic.dll', fd=-1), popenfile(path='C:\\Windows\\System32\\en-US\\KernelBase.dll.mui', fd=-1), popenfile(path='C:\\Windows\\System32\\en-US\\crypt32.dll.mui', fd=-1), popenfile(path='C:\\Windows\\System32\\en-US\\winnlsres.dll.mui', fd=-1), popenfile(path='C:\\Program Files\\WindowsPowerShell\\Modules\\PSReadline\\2.0.0\\Microsoft.PowerShell.PSReadline.dll', fd=-1), popenfile(path='C:\\Windows\\Microsoft.NET\\assembly\\GAC_64\\System.Transactions\\v4.0_4.0.0.0__b77a5c561934e089\\System.Transactions.dll', fd=-1), popenfile(path='C:\\Windows\\Microsoft.NET\\assembly\\GAC_MSIL\\Microsoft.Management.Infrastructure\\v4.0_1.0.0.0__31bf3856ad364e35\\Microsoft.Management.Infrastructure.dll', fd=-1)]",1556,0.0,11,153,52,476752,896,0.578125,0.8125,7793,0,75.609375,62.6015625,benign
139,C:\Windows\System32\cmd.exe,cmd.exe,0.1867727143951397,32.0,"['cmd', '/k', 'python', '.\\keylogger.py']",[],1580,0.0,1,0,0,0,0,0.0,0.0,114,0,7.6484375,2.6796875,benign
129,C:\Windows\System32\svchost.exe,svchost.exe,0.16149448696168106,,,,1592,0.0,1,0,0,0,0,0.015625,0.078125,76,0,6.61328125,1.38671875,benign
448,C:\Windows\System32\svchost.exe,svchost.exe,0.2055644532796354,,,,1604,0.0,6,34,0,714,0,0.1875,0.40625,414,0,8.41796875,2.9296875,benign
224,C:\Windows\System32\svchost.exe,svchost.exe,0.33128786368453533,,,,1616,0.0,3,3,479,233633,4982692,0.78125,11.515625,9172,0,13.56640625,2.76171875,benign
243,C:\Windows\System32\svchost.exe,svchost.exe,0.14060417825252092,,,,1644,0.0,3,0,0,0,0,0.0,0.046875,1077,0,5.7578125,1.328125,benign
393,C:\Windows\System32\svchost.exe,svchost.exe,0.25116065219734574,,,,1704,0.0,5,7,7,812,1120,0.078125,0.375,2013,0,10.28515625,3.9296875,benign
0,MemCompression,MemCompression,2.7091582541043735,,,,1788,0.0,62,0,0,0,0,0.0,23.828125,289627,0,110.94140625,0.953125,benign
171,C:\Windows\System32\svchost.exe,svchost.exe,0.1761844757343325,,,,1804,0.0,2,72,0,1448,0,0.0,0.03125,284,0,7.21484375,1.7421875,benign
181,C:\Windows\System32\svchost.exe,svchost.exe,0.17503980128451552,,,,1872,0.0,2,0,0,0,0,0.015625,0.09375,211,0,7.16796875,1.66015625,benign
155,C:\Windows\System32\svchost.exe,svchost.exe,0.1663593533734033,,,,1880,0.0,4,0,0,0,0,0.453125,0.578125,1914,0,6.8125,1.890625,benign
140,C:\Users\keylogger\AppData\Local\Python\pythoncore-3.14-64\python.exe,python.exe,1.6427986145623574,32.0,"['C:\\Users\\keylogger\\AppData\\Local\\Python\\pythoncore-3.14-64\\python.exe', '.\\generate_data.py']","[popenfile(path='C:\\Windows\\System32\\en-US\\tzres.dll.mui', fd=-1), popenfile(path='C:\\Windows\\System32\\en-US\\KernelBase.dll.mui', fd=-1)]",1920,0.0,4,931,0,13620956,0,0.609375,1.046875,4387,0,67.2734375,82.8359375,benign
184,C:\Windows\System32\svchost.exe,svchost.exe,0.17179655701003405,,,,1924,0.0,6,0,0,0,0,0.09375,0.34375,80,0,7.03515625,2.03515625,benign
559,C:\Windows\System32\svchost.exe,svchost.exe,0.2234976863267683,,,,1952,0.0,6,0,0,0,0,0.21875,0.640625,259,0,9.15234375,2.82421875,benign
353,C:\Windows\System32\svchost.exe,svchost.exe,0.3168840435243382,,,,2020,0.0,7,0,0,0,0,0.171875,0.28125,413,0,12.9765625,2.8515625,benign
307,C:\Windows\System32\svchost.exe,svchost.exe,0.1965978367560689,,,,2056,0.0,10,4,0,1648,0,0.25,0.734375,780,0,8.05078125,2.984375,benign
180,C:\Windows\System32\svchost.exe,svchost.exe,0.37879185335194065,,,,2064,0.0,6,4224,165,17177684,427472,7.484375,4.609375,607,0,15.51171875,7.359375,benign
137,C:\Windows\System32\svchost.exe,svchost.exe,0.14585060281418213,,,,2072,0.0,3,0,0,0,0,0.015625,0.03125,241,0,5.97265625,1.51171875,benign
368,C:\Windows\System32\svchost.exe,svchost.exe,0.1998410810305504,,,,2088,0.0,4,0,0,0,0,0.03125,0.140625,289,0,8.18359375,2.19921875,benign
365,C:\Windows\System32\svchost.exe,svchost.exe,0.2212083374271343,,,,2160,0.0,5,1,1,116,160,0.078125,0.078125,220,0,9.05859375,2.70703125,benign
158,C:\Windows\System32\svchost.exe,svchost.exe,0.16168526603665057,,,,2164,0.0,2,0,0,0,0,0.0,0.0625,61,0,6.62109375,1.78125,benign
200,C:\Windows\System32\svchost.exe,svchost.exe,0.28569166476682506,,,,2200,0.0,2,0,0,0,0,0.046875,0.078125,481,0,11.69921875,2.3125,benign
440,C:\Windows\System32\spoolsv.exe,spoolsv.exe,0.26899849570699386,,,,2316,0.0,7,2,2,232,320,0.015625,0.140625,389,0,11.015625,5.09765625,benign
399,C:\Windows\System32\svchost.exe,svchost.exe,0.3164070958369144,,,,2388,0.0,10,1,2,116,32928,0.296875,0.65625,672,0,12.95703125,9.078125,benign
186,C:\Windows\System32\svchost.exe,svchost.exe,0.17647064434678675,,,,2424,0.0,5,1071,721,69084,115876,0.03125,0.140625,2839,0,7.2265625,2.0,benign
139,C:\Windows\System32\cmd.exe,cmd.exe,0.18658193532017023,32.0,"['cmd', '/k', 'python', '.\\keylogger.py']",[],2528,0.0,1,0,0,0,0,0.015625,0.046875,120,0,7.640625,2.671875,benign
207,C:\Windows\System32\svchost.exe,svchost.exe,0.17933233047132924,,,,2616,0.0,5,0,0,0,0,0.015625,0.015625,176,0,7.34375,1.875,benign
372,C:\Windows\System32\svchost.exe,svchost.exe,0.31821949704912467,,,,2752,0.0,5,901,98,9371792,280096,0.234375,0.578125,1644,0,13.03125,3.90234375,benign
704,C:\Windows\System32\svchost.exe,svchost.exe,0.9259462403644644,,,,2772,0.0,9,331,876,28536761,2242152,7.640625,8.0625,62608,0,37.91796875,22.29296875,benign
369,C:\Windows\System32\svchost.exe,svchost.exe,0.5797776088323081,,,,2804,0.0,15,677,1056,64770358,5454364,6.359375,16.46875,36814,0,23.7421875,24.73828125,benign
418,C:\Windows\System32\svchost.exe,svchost.exe,0.3795549696518187,,,,2828,0.0,21,4820,12,38936968,241816,5.1875,5.3125,11322,0,15.54296875,10.06640625,benign
308,C:\Windows\System32\svchost.exe,svchost.exe,0.4329731106432784,,,,2836,0.0,3,151,0,353181,0,0.25,0.296875,184,0,17.73046875,5.1015625,benign
213,C:\Windows\System32\svchost.exe,svchost.exe,0.2019396508552149,,,,2896,0.0,6,2592,1729,170092,274500,0.078125,0.0625,4720,0,8.26953125,2.37109375,benign
134,C:\Windows\System32\svchost.exe,svchost.exe,0.14060417825252092,,,,2936,0.0,4,0,0,0,0,0.0,0.078125,44,0,5.7578125,1.515625,benign
136,C:\Windows\System32\svchost.exe,svchost.exe,0.12686808485471698,,,,2952,0.0,3,1,0,512,0,0.0,0.03125,237,0,5.1953125,1.265625,benign
166,C:\Program Files\VMware\VMware Tools\VMware VGAuth\VGAuthService.exe,VGAuthService.exe,0.1682671441230983,,,,2972,0.0,2,30,22,32424,2280,0.015625,0.03125,399,0,6.890625,2.453125,benign
128,C:\Windows\System32\vm3dservice.exe,vm3dservice.exe,0.1388871665777954,,,,2980,0.0,3,0,0,0,0,0.015625,0.03125,6872,0,5.6875,1.54296875,benign
308,C:\Program Files\VMware\VMware Tools\vmtoolsd.exe,vmtoolsd.exe,0.36190790521714,,,,2988,0.0,12,2015,1022,24176,228661,0.625,1.609375,102142,0,14.8203125,6.234375,benign
267,C:\Windows\System32\dllhost.exe,dllhost.exe,0.29694763019002546,32.0,"['C:\\Windows\\system32\\DllHost.exe', '/Processid:{973D20D7-562D-44B9-B70B-5A0F49CCDF3F}']","[popenfile(path='C:\\Windows\\System32\\en-US\\ESENT.dll.mui', fd=-1), popenfile(path='C:\\Users\\keylogger\\AppData\\Local\\Packages\\Microsoft.Windows.Search_cw5n1h2txyewy\\AppData\\CacheStorage\\CacheStorage.jfm', fd=-1), popenfile(path='C:\\Users\\keylogger\\AppData\\Local\\Packages\\Microsoft.Windows.Search_cw5n1h2txyewy\\AppData\\CacheStorage\\CacheStorage.edb', fd=-1), popenfile(path='C:\\Users\\keylogger\\AppData\\Local\\Microsoft\\Internet Explorer\\CacheStorage\\edb.log', fd=-1), popenfile(path='C:\\Windows\\Registration\\R000000000006.clb', fd=-1)]",3008,0.0,5,202,338,12968134,7483392,0.375,0.40625,1379,0,12.16015625,3.73046875,benign
379,C:\Windows\System32\svchost.exe,svchost.exe,0.45033400646550287,,,,3032,0.0,5,728,49,2986480,99040,0.125,0.078125,748,0,18.44140625,4.203125,benign
794,C:\ProgramData\Microsoft\Windows Defender\Platform\4.18.25090.3009-0\MsMpEng.exe,MsMpEng.exe,4.923149419125412,,,,3044,0.0,25,9468,2501,833969034,348372238,97.515625,23.890625,249216,0,201.60546875,300.296875,benign
818,C:\Windows\System32\Taskmgr.exe,Taskmgr.exe,1.5692532811616156,32.0,"['C:\\Windows\\system32\\taskmgr.exe', '/7']",,3068,0.0,19,755,22,1088249,198532,92.015625,419.90625,1981089,0,64.26171875,35.66796875,benign
136,C:\Windows\System32\vm3dservice.exe,vm3dservice.exe,0.15357715535044686,,,,3124,0.0,4,0,0,0,0,0.03125,1.0,25155,0,6.2890625,1.703125,benign
165,C:\Program Files\WindowsApps\PythonSoftwareFoundation.PythonManager_25.0.240.0_x64__3847v3x7pw1km\python.exe,python.exe,0.3145946946247042,32.0,"['python', '.\\keylogger.py']","[popenfile(path='C:\\Windows\\System32\\en-US\\winhttp.dll.mui', fd=-1), popenfile(path='C:\\Windows\\System32\\en-US\\KernelBase.dll.mui', fd=-1)]",3300,0.0,1,64,0,7189089,0,0.109375,0.046875,247,0,12.8828125,4.59375,benign
409,C:\Program Files (x86)\Microsoft\Edge\Application\msedge.exe,msedge.exe,0.10302070048352956,64.0,"['C:\\Program Files (x86)\\Microsoft\\Edge\\Application\\msedge.exe', '--type=renderer', '--pdf-upsell-enabled', '--dma-cps-flags=2048', '--no-pre-read-main-dll', '--disable-gpu-compositing', '--video-capture-use-gpu-memory-buffer', '--lang=en-US', '--js-flags=--ms-user-locale=', '--device-scale-factor=1', '--num-raster-threads=1', '--renderer-client-id=40', '--time-ticks-at-unix-epoch=-1762955756248050', '--launch-time-ticks=3123906279', '--skip-read-main-dll', '--metrics-shmem-handle=5524,i,11307852610085143561,13330827466073125397,2097152', '--field-trial-handle=2084,i,15097455975441437171,2563118911106030475,262144', '--variations-seed-version', '--trace-process-track-uuid=3190709023793545454', '--mojo-platform-channel-handle=5740', '/prefetch:1']","[popenfile(path='C:\\Windows\\Fonts\\consolai.ttf', fd=-1), popenfile(path='C:\\Windows\\Fonts\\times.ttf', fd=-1), popenfile(path='C:\\Program Files (x86)\\Microsoft\\Edge\\Application\\142.0.3595.53\\v8_context_snapshot.bin', fd=-1), popenfile(path='C:\\Windows\\Fonts\\arial.ttf', fd=-1), popenfile(path='C:\\Windows\\Fonts\\consolab.ttf', fd=-1), popenfile(path='C:\\Windows\\Fonts\\timesbi.ttf', fd=-1), popenfile(path='C:\\Windows\\Fonts\\arialbi.ttf', fd=-1), popenfile(path='C:\\Program Files (x86)\\Microsoft\\Edge\\Application\\142.0.3595.53\\icudtl.dat', fd=-1), popenfile(path='C:\\Windows\\Fonts\\consolaz.ttf', fd=-1), popenfile(path='C:\\Program Files (x86)\\Microsoft\\Edge\\Application\\142.0.3595.53\\Locales\\en-US.pak', fd=-1), popenfile(path='C:\\Windows\\Fonts\\consola.ttf', fd=-1), popenfile(path='C:\\Windows\\Fonts\\ariali.ttf', fd=-1), popenfile(path='C:\\Program Files (x86)\\Microsoft\\Edge\\Application\\142.0.3595.53\\resources.pak', fd=-1), popenfile(path='C:\\Windows\\Fonts\\timesbd.ttf', fd=-1), popenfile(path='C:\\Users\\keylogger\\AppData\\Local\\Temp\\55476706-a714-48df-b942-47df2a2efb10.tmp', fd=-1), popenfile(path='C:\\Users\\keylogger\\AppData\\Local\\Microsoft\\Edge\\User Data\\Subresource Filter\\Indexed Rules\\37\\10.34.0.81\\Ruleset Data', fd=-1), popenfile(path='C:\\Program Files (x86)\\Microsoft\\Edge\\Application\\142.0.3595.53\\msedge_200_percent.pak', fd=-1), popenfile(path='C:\\Windows\\Fonts\\arialbd.ttf', fd=-1), popenfile(path='C:\\Windows\\Fonts\\ariblk.ttf', fd=-1), popenfile(path='C:\\Windows\\Fonts\\timesi.ttf', fd=-1), popenfile(path='C:\\Program Files (x86)\\Microsoft\\Edge\\Application\\142.0.3595.53\\msedge_100_percent.pak', fd=-1)]",3436,0.0,17,3906,3820,4823493,4409074,3.53125,1.703125,27739,0,4.21875,52.28515625,benign
1044,C:\Program Files (x86)\Microsoft\EdgeWebView\Application\142.0.3595.69\msedgewebview2.exe,msedgewebview2.exe,1.8214632182712935,32.0,"['C:\\Program Files (x86)\\Microsoft\\EdgeWebView\\Application\\142.0.3595.69\\msedgewebview2.exe', '--embedded-browser-webview=1', '--webview-exe-name=SearchApp.exe', '--webview-exe-version=10.0.19041.6282', '--user-data-dir=C:\\Users\\keylogger\\AppData\\Local\\Packages\\Microsoft.Windows.Search_cw5n1h2txyewy\\LocalState\\EBWebView', '--noerrdialogs', '--enable-features=msEmbeddedBrowserVisualHosting', '--lang=en-US', '--mojo-named-platform-channel-pipe=6632.1460.13820676504618395795']","[popenfile(path='C:\\Program Files (x86)\\Microsoft\\EdgeWebView\\Application\\142.0.3595.69\\icudtl.dat', fd=-1), popenfile(path='C:\\Users\\keylogger\\AppData\\Local\\Packages\\Microsoft.Windows.Search_cw5n1h2txyewy\\LocalState\\EBWebView\\ShaderCache\\data_3', fd=-1), popenfile(path='C:\\Users\\keylogger\\AppData\\Local\\Packages\\Microsoft.Windows.Search_cw5n1h2txyewy\\LocalState\\EBWebView\\Default\\Code Cache\\js\\4881d33afc87e917_0', fd=-1), popenfile(path='C:\\Users\\keylogger\\AppData\\Local\\Packages\\Microsoft.Windows.Search_cw5n1h2txyewy\\LocalState\\EBWebView\\GrShaderCache\\data_0', fd=-1), popenfile(path='C:\\Users\\keylogger\\AppData\\Local\\Packages\\Microsoft.Windows.Search_cw5n1h2txyewy\\LocalState\\EBWebView\\GrShaderCache\\data_1', fd=-1), popenfile(path='C:\\Users\\keylogger\\AppData\\Local\\Packages\\Microsoft.Windows.Search_cw5n1h2txyewy\\LocalState\\EBWebView\\Default\\Extension Scripts\\MANIFEST-000001', fd=-1), popenfile(path='C:\\Users\\keylogger\\AppData\\Local\\Packages\\Microsoft.Windows.Search_cw5n1h2txyewy\\LocalState\\EBWebView\\GrShaderCache\\index', fd=-1), popenfile(path='C:\\Users\\keylogger\\AppData\\Local\\Packages\\Microsoft.Windows.Search_cw5n1h2txyewy\\LocalState\\EBWebView\\Default\\Vpn Tokens', fd=-1), popenfile(path='C:\\Users\\keylogger\\AppData\\Local\\Packages\\Microsoft.Windows.Search_cw5n1h2txyewy\\LocalState\\EBWebView\\GraphiteDawnCache\\index', fd=-1), popenfile(path='C:\\Users\\keylogger\\AppData\\Local\\Packages\\Microsoft.Windows.Search_cw5n1h2txyewy\\LocalState\\EBWebView\\Default\\shared_proto_db\\LOCK', fd=-1), popenfile(path='C:\\Users\\keylogger\\AppData\\Local\\Packages\\Microsoft.Windows.Search_cw5n1h2txyewy\\LocalState\\EBWebView\\Default\\Site Characteristics Database\\LOCK', fd=-1), popenfile(path='C:\\Users\\keylogger\\AppData\\Local\\Packages\\Microsoft.Windows.Search_cw5n1h2txyewy\\LocalState\\EBWebView\\Default\\Login Data-journal', fd=-1), popenfile(path='C:\\Users\\keylogger\\AppData\\Local\\Packages\\Microsoft.Windows.Search_cw5n1h2txyewy\\LocalState\\EBWebView\\Default\\Favicons-journal', fd=-1), popenfile(path='C:\\Users\\keylogger\\AppData\\Local\\Packages\\Microsoft.Windows.Search_cw5n1h2txyewy\\LocalState\\EBWebView\\Default\\SharedStorage-wal', fd=-1), popenfile(path='C:\\Users\\keylogger\\AppData\\Local\\Packages\\Microsoft.Windows.Search_cw5n1h2txyewy\\LocalState\\EBWebView\\ShaderCache\\data_0', fd=-1), popenfile(path='C:\\Users\\keylogger\\AppData\\Local\\Packages\\Microsoft.Windows.Search_cw5n1h2txyewy\\LocalState\\EBWebView\\Default\\ServerCertificate', fd=-1), popenfile(path='C:\\Users\\keylogger\\AppData\\Local\\Packages\\Microsoft.Windows.Search_cw5n1h2txyewy\\LocalState\\EBWebView\\Default\\Extension State\\LOG', fd=-1), popenfile(path='C:\\Users\\keylogger\\AppData\\Local\\Packages\\Microsoft.Windows.Search_cw5n1h2txyewy\\LocalState\\EBWebView\\Default\\shared_proto_db\\metadata\\LOCK', fd=-1), popenfile(path='C:\\Users\\keylogger\\AppData\\Local\\Packages\\Microsoft.Windows.Search_cw5n1h2txyewy\\LocalState\\EBWebView\\Default\\Extension State\\000003.log', fd=-1), popenfile(path='C:\\Users\\keylogger\\AppData\\Local\\Packages\\Microsoft.Windows.Search_cw5n1h2txyewy\\LocalState\\EBWebView\\Default\\shared_proto_db\\LOG', fd=-1), popenfile(path='C:\\Users\\keylogger\\AppData\\Local\\Packages\\Microsoft.Windows.Search_cw5n1h2txyewy\\LocalState\\EBWebView\\Default\\History-journal', fd=-1), popenfile(path='C:\\Users\\keylogger\\AppData\\Local\\Packages\\Microsoft.Windows.Search_cw5n1h2txyewy\\LocalState\\EBWebView\\GraphiteDawnCache\\data_3', fd=-1), popenfile(path='C:\\Users\\keylogger\\AppData\\Local\\Packages\\Microsoft.Windows.Search_cw5n1h2txyewy\\LocalState\\EBWebView\\Default\\Code Cache\\js\\60a9df5883d6cfb2_0', fd=-1), popenfile(path='C:\\Users\\keylogger\\AppData\\Local\\Packages\\Microsoft.Windows.Search_cw5n1h2txyewy\\LocalState\\EBWebView\\Default\\Code Cache\\js\\4e7972307c4cb5f6_0', fd=-1), popenfile(path='C:\\Users\\keylogger\\AppData\\Local\\Packages\\Microsoft.Windows.Search_cw5n1h2txyewy\\LocalState\\EBWebView\\Default\\Sync Data\\LevelDB\\MANIFEST-000001', fd=-1), popenfile(path='C:\\Users\\keylogger\\AppData\\Local\\Packages\\Microsoft.Windows.Search_cw5n1h2txyewy\\LocalState\\EBWebView\\Default\\Code Cache\\js\\d67af04e756aea61_0', fd=-1), popenfile(path='C:\\Users\\keylogger\\AppData\\Local\\Packages\\Microsoft.Windows.Search_cw5n1h2txyewy\\LocalState\\EBWebView\\ShaderCache\\index', fd=-1), popenfile(path='C:\\Users\\keylogger\\AppData\\Local\\Packages\\Microsoft.Windows.Search_cw5n1h2txyewy\\LocalState\\EBWebView\\Default\\Login Data For Account-journal', fd=-1), popenfile(path='C:\\Users\\keylogger\\AppData\\Local\\Packages\\Microsoft.Windows.Search_cw5n1h2txyewy\\LocalState\\EBWebView\\Default\\shared_proto_db\\MANIFEST-000001', fd=-1), popenfile(path='C:\\Users\\keylogger\\AppData\\Local\\Packages\\Microsoft.Windows.Search_cw5n1h2txyewy\\LocalState\\EBWebView\\Default\\Code Cache\\js\\0fd9e9379e929301_0', fd=-1), popenfile(path='C:\\Users\\keylogger\\AppData\\Local\\Packages\\Microsoft.Windows.Search_cw5n1h2txyewy\\LocalState\\EBWebView\\Default\\Extension Scripts\\LOCK', fd=-1), popenfile(path='C:\\Users\\keylogger\\AppData\\Local\\Packages\\Microsoft.Windows.Search_cw5n1h2txyewy\\LocalState\\EBWebView\\Default\\Code Cache\\js\\82d8dc300636e331_0', fd=-1), popenfile(path='C:\\Users\\keylogger\\AppData\\Local\\Packages\\Microsoft.Windows.Search_cw5n1h2txyewy\\LocalState\\EBWebView\\Default\\ServerCertificate-journal', fd=-1), popenfile(path='C:\\Users\\keylogger\\AppData\\Local\\Packages\\Microsoft.Windows.Search_cw5n1h2txyewy\\LocalState\\EBWebView\\Default\\Code Cache\\js\\fff490e040697223_0', fd=-1), popenfile(path='C:\\Users\\keylogger\\AppData\\Local\\Packages\\Microsoft.Windows.Search_cw5n1h2txyewy\\LocalState\\EBWebView\\Default\\Site Characteristics Database\\000003.log', fd=-1), popenfile(path='C:\\Users\\keylogger\\AppData\\Local\\Packages\\Microsoft.Windows.Search_cw5n1h2txyewy\\LocalState\\EBWebView\\GrShaderCache\\data_2', fd=-1), popenfile(path='C:\\Users\\keylogger\\AppData\\Local\\Packages\\Microsoft.Windows.Search_cw5n1h2txyewy\\LocalState\\EBWebView\\Default\\Code Cache\\js\\5146d5cf972cf510_0', fd=-1), popenfile(path='C:\\Users\\keylogger\\AppData\\Local\\Packages\\Microsoft.Windows.Search_cw5n1h2txyewy\\LocalState\\EBWebView\\Default\\shared_proto_db\\metadata\\000003.log', fd=-1), popenfile(path='C:\\Users\\keylogger\\AppData\\Local\\Packages\\Microsoft.Windows.Search_cw5n1h2txyewy\\LocalState\\EBWebView\\Default\\Extension Rules\\LOG', fd=-1), popenfile(path='C:\\Users\\keylogger\\AppData\\Local\\Packages\\Microsoft.Windows.Search_cw5n1h2txyewy\\LocalState\\EBWebView\\Default\\Code Cache\\js\\d6cda546e69b3999_0', fd=-1), popenfile(path='C:\\Windows\\Fonts\\segoeui.ttf', fd=-1), popenfile(path='C:\\Users\\keylogger\\AppData\\Local\\Packages\\Microsoft.Windows.Search_cw5n1h2txyewy\\LocalState\\EBWebView\\Default\\Code Cache\\js\\cfffdd7b5ed23e55_0', fd=-1), popenfile(path='C:\\Users\\keylogger\\AppData\\Local\\Packages\\Microsoft.Windows.Search_cw5n1h2txyewy\\LocalState\\EBWebView\\Default\\Code Cache\\js\\be99037fcc7ab570_0', fd=-1), popenfile(path='C:\\Users\\keylogger\\AppData\\Local\\Packages\\Microsoft.Windows.Search_cw5n1h2txyewy\\LocalState\\EBWebView\\GrShaderCache\\data_3', fd=-1), popenfile(path='C:\\Program Files (x86)\\Microsoft\\EdgeWebView\\Application\\142.0.3595.69\\Locales\\en-US.pak', fd=-1), popenfile(path='C:\\Users\\keylogger\\AppData\\Local\\Packages\\Microsoft.Windows.Search_cw5n1h2txyewy\\LocalState\\EBWebView\\Default\\shared_proto_db\\000003.log', fd=-1), popenfile(path='C:\\Users\\keylogger\\AppData\\Local\\Packages\\Microsoft.Windows.Search_cw5n1h2txyewy\\LocalState\\EBWebView\\Default\\Extension Scripts\\LOG', fd=-1), popenfile(path='C:\\Users\\keylogger\\AppData\\Local\\Packages\\Microsoft.Windows.Search_cw5n1h2txyewy\\LocalState\\EBWebView\\Default\\Extension Rules\\000003.log', fd=-1), popenfile(path='C:\\Users\\keylogger\\AppData\\Local\\Packages\\Microsoft.Windows.Search_cw5n1h2txyewy\\LocalState\\EBWebView\\Default\\Code Cache\\js\\3a5334da83a9987b_0', fd=-1), popenfile(path='C:\\Program Files (x86)\\Microsoft\\EdgeWebView\\Application\\142.0.3595.69\\msedge_200_percent.pak', fd=-1), popenfile(path='C:\\Windows\\System32\\en-US\\KernelBase.dll.mui', fd=-1), popenfile(path='C:\\Users\\keylogger\\AppData\\Local\\Packages\\Microsoft.Windows.Search_cw5n1h2txyewy\\LocalState\\EBWebView\\Default\\Sync Data\\LevelDB\\000003.log', fd=-1), popenfile(path='C:\\Users\\keylogger\\AppData\\Local\\Packages\\Microsoft.Windows.Search_cw5n1h2txyewy\\LocalState\\EBWebView\\Default\\Sync Data\\LevelDB\\LOG', fd=-1), popenfile(path='C:\\Users\\keylogger\\AppData\\Local\\Packages\\Microsoft.Windows.Search_cw5n1h2txyewy\\LocalState\\EBWebView\\Default\\Web Data-journal', fd=-1), popenfile(path='C:\\Users\\keylogger\\AppData\\Local\\Packages\\Microsoft.Windows.Search_cw5n1h2txyewy\\LocalState\\EBWebView\\GraphiteDawnCache\\data_2', fd=-1), popenfile(path='C:\\Users\\keylogger\\AppData\\Local\\Packages\\Microsoft.Windows.Search_cw5n1h2txyewy\\LocalState\\EBWebView\\Default\\shared_proto_db\\metadata\\LOG', fd=-1), popenfile(path='C:\\Users\\keylogger\\AppData\\Local\\Packages\\Microsoft.Windows.Search_cw5n1h2txyewy\\LocalState\\EBWebView\\Default\\Code Cache\\js\\8255d97b6742f565_0', fd=-1), popenfile(path='C:\\Users\\keylogger\\AppData\\Local\\Packages\\Microsoft.Windows.Search_cw5n1h2txyewy\\LocalState\\EBWebView\\Default\\Extension State\\LOCK', fd=-1), popenfile(path='C:\\Windows\\System32\\en-US\\Windows.Security.Authentication.Web.Core.dll.mui', fd=-1), popenfile(path='C:\\Users\\keylogger\\AppData\\Local\\Packages\\Microsoft.Windows.Search_cw5n1h2txyewy\\LocalState\\EBWebView\\Default\\Web Data', fd=-1), popenfile(path='C:\\Users\\keylogger\\AppData\\Local\\Packages\\Microsoft.Windows.Search_cw5n1h2txyewy\\LocalState\\EBWebView\\ShaderCache\\data_1', fd=-1), popenfile(path='C:\\Users\\keylogger\\AppData\\Local\\Packages\\Microsoft.Windows.Search_cw5n1h2txyewy\\LocalState\\EBWebView\\Default\\shared_proto_db\\metadata\\MANIFEST-000001', fd=-1), popenfile(path='C:\\Program Files (x86)\\Microsoft\\EdgeWebView\\Application\\142.0.3595.69\\resources.pak', fd=-1), popenfile(path='C:\\Users\\keylogger\\AppData\\Local\\Packages\\Microsoft.Windows.Search_cw5n1h2txyewy\\LocalState\\EBWebView\\Default\\Extension State\\MANIFEST-000001', fd=-1), popenfile(path='C:\\Users\\keylogger\\AppData\\Local\\Packages\\Microsoft.Windows.Search_cw5n1h2txyewy\\LocalState\\EBWebView\\Default\\Site Characteristics Database\\LOG', fd=-1), popenfile(path='C:\\Users\\keylogger\\AppData\\Local\\Packages\\Microsoft.Windows.Search_cw5n1h2txyewy\\LocalState\\EBWebView\\ShaderCache\\data_2', fd=-1), popenfile(path='C:\\Users\\keylogger\\AppData\\Local\\Packages\\Microsoft.Windows.Search_cw5n1h2txyewy\\LocalState\\EBWebView\\Default\\Code Cache\\js\\db05280cef3e97b6_0', fd=-1), popenfile(path='C:\\Users\\keylogger\\AppData\\Local\\Packages\\Microsoft.Windows.Search_cw5n1h2txyewy\\LocalState\\EBWebView\\Default\\Code Cache\\js\\ef8573e04f3359c9_0', fd=-1), popenfile(path='C:\\Users\\keylogger\\AppData\\Local\\Packages\\Microsoft.Windows.Search_cw5n1h2txyewy\\LocalState\\EBWebView\\Default\\Code Cache\\js\\00e1fb5ed23b6952_0', fd=-1), popenfile(path='C:\\Users\\keylogger\\AppData\\Local\\Packages\\Microsoft.Windows.Search_cw5n1h2txyewy\\LocalState\\EBWebView\\Default\\Sync Data\\LevelDB\\LOCK', fd=-1), popenfile(path='C:\\Users\\keylogger\\AppData\\Local\\Packages\\Microsoft.Windows.Search_cw5n1h2txyewy\\LocalState\\EBWebView\\Default\\Code Cache\\js\\7ec5490706114f24_0', fd=-1), popenfile(path='C:\\Windows\\System32\\en-US\\user32.dll.mui', fd=-1), popenfile(path='C:\\Users\\keylogger\\AppData\\Local\\Packages\\Microsoft.Windows.Search_cw5n1h2txyewy\\LocalState\\EBWebView\\lockfile', fd=-1), popenfile(path='C:\\Users\\keylogger\\AppData\\Local\\Packages\\Microsoft.Windows.Search_cw5n1h2txyewy\\LocalState\\EBWebView\\BrowserMetrics\\BrowserMetrics-691493D5-D80.pma', fd=-1), popenfile(path='C:\\Users\\keylogger\\AppData\\Local\\Packages\\Microsoft.Windows.Search_cw5n1h2txyewy\\LocalState\\EBWebView\\Default\\Login Data', fd=-1), popenfile(path='C:\\Users\\keylogger\\AppData\\Local\\Packages\\Microsoft.Windows.Search_cw5n1h2txyewy\\LocalState\\EBWebView\\Default\\Session Storage\\LOCK', fd=-1), popenfile(path='C:\\Users\\keylogger\\AppData\\Local\\Packages\\Microsoft.Windows.Search_cw5n1h2txyewy\\LocalState\\EBWebView\\GraphiteDawnCache\\data_1', fd=-1), popenfile(path='C:\\Users\\keylogger\\AppData\\Local\\Packages\\Microsoft.Windows.Search_cw5n1h2txyewy\\LocalState\\EBWebView\\Default\\Extension Rules\\LOCK', fd=-1), popenfile(path='C:\\Users\\keylogger\\AppData\\Local\\Packages\\Microsoft.Windows.Search_cw5n1h2txyewy\\LocalState\\EBWebView\\Default\\Code Cache\\js\\275d09d11b915449_0', fd=-1), popenfile(path='C:\\Windows\\Fonts\\segoeuib.ttf', fd=-1), popenfile(path='C:\\Users\\keylogger\\AppData\\Local\\Packages\\Microsoft.Windows.Search_cw5n1h2txyewy\\LocalState\\EBWebView\\GraphiteDawnCache\\data_0', fd=-1), popenfile(path='C:\\Users\\keylogger\\AppData\\Local\\Packages\\Microsoft.Windows.Search_cw5n1h2txyewy\\LocalState\\EBWebView\\Default\\Code Cache\\js\\629f61e3b0524aa2_0', fd=-1), popenfile(path='C:\\Users\\keylogger\\AppData\\Local\\Packages\\Microsoft.Windows.Search_cw5n1h2txyewy\\LocalState\\EBWebView\\Default\\Site Characteristics Database\\MANIFEST-000001', fd=-1), popenfile(path='C:\\Users\\keylogger\\AppData\\Local\\Packages\\Microsoft.Windows.Search_cw5n1h2txyewy\\LocalState\\EBWebView\\Default\\History', fd=-1), popenfile(path='C:\\Program Files (x86)\\Microsoft\\EdgeWebView\\Application\\142.0.3595.69\\msedge_100_percent.pak', fd=-1), popenfile(path='C:\\Users\\keylogger\\AppData\\Local\\Packages\\Microsoft.Windows.Search_cw5n1h2txyewy\\LocalState\\EBWebView\\Default\\Vpn Tokens-journal', fd=-1), popenfile(path='C:\\Users\\keylogger\\AppData\\Local\\Packages\\Microsoft.Windows.Search_cw5n1h2txyewy\\LocalState\\EBWebView\\Default\\Local Storage\\leveldb\\LOCK', fd=-1), popenfile(path='C:\\Users\\keylogger\\AppData\\Local\\Packages\\Microsoft.Windows.Search_cw5n1h2txyewy\\LocalState\\EBWebView\\Default\\Login Data For Account', fd=-1), popenfile(path='C:\\Users\\keylogger\\AppData\\Local\\Packages\\Microsoft.Windows.Search_cw5n1h2txyewy\\LocalState\\EBWebView\\Default\\Extension Rules\\MANIFEST-000001', fd=-1), popenfile(path='C:\\Users\\keylogger\\AppData\\Local\\Packages\\Microsoft.Windows.Search_cw5n1h2txyewy\\LocalState\\EBWebView\\Default\\Favicons', fd=-1), popenfile(path='C:\\Users\\keylogger\\AppData\\Local\\Packages\\Microsoft.Windows.Search_cw5n1h2txyewy\\LocalState\\EBWebView\\Default\\Extension Scripts\\000003.log', fd=-1), popenfile(path='C:\\Users\\keylogger\\AppData\\Local\\Packages\\Microsoft.Windows.Search_cw5n1h2txyewy\\LocalState\\EBWebView\\Default\\SharedStorage', fd=-1), popenfile(path='C:\\Windows\\Fonts\\seguisb.ttf', fd=-1)]",3456,0.0,54,4529,4583,6895273,6376049,1.34375,1.828125,16972,0,74.58984375,36.36328125,benign
553,C:\Windows\System32\sihost.exe,sihost.exe,0.6340542556611306,32.0,['sihost.exe'],"[popenfile(path='C:\\Windows\\Registration\\R000000000006.clb', fd=-1), popenfile(path='C:\\Windows\\System32\\en-US\\KernelBase.dll.mui', fd=-1)]",3528,0.0,8,152,0,622592,0,1.125,2.0625,10288,0,25.96484375,5.77734375,benign
220,C:\Windows\System32\RuntimeBroker.exe,RuntimeBroker.exe,0.39481729564937856,32.0,"['C:\\Windows\\System32\\RuntimeBroker.exe', '-Embedding']","[popenfile(path='C:\\Windows\\Registration\\R000000000006.clb', fd=-1), popenfile(path='C:\\Windows\\System32\\en-US\\propsys.dll.mui', fd=-1), popenfile(path='C:\\Windows\\System32\\en-US\\windows.storage.dll.mui', fd=-1)]",3584,0.0,2,0,0,0,0,0.046875,0.109375,271,0,16.16796875,2.50390625,benign
311,C:\Windows\System32\svchost.exe,svchost.exe,0.40054066789846354,32.0,"['C:\\Windows\\system32\\svchost.exe', '-k', 'UnistackSvcGroup', '-s', 'CDPUserSvc']","[popenfile(path='C:\\Users\\keylogger\\AppData\\Local\\ConnectedDevicesPlatform\\L.keylogger\\ActivitiesCache.db-shm', fd=-1), popenfile(path='C:\\Windows\\System32\\en-US\\crypt32.dll.mui', fd=-1), popenfile(path='C:\\Windows\\System32\\en-US\\svchost.exe.mui', fd=-1), popenfile(path='C:\\Users\\keylogger\\AppData\\Local\\ConnectedDevicesPlatform\\L.keylogger\\ActivitiesCache.db', fd=-1), popenfile(path='C:\\Users\\keylogger\\AppData\\Local\\ConnectedDevicesPlatform\\L.keylogger\\ActivitiesCache.db-wal', fd=-1), popenfile(path='C:\\Windows\\Registration\\R000000000006.clb', fd=-1)]",3632,0.0,10,142,3499,519226,7268158,1.3125,0.734375,1685,0,16.40234375,4.890625,benign
269,C:\Windows\System32\dllhost.exe,dllhost.exe,0.2601272687209122,,,,3648,0.0,10,4157,7,2096005,3745,0.140625,0.421875,8303,0,10.65234375,3.80078125,benign
414,C:\Windows\System32\WUDFHost.exe,WUDFHost.exe,0.14813995171381614,,,,3788,0.0,6,1,0,0,0,0.015625,0.15625,276,0,6.06640625,2.05078125,benign
742,C:\Windows\System32\SearchIndexer.exe,SearchIndexer.exe,0.8900797742701985,,,,3844,0.0,16,4647,2432,8093878,70144778,18.484375,2.90625,58616,0,36.44921875,28.3125,benign
119,C:\Windows\System32\svchost.exe,svchost.exe,0.1471860563389686,,,,3912,0.0,2,0,0,0,0,0.0,0.03125,48,0,6.02734375,1.47265625,benign
153,C:\Users\keylogger\AppData\Local\Python\pythoncore-3.14-64\python.exe,python.exe,0.5299842702652687,32.0,"['C:\\Users\\keylogger\\AppData\\Local\\Python\\pythoncore-3.14-64\\python.exe', '.\\keylogger.py']","[popenfile(path='C:\\Windows\\System32\\en-US\\KernelBase.dll.mui', fd=-1)]",3924,0.0,3,155,65,1865582,5312,0.078125,0.171875,1966,0,21.703125,14.41015625,keylogger
196,C:\Windows\System32\conhost.exe,conhost.exe,0.3928141153621989,32.0,"['\\??\\C:\\Windows\\system32\\conhost.exe', '0x4']","[popenfile(path='C:\\Windows\\Registration\\R000000000006.clb', fd=-1), popenfile(path='C:\\Windows\\Fonts\\StaticCache.dat', fd=-1), popenfile(path='C:\\Windows\\System32\\en-US\\user32.dll.mui', fd=-1), popenfile(path='C:\\Windows\\System32\\en-US\\Conhost.exe.mui', fd=-1)]",3988,0.0,3,1,0,60,0,0.015625,0.046875,900,0,16.0859375,6.8359375,benign
325,C:\Windows\System32\svchost.exe,svchost.exe,0.18162167937096324,,,,4000,0.0,10,0,0,0,0,0.0,0.046875,38,0,7.4375,2.5859375,benign
202,C:\Windows\System32\svchost.exe,svchost.exe,0.17122421978512553,,,,4008,0.0,9,1,0,0,0,0.015625,0.046875,250,0,7.01171875,2.03125,benign
211,C:\Windows\System32\svchost.exe,svchost.exe,0.179809278158753,,,,4056,0.0,6,1,0,0,0,0.0,0.046875,55,0,7.36328125,1.8671875,benign
513,C:\Windows\System32\ctfmon.exe,ctfmon.exe,0.4696980825749071,128.0,['ctfmon.exe'],,4100,0.0,11,15,0,32385,0,3.609375,12.140625,125323,0,19.234375,4.53125,benign
112,C:\Windows\System32\conhost.exe,conhost.exe,0.1550079984127181,32.0,"['\\\\?\\C:\\Windows\\system32\\conhost.exe', '--headless', '--width', '172', '--height', '12', '--signal', '0x7b8', '--server', '0x7b4']","[popenfile(path='C:\\Windows\\System32\\en-US\\Conhost.exe.mui', fd=-1)]",4132,0.0,5,145,241,327,14801,0.109375,0.03125,3418,0,6.34765625,1.3828125,benign
531,C:\Windows\System32\svchost.exe,svchost.exe,0.8280765749051112,32.0,"['C:\\Windows\\system32\\svchost.exe', '-k', 'UnistackSvcGroup', '-s', 'WpnUserService']","[popenfile(path='C:\\Windows\\System32\\en-US\\KernelBase.dll.mui', fd=-1), popenfile(path='C:\\Users\\keylogger\\AppData\\Local\\Microsoft\\Windows\\Notifications\\wpndatabase.db-shm', fd=-1), popenfile(path='C:\\Users\\keylogger\\AppData\\Local\\Microsoft\\Windows\\Notifications\\WPNPRMRY.tmp', fd=-1), popenfile(path='C:\\Windows\\System32\\en-US\\crypt32.dll.mui', fd=-1), popenfile(path='C:\\Windows\\System32\\en-US\\svchost.exe.mui', fd=-1), popenfile(path='C:\\Users\\keylogger\\AppData\\Local\\Microsoft\\Windows\\Notifications\\wpndatabase.db', fd=-1), popenfile(path='C:\\Windows\\System32\\en-US\\winnlsres.dll.mui', fd=-1), popenfile(path='C:\\Users\\keylogger\\AppData\\Local\\Microsoft\\Windows\\Notifications\\wpndatabase.db-wal', fd=-1), popenfile(path='C:\\Windows\\Registration\\R000000000006.clb', fd=-1), popenfile(path='C:\\Windows\\System32\\en-US\\mswsock.dll.mui', fd=-1), popenfile(path='C:\\Windows\\System32\\en-US\\QuietHours.dll.mui', fd=-1)]",4252,0.0,7,387,4102,1581172,8670024,2.359375,2.265625,543,0,33.91015625,8.61328125,benign
474,C:\ProgramData\Microsoft\Windows Defender\Platform\4.18.25090.3009-0\MpDefenderCoreService.exe,MpDefenderCoreService.exe,0.4574882217768591,,,,4276,0.0,10,479,13,4301075,25728,0.125,0.453125,213,0,18.734375,9.17578125,benign
214,C:\Program Files (x86)\Microsoft\EdgeUpdate\MicrosoftEdgeUpdate.exe,MicrosoftEdgeUpdate.exe,0.09834661314677684,,,,4468,0.0,4,1,49,92,4660,0.03125,0.109375,945,0,4.02734375,2.04296875,benign
313,C:\Windows\System32\taskhostw.exe,taskhostw.exe,0.3892847024752631,32.0,"['taskhostw.exe', '{222A245B-E637-4AE9-A93F-A59CA119A75E}']","[popenfile(path='C:\\Windows\\System32\\en-US\\taskhostw.exe.mui', fd=-1), popenfile(path='C:\\Users\\keylogger\\AppData\\Local\\Microsoft\\Windows\\WebCache\\WebCacheV01.jfm', fd=-1), popenfile(path='C:\\Windows\\System32\\en-US\\wdmaud.drv.mui', fd=-1), popenfile(path='C:\\Windows\\System32\\en-US\\ESENT.dll.mui', fd=-1), popenfile(path='C:\\Windows\\System32\\en-US\\MMDevAPI.dll.mui', fd=-1), popenfile(path='C:\\Windows\\System32\\en-US\\winmm.dll.mui', fd=-1), popenfile(path='C:\\Windows\\System32\\en-US\\MsCtfMonitor.dll.mui', fd=-1), popenfile(path='C:\\Users\\keylogger\\AppData\\Local\\Microsoft\\Windows\\WebCache\\V01.log', fd=-1), popenfile(path='C:\\Users\\keylogger\\AppData\\Local\\Microsoft\\Windows\\WebCache\\V01tmp.log', fd=-1), popenfile(path='C:\\Users\\keylogger\\AppData\\Local\\Microsoft\\Windows\\WebCache\\WebCacheV01.dat', fd=-1), popenfile(path='C:\\Windows\\Registration\\R000000000006.clb', fd=-1), popenfile(path='C:\\Users\\keylogger\\AppData\\Local\\Microsoft\\Windows\\WebCacheLock.dat', fd=-1)]",4472,0.0,8,114,846,6211676,21256946,0.96875,1.265625,4720,0,15.94140625,6.36328125,benign
370,C:\Windows\System32\wbem\WmiPrvSE.exe,WmiPrvSE.exe,0.41780617418320326,,,,4564,0.0,11,3242,3240,1284924,313856,4.375,10.65625,67074,0,17.109375,11.25390625,benign
231,C:\Windows\System32\msdtc.exe,msdtc.exe,0.17570752804690876,,,,4696,0.0,9,1,3,116,151712,0.078125,0.171875,8317,0,7.1953125,2.796875,benign
131,C:\Windows\System32\AggregatorHost.exe,AggregatorHost.exe,0.16817175458561354,,,,4736,0.0,4,32,0,8152436,0,0.1875,0.1875,1272,0,6.88671875,2.05859375,benign
165,C:\Program Files\WindowsApps\PythonSoftwareFoundation.PythonManager_25.0.240.0_x64__3847v3x7pw1km\python.exe,python.exe,0.3131638515624329,32.0,"['python', '.\\keylogger.py']","[popenfile(path='C:\\Windows\\System32\\en-US\\winhttp.dll.mui', fd=-1), popenfile(path='C:\\Windows\\System32\\en-US\\KernelBase.dll.mui', fd=-1)]",4832,0.0,1,64,0,7189089,0,0.109375,0.0625,179,0,12.82421875,4.54296875,benign
275,C:\Windows\System32\svchost.exe,svchost.exe,0.3662004344039537,,,,4888,0.0,2,0,0,0,0,0.4375,0.71875,72,0,14.99609375,3.15234375,benign
238,C:\Windows\System32\svchost.exe,svchost.exe,0.27701121685571284,,,,4908,0.0,8,1,2,242688,8192,0.09375,0.109375,135,0,11.34375,2.98046875,benign
280,C:\Windows\System32\svchost.exe,svchost.exe,0.4764707397363242,32.0,"['C:\\Windows\\system32\\svchost.exe', '-k', 'ClipboardSvcGroup', '-p', '-s', 'cbdhsvc']","[popenfile(path='C:\\Windows\\System32\\en-US\\svchost.exe.mui', fd=-1), popenfile(path='C:\\Windows\\Registration\\R000000000006.clb', fd=-1), popenfile(path='C:\\Windows\\System32\\en-US\\windows.applicationmodel.datatransfer.dll.mui', fd=-1), popenfile(path='C:\\Windows\\System32\\en-US\\KernelBase.dll.mui', fd=-1)]",4952,0.0,4,0,0,0,0,0.203125,0.34375,18157,0,19.51171875,3.4609375,benign
175,C:\Windows\System32\svchost.exe,svchost.exe,0.18238479567084123,,,,4972,0.0,3,264,0,5392,0,0.015625,0.046875,65,0,7.46875,1.7421875,benign
294,C:\Program Files (x86)\Microsoft\Edge\Application\msedge.exe,msedge.exe,0.27701121685571284,64.0,"['C:\\Program Files (x86)\\Microsoft\\Edge\\Application\\msedge.exe', '--type=renderer', '--pdf-upsell-enabled', '--dma-cps-flags=2048', '--no-pre-read-main-dll', '--disable-gpu-compositing', '--video-capture-use-gpu-memory-buffer', '--lang=en-US', '--js-flags=--ms-user-locale=', '--device-scale-factor=1', '--num-raster-threads=1', '--renderer-client-id=39', '--time-ticks-at-unix-epoch=-1762955756248050', '--launch-time-ticks=3123585172', '--ram-no-pressure-read-main-dll', '--metrics-shmem-handle=6632,i,9254319412604742210,2351988584631207162,2097152', '--field-trial-handle=2084,i,15097455975441437171,2563118911106030475,262144', '--variations-seed-version', '--trace-process-track-uuid=3190709022856503605', '--mojo-platform-channel-handle=6732', '/prefetch:1']","[popenfile(path='C:\\Windows\\Fonts\\consolai.ttf', fd=-1), popenfile(path='C:\\Windows\\Fonts\\times.ttf', fd=-1), popenfile(path='C:\\Program Files (x86)\\Microsoft\\Edge\\Application\\142.0.3595.53\\v8_context_snapshot.bin', fd=-1), popenfile(path='C:\\Windows\\Fonts\\arial.ttf', fd=-1), popenfile(path='C:\\Windows\\Fonts\\consolab.ttf', fd=-1), popenfile(path='C:\\Users\\keylogger\\AppData\\Local\\Temp\\51d63312-719a-4d51-9c8c-e0cf24c7b853.tmp', fd=-1), popenfile(path='C:\\Windows\\Fonts\\timesbi.ttf', fd=-1), popenfile(path='C:\\Windows\\Fonts\\segoeuisl.ttf', fd=-1), popenfile(path='C:\\Windows\\Fonts\\arialbi.ttf', fd=-1), popenfile(path='C:\\Program Files (x86)\\Microsoft\\Edge\\Application\\142.0.3595.53\\icudtl.dat', fd=-1), popenfile(path='C:\\Windows\\Fonts\\segoeuib.ttf', fd=-1), popenfile(path='C:\\Windows\\Fonts\\seguibli.ttf', fd=-1), popenfile(path='C:\\Windows\\Fonts\\consolaz.ttf', fd=-1), popenfile(path='C:\\Program Files (x86)\\Microsoft\\Edge\\Application\\142.0.3595.53\\Locales\\en-US.pak', fd=-1), popenfile(path='C:\\Windows\\Fonts\\consola.ttf', fd=-1), popenfile(path='C:\\Windows\\Fonts\\ariali.ttf', fd=-1), popenfile(path='C:\\Program Files (x86)\\Microsoft\\Edge\\Application\\142.0.3595.53\\resources.pak', fd=-1), popenfile(path='C:\\Windows\\Fonts\\timesbd.ttf', fd=-1), popenfile(path='C:\\Windows\\Fonts\\seguili.ttf', fd=-1), popenfile(path='C:\\Windows\\Fonts\\segoeuiz.ttf', fd=-1), popenfile(path='C:\\Windows\\Fonts\\seguibl.ttf', fd=-1), popenfile(path='C:\\Users\\keylogger\\AppData\\Local\\Microsoft\\Edge\\User Data\\Subresource Filter\\Indexed Rules\\37\\10.34.0.81\\Ruleset Data', fd=-1), popenfile(path='C:\\Windows\\Fonts\\seguisbi.ttf', fd=-1), popenfile(path='C:\\Windows\\Fonts\\seguisli.ttf', fd=-1), popenfile(path='C:\\Program Files (x86)\\Microsoft\\Edge\\Application\\142.0.3595.53\\msedge_200_percent.pak', fd=-1), popenfile(path='C:\\Windows\\Fonts\\arialbd.ttf', fd=-1), popenfile(path='C:\\Windows\\Fonts\\ariblk.ttf', fd=-1), popenfile(path='C:\\Windows\\Fonts\\segoeui.ttf', fd=-1), popenfile(path='C:\\Windows\\Fonts\\timesi.ttf', fd=-1), popenfile(path='C:\\Windows\\Fonts\\segoeuil.ttf', fd=-1), popenfile(path='C:\\Program Files (x86)\\Microsoft\\Edge\\Application\\142.0.3595.53\\msedge_100_percent.pak', fd=-1), popenfile(path='C:\\Windows\\Fonts\\seguisb.ttf', fd=-1), popenfile(path='C:\\Windows\\Fonts\\segoeuii.ttf', fd=-1)]",5044,0.0,16,5901,8082,3199039,20396023,11.84375,4.171875,67258,0,11.34375,89.28125,benign
307,C:\Windows\System32\svchost.exe,svchost.exe,0.32470598559808767,,,,5172,0.0,5,11,4,4857,4203,0.03125,0.234375,134,0,13.296875,3.8125,benign
2324,C:\Windows\explorer.exe,explorer.exe,3.9033398738759537,32.0,['C:\\Windows\\Explorer.EXE'],"[popenfile(path='C:\\Windows\\System32\\en-US\\sndvolsso.dll.mui', fd=-1), popenfile(path='C:\\Windows\\System32\\en-US\\twext.dll.mui', fd=-1), popenfile(path='C:\\Windows\\System32\\en-US\\KernelBase.dll.mui', fd=-1), popenfile(path='C:\\Users\\keylogger\\AppData\\Local\\Microsoft\\Windows\\Explorer\\thumbcache_32.db', fd=-1), popenfile(path='C:\\Windows\\SystemResources\\SndVolSSO.dll.mun', fd=-1), popenfile(path='C:\\Windows\\System32\\en-US\\explorerframe.dll.mui', fd=-1), popenfile(path='C:\\Windows\\System32\\en-US\\UIRibbon.dll.mui', fd=-1), popenfile(path='C:\\Windows\\System32\\en-US\\windows.storage.dll.mui', fd=-1), popenfile(path='C:\\Windows\\System32\\en-US\\mpr.dll.mui', fd=-1), popenfile(path='C:\\Windows\\Fonts\\StaticCache.dat', fd=-1), popenfile(path='C:\\Windows\\System32\\en-US\\mswsock.dll.mui', fd=-1), popenfile(path='C:\\Users\\keylogger\\AppData\\Local\\Microsoft\\Windows\\Explorer\\thumbcache_256.db', fd=-1), popenfile(path='C:\\Windows\\SystemResources\\stobject.dll.mun', fd=-1), popenfile(path='C:\\Windows\\en-US\\explorer.exe.mui', fd=-1), popenfile(path='C:\\Users\\keylogger\\AppData\\Local\\Microsoft\\Windows\\Explorer\\thumbcache_idx.db', fd=-1), popenfile(path='C:\\Windows\\SystemResources\\imageres.dll.mun', fd=-1), popenfile(path='C:\\Windows\\System32\\en-US\\ntshrui.dll.mui', fd=-1), popenfile(path='C:\\Windows\\System32\\en-US\\bthprops.cpl.mui', fd=-1), popenfile(path='C:\\Windows\\System32\\en-US\\ieframe.dll.mui', fd=-1), popenfile(path='C:\\Windows\\System32\\en-US\\shell32.dll.mui', fd=-1), popenfile(path='C:\\Windows\\System32\\en-US\\pnidui.dll.mui', fd=-1), popenfile(path='C:\\Windows\\System32\\en-US\\winnlsres.dll.mui', fd=-1), popenfile(path='C:\\Users\\keylogger\\AppData\\Local\\Microsoft\\Windows\\Explorer\\thumbcache_48.db', fd=-1), popenfile(path='C:\\Windows\\System32\\en-US\\stobject.dll.mui', fd=-1), popenfile(path='C:\\Users\\keylogger\\AppData\\Local\\Microsoft\\Windows\\Explorer\\iconcache_48.db', fd=-1), popenfile(path='C:\\Windows\\System32\\en-US\\ActionCenter.dll.mui', fd=-1), popenfile(path='C:\\Windows\\System32\\en-US\\acppage.dll.mui', fd=-1), popenfile(path='C:\\Users\\keylogger\\AppData\\Local\\Microsoft\\Windows\\Explorer\\iconcache_idx.db', fd=-1), popenfile(path='C:\\Users\\keylogger\\AppData\\Local\\Microsoft\\Windows\\Explorer\\thumbcache_16.db', fd=-1), popenfile(path='C:\\Windows\\System32\\en-US\\ApplicationFrame.dll.mui', fd=-1), popenfile(path='C:\\Windows\\System32\\en-US\\Windows.Security.Authentication.Web.Core.dll.mui', fd=-1), popenfile(path='C:\\Windows\\System32\\en-US\\crypt32.dll.mui', fd=-1), popenfile(path='C:\\Windows\\System32\\en-US\\wscui.cpl.mui', fd=-1), popenfile(path='C:\\Program Files\\Windows Defender\\en-US\\shellext.dll.mui', fd=-1), popenfile(path='C:\\Windows\\System32\\en-US\\dui70.dll.mui', fd=-1), popenfile(path='C:\\Users\\keylogger\\AppData\\Local\\Microsoft\\Windows\\Explorer\\iconcache_256.db', fd=-1), popenfile(path='C:\\Users\\keylogger\\AppData\\Local\\Microsoft\\GameDVR\\KnownGameList.bin', fd=-1), popenfile(path='C:\\Users\\keylogger\\AppData\\Local\\Microsoft\\Windows\\Explorer\\iconcache_32.db', fd=-1), popenfile(path='C:\\Windows\\Registration\\R000000000006.clb', fd=-1), popenfile(path='C:\\Windows\\SystemResources\\ExplorerFrame.dll.mun', fd=-1), popenfile(path='C:\\Windows\\System32\\en-US\\dsreg.dll.mui', fd=-1), popenfile(path='C:\\Windows\\System32\\en-US\\oleaccrc.dll.mui', fd=-1), popenfile(path='C:\\Windows\\System32\\en-US\\propsys.dll.mui', fd=-1), popenfile(path='C:\\Windows\\Fonts\\segoeui.ttf', fd=-1), popenfile(path='C:\\Windows\\SystemResources\\shell32.dll.mun', fd=-1), popenfile(path='C:\\Windows\\System32\\en-US\\hcproviders.dll.mui', fd=-1), popenfile(path='C:\\Windows\\System32\\en-US\\imapi2.dll.mui', fd=-1), popenfile(path='C:\\Windows\\System32\\en-US\\twinui.pcshell.dll.mui', fd=-1), popenfile(path='C:\\Users\\keylogger\\AppData\\Local\\Microsoft\\Windows\\Explorer\\iconcache_16.db', fd=-1), popenfile(path='C:\\Windows\\System32\\en-US\\InputSwitch.dll.mui', fd=-1), popenfile(path='C:\\Windows\\Fonts\\seguisb.ttf', fd=-1)]",5268,0.0,55,7081,675,12239411,1596257,21.234375,104.15625,778172,0,159.84375,84.27734375,benign
336,C:\Program Files (x86)\Microsoft\EdgeWebView\Application\142.0.3595.69\msedgewebview2.exe,msedgewebview2.exe,1.056725296256056,32768.0,"['C:\\Program Files (x86)\\Microsoft\\EdgeWebView\\Application\\142.0.3595.69\\msedgewebview2.exe', '--type=gpu-process', '--noerrdialogs', '--user-data-dir=C:\\Users\\keylogger\\AppData\\Local\\Packages\\Microsoft.Windows.Search_cw5n1h2txyewy\\LocalState\\EBWebView', '--webview-exe-name=SearchApp.exe', '--webview-exe-version=10.0.19041.6282', '--embedded-browser-webview=1', '--no-pre-read-main-dll', '--gpu-preferences=SAAAAAAAAADgAAAEAAAAAAAAAAAAAGAAAQAAAAAAAAAAAAAAAAAAAAIAAAAAAAAAAAAAAAAAAAAQAAAAAAAAABAAAAAAAAAACAAAAAAAAAAIAAAAAAAAAA==', '--startup-read-main-dll', '--metrics-shmem-handle=1692,i,3728481724681176957,14218085766958911081,262144', '--field-trial-handle=1936,i,2238199769039427031,1139989135762586427,262144', '--enable-features=ForceSWDCompWhenDCompFallbackRequired,LocalNetworkAccessForFencedFrameNavigationsWarningOnly,LocalNetworkAccessForNavigationsWarningOnly,LocalNetworkAccessForSubframeNavigationsWarningOnly,LocalNetworkAccessForWorkersWarningOnly,msAggressiveCacheTrimming,msCustomDataPartition,msEmbeddedBrowserVisualHosting,msWebView2NoTabForScreenShare,msWebViewAppLifeCycleWorkaround', '--disable-features=BackForwardCache,BackgroundTabLoadingFromPerformanceManager,CloseOmniboxPopupOnInactiveAreaClick,CollectAVProductsInfo,CollectCodeIntegrityInfo,DeferSpeculativeRFHCreation,EnableHangWatcher,FilterAdsOnAbusiveSites,GetWifiProtocol,LoginDetection,MediaFoundationCameraUsageMonitoring,PreconnectToSearch,PreloadingEagerHeuristics,SafetyHub,SegmentationPlatform,ServiceWorkerAutoPreload,SpareRendererForSitePerProcess,Ukm,WebPayments,msAITrackerClassification,msAbydosForWindowlessWV2,msAffirmVirtualCard,msAllowChromeWebstore,msAllowMSAPrtSSOForNonMSAProfile,msApplicationGuard,msAskBeforeClosingMultipleTabs,msAutoToggleAADPrtSSOForNonAADProfile,msAutofillEdgeServiceRequest,msAutofillEnableEdgeSuggestions,msAutomaticTabFreeze,msBrowserSettingsSupported,msCoarseGeolocationService,msDataProtection,msDesktopMode,msDesktopRewards,msDisableVariationsSeedFetchThrottling,msEEProactiveHistory,msETFOffstoreExtensionFileDataCollection,msETFPasswordTheftDNRActionSignals,msEdgeAdPlatformUI,msEdgeAddWebCapturetoCollections,msEdgeAutofillShowDeployedPassword,msEdgeCaptureSelectionInPDF,msEdgeCloudConfigService,msEdgeCloudConfigServiceV2,msEdgeCohorts,msEdgeCollectionsPrismExperiment1,msEdgeCollectionsPrismOverallMigration,msEdgeComposeNext,msEdgeEnableNurturingFramework,msEdgeEnclavePrefsBasic,msEdgeEnclavePrefsNotification,msEdgeFaviconService,msEdgeHJTelemetry,msEdgeHubAppSkype,msEdgeImageEditorUI,msEdgeLinkDoctor,msEdgeMouseGestureDefaultEnabled,msEdgeMouseGestureSupported,msEdgeNewDeviceFre,msEdgeOnRampFRE,msEdgeOnRampImport,msEdgePDFCMHighlightUX,msEdgePasswordIris,msEdgePasswordIrisSaveBubble,msEdgePasswordStrengthCheck,msEdgePinpointFramework,msEdgeProngPersonalization,msEdgeReadingView,msEdgeRose,msEdgeScreenshotUI,msEdgeSendTabToSelf,msEdgeSettingsImport,msEdgeSettingsImportV2,msEdgeShoppingPersistentStorage,msEdgeShoppingUI,msEdgeSmartFind,msEdgeSuperDragDefaultEnabled,msEdgeSuperDragDropSupported,msEdgeTranslate,msEdgeUpdatesMoreMenuPill,msEdgeWebCapture,msEdgeWebCaptureUniformExperience,msEdgeWebContentFilteringFeedback,msEdgeWorkSearchBanner,msEnableCustomJobMemoryLimitsOnXbox,msEnableMIPForPDF,msEnablePdfUpsell,msEnableThirdPartyScanning,msEnableWebSignInCta,msEnableWebToBrowserSignIn,msEndpointDlp,msEntityExtraction,msExtensionTelemetryFramework,msExternalTaskManager,msFileSystemAccessDirectoryIterationBlocklistCheck,msForceBrowserSignIn,msForeignSessionsPage,msGeolocationAccessService,msGeolocationOSLocationPermissionFallback,msGeolocationSQMService,msGeolocationService,msGrowthInfraLaunchSourceLogging,msGuidedSwitchAllowed,msHubPinPersist,msImplicitSignin,msIrm,msIrmv2,msKlarnaVirtualCard,msLlmConsumerDlpPurview,msLoadStatistics,msLogIsEdgePinnedToTaskbarOnLaunch,msMIPCrossTenantPdfViewSupport,msMdatpWebSiteDlp,msNotificationPermissionForPWA,msNumberOfSitesToPin,msNurturingGlobalSitePinningOnCloseModal,msNurturingSitePinningCITopSites,msNurturingSitePinningWithWindowsConsent,msOnHoverSearchInSidebar,msOpenOfficeDocumentsInWebViewer,msPageInteractionRestrictionRevoke,msPasswordBreachDetection,msPdfAnnotationsVisibility,msPdfDataRecovery,msPdfDigitalSignatureRead,msPdfFreeText,msPdfFreeTextForCJK,msPdfHighlightMode,msPdfInking,msPdfKeyphraseSupport,msPdfOOUI,msPdfPopupMarkerRenderer,msPdfShare,msPdfSharedLibrary,msPdfTextNote,msPdfTextNoteMoreMenu,msPdfThumbnailCache,msPdfUnderside,msPdfViewRestore,msPersonalizationUMA,msPriceComparison,msPrintInWebView2,msPromptDefaultHandlerForPDF,msReactiveSearch,msReadAloud,msReadAloudPdf,msRedirectToShoreline,msRevokeExtensions,msSaasDlp,msShoppingTrigger,msShorelineSearch,msShorelineSearchFindOnPageWebUI,msShowOfflineGameEntrance,msShowReadAloudIconInAddressBar,msShowUXForAADPrtSSOForNonAADProfile,msSitePinningWithoutUi,msSuspendMessageForNewSessionWhenHavingPendingNavigation,msSyncEdgeCollections,msTabResourceStats,msTokenizationAutofillInlineEnabled,msTouchMode,msTriggeringSignalGenerator,msUserUnderstanding,msVideoSuperResolutionUI,msWalletBuyNow,msWalletCheckout,msWalletDiagnosticDataLogger,msWalletHubEntry,msWalletHubIntlP3,msWalletPartialCard,msWalletPasswordCategorization,msWalletPasswordCategorizationPlatformExpansion,msWalletTokenizationCardMetadata,msWalletTokenizedAutofill,msWebAssist,msWebAssistHistorySearchService,msWebOOUI,msWindowsTaskManager,msWindowsUserActivities,msZipPayVirtualCard', '--variations-seed-version', '--trace-process-track-uuid=3190708988185955192', '--mojo-platform-channel-handle=1928', '/prefetch:2']","[popenfile(path='C:\\Program Files (x86)\\Microsoft\\EdgeWebView\\Application\\142.0.3595.69\\icudtl.dat', fd=-1)]",5276,0.0,20,1008,938,4061872,174584,0.296875,1.765625,6426,0,43.2734375,16.53125,benign
373,C:\Program Files (x86)\Microsoft\EdgeWebView\Application\142.0.3595.69\msedgewebview2.exe,msedgewebview2.exe,0.7042609552499063,32.0,"['C:\\Program Files (x86)\\Microsoft\\EdgeWebView\\Application\\142.0.3595.69\\msedgewebview2.exe', '--type=utility', '--utility-sub-type=network.mojom.NetworkService', '--lang=en-US', '--service-sandbox-type=none', '--noerrdialogs', '--user-data-dir=C:\\Users\\keylogger\\AppData\\Local\\Packages\\Microsoft.Windows.Search_cw5n1h2txyewy\\LocalState\\EBWebView', '--webview-exe-name=SearchApp.exe', '--webview-exe-version=10.0.19041.6282', '--embedded-browser-webview=1', '--startup-read-main-dll', '--metrics-shmem-handle=2192,i,8525222117918634796,1971560163068642671,524288', '--field-trial-handle=1936,i,2238199769039427031,1139989135762586427,262144', '--enable-features=ForceSWDCompWhenDCompFallbackRequired,LocalNetworkAccessForFencedFrameNavigationsWarningOnly,LocalNetworkAccessForNavigationsWarningOnly,LocalNetworkAccessForSubframeNavigationsWarningOnly,LocalNetworkAccessForWorkersWarningOnly,msAggressiveCacheTrimming,msCustomDataPartition,msEmbeddedBrowserVisualHosting,msWebView2NoTabForScreenShare,msWebViewAppLifeCycleWorkaround', '--disable-features=BackForwardCache,BackgroundTabLoadingFromPerformanceManager,CloseOmniboxPopupOnInactiveAreaClick,CollectAVProductsInfo,CollectCodeIntegrityInfo,DeferSpeculativeRFHCreation,EnableHangWatcher,FilterAdsOnAbusiveSites,GetWifiProtocol,LoginDetection,MediaFoundationCameraUsageMonitoring,PreconnectToSearch,PreloadingEagerHeuristics,SafetyHub,SegmentationPlatform,ServiceWorkerAutoPreload,SpareRendererForSitePerProcess,Ukm,WebPayments,msAITrackerClassification,msAbydosForWindowlessWV2,msAffirmVirtualCard,msAllowChromeWebstore,msAllowMSAPrtSSOForNonMSAProfile,msApplicationGuard,msAskBeforeClosingMultipleTabs,msAutoToggleAADPrtSSOForNonAADProfile,msAutofillEdgeServiceRequest,msAutofillEnableEdgeSuggestions,msAutomaticTabFreeze,msBrowserSettingsSupported,msCoarseGeolocationService,msDataProtection,msDesktopMode,msDesktopRewards,msDisableVariationsSeedFetchThrottling,msEEProactiveHistory,msETFOffstoreExtensionFileDataCollection,msETFPasswordTheftDNRActionSignals,msEdgeAdPlatformUI,msEdgeAddWebCapturetoCollections,msEdgeAutofillShowDeployedPassword,msEdgeCaptureSelectionInPDF,msEdgeCloudConfigService,msEdgeCloudConfigServiceV2,msEdgeCohorts,msEdgeCollectionsPrismExperiment1,msEdgeCollectionsPrismOverallMigration,msEdgeComposeNext,msEdgeEnableNurturingFramework,msEdgeEnclavePrefsBasic,msEdgeEnclavePrefsNotification,msEdgeFaviconService,msEdgeHJTelemetry,msEdgeHubAppSkype,msEdgeImageEditorUI,msEdgeLinkDoctor,msEdgeMouseGestureDefaultEnabled,msEdgeMouseGestureSupported,msEdgeNewDeviceFre,msEdgeOnRampFRE,msEdgeOnRampImport,msEdgePDFCMHighlightUX,msEdgePasswordIris,msEdgePasswordIrisSaveBubble,msEdgePasswordStrengthCheck,msEdgePinpointFramework,msEdgeProngPersonalization,msEdgeReadingView,msEdgeRose,msEdgeScreenshotUI,msEdgeSendTabToSelf,msEdgeSettingsImport,msEdgeSettingsImportV2,msEdgeShoppingPersistentStorage,msEdgeShoppingUI,msEdgeSmartFind,msEdgeSuperDragDefaultEnabled,msEdgeSuperDragDropSupported,msEdgeTranslate,msEdgeUpdatesMoreMenuPill,msEdgeWebCapture,msEdgeWebCaptureUniformExperience,msEdgeWebContentFilteringFeedback,msEdgeWorkSearchBanner,msEnableCustomJobMemoryLimitsOnXbox,msEnableMIPForPDF,msEnablePdfUpsell,msEnableThirdPartyScanning,msEnableWebSignInCta,msEnableWebToBrowserSignIn,msEndpointDlp,msEntityExtraction,msExtensionTelemetryFramework,msExternalTaskManager,msFileSystemAccessDirectoryIterationBlocklistCheck,msForceBrowserSignIn,msForeignSessionsPage,msGeolocationAccessService,msGeolocationOSLocationPermissionFallback,msGeolocationSQMService,msGeolocationService,msGrowthInfraLaunchSourceLogging,msGuidedSwitchAllowed,msHubPinPersist,msImplicitSignin,msIrm,msIrmv2,msKlarnaVirtualCard,msLlmConsumerDlpPurview,msLoadStatistics,msLogIsEdgePinnedToTaskbarOnLaunch,msMIPCrossTenantPdfViewSupport,msMdatpWebSiteDlp,msNotificationPermissionForPWA,msNumberOfSitesToPin,msNurturingGlobalSitePinningOnCloseModal,msNurturingSitePinningCITopSites,msNurturingSitePinningWithWindowsConsent,msOnHoverSearchInSidebar,msOpenOfficeDocumentsInWebViewer,msPageInteractionRestrictionRevoke,msPasswordBreachDetection,msPdfAnnotationsVisibility,msPdfDataRecovery,msPdfDigitalSignatureRead,msPdfFreeText,msPdfFreeTextForCJK,msPdfHighlightMode,msPdfInking,msPdfKeyphraseSupport,msPdfOOUI,msPdfPopupMarkerRenderer,msPdfShare,msPdfSharedLibrary,msPdfTextNote,msPdfTextNoteMoreMenu,msPdfThumbnailCache,msPdfUnderside,msPdfViewRestore,msPersonalizationUMA,msPriceComparison,msPrintInWebView2,msPromptDefaultHandlerForPDF,msReactiveSearch,msReadAloud,msReadAloudPdf,msRedirectToShoreline,msRevokeExtensions,msSaasDlp,msShoppingTrigger,msShorelineSearch,msShorelineSearchFindOnPageWebUI,msShowOfflineGameEntrance,msShowReadAloudIconInAddressBar,msShowUXForAADPrtSSOForNonAADProfile,msSitePinningWithoutUi,msSuspendMessageForNewSessionWhenHavingPendingNavigation,msSyncEdgeCollections,msTabResourceStats,msTokenizationAutofillInlineEnabled,msTouchMode,msTriggeringSignalGenerator,msUserUnderstanding,msVideoSuperResolutionUI,msWalletBuyNow,msWalletCheckout,msWalletDiagnosticDataLogger,msWalletHubEntry,msWalletHubIntlP3,msWalletPartialCard,msWalletPasswordCategorization,msWalletPasswordCategorizationPlatformExpansion,msWalletTokenizationCardMetadata,msWalletTokenizedAutofill,msWebAssist,msWebAssistHistorySearchService,msWebOOUI,msWindowsTaskManager,msWindowsUserActivities,msZipPayVirtualCard', '--variations-seed-version', '--trace-process-track-uuid=3190708989122997041', '--mojo-platform-channel-handle=2188', '/prefetch:3']","[popenfile(path='C:\\Program Files (x86)\\Microsoft\\EdgeWebView\\Application\\142.0.3595.69\\icudtl.dat', fd=-1), popenfile(path='C:\\Program Files (x86)\\Microsoft\\EdgeWebView\\Application\\142.0.3595.69\\msedge_200_percent.pak', fd=-1), popenfile(path='C:\\Users\\keylogger\\AppData\\Local\\Packages\\Microsoft.Windows.Search_cw5n1h2txyewy\\LocalState\\EBWebView\\Default\\Cache\\Cache_Data\\data_0', fd=-1), popenfile(path='C:\\Users\\keylogger\\AppData\\Local\\Packages\\Microsoft.Windows.Search_cw5n1h2txyewy\\LocalState\\EBWebView\\Default\\Cache\\Cache_Data\\data_1', fd=-1), popenfile(path='C:\\Users\\keylogger\\AppData\\Local\\Packages\\Microsoft.Windows.Search_cw5n1h2txyewy\\LocalState\\EBWebView\\Default\\Network\\Trust Tokens', fd=-1), popenfile(path='C:\\Users\\keylogger\\AppData\\Local\\Packages\\Microsoft.Windows.Search_cw5n1h2txyewy\\LocalState\\EBWebView\\Default\\Cache\\No_Vary_Search\\journal.baj', fd=-1), popenfile(path='C:\\Users\\keylogger\\AppData\\Local\\Packages\\Microsoft.Windows.Search_cw5n1h2txyewy\\LocalState\\EBWebView\\Default\\Shared Dictionary\\db', fd=-1), popenfile(path='C:\\Users\\keylogger\\AppData\\Local\\Packages\\Microsoft.Windows.Search_cw5n1h2txyewy\\LocalState\\EBWebView\\Default\\Shared Dictionary\\db-journal', fd=-1), popenfile(path='C:\\Users\\keylogger\\AppData\\Local\\Packages\\Microsoft.Windows.Search_cw5n1h2txyewy\\LocalState\\EBWebView\\Default\\Cache\\Cache_Data\\data_3', fd=-1), popenfile(path='C:\\Program Files (x86)\\Microsoft\\EdgeWebView\\Application\\142.0.3595.69\\msedge_100_percent.pak', fd=-1), popenfile(path='C:\\Users\\keylogger\\AppData\\Local\\Packages\\Microsoft.Windows.Search_cw5n1h2txyewy\\LocalState\\EBWebView\\Default\\Cache\\Cache_Data\\index', fd=-1), popenfile(path='C:\\Users\\keylogger\\AppData\\Local\\Packages\\Microsoft.Windows.Search_cw5n1h2txyewy\\LocalState\\EBWebView\\Default\\Network\\Cookies', fd=-1), popenfile(path='C:\\Users\\keylogger\\AppData\\Local\\Packages\\Microsoft.Windows.Search_cw5n1h2txyewy\\LocalState\\EBWebView\\Default\\Safe Browsing Network\\Safe Browsing Cookies-journal', fd=-1), popenfile(path='C:\\Users\\keylogger\\AppData\\Local\\Packages\\Microsoft.Windows.Search_cw5n1h2txyewy\\LocalState\\EBWebView\\Default\\Network\\Reporting and NEL-journal', fd=-1), popenfile(path='C:\\Program Files (x86)\\Microsoft\\EdgeWebView\\Application\\142.0.3595.69\\resources.pak', fd=-1), popenfile(path='C:\\Users\\keylogger\\AppData\\Local\\Packages\\Microsoft.Windows.Search_cw5n1h2txyewy\\LocalState\\EBWebView\\Default\\Network\\56156f43-4832-4e00-b4dc-56e5db23da66.tmp', fd=-1), popenfile(path='C:\\Users\\keylogger\\AppData\\Local\\Packages\\Microsoft.Windows.Search_cw5n1h2txyewy\\LocalState\\EBWebView\\Default\\Safe Browsing Network\\Safe Browsing Cookies', fd=-1), popenfile(path='C:\\Program Files (x86)\\Microsoft\\EdgeWebView\\Application\\142.0.3595.69\\v8_context_snapshot.bin', fd=-1), popenfile(path='C:\\Program Files (x86)\\Microsoft\\EdgeWebView\\Application\\142.0.3595.69\\Locales\\en-US.pak', fd=-1), popenfile(path='C:\\Users\\keylogger\\AppData\\Local\\Packages\\Microsoft.Windows.Search_cw5n1h2txyewy\\LocalState\\EBWebView\\Default\\Network\\Trust Tokens-journal', fd=-1), popenfile(path='C:\\Users\\keylogger\\AppData\\Local\\Packages\\Microsoft.Windows.Search_cw5n1h2txyewy\\LocalState\\EBWebView\\Default\\Cache\\Cache_Data\\data_2', fd=-1), popenfile(path='C:\\Users\\keylogger\\AppData\\Local\\Packages\\Microsoft.Windows.Search_cw5n1h2txyewy\\LocalState\\EBWebView\\Default\\Network\\Cookies-journal', fd=-1), popenfile(path='C:\\Users\\keylogger\\AppData\\Local\\Packages\\Microsoft.Windows.Search_cw5n1h2txyewy\\LocalState\\EBWebView\\Default\\Network\\Reporting and NEL', fd=-1)]",5356,0.0,22,2104,5721,1893031,6471469,1.296875,1.296875,6523,0,28.83984375,13.49609375,benign
139,C:\Windows\System32\cmd.exe,cmd.exe,0.1867727143951397,32.0,"['cmd', '/k', 'python', '.\\keylogger.py']",[],5524,0.0,1,0,0,0,0,0.015625,0.03125,100,0,7.6484375,2.68359375,benign
191,C:\Program Files (x86)\Microsoft\Edge\Application\msedge.exe,msedge.exe,0.16721785921076604,32.0,"['C:\\Program Files (x86)\\Microsoft\\Edge\\Application\\msedge.exe', '--type=crashpad-handler', '--user-data-dir=C:\\Users\\keylogger\\AppData\\Local\\Microsoft\\Edge\\User Data', '/prefetch:4', '--monitor-self-annotation=ptype=crashpad-handler', '--database=C:\\Users\\keylogger\\AppData\\Local\\Microsoft\\Edge\\User Data\\Crashpad', '--annotation=IsOfficialBuild=1', '--annotation=channel=', '--annotation=chromium-version=142.0.7444.60', '--annotation=exe=C:\\Program Files (x86)\\Microsoft\\Edge\\Application\\msedge.exe', '--annotation=plat=Win64', '--annotation=prod=Edge', '--annotation=ver=142.0.3595.53', '--initial-client-data=0x270,0x274,0x278,0x26c,0x2d8,0x7ffbc747db58,0x7ffbc747db64,0x7ffbc747db70']",[],5744,0.0,7,55,46,7321,552,0.015625,0.125,309,0,6.84765625,2.04296875,benign
158,C:\Program Files\WindowsApps\PythonSoftwareFoundation.PythonManager_25.0.240.0_x64__3847v3x7pw1km\python.exe,python.exe,0.2904611416410625,32.0,"['C:\\Users\\keylogger\\AppData\\Local\\Microsoft\\WindowsApps\\python.exe', '.\\generate_data.py']","[popenfile(path='C:\\Windows\\System32\\en-US\\winhttp.dll.mui', fd=-1), popenfile(path='C:\\Windows\\System32\\en-US\\KernelBase.dll.mui', fd=-1)]",5880,0.0,3,64,0,7188097,0,0.046875,0.046875,140,0,11.89453125,4.56640625,benign
177,C:\Windows\System32\audiodg.exe,audiodg.exe,0.29303665915315075,32.0,"['C:\\Windows\\system32\\AUDIODG.EXE', '0x514']",,5896,0.0,4,0,0,0,0,0.171875,8.0,279,0,12.0,6.60546875,benign
165,C:\Program Files\WindowsApps\PythonSoftwareFoundation.PythonManager_25.0.240.0_x64__3847v3x7pw1km\python.exe,python.exe,0.31516703184961264,32.0,"['python', '.\\keylogger.py']","[popenfile(path='C:\\Windows\\System32\\en-US\\winhttp.dll.mui', fd=-1), popenfile(path='C:\\Windows\\System32\\en-US\\KernelBase.dll.mui', fd=-1)]",5908,0.0,1,64,0,7189089,0,0.046875,0.03125,184,0,12.90625,4.61328125,benign
248,C:\Windows\System32\svchost.exe,svchost.exe,0.2171065873152901,,,,5972,0.0,8,1,0,63942,0,0.03125,0.15625,412,0,8.890625,4.15234375,benign
164,C:\Windows\System32\svchost.exe,svchost.exe,0.25106526265986095,,,,6116,0.0,4,0,0,0,0,0.203125,0.15625,56,0,10.28125,1.9296875,benign
207,C:\ProgramData\Microsoft\Windows Defender\Platform\4.18.25090.3009-0\NisSrv.exe,NisSrv.exe,0.2233069072517988,,,,6180,0.0,3,0,0,0,0,0.015625,0.109375,673,0,9.14453125,4.26171875,benign
147,C:\Program Files (x86)\Microsoft\EdgeWebView\Application\142.0.3595.69\msedgewebview2.exe,msedgewebview2.exe,0.14861689940123987,32.0,"['C:\\Program Files (x86)\\Microsoft\\EdgeWebView\\Application\\142.0.3595.69\\msedgewebview2.exe', '--type=crashpad-handler', '--user-data-dir=C:\\Users\\keylogger\\AppData\\Local\\Packages\\Microsoft.Windows.Search_cw5n1h2txyewy\\LocalState\\EBWebView', '/prefetch:4', '--monitor-self-annotation=ptype=crashpad-handler', '--database=C:\\Users\\keylogger\\AppData\\Local\\Packages\\Microsoft.Windows.Search_cw5n1h2txyewy\\LocalState\\EBWebView\\Crashpad', '--annotation=IsOfficialBuild=1', '--annotation=channel=', '--annotation=chromium-version=142.0.7444.135', '--annotation=exe=C:\\Program Files (x86)\\Microsoft\\EdgeWebView\\Application\\142.0.3595.69\\msedgewebview2.exe', '--annotation=plat=Win64', '--annotation=prod=Edge WebView2', '--annotation=ver=142.0.3595.69', '--initial-client-data=0x170,0x174,0x178,0x14c,0x180,0x7ffbcc81db58,0x7ffbcc81db64,0x7ffbcc81db70']",[],6228,0.0,10,13,5,1880,60,0.0,0.03125,240,0,6.0859375,2.08984375,benign
602,C:\Windows\SystemApps\Microsoft.Windows.StartMenuExperienceHost_cw5n1h2txyewy\StartMenuExperienceHost.exe,StartMenuExperienceHost.exe,1.4045155499254531,32.0,"['C:\\Windows\\SystemApps\\Microsoft.Windows.StartMenuExperienceHost_cw5n1h2txyewy\\StartMenuExperienceHost.exe', '-ServerName:App.AppXywbrabmsek0gm3tkwpr5kwzbs55tkqay.mca']","[popenfile(path='C:\\Windows\\System32\\en-US\\windows.ui.xaml.dll.mui', fd=-1), popenfile(path='C:\\Windows\\Fonts\\segoeui.ttf', fd=-1), popenfile(path='C:\\Users\\keylogger\\AppData\\Local\\Packages\\Microsoft.Windows.StartMenuExperienceHost_cw5n1h2txyewy\\TempState\\TileCache_100_3_PNGEncoded_Header.bin', fd=-1), popenfile(path='C:\\Windows\\System32\\en-US\\KernelBase.dll.mui', fd=-1), popenfile(path='C:\\Windows\\Fonts\\segmdl2.ttf', fd=-1), popenfile(path='C:\\Windows\\SystemResources\\Windows.UI.ShellCommon\\StartUI\\Assets\\Fonts\\BitMDL2.ttf', fd=-1), popenfile(path='C:\\Windows\\System32\\en-US\\windows.storage.dll.mui', fd=-1), popenfile(path='C:\\Users\\keylogger\\AppData\\Local\\Packages\\Microsoft.Windows.StartMenuExperienceHost_cw5n1h2txyewy\\TempState\\TileCache_100_3_PNGEncoded_Data.bin', fd=-1), popenfile(path='C:\\Windows\\Fonts\\segoeuib.ttf', fd=-1), popenfile(path='C:\\Windows\\System32\\en-US\\Windows.Globalization.dll.mui', fd=-1)]",6296,0.0,8,88,364,239021,82632,1.09375,1.5,4369,0,57.515625,17.53125,benign
331,C:\Windows\System32\RuntimeBroker.exe,RuntimeBroker.exe,0.6105884294398822,32.0,"['C:\\Windows\\System32\\RuntimeBroker.exe', '-Embedding']","[popenfile(path='C:\\Windows\\System32\\en-US\\propsys.dll.mui', fd=-1), popenfile(path='C:\\Windows\\System32\\en-US\\KernelBase.dll.mui', fd=-1), popenfile(path='C:\\Windows\\System32\\en-US\\Windows.Security.Authentication.Web.Core.dll.mui', fd=-1), popenfile(path='C:\\Windows\\System32\\en-US\\windows.storage.dll.mui', fd=-1), popenfile(path='C:\\Windows\\System32\\en-US\\ShutdownUX.dll.mui', fd=-1), popenfile(path='C:\\Windows\\Registration\\R000000000006.clb', fd=-1)]",6356,0.0,1,16,0,46945,0,0.171875,0.484375,178,0,25.00390625,4.15625,benign
174,C:\Windows\System32\conhost.exe,conhost.exe,0.3688713414535267,32.0,"['\\??\\C:\\Windows\\system32\\conhost.exe', '0x4']","[popenfile(path='C:\\Windows\\Registration\\R000000000006.clb', fd=-1), popenfile(path='C:\\Windows\\Fonts\\StaticCache.dat', fd=-1), popenfile(path='C:\\Windows\\System32\\en-US\\user32.dll.mui', fd=-1), popenfile(path='C:\\Windows\\System32\\en-US\\Conhost.exe.mui', fd=-1)]",6372,0.0,3,1,0,60,0,0.015625,0.046875,978,0,15.10546875,6.7734375,benign
515,C:\Windows\System32\svchost.exe,svchost.exe,0.5193960316044616,,,,6380,0.0,16,86,9,2801161,55062,0.015625,0.09375,698,0,21.26953125,9.26953125,benign
555,C:\Windows\System32\svchost.exe,svchost.exe,0.5211130432791871,32.0,"['C:\\Windows\\System32\\svchost.exe', '-k', 'UnistackSvcGroup']","[popenfile(path='C:\\Users\\keylogger\\AppData\\Local\\Comms\\UnistoreDB\\store.jfm', fd=-1), popenfile(path='C:\\Windows\\System32\\en-US\\ESENT.dll.mui', fd=-1), popenfile(path='C:\\Users\\keylogger\\AppData\\Local\\Comms\\UnistoreDB\\USStmp.jtx', fd=-1), popenfile(path='C:\\Users\\keylogger\\AppData\\Local\\Comms\\UnistoreDB\\tmp.edb', fd=-1), popenfile(path='C:\\Windows\\System32\\en-US\\svchost.exe.mui', fd=-1), popenfile(path='C:\\Users\\keylogger\\AppData\\Local\\Comms\\UnistoreDB\\USS.jtx', fd=-1), popenfile(path='C:\\Users\\keylogger\\AppData\\Local\\Comms\\UnistoreDB\\store.vol', fd=-1), popenfile(path='C:\\Windows\\Registration\\R000000000006.clb', fd=-1)]",6388,0.0,3,1396,2380,15469524,82864678,7.1875,5.53125,4744,0,21.33984375,7.04296875,benign
196,C:\Windows\System32\conhost.exe,conhost.exe,0.3935772316620768,32.0,"['\\??\\C:\\Windows\\system32\\conhost.exe', '0x4']","[popenfile(path='C:\\Windows\\Registration\\R000000000006.clb', fd=-1), popenfile(path='C:\\Windows\\Fonts\\StaticCache.dat', fd=-1), popenfile(path='C:\\Windows\\System32\\en-US\\user32.dll.mui', fd=-1), popenfile(path='C:\\Windows\\System32\\en-US\\Conhost.exe.mui', fd=-1)]",6500,0.0,3,1,0,60,0,0.03125,0.015625,928,0,16.1171875,6.83203125,benign
2286,C:\Windows\SystemApps\Microsoft.Windows.Search_cw5n1h2txyewy\SearchApp.exe,SearchApp.exe,2.193959362149241,32.0,"['C:\\Windows\\SystemApps\\Microsoft.Windows.Search_cw5n1h2txyewy\\SearchApp.exe', '-ServerName:CortanaUI.AppX8z9r6jm96hw4bsbneegw0kyxx296wr9t.mca']","[popenfile(path='C:\\Users\\keylogger\\AppData\\Local\\Packages\\Microsoft.Windows.Search_cw5n1h2txyewy\\LocalState\\AppIconCache\\100\\Microsoft_WindowsStore_8wekyb3d8bbwe!App', fd=-1), popenfile(path='C:\\Windows\\System32\\en-US\\KernelBase.dll.mui', fd=-1), popenfile(path='C:\\Users\\keylogger\\AppData\\Local\\Packages\\Microsoft.Windows.Search_cw5n1h2txyewy\\LocalState\\AppIconCache\\100\\PythonSoftwareFoundation_PythonManager_3847v3x7pw1km!Py_Manager_Exe', fd=-1), popenfile(path='C:\\Windows\\Fonts\\times.ttf', fd=-1), popenfile(path='C:\\Windows\\SystemApps\\Microsoft.Windows.Search_cw5n1h2txyewy\\Cortana.Internal.Search.winmd', fd=-1), popenfile(path='C:\\Windows\\Fonts\\arial.ttf', fd=-1), popenfile(path='C:\\Windows\\SystemResources\\Chakra.dll.mun', fd=-1), popenfile(path='C:\\Windows\\System32\\en-US\\windows.storage.dll.mui', fd=-1), popenfile(path='C:\\Windows\\System32\\WinMetadata\\Windows.Web.winmd', fd=-1), popenfile(path='C:\\Users\\keylogger\\AppData\\Local\\Packages\\Microsoft.Windows.Search_cw5n1h2txyewy\\LocalState\\AppIconCache\\100\\Microsoft_Windows_RemoteDesktop', fd=-1), popenfile(path='C:\\Windows\\System32\\en-US\\mswsock.dll.mui', fd=-1), popenfile(path='C:\\Windows\\Fonts\\segoeuib.ttf', fd=-1), popenfile(path='C:\\Windows\\System32\\WinMetadata\\Windows.Security.winmd', fd=-1), popenfile(path='C:\\Users\\keylogger\\AppData\\Local\\Packages\\Microsoft.Windows.Search_cw5n1h2txyewy\\LocalState\\AppIconCache\\100\\{1AC14E77-02E7-4E5D-B744-2EB1AE5198B7}_dfrgui_exe', fd=-1), popenfile(path='C:\\Users\\keylogger\\AppData\\Local\\Packages\\Microsoft.Windows.Search_cw5n1h2txyewy\\LocalState\\AppIconCache\\100\\C__Users_keylogger_AppData_Local_Python_pythoncore-3_14-64_python_exe', fd=-1), popenfile(path='C:\\Windows\\System32\\en-US\\d2d1.dll.mui', fd=-1), popenfile(path='C:\\Windows\\System32\\en-US\\shell32.dll.mui', fd=-1), popenfile(path='C:\\Users\\keylogger\\AppData\\Local\\Packages\\Microsoft.Windows.Search_cw5n1h2txyewy\\LocalState\\AppIconCache\\100\\Microsoft_GetHelp_8wekyb3d8bbwe!App', fd=-1), popenfile(path='C:\\Windows\\System32\\en-US\\dnsapi.dll.mui', fd=-1), popenfile(path='C:\\Windows\\System32\\en-US\\winnlsres.dll.mui', fd=-1), popenfile(path='C:\\Users\\keylogger\\AppData\\Local\\Packages\\Microsoft.Windows.Search_cw5n1h2txyewy\\LocalState\\AppIconCache\\100\\{1AC14E77-02E7-4E5D-B744-2EB1AE5198B7}_cmd_exe', fd=-1), popenfile(path='C:\\Users\\keylogger\\AppData\\Local\\Packages\\Microsoft.Windows.Search_cw5n1h2txyewy\\LocalState\\AppIconCache\\100\\{1AC14E77-02E7-4E5D-B744-2EB1AE5198B7}_cleanmgr_exe', fd=-1), popenfile(path='C:\\Users\\keylogger\\AppData\\Local\\Packages\\Microsoft.Windows.Search_cw5n1h2txyewy\\LocalState\\AppIconCache\\100\\{1AC14E77-02E7-4E5D-B744-2EB1AE5198B7}_SnippingTool_exe', fd=-1), popenfile(path='C:\\Users\\keylogger\\AppData\\Local\\Packages\\Microsoft.Windows.Search_cw5n1h2txyewy\\LocalState\\AppIconCache\\100\\{1AC14E77-02E7-4E5D-B744-2EB1AE5198B7}_mspaint_exe', fd=-1), popenfile(path='C:\\Windows\\System32\\WinMetadata\\Windows.System.winmd', fd=-1), popenfile(path='C:\\Windows\\System32\\en-US\\StartTileData.dll.mui', fd=-1), popenfile(path='C:\\Users\\keylogger\\AppData\\Local\\Packages\\Microsoft.Windows.Search_cw5n1h2txyewy\\LocalState\\AppIconCache\\100\\Microsoft_Windows_Explorer', fd=-1), popenfile(path='C:\\Windows\\System32\\WinMetadata\\Windows.Foundation.winmd', fd=-1), popenfile(path='C:\\Windows\\Fonts\\seguiemj.ttf', fd=-1), popenfile(path='C:\\Windows\\System32\\en-US\\crypt32.dll.mui', fd=-1), popenfile(path='C:\\Windows\\Fonts\\simsun.ttc', fd=-1), popenfile(path='C:\\Windows\\Fonts\\seguisym.ttf', fd=-1), popenfile(path='C:\\Windows\\SystemApps\\Microsoft.Windows.Search_cw5n1h2txyewy\\Cortana.Search.winmd', fd=-1), popenfile(path='C:\\Users\\keylogger\\AppData\\Local\\Packages\\Microsoft.Windows.Search_cw5n1h2txyewy\\LocalState\\AppIconCache\\100\\MSEdge', fd=-1), popenfile(path='C:\\Users\\keylogger\\AppData\\Local\\Packages\\Microsoft.Windows.Search_cw5n1h2txyewy\\LocalState\\AppIconCache\\100\\Microsoft_Windows_Computer', fd=-1), popenfile(path='C:\\Windows\\System32\\en-US\\edgehtml.dll.mui', fd=-1), popenfile(path='C:\\Windows\\Fonts\\segoeui.ttf', fd=-1), popenfile(path='C:\\Users\\keylogger\\AppData\\Local\\Packages\\Microsoft.Windows.Search_cw5n1h2txyewy\\LocalState\\AppIconCache\\100\\Microsoft_Getstarted_8wekyb3d8bbwe!App', fd=-1), popenfile(path='C:\\Windows\\Fonts\\arialbd.ttf', fd=-1), popenfile(path='C:\\Users\\keylogger\\AppData\\Local\\Packages\\Microsoft.Windows.Search_cw5n1h2txyewy\\LocalState\\AppIconCache\\100\\Microsoft_AutoGenerated_{923DD477-5846-686B-A659-0FCCD73851A8}', fd=-1), popenfile(path='C:\\Users\\keylogger\\AppData\\Local\\Packages\\Microsoft.Windows.Search_cw5n1h2txyewy\\LocalState\\AppIconCache\\100\\Microsoft_VisualStudioCode', fd=-1), popenfile(path='C:\\Windows\\System32\\WinMetadata\\Windows.ApplicationModel.winmd', fd=-1), popenfile(path='C:\\Users\\keylogger\\AppData\\Local\\Packages\\Microsoft.Windows.Search_cw5n1h2txyewy\\LocalState\\AppIconCache\\100\\{1AC14E77-02E7-4E5D-B744-2EB1AE5198B7}_notepad_exe', fd=-1), popenfile(path='C:\\Windows\\System32\\WinMetadata\\Windows.UI.winmd', fd=-1), popenfile(path='C:\\Windows\\System32\\WinMetadata\\Windows.Storage.winmd', fd=-1), popenfile(path='C:\\Windows\\Fonts\\seguisb.ttf', fd=-1), popenfile(path='C:\\Windows\\SystemResources\\edgehtml.dll.mun', fd=-1)]",6524,0.0,51,8011,4871,43812576,22407444,14.0,18.21875,77869,0,89.84375,173.73046875,benign
805,C:\Windows\SystemApps\Microsoft.Windows.Search_cw5n1h2txyewy\SearchApp.exe,SearchApp.exe,1.298251605167442,32.0,"['C:\\Windows\\SystemApps\\Microsoft.Windows.Search_cw5n1h2txyewy\\SearchApp.exe', '-ServerName:ShellFeedsUI.AppX88fpyyrd21w8wqe62wzsjh5agex7tf1e.mca']","[popenfile(path='C:\\Program Files (x86)\\Microsoft\\EdgeWebView\\Application\\142.0.3595.69\\icudtl.dat', fd=-1), popenfile(path='C:\\Windows\\Fonts\\segoeui.ttf', fd=-1), popenfile(path='C:\\Windows\\System32\\en-US\\Windows.Web.dll.mui', fd=-1), popenfile(path='C:\\Windows\\System32\\en-US\\KernelBase.dll.mui', fd=-1), popenfile(path='C:\\Windows\\System32\\en-US\\crypt32.dll.mui', fd=-1), popenfile(path='C:\\Windows\\System32\\en-US\\windows.storage.dll.mui', fd=-1), popenfile(path='C:\\Windows\\System32\\en-US\\dnsapi.dll.mui', fd=-1)]",6632,0.0,17,970,196,1274970,967726,0.515625,1.296875,4899,0,53.1640625,17.4921875,benign
514,C:\Windows\System32\RuntimeBroker.exe,RuntimeBroker.exe,0.865564663136618,32.0,"['C:\\Windows\\System32\\RuntimeBroker.exe', '-Embedding']","[popenfile(path='C:\\Windows\\System32\\en-US\\propsys.dll.mui', fd=-1), popenfile(path='C:\\Windows\\System32\\en-US\\combase.dll.mui', fd=-1), popenfile(path='C:\\Windows\\System32\\en-US\\KernelBase.dll.mui', fd=-1), popenfile(path='C:\\Windows\\System32\\en-US\\StartTileData.dll.mui', fd=-1), popenfile(path='C:\\Windows\\System32\\en-US\\Windows.Security.Authentication.Web.Core.dll.mui', fd=-1), popenfile(path='C:\\Windows\\SystemResources\\imageres.dll.mun', fd=-1), popenfile(path='C:\\Windows\\System32\\en-US\\shell32.dll.mui', fd=-1), popenfile(path='C:\\Windows\\System32\\en-US\\windows.storage.dll.mui', fd=-1), popenfile(path='C:\\Windows\\Registration\\R000000000006.clb', fd=-1), popenfile(path='C:\\Windows\\System32\\en-US\\AppResolver.dll.mui', fd=-1)]",6648,0.0,6,741,2,290707,248,0.765625,1.921875,3475,0,35.4453125,10.8046875,benign
153,C:\Users\keylogger\AppData\Local\Python\pythoncore-3.14-64\python.exe,python.exe,0.5326551773148417,32.0,"['C:\\Users\\keylogger\\AppData\\Local\\Python\\pythoncore-3.14-64\\python.exe', '.\\keylogger.py']","[popenfile(path='C:\\Windows\\System32\\en-US\\KernelBase.dll.mui', fd=-1)]",6680,0.0,3,155,94,1865582,7540,0.171875,0.0625,3155,0,21.8125,14.62890625,keylogger
139,C:\Windows\System32\cmd.exe,cmd.exe,0.18658193532017023,32.0,"['cmd', '/k', 'python', '.\\keylogger.py']",[],6696,0.0,1,0,0,0,0,0.0,0.015625,141,0,7.640625,2.6796875,benign
123,C:\Program Files\Microsoft Update Health Tools\uhssvc.exe,uhssvc.exe,0.14642294003909062,,,,7076,0.0,3,0,1,0,65536,0.015625,0.046875,1495,0,5.99609375,1.3359375,benign
221,C:\Windows\System32\svchost.exe,svchost.exe,0.16693169059831178,,,,7124,0.0,6,0,0,0,0,0.0625,0.09375,219,0,6.8359375,1.88671875,benign
278,C:\Windows\System32\svchost.exe,svchost.exe,0.27100167599417363,,,,7224,0.0,1,3,0,8573,0,0.203125,0.046875,104,0,11.09765625,2.37109375,benign
1087,C:\Users\keylogger\AppData\Local\Programs\Microsoft VS Code\Code.exe,Code.exe,2.8400326995334497,32.0,['C:\\Users\\keylogger\\AppData\\Local\\Programs\\Microsoft VS Code\\Code.exe'],"[popenfile(path='C:\\Users\\keylogger\\AppData\\Local\\Programs\\Microsoft VS Code\\locales\\en-US.pak', fd=-1), popenfile(path='C:\\Users\\keylogger\\AppData\\Roaming\\Code\\Local Storage\\leveldb\\000003.log', fd=-1), popenfile(path='C:\\Windows\\Fonts\\YuGothR.ttc', fd=-1), popenfile(path='C:\\Users\\keylogger\\AppData\\Roaming\\Code\\Local Storage\\leveldb\\LOCK', fd=-1), popenfile(path='C:\\Windows\\System32\\en-US\\user32.dll.mui', fd=-1), popenfile(path='C:\\Users\\keylogger\\AppData\\Roaming\\Code\\logs\\20251112T085715\\telemetry.log', fd=-1), popenfile(path='C:\\Windows\\System32\\en-US\\KernelBase.dll.mui', fd=-1), popenfile(path='C:\\Users\\keylogger\\AppData\\Roaming\\Code\\User\\globalStorage\\state.vscdb', fd=-1), popenfile(path='C:\\Users\\keylogger\\AppData\\Roaming\\Code\\logs\\20251112T085715\\sharedprocess.log', fd=-1), popenfile(path='C:\\Users\\keylogger\\AppData\\Local\\Programs\\Microsoft VS Code\\v8_context_snapshot.bin', fd=-1), popenfile(path='C:\\Users\\keylogger\\AppData\\Roaming\\Code\\DIPS', fd=-1), popenfile(path='C:\\Users\\keylogger\\AppData\\Roaming\\Code\\logs\\20251112T085715\\main.log', fd=-1), popenfile(path='C:\\Users\\keylogger\\AppData\\Roaming\\Code\\logs\\20251112T085715\\window1\\renderer.log', fd=-1), popenfile(path='C:\\Windows\\Fonts\\StaticCache.dat', fd=-1), popenfile(path='C:\\Windows\\System32\\en-US\\mswsock.dll.mui', fd=-1), popenfile(path='C:\\Users\\keylogger\\AppData\\Local\\Programs\\Microsoft VS Code\\icudtl.dat', fd=-1), popenfile(path='C:\\Windows\\Fonts\\malgun.ttf', fd=-1), popenfile(path='C:\\Users\\keylogger\\AppData\\Local\\Programs\\Microsoft VS Code\\resources.pak', fd=-1), popenfile(path='C:\\Windows\\Fonts\\msyh.ttc', fd=-1), popenfile(path='C:\\Users\\keylogger\\AppData\\Roaming\\Code\\logs\\20251112T085715\\window1\\notebook.rendering.log', fd=-1), popenfile(path='C:\\Windows\\SystemResources\\imageres.dll.mun', fd=-1), popenfile(path='C:\\Users\\keylogger\\AppData\\Roaming\\Code\\logs\\20251112T085715\\window1\\textModelChanges.log', fd=-1), popenfile(path='C:\\Users\\keylogger\\AppData\\Roaming\\Code\\logs\\20251112T085715\\remoteTunnelService.log', fd=-1), popenfile(path='C:\\Windows\\System32\\en-US\\shell32.dll.mui', fd=-1), popenfile(path='C:\\Users\\keylogger\\AppData\\Local\\Programs\\Microsoft VS Code\\chrome_100_percent.pak', fd=-1), popenfile(path='C:\\Users\\keylogger\\AppData\\Roaming\\Code\\DIPS-wal', fd=-1), popenfile(path='C:\\Windows\\Fonts\\msgothic.ttc', fd=-1), popenfile(path='C:\\Users\\keylogger\\AppData\\Roaming\\Code\\logs\\20251112T085715\\window1\\views.log', fd=-1), popenfile(path='C:\\Users\\keylogger\\AppData\\Roaming\\Code\\logs\\20251112T085715\\network-shared.log', fd=-1), popenfile(path='C:\\Users\\keylogger\\AppData\\Roaming\\Code\\logs\\20251112T085715\\editSessions.log', fd=-1), popenfile(path='C:\\Windows\\WinSxS\\amd64_microsoft.windows.c..-controls.resources_6595b64144ccf1df_6.0.19041.1_en-us_cb612d02732b0fd9\\comctl32.dll.mui', fd=-1), popenfile(path='C:\\Users\\keylogger\\AppData\\Roaming\\Code\\logs\\20251112T085715\\userDataSync.log', fd=-1), popenfile(path='C:\\Users\\keylogger\\AppData\\Roaming\\Code\\Local Storage\\leveldb\\LOG', fd=-1), popenfile(path='C:\\Windows\\System32\\en-US\\duser.dll.mui', fd=-1), popenfile(path='C:\\Users\\keylogger\\AppData\\Local\\Programs\\Microsoft VS Code\\chrome_200_percent.pak', fd=-1), popenfile(path='C:\\Windows\\Fonts\\msjh.ttc', fd=-1), popenfile(path='C:\\Windows\\Fonts\\simsun.ttc', fd=-1), popenfile(path='C:\\Users\\keylogger\\AppData\\Roaming\\Code\\logs\\20251112T085715\\window1\\output_20251112T085724\\tasks.log', fd=-1), popenfile(path='C:\\Users\\keylogger\\AppData\\Roaming\\Code\\SharedStorage-wal', fd=-1), popenfile(path='C:\\Windows\\Registration\\R000000000006.clb', fd=-1), popenfile(path='C:\\Users\\keylogger\\AppData\\Roaming\\Code\\Local Storage\\leveldb\\MANIFEST-000001', fd=-1), popenfile(path='C:\\Windows\\Fonts\\segoeui.ttf', fd=-1), popenfile(path='C:\\Windows\\System32\\en-US\\propsys.dll.mui', fd=-1), popenfile(path='C:\\Users\\keylogger\\AppData\\Roaming\\Code\\logs\\20251112T085715\\terminal.log', fd=-1), popenfile(path='C:\\Users\\keylogger\\AppData\\Roaming\\Code\\User\\workspaceStorage\\6898a7638a8465fb798a31a4495e4bdc\\state.vscdb', fd=-1), popenfile(path='C:\\Users\\keylogger\\AppData\\Roaming\\Code\\logs\\20251112T085715\\window1\\network.log', fd=-1), popenfile(path='C:\\Windows\\System32\\en-US\\kernel32.dll.mui', fd=-1), popenfile(path='C:\\Users\\keylogger\\AppData\\Roaming\\Code\\logs\\20251112T085715\\window1\\mcpServer.ms-python.vscode-pylance\\pylance mcp server.log', fd=-1), popenfile(path='C:\\Users\\keylogger\\AppData\\Roaming\\Code\\SharedStorage', fd=-1)]",7372,0.0,48,107000,65905,113404646,64481404,59.0625,117.578125,917666,0,116.30078125,105.890625,benign
169,C:\Windows\System32\SecurityHealthSystray.exe,SecurityHealthSystray.exe,0.20480133697975741,32.0,['C:\\Windows\\System32\\SecurityHealthSystray.exe'],"[popenfile(path='C:\\Windows\\Registration\\R000000000006.clb', fd=-1), popenfile(path='C:\\Windows\\System32\\en-US\\securityhealthsso.dll.mui', fd=-1)]",7412,0.0,1,1,0,7903,0,0.0,0.078125,399,0,8.38671875,1.71875,benign
399,C:\Windows\System32\SecurityHealthService.exe,SecurityHealthService.exe,0.32518293328551134,,,,7444,0.0,6,1,1,14257,4096,0.21875,0.640625,2669,0,13.31640625,4.58203125,benign
601,C:\Program Files\VMware\VMware Tools\vmtoolsd.exe,vmtoolsd.exe,0.6600955993944673,32.0,"['C:\\Program Files\\VMware\\VMware Tools\\vmtoolsd.exe', '-n', 'vmusr']","[popenfile(path='C:\\Windows\\System32\\en-US\\propsys.dll.mui', fd=-1), popenfile(path='C:\\Windows\\System32\\en-US\\msxml6r.dll.mui', fd=-1), popenfile(path='C:\\Windows\\System32\\en-US\\KernelBase.dll.mui', fd=-1), popenfile(path='C:\\Windows\\Temp\\vmware-vmusr-keylogger.log', fd=-1), popenfile(path='C:\\Windows\\System32\\en-US\\crypt32.dll.mui', fd=-1), popenfile(path='C:\\Windows\\System32\\en-US\\shell32.dll.mui', fd=-1), popenfile(path='C:\\Windows\\Registration\\R000000000006.clb', fd=-1), popenfile(path='C:\\Windows\\SystemResources\\shell32.dll.mun', fd=-1)]",7552,0.0,7,2623,192,8511623,17237,9.3125,8.15625,182031,0,27.03125,23.125,benign
511,C:\Program Files (x86)\Microsoft\EdgeWebView\Application\142.0.3595.69\msedgewebview2.exe,msedgewebview2.exe,1.680763650481288,64.0,"['C:\\Program Files (x86)\\Microsoft\\EdgeWebView\\Application\\142.0.3595.69\\msedgewebview2.exe', '--type=renderer', '--noerrdialogs', '--user-data-dir=C:\\Users\\keylogger\\AppData\\Local\\Packages\\Microsoft.Windows.Search_cw5n1h2txyewy\\LocalState\\EBWebView', '--webview-exe-name=SearchApp.exe', '--webview-exe-version=10.0.19041.6282', '--embedded-browser-webview=1', '--dma-cps-flags=0', '--video-capture-use-gpu-memory-buffer', '--lang=en-US', '--device-scale-factor=1', '--num-raster-threads=1', '--renderer-client-id=5', '--js-flags=--expose-gc --ms-user-locale=', '--time-ticks-at-unix-epoch=-1762955756248049', '--launch-time-ticks=489936013', '--ram-no-pressure-read-main-dll', '--metrics-shmem-handle=3556,i,13163050069218276565,5933633994958427589,2097152', '--field-trial-handle=1936,i,2238199769039427031,1139989135762586427,262144', '--enable-features=ForceSWDCompWhenDCompFallbackRequired,LocalNetworkAccessForFencedFrameNavigationsWarningOnly,LocalNetworkAccessForNavigationsWarningOnly,LocalNetworkAccessForSubframeNavigationsWarningOnly,LocalNetworkAccessForWorkersWarningOnly,msAggressiveCacheTrimming,msCustomDataPartition,msEmbeddedBrowserVisualHosting,msWebView2NoTabForScreenShare,msWebViewAppLifeCycleWorkaround', '--disable-features=BackForwardCache,BackgroundTabLoadingFromPerformanceManager,CloseOmniboxPopupOnInactiveAreaClick,CollectAVProductsInfo,CollectCodeIntegrityInfo,DeferSpeculativeRFHCreation,EnableHangWatcher,FilterAdsOnAbusiveSites,GetWifiProtocol,LoginDetection,MediaFoundationCameraUsageMonitoring,PreconnectToSearch,PreloadingEagerHeuristics,SafetyHub,SegmentationPlatform,ServiceWorkerAutoPreload,SpareRendererForSitePerProcess,Ukm,WebPayments,msAITrackerClassification,msAbydosForWindowlessWV2,msAffirmVirtualCard,msAllowChromeWebstore,msAllowMSAPrtSSOForNonMSAProfile,msApplicationGuard,msAskBeforeClosingMultipleTabs,msAutoToggleAADPrtSSOForNonAADProfile,msAutofillEdgeServiceRequest,msAutofillEnableEdgeSuggestions,msAutomaticTabFreeze,msBrowserSettingsSupported,msCoarseGeolocationService,msDataProtection,msDesktopMode,msDesktopRewards,msDisableVariationsSeedFetchThrottling,msEEProactiveHistory,msETFOffstoreExtensionFileDataCollection,msETFPasswordTheftDNRActionSignals,msEdgeAdPlatformUI,msEdgeAddWebCapturetoCollections,msEdgeAutofillShowDeployedPassword,msEdgeCaptureSelectionInPDF,msEdgeCloudConfigService,msEdgeCloudConfigServiceV2,msEdgeCohorts,msEdgeCollectionsPrismExperiment1,msEdgeCollectionsPrismOverallMigration,msEdgeComposeNext,msEdgeEnableNurturingFramework,msEdgeEnclavePrefsBasic,msEdgeEnclavePrefsNotification,msEdgeFaviconService,msEdgeHJTelemetry,msEdgeHubAppSkype,msEdgeImageEditorUI,msEdgeLinkDoctor,msEdgeMouseGestureDefaultEnabled,msEdgeMouseGestureSupported,msEdgeNewDeviceFre,msEdgeOnRampFRE,msEdgeOnRampImport,msEdgePDFCMHighlightUX,msEdgePasswordIris,msEdgePasswordIrisSaveBubble,msEdgePasswordStrengthCheck,msEdgePinpointFramework,msEdgeProngPersonalization,msEdgeReadingView,msEdgeRose,msEdgeScreenshotUI,msEdgeSendTabToSelf,msEdgeSettingsImport,msEdgeSettingsImportV2,msEdgeShoppingPersistentStorage,msEdgeShoppingUI,msEdgeSmartFind,msEdgeSuperDragDefaultEnabled,msEdgeSuperDragDropSupported,msEdgeTranslate,msEdgeUpdatesMoreMenuPill,msEdgeWebCapture,msEdgeWebCaptureUniformExperience,msEdgeWebContentFilteringFeedback,msEdgeWorkSearchBanner,msEnableCustomJobMemoryLimitsOnXbox,msEnableMIPForPDF,msEnablePdfUpsell,msEnableThirdPartyScanning,msEnableWebSignInCta,msEnableWebToBrowserSignIn,msEndpointDlp,msEntityExtraction,msExtensionTelemetryFramework,msExternalTaskManager,msFileSystemAccessDirectoryIterationBlocklistCheck,msForceBrowserSignIn,msForeignSessionsPage,msGeolocationAccessService,msGeolocationOSLocationPermissionFallback,msGeolocationSQMService,msGeolocationService,msGrowthInfraLaunchSourceLogging,msGuidedSwitchAllowed,msHubPinPersist,msImplicitSignin,msIrm,msIrmv2,msKlarnaVirtualCard,msLlmConsumerDlpPurview,msLoadStatistics,msLogIsEdgePinnedToTaskbarOnLaunch,msMIPCrossTenantPdfViewSupport,msMdatpWebSiteDlp,msNotificationPermissionForPWA,msNumberOfSitesToPin,msNurturingGlobalSitePinningOnCloseModal,msNurturingSitePinningCITopSites,msNurturingSitePinningWithWindowsConsent,msOnHoverSearchInSidebar,msOpenOfficeDocumentsInWebViewer,msPageInteractionRestrictionRevoke,msPasswordBreachDetection,msPdfAnnotationsVisibility,msPdfDataRecovery,msPdfDigitalSignatureRead,msPdfFreeText,msPdfFreeTextForCJK,msPdfHighlightMode,msPdfInking,msPdfKeyphraseSupport,msPdfOOUI,msPdfPopupMarkerRenderer,msPdfShare,msPdfSharedLibrary,msPdfTextNote,msPdfTextNoteMoreMenu,msPdfThumbnailCache,msPdfUnderside,msPdfViewRestore,msPersonalizationUMA,msPriceComparison,msPrintInWebView2,msPromptDefaultHandlerForPDF,msReactiveSearch,msReadAloud,msReadAloudPdf,msRedirectToShoreline,msRevokeExtensions,msSaasDlp,msShoppingTrigger,msShorelineSearch,msShorelineSearchFindOnPageWebUI,msShowOfflineGameEntrance,msShowReadAloudIconInAddressBar,msShowUXForAADPrtSSOForNonAADProfile,msSitePinningWithoutUi,msSuspendMessageForNewSessionWhenHavingPendingNavigation,msSyncEdgeCollections,msTabResourceStats,msTokenizationAutofillInlineEnabled,msTouchMode,msTriggeringSignalGenerator,msUserUnderstanding,msVideoSuperResolutionUI,msWalletBuyNow,msWalletCheckout,msWalletDiagnosticDataLogger,msWalletHubEntry,msWalletHubIntlP3,msWalletPartialCard,msWalletPasswordCategorization,msWalletPasswordCategorizationPlatformExpansion,msWalletTokenizationCardMetadata,msWalletTokenizedAutofill,msWebAssist,msWebAssistHistorySearchService,msWebOOUI,msWindowsTaskManager,msWindowsUserActivities,msZipPayVirtualCard', '--variations-seed-version', '--trace-process-track-uuid=3190708990997080739', '--mojo-platform-channel-handle=3564', '/prefetch:1']","[popenfile(path='C:\\Program Files (x86)\\Microsoft\\EdgeWebView\\Application\\142.0.3595.69\\icudtl.dat', fd=-1), popenfile(path='C:\\Program Files (x86)\\Microsoft\\EdgeWebView\\Application\\142.0.3595.69\\msedge_200_percent.pak', fd=-1), popenfile(path='C:\\Windows\\Fonts\\consolai.ttf', fd=-1), popenfile(path='C:\\Windows\\Fonts\\times.ttf', fd=-1), popenfile(path='C:\\Windows\\Fonts\\arial.ttf', fd=-1), popenfile(path='C:\\Windows\\Fonts\\consolab.ttf', fd=-1), popenfile(path='C:\\Windows\\Fonts\\timesbi.ttf', fd=-1), popenfile(path='C:\\Windows\\Fonts\\segoeuisl.ttf', fd=-1), popenfile(path='C:\\Windows\\Fonts\\segoeuib.ttf', fd=-1), popenfile(path='C:\\Windows\\Fonts\\arialbi.ttf', fd=-1), popenfile(path='C:\\Windows\\Fonts\\seguibli.ttf', fd=-1), popenfile(path='C:\\Windows\\Fonts\\consolaz.ttf', fd=-1), popenfile(path='C:\\Windows\\Fonts\\consola.ttf', fd=-1), popenfile(path='C:\\Windows\\Fonts\\ariali.ttf', fd=-1), popenfile(path='C:\\Program Files (x86)\\Microsoft\\EdgeWebView\\Application\\142.0.3595.69\\msedge_100_percent.pak', fd=-1), popenfile(path='C:\\Windows\\Fonts\\timesbd.ttf', fd=-1), popenfile(path='C:\\Windows\\Fonts\\seguili.ttf', fd=-1), popenfile(path='C:\\Windows\\Fonts\\segoeuiz.ttf', fd=-1), popenfile(path='C:\\Users\\keylogger\\AppData\\Local\\Packages\\Microsoft.Windows.Search_cw5n1h2txyewy\\AC\\Temp\\c0aa25ef-0923-40a4-a6b4-5831c3a0cf11.tmp', fd=-1), popenfile(path='C:\\Windows\\Fonts\\seguibl.ttf', fd=-1), popenfile(path='C:\\Windows\\Fonts\\seguisbi.ttf', fd=-1), popenfile(path='C:\\Program Files (x86)\\Microsoft\\EdgeWebView\\Application\\142.0.3595.69\\resources.pak', fd=-1), popenfile(path='C:\\Windows\\Fonts\\seguisli.ttf', fd=-1), popenfile(path='C:\\Windows\\Fonts\\arialbd.ttf', fd=-1), popenfile(path='C:\\Windows\\Fonts\\ariblk.ttf', fd=-1), popenfile(path='C:\\Windows\\Fonts\\segoeui.ttf', fd=-1), popenfile(path='C:\\Program Files (x86)\\Microsoft\\EdgeWebView\\Application\\142.0.3595.69\\v8_context_snapshot.bin', fd=-1), popenfile(path='C:\\Program Files (x86)\\Microsoft\\EdgeWebView\\Application\\142.0.3595.69\\Locales\\en-US.pak', fd=-1), popenfile(path='C:\\Windows\\Fonts\\timesi.ttf', fd=-1), popenfile(path='C:\\Windows\\Fonts\\segoeuil.ttf', fd=-1), popenfile(path='C:\\Windows\\Fonts\\seguisb.ttf', fd=-1), popenfile(path='C:\\Windows\\Fonts\\segoeuii.ttf', fd=-1)]",7604,0.0,21,2140,3330,2843056,5979573,3.296875,2.046875,20935,0,68.828125,143.8515625,benign
224,C:\Users\keylogger\AppData\Local\Programs\Microsoft VS Code\Code.exe,Code.exe,0.689094018789831,32.0,"['C:\\Users\\keylogger\\AppData\\Local\\Programs\\Microsoft VS Code\\Code.exe', '--type=crashpad-handler', '--user-data-dir=C:\\Users\\keylogger\\AppData\\Roaming\\Code', '/prefetch:4', '--no-rate-limit', '--monitor-self-annotation=ptype=crashpad-handler', '--database=C:\\Users\\keylogger\\AppData\\Roaming\\Code\\Crashpad', '--url=appcenter://code?aid=a4e3233c-699c-46ec-b4f4-9c2a77254662&uid=627f84cc-401f-4f65-94fa-5c8e364bc821&iid=627f84cc-401f-4f65-94fa-5c8e364bc821&sid=627f84cc-401f-4f65-94fa-5c8e364bc821', '--annotation=_companyName=Microsoft', '--annotation=_productName=VSCode', '--annotation=_version=1.105.1', '--annotation=plat=Win64', '--annotation=prod=Electron', '--annotation=ver=37.6.0', '--initial-client-data=0x45c,0x460,0x464,0x458,0x468,0x7ff772906ce4,0x7ff772906cf0,0x7ff772906d00']","[popenfile(path='C:\\Windows\\System32\\en-US\\mswsock.dll.mui', fd=-1)]",7680,0.0,7,20,19,5847,228,0.0,0.09375,209,0,28.21875,10.42578125,benign
172,C:\Windows\System32\svchost.exe,svchost.exe,0.17875999324642072,,,,7752,0.0,1,1,1,5788,4096,0.03125,0.046875,62,0,7.3203125,1.59375,benign
349,C:\Users\keylogger\AppData\Local\Programs\Microsoft VS Code\Code.exe,Code.exe,4.993642287326641,32768.0,"['C:\\Users\\keylogger\\AppData\\Local\\Programs\\Microsoft VS Code\\Code.exe', '--type=gpu-process', '--user-data-dir=C:\\Users\\keylogger\\AppData\\Roaming\\Code', '--gpu-preferences=UAAAAAAAAADgAAAEAAAAAAAAAAAAAAAAAABgAAEAAAAAAAAAAAAAAAAAAAACAAAAAAAAAAAAAAAAAAAAAAAAABAAAAAAAAAAEAAAAAAAAAAIAAAAAAAAAAgAAAAAAAAA', '--field-trial-handle=1768,i,5791151919403288756,5385276150718787774,262144', '--enable-features=DocumentPolicyIncludeJSCallStacksInCrashReports,EarlyEstablishGpuChannel,EnableTransparentHwndEnlargement,EstablishGpuChannelAsync', '--disable-features=CalculateNativeWinOcclusion,FontationsLinuxSystemFonts,ScreenAIOCREnabled,SpareRendererForSitePerProcess,WinDelaySpellcheckServiceInit', '--variations-seed-version', '--mojo-platform-channel-handle=1764', '/prefetch:2']","[popenfile(path='C:\\Windows\\System32\\en-US\\mswsock.dll.mui', fd=-1), popenfile(path='C:\\Users\\keylogger\\AppData\\Local\\Programs\\Microsoft VS Code\\icudtl.dat', fd=-1)]",7812,0.0,16,140543,126430,1245484574,14514176,32.0625,157.125,1054158,0,204.4921875,198.52734375,benign
332,C:\Users\keylogger\AppData\Local\Programs\Microsoft VS Code\Code.exe,Code.exe,1.0333548595722923,32.0,"['C:\\Users\\keylogger\\AppData\\Local\\Programs\\Microsoft VS Code\\Code.exe', '--type=utility', '--utility-sub-type=network.mojom.NetworkService', '--lang=en-US', '--service-sandbox-type=none', '--user-data-dir=C:\\Users\\keylogger\\AppData\\Roaming\\Code', '--standard-schemes=vscode-webview,vscode-file', '--enable-sandbox', '--secure-schemes=vscode-webview,vscode-file', '--cors-schemes=vscode-webview,vscode-file', '--fetch-schemes=vscode-webview,vscode-file', '--service-worker-schemes=vscode-webview', '--code-cache-schemes=vscode-webview,vscode-file', '--field-trial-handle=1768,i,5791151919403288756,5385276150718787774,262144', '--enable-features=DocumentPolicyIncludeJSCallStacksInCrashReports,EarlyEstablishGpuChannel,EnableTransparentHwndEnlargement,EstablishGpuChannelAsync', '--disable-features=CalculateNativeWinOcclusion,FontationsLinuxSystemFonts,ScreenAIOCREnabled,SpareRendererForSitePerProcess,WinDelaySpellcheckServiceInit', '--variations-seed-version', '--mojo-platform-channel-handle=2024', '/prefetch:3']","[popenfile(path='C:\\Users\\keylogger\\AppData\\Local\\Programs\\Microsoft VS Code\\locales\\en-US.pak', fd=-1), popenfile(path='C:\\Users\\keylogger\\AppData\\Roaming\\Code\\Shared Dictionary\\db', fd=-1), popenfile(path='C:\\Users\\keylogger\\AppData\\Local\\Programs\\Microsoft VS Code\\resources.pak', fd=-1), popenfile(path='C:\\Users\\keylogger\\AppData\\Roaming\\Code\\Network\\Trust Tokens', fd=-1), popenfile(path='C:\\Users\\keylogger\\AppData\\Roaming\\Code\\Cache\\Cache_Data\\data_1', fd=-1), popenfile(path='C:\\Users\\keylogger\\AppData\\Local\\Programs\\Microsoft VS Code\\v8_context_snapshot.bin', fd=-1), popenfile(path='C:\\Users\\keylogger\\AppData\\Roaming\\Code\\Network\\Cookies', fd=-1), popenfile(path='C:\\Users\\keylogger\\AppData\\Local\\Programs\\Microsoft VS Code\\chrome_200_percent.pak', fd=-1), popenfile(path='C:\\Users\\keylogger\\AppData\\Roaming\\Code\\Cache\\Cache_Data\\data_3', fd=-1), popenfile(path='C:\\Users\\keylogger\\AppData\\Roaming\\Code\\Cache\\Cache_Data\\index', fd=-1), popenfile(path='C:\\Users\\keylogger\\AppData\\Roaming\\Code\\Cache\\Cache_Data\\data_2', fd=-1), popenfile(path='C:\\Users\\keylogger\\AppData\\Local\\Programs\\Microsoft VS Code\\chrome_100_percent.pak', fd=-1), popenfile(path='C:\\Windows\\Registration\\R000000000006.clb', fd=-1), popenfile(path='C:\\Windows\\System32\\en-US\\mswsock.dll.mui', fd=-1), popenfile(path='C:\\Users\\keylogger\\AppData\\Roaming\\Code\\Cache\\Cache_Data\\data_0', fd=-1), popenfile(path='C:\\Users\\keylogger\\AppData\\Local\\Programs\\Microsoft VS Code\\icudtl.dat', fd=-1)]",7844,0.0,15,1441,2535,2285052,747933,1.34375,0.515625,16484,0,42.31640625,13.05859375,benign
773,C:\Users\keylogger\AppData\Local\Microsoft\OneDrive\OneDrive.exe,OneDrive.exe,1.4379972775826002,32.0,"['C:\\Users\\keylogger\\AppData\\Local\\Microsoft\\OneDrive\\OneDrive.exe', '/background']","[popenfile(path='C:\\Windows\\SysWOW64\\en-US\\user32.dll.mui', fd=-1), popenfile(path='C:\\Windows\\System32\\en-US\\propsys.dll.mui', fd=-1), popenfile(path='C:\\Windows\\System32\\en-US\\KernelBase.dll.mui', fd=-1), popenfile(path='C:\\Windows\\SysWOW64\\en-US\\jscript9.dll.mui', fd=-1), popenfile(path='C:\\Windows\\System32\\en-US\\Windows.Security.Authentication.Web.Core.dll.mui', fd=-1), popenfile(path='C:\\Users\\keylogger\\AppData\\Local\\Microsoft\\OneDrive\\logs\\Personal\\SyncEngine-2025-11-12.1357.7876.1.aodl', fd=-1), popenfile(path='C:\\Windows\\System32\\en-US\\crypt32.dll.mui', fd=-1), popenfile(path='C:\\Windows\\SysWOW64\\ieframe.dll', fd=-1), popenfile(path='C:\\Windows\\System32\\en-US\\ieframe.dll.mui', fd=-1), popenfile(path='C:\\Windows\\SystemResources\\ieframe.dll.mun', fd=-1), popenfile(path='C:\\Users\\keylogger\\AppData\\Local\\Microsoft\\OneDrive\\setup\\logs\\Update_2025-11-12_135731_7876-7880.log', fd=-1), popenfile(path='C:\\Windows\\SystemResources\\mshtml.dll.mun', fd=-1), popenfile(path='C:\\Users\\keylogger\\AppData\\Local\\Microsoft\\OneDrive\\21.220.1024.0005\\en\\FileSync.LocalizedResources.dll.mui', fd=-1), popenfile(path='C:\\Windows\\System32\\en-US\\mshtml.dll.mui', fd=-1), popenfile(path='C:\\Windows\\SysWOW64\\en-US\\urlmon.dll.mui', fd=-1), popenfile(path='C:\\Windows\\Registration\\R000000000006.clb', fd=-1), popenfile(path='C:\\Windows\\System32\\en-US\\mswsock.dll.mui', fd=-1)]",7876,0.0,24,66,3100,1177079,988394,0.859375,2.234375,14550,0,58.88671875,25.21484375,benign
329,C:\Windows\System32\RuntimeBroker.exe,RuntimeBroker.exe,0.6095391445275499,32.0,"['C:\\Windows\\System32\\RuntimeBroker.exe', '-Embedding']","[popenfile(path='C:\\Windows\\System32\\en-US\\propsys.dll.mui', fd=-1), popenfile(path='C:\\Windows\\System32\\en-US\\shell32.dll.mui', fd=-1), popenfile(path='C:\\Windows\\System32\\en-US\\windows.storage.dll.mui', fd=-1), popenfile(path='C:\\Windows\\System32\\en-US\\Windows.Storage.Search.dll.mui', fd=-1), popenfile(path='C:\\Windows\\Registration\\R000000000006.clb', fd=-1)]",8024,0.0,3,258,8,168154,128,0.1875,0.875,403,0,24.9609375,8.40625,benign
511,C:\Users\keylogger\AppData\Local\Programs\Microsoft VS Code\Code.exe,Code.exe,10.584613858382784,32.0,"['C:\\Users\\keylogger\\AppData\\Local\\Programs\\Microsoft VS Code\\Code.exe', '--type=renderer', '--user-data-dir=C:\\Users\\keylogger\\AppData\\Roaming\\Code', '--standard-schemes=vscode-webview,vscode-file', '--enable-sandbox', '--secure-schemes=vscode-webview,vscode-file', '--cors-schemes=vscode-webview,vscode-file', '--fetch-schemes=vscode-webview,vscode-file', '--service-worker-schemes=vscode-webview', '--code-cache-schemes=vscode-webview,vscode-file', '--app-user-model-id=Microsoft.VisualStudioCode', '--app-path=C:\\Users\\keylogger\\AppData\\Local\\Programs\\Microsoft VS Code\\resources\\app', '--enable-sandbox', '--enable-blink-features=HighlightAPI', '--disable-blink-features=FontMatchingCTMigration,StandardizedBrowserZoom,', '--video-capture-use-gpu-memory-buffer', '--lang=en-US', '--device-scale-factor=1', '--num-raster-threads=1', '--renderer-client-id=4', '--time-ticks-at-unix-epoch=-1762955756248046', '--launch-time-ticks=79636693', '--field-trial-handle=1768,i,5791151919403288756,5385276150718787774,262144', '--enable-features=DocumentPolicyIncludeJSCallStacksInCrashReports,EarlyEstablishGpuChannel,EnableTransparentHwndEnlargement,EstablishGpuChannelAsync', '--disable-features=CalculateNativeWinOcclusion,FontationsLinuxSystemFonts,ScreenAIOCREnabled,SpareRendererForSitePerProcess,WinDelaySpellcheckServiceInit', '--variations-seed-version', '--mojo-platform-channel-handle=3176', '--vscode-window-config=vscode:dcf33721-1f8e-4ed2-9410-8541038fd530', '/prefetch:1']","[popenfile(path='C:\\Users\\keylogger\\AppData\\Local\\Programs\\Microsoft VS Code\\locales\\en-US.pak', fd=-1), popenfile(path='C:\\Windows\\Fonts\\l_10646.ttf', fd=-1), popenfile(path='C:\\Windows\\Fonts\\consolai.ttf', fd=-1), popenfile(path='C:\\Users\\keylogger\\AppData\\Local\\Programs\\Microsoft VS Code\\v8_context_snapshot.bin', fd=-1), popenfile(path='C:\\Windows\\Fonts\\times.ttf', fd=-1), popenfile(path='C:\\Windows\\Fonts\\arial.ttf', fd=-1), popenfile(path='C:\\Windows\\Fonts\\consolab.ttf', fd=-1), popenfile(path='C:\\Windows\\Fonts\\palab.ttf', fd=-1), popenfile(path='C:\\Windows\\Fonts\\timesbi.ttf', fd=-1), popenfile(path='C:\\Windows\\Fonts\\segoeuib.ttf', fd=-1), popenfile(path='C:\\Windows\\System32\\en-US\\mswsock.dll.mui', fd=-1), popenfile(path='C:\\Windows\\Fonts\\arialbi.ttf', fd=-1), popenfile(path='C:\\Users\\keylogger\\AppData\\Local\\Programs\\Microsoft VS Code\\icudtl.dat', fd=-1), popenfile(path='C:\\Windows\\Fonts\\segoeuisl.ttf', fd=-1), popenfile(path='C:\\Windows\\Fonts\\seguibli.ttf', fd=-1), popenfile(path='C:\\Windows\\Fonts\\palai.ttf', fd=-1), popenfile(path='C:\\Users\\keylogger\\AppData\\Local\\Programs\\Microsoft VS Code\\resources.pak', fd=-1), popenfile(path='C:\\Windows\\Fonts\\consolaz.ttf', fd=-1), popenfile(path='C:\\Windows\\Fonts\\msyh.ttc', fd=-1), popenfile(path='C:\\Windows\\Fonts\\cour.ttf', fd=-1), popenfile(path='C:\\Windows\\Fonts\\tahoma.ttf', fd=-1), popenfile(path='C:\\Windows\\Fonts\\consola.ttf', fd=-1), popenfile(path='C:\\Windows\\Fonts\\ariali.ttf', fd=-1), popenfile(path='C:\\Users\\keylogger\\AppData\\Local\\Programs\\Microsoft VS Code\\chrome_100_percent.pak', fd=-1), popenfile(path='C:\\Windows\\Fonts\\timesbd.ttf', fd=-1), popenfile(path='C:\\Windows\\Fonts\\seguili.ttf', fd=-1), popenfile(path='C:\\Windows\\Fonts\\segoeuiz.ttf', fd=-1), popenfile(path='C:\\Windows\\Fonts\\msgothic.ttc', fd=-1), popenfile(path='C:\\Windows\\Fonts\\seguibl.ttf', fd=-1), popenfile(path='C:\\Windows\\Fonts\\micross.ttf', fd=-1), popenfile(path='C:\\Users\\keylogger\\AppData\\Local\\Programs\\Microsoft VS Code\\chrome_200_percent.pak', fd=-1), popenfile(path='C:\\Windows\\Fonts\\palabi.ttf', fd=-1), popenfile(path='C:\\Windows\\Fonts\\courbd.ttf', fd=-1), popenfile(path='C:\\Windows\\Fonts\\msyhbd.ttc', fd=-1), popenfile(path='C:\\Windows\\Fonts\\seguisbi.ttf', fd=-1), popenfile(path='C:\\Windows\\Fonts\\couri.ttf', fd=-1), popenfile(path='C:\\Windows\\Fonts\\courbi.ttf', fd=-1), popenfile(path='C:\\Users\\keylogger\\AppData\\Local\\Temp\\a32bd24a-8d0f-44e1-9bb0-31b99d3e2f23.tmp', fd=-1), popenfile(path='C:\\Windows\\Fonts\\cambria.ttc', fd=-1), popenfile(path='C:\\Windows\\Fonts\\msyhl.ttc', fd=-1), popenfile(path='C:\\Windows\\Fonts\\seguisli.ttf', fd=-1), popenfile(path='C:\\Windows\\Fonts\\arialbd.ttf', fd=-1), popenfile(path='C:\\Windows\\Fonts\\ariblk.ttf', fd=-1), popenfile(path='C:\\Windows\\Fonts\\segoeui.ttf', fd=-1), popenfile(path='C:\\Windows\\Fonts\\tahomabd.ttf', fd=-1), popenfile(path='C:\\Windows\\Fonts\\pala.ttf', fd=-1), popenfile(path='C:\\Windows\\Fonts\\timesi.ttf', fd=-1), popenfile(path='C:\\Windows\\Fonts\\segoeuil.ttf', fd=-1), popenfile(path='C:\\Windows\\Fonts\\seguisb.ttf', fd=-1), popenfile(path='C:\\Windows\\Fonts\\segoeuii.ttf', fd=-1)]",8092,0.0,16,257314,233483,305620895,1265866886,351.796875,56.515625,2144807,0,433.4453125,340.26953125,benign
1715,C:\Program Files (x86)\Microsoft\Edge\Application\msedge.exe,msedge.exe,3.998920190435672,32.0,"['C:\\Program Files (x86)\\Microsoft\\Edge\\Application\\msedge.exe', '--no-startup-window', '--win-session-start']","[popenfile(path='C:\\Users\\keylogger\\AppData\\Local\\Microsoft\\Edge\\User Data\\Default\\ServerCertificate', fd=-1), popenfile(path='C:\\Users\\keylogger\\AppData\\Local\\Microsoft\\Edge\\User Data\\ShaderCache\\data_1', fd=-1), popenfile(path='C:\\Users\\keylogger\\AppData\\Local\\Microsoft\\Edge\\User Data\\GrShaderCache\\index', fd=-1), popenfile(path='C:\\Users\\keylogger\\AppData\\Local\\Microsoft\\Edge\\User Data\\Default\\DawnGraphiteCache\\index', fd=-1), popenfile(path='C:\\Users\\keylogger\\AppData\\Local\\Microsoft\\Edge\\User Data\\ZxcvbnData\\3.1.0.0\\ranked_dicts', fd=-1), popenfile(path='C:\\Users\\keylogger\\AppData\\Local\\Microsoft\\Edge\\User Data\\Default\\SharedStorage', fd=-1), popenfile(path='C:\\Users\\keylogger\\AppData\\Local\\Microsoft\\Edge\\User Data\\Safe Browsing\\ChromeExtMalware.store.32_13407429720145065', fd=-1), popenfile(path='C:\\Users\\keylogger\\AppData\\Local\\Microsoft\\Edge\\User Data\\Default\\History', fd=-1), popenfile(path='C:\\Program Files (x86)\\Microsoft\\Edge\\Application\\142.0.3595.53\\Locales\\en-US.pak', fd=-1), popenfile(path='C:\\Users\\keylogger\\AppData\\Local\\Microsoft\\Edge\\User Data\\Default\\Platform Notifications\\LOCK', fd=-1), popenfile(path='C:\\Users\\keylogger\\AppData\\Local\\Microsoft\\Edge\\User Data\\Default\\shared_proto_db\\LOG', fd=-1), popenfile(path='C:\\Users\\keylogger\\AppData\\Local\\Microsoft\\Edge\\User Data\\GrShaderCache\\data_0', fd=-1), popenfile(path='C:\\Users\\keylogger\\AppData\\Local\\Microsoft\\Edge\\User Data\\Default\\SharedStorage-wal', fd=-1), popenfile(path='C:\\Users\\keylogger\\AppData\\Local\\Microsoft\\Edge\\User Data\\Default\\Site Characteristics Database\\MANIFEST-000001', fd=-1), popenfile(path='C:\\Users\\keylogger\\AppData\\Local\\Microsoft\\Edge\\User Data\\GraphiteDawnCache\\index', fd=-1), popenfile(path='C:\\Users\\keylogger\\AppData\\Local\\Microsoft\\Edge\\User Data\\GrShaderCache\\data_2', fd=-1), popenfile(path='C:\\Users\\keylogger\\AppData\\Local\\Microsoft\\Edge\\User Data\\Default\\DawnWebGPUCache\\index', fd=-1), popenfile(path='C:\\Windows\\Fonts\\segoeuii.ttf', fd=-1), popenfile(path='C:\\Users\\keylogger\\AppData\\Local\\Microsoft\\Edge\\User Data\\Subresource Filter\\Indexed Rules\\37\\10.34.0.81\\Ruleset Data', fd=-1), popenfile(path='C:\\Users\\keylogger\\AppData\\Local\\Microsoft\\Edge\\User Data\\Default\\Extension State\\LOCK', fd=-1), popenfile(path='C:\\Users\\keylogger\\AppData\\Local\\Microsoft\\Edge\\User Data\\Nurturing\\campaign_history', fd=-1), popenfile(path='C:\\Users\\keylogger\\AppData\\Local\\Microsoft\\Edge\\User Data\\first_party_sets.db', fd=-1), popenfile(path='C:\\Users\\keylogger\\AppData\\Local\\Microsoft\\Edge\\User Data\\Default\\Web Data-journal', fd=-1), popenfile(path='C:\\Users\\keylogger\\AppData\\Local\\Microsoft\\Edge\\User Data\\Default\\Sessions\\Tabs_13407432323749433', fd=-1), popenfile(path='C:\\Windows\\System32\\en-US\\propsys.dll.mui', fd=-1), popenfile(path='C:\\Users\\keylogger\\AppData\\Local\\Microsoft\\Edge\\User Data\\Default\\EdgeCoupons\\coupons_data.db\\000008.ldb', fd=-1), popenfile(path='C:\\Users\\keylogger\\AppData\\Local\\Microsoft\\Edge\\User Data\\Default\\ExtensionActivityEdge', fd=-1), popenfile(path='C:\\Users\\keylogger\\AppData\\Local\\Microsoft\\Edge\\User Data\\Default\\Login Data For Account', fd=-1), popenfile(path='C:\\Users\\keylogger\\AppData\\Local\\Microsoft\\Edge\\User Data\\Default\\DawnGraphiteCache\\data_2', fd=-1), popenfile(path='C:\\Users\\keylogger\\AppData\\Local\\Microsoft\\Edge\\User Data\\Default\\DIPS-wal', fd=-1), popenfile(path='C:\\Users\\keylogger\\AppData\\Local\\Microsoft\\Edge\\User Data\\Default\\Site Characteristics Database\\LOG', fd=-1), popenfile(path='C:\\Users\\keylogger\\AppData\\Local\\Microsoft\\Edge\\User Data\\Default\\Sync Data\\LevelDB\\LOCK', fd=-1), popenfile(path='C:\\Program Files (x86)\\Microsoft\\Edge\\Application\\142.0.3595.53\\msedge_100_percent.pak', fd=-1), popenfile(path='C:\\Users\\keylogger\\AppData\\Local\\Microsoft\\Edge\\User Data\\Default\\DawnWebGPUCache\\data_0', fd=-1), popenfile(path='C:\\Users\\keylogger\\AppData\\Local\\Microsoft\\Edge\\User Data\\ShaderCache\\data_2', fd=-1), popenfile(path='C:\\Users\\keylogger\\AppData\\Local\\Microsoft\\Edge\\User Data\\Default\\EdgeCoupons\\coupons_data.db\\000007.log', fd=-1), popenfile(path='C:\\Users\\keylogger\\AppData\\Local\\Microsoft\\Edge\\User Data\\Default\\load_statistics.db', fd=-1), popenfile(path='C:\\Users\\keylogger\\AppData\\Local\\Microsoft\\Edge\\User Data\\Default\\DawnWebGPUCache\\data_3', fd=-1), popenfile(path='C:\\Users\\keylogger\\AppData\\Local\\Microsoft\\Edge\\User Data\\first_party_sets.db-journal', fd=-1), popenfile(path='C:\\Program Files (x86)\\Microsoft\\Edge\\Application\\142.0.3595.53\\icudtl.dat', fd=-1), popenfile(path='C:\\Users\\keylogger\\AppData\\Local\\Microsoft\\Edge\\User Data\\Default\\Web Data', fd=-1), popenfile(path='C:\\Users\\keylogger\\AppData\\Local\\Microsoft\\Edge\\User Data\\GrShaderCache\\data_3', fd=-1), popenfile(path='C:\\Users\\keylogger\\AppData\\Local\\Microsoft\\Edge\\User Data\\Default\\Vpn Tokens', fd=-1), popenfile(path='C:\\Users\\keylogger\\AppData\\Local\\Microsoft\\Edge\\User Data\\Default\\Service Worker\\Database\\LOG', fd=-1), popenfile(path='C:\\Users\\keylogger\\AppData\\Local\\Microsoft\\Edge\\User Data\\Default\\DawnWebGPUCache\\data_1', fd=-1), popenfile(path='C:\\Users\\keylogger\\AppData\\Local\\Microsoft\\Edge\\User Data\\Default\\EdgeEDrop\\EdgeEDropSQLite.db', fd=-1), popenfile(path='C:\\Users\\keylogger\\AppData\\Local\\Microsoft\\Edge\\User Data\\Default\\WebStorage\\QuotaManager', fd=-1), popenfile(path='C:\\Users\\keylogger\\AppData\\Local\\Microsoft\\Edge\\User Data\\Default\\Nurturing\\campaign_history', fd=-1), popenfile(path='C:\\Users\\keylogger\\AppData\\Local\\Microsoft\\Edge\\User Data\\Default\\shared_proto_db\\metadata\\LOG', fd=-1), popenfile(path='C:\\Users\\keylogger\\AppData\\Local\\Microsoft\\Edge\\User Data\\Default\\EdgeCoupons\\coupons_data.db\\LOG', fd=-1), popenfile(path='C:\\Users\\keylogger\\AppData\\Local\\Microsoft\\Edge\\User Data\\Default\\BrowsingTopicsSiteData', fd=-1), popenfile(path='C:\\Users\\keylogger\\AppData\\Local\\Microsoft\\Edge\\User Data\\Default\\History-journal', fd=-1), popenfile(path='C:\\Users\\keylogger\\AppData\\Local\\Microsoft\\Edge\\User Data\\Default\\DawnGraphiteCache\\data_1', fd=-1), popenfile(path='C:\\Users\\keylogger\\AppData\\Local\\Microsoft\\Edge\\User Data\\GrShaderCache\\data_1', fd=-1), popenfile(path='C:\\Users\\keylogger\\AppData\\Local\\Microsoft\\Edge\\User Data\\lockfile', fd=-1), popenfile(path='C:\\Users\\keylogger\\AppData\\Local\\Microsoft\\Edge\\User Data\\Default\\DIPS', fd=-1), popenfile(path='C:\\Users\\keylogger\\AppData\\Local\\Microsoft\\Edge\\User Data\\GraphiteDawnCache\\data_2', fd=-1), popenfile(path='C:\\Windows\\Fonts\\segoeui.ttf', fd=-1), popenfile(path='C:\\Users\\keylogger\\AppData\\Local\\Microsoft\\Edge\\User Data\\Default\\Sessions\\Session_13407434448585341', fd=-1), popenfile(path='C:\\Users\\keylogger\\AppData\\Local\\Microsoft\\Edge\\User Data\\Default\\Top Sites', fd=-1), popenfile(path='C:\\Users\\keylogger\\AppData\\Local\\Microsoft\\Edge\\User Data\\Default\\Service Worker\\Database\\LOCK', fd=-1), popenfile(path='C:\\Users\\keylogger\\AppData\\Local\\Microsoft\\Edge\\User Data\\Default\\Network Action Predictor-journal', fd=-1), popenfile(path='C:\\Users\\keylogger\\AppData\\Local\\Microsoft\\Edge\\User Data\\Default\\MediaDeviceSalts-journal', fd=-1), popenfile(path='C:\\Users\\keylogger\\AppData\\Local\\Microsoft\\Edge\\User Data\\Default\\EdgeHubAppUsage\\EdgeHubAppUsageSQLite.db', fd=-1), popenfile(path='C:\\Windows\\System32\\en-US\\KernelBase.dll.mui', fd=-1), popenfile(path='C:\\Users\\keylogger\\AppData\\Local\\Microsoft\\Edge\\User Data\\Default\\HubApps Icons', fd=-1), popenfile(path='C:\\Users\\keylogger\\AppData\\Local\\Microsoft\\Edge\\User Data\\Default\\Service Worker\\Database\\000003.log', fd=-1), popenfile(path='C:\\Users\\keylogger\\AppData\\Local\\Microsoft\\Edge\\User Data\\Default\\GPUCache\\data_1', fd=-1), popenfile(path='C:\\Users\\keylogger\\AppData\\Local\\Microsoft\\Edge\\User Data\\Default\\EdgeCoupons\\coupons_data.db\\000005.ldb', fd=-1), popenfile(path='C:\\Users\\keylogger\\AppData\\Local\\Microsoft\\Edge\\User Data\\BrowserMetrics\\BrowserMetrics-6914923F-1FC0.pma', fd=-1), popenfile(path='C:\\Users\\keylogger\\AppData\\Local\\Microsoft\\Edge\\User Data\\Default\\DawnGraphiteCache\\data_3', fd=-1), popenfile(path='C:\\Users\\keylogger\\AppData\\Local\\Microsoft\\Edge\\User Data\\Default\\Login Data', fd=-1), popenfile(path='C:\\Users\\keylogger\\AppData\\Local\\Microsoft\\Edge\\User Data\\Default\\Local Storage\\leveldb\\LOCK', fd=-1), popenfile(path='C:\\Users\\keylogger\\AppData\\Local\\Microsoft\\Edge\\User Data\\ShaderCache\\index', fd=-1), popenfile(path='C:\\Users\\keylogger\\AppData\\Local\\Microsoft\\Edge\\User Data\\Default\\Site Characteristics Database\\LOCK', fd=-1), popenfile(path='C:\\Users\\keylogger\\AppData\\Local\\Microsoft\\Edge\\User Data\\Default\\MediaDeviceSalts', fd=-1), popenfile(path='C:\\Users\\keylogger\\AppData\\Local\\Microsoft\\Edge\\User Data\\Default\\GPUCache\\index', fd=-1), popenfile(path='C:\\Program Files (x86)\\Microsoft\\Edge\\Application\\142.0.3595.53\\resources.pak', fd=-1), popenfile(path='C:\\Users\\keylogger\\AppData\\Local\\Microsoft\\Edge\\User Data\\Default\\Sync Data\\LevelDB\\LOG', fd=-1), popenfile(path='C:\\Users\\keylogger\\AppData\\Local\\Microsoft\\Edge\\User Data\\Default\\shared_proto_db\\metadata\\000003.log', fd=-1), popenfile(path='C:\\Users\\keylogger\\AppData\\Local\\Microsoft\\Edge\\User Data\\Default\\load_statistics.db-shm', fd=-1), popenfile(path='C:\\Users\\keylogger\\AppData\\Local\\Microsoft\\Edge\\User Data\\Default\\GPUCache\\data_0', fd=-1), popenfile(path='C:\\Users\\keylogger\\AppData\\Local\\Microsoft\\Edge\\User Data\\Default\\GPUCache\\data_2', fd=-1), popenfile(path='C:\\Users\\keylogger\\AppData\\Local\\Microsoft\\Edge\\User Data\\Default\\Site Characteristics Database\\000003.log', fd=-1), popenfile(path='C:\\Users\\keylogger\\AppData\\Local\\Microsoft\\Edge\\User Data\\Default\\DawnWebGPUCache\\data_2', fd=-1), popenfile(path='C:\\Users\\keylogger\\AppData\\Local\\Microsoft\\Edge\\User Data\\Default\\Sync Data\\LevelDB\\MANIFEST-000001', fd=-1), popenfile(path='C:\\Users\\keylogger\\AppData\\Local\\Microsoft\\Edge\\User Data\\Default\\Favicons-journal', fd=-1), popenfile(path='C:\\Users\\keylogger\\AppData\\Local\\Microsoft\\Edge\\User Data\\Default\\EdgeJourneys\\EdgeJourneys.db', fd=-1), popenfile(path='C:\\Users\\keylogger\\AppData\\Local\\Microsoft\\Edge\\User Data\\Default\\Favicons', fd=-1), popenfile(path='C:\\Windows\\System32\\en-US\\Windows.Security.Authentication.Web.Core.dll.mui', fd=-1), popenfile(path='C:\\Users\\keylogger\\AppData\\Local\\Microsoft\\Edge\\User Data\\Default\\WebAssistDatabase', fd=-1), popenfile(path='C:\\Users\\keylogger\\AppData\\Local\\Microsoft\\Edge\\User Data\\Default\\Platform Notifications\\MANIFEST-000001', fd=-1), popenfile(path='C:\\Windows\\Fonts\\seguisb.ttf', fd=-1), popenfile(path='C:\\Users\\keylogger\\AppData\\Local\\Microsoft\\Edge\\User Data\\Default\\Shortcuts-journal', fd=-1), popenfile(path='C:\\Users\\keylogger\\AppData\\Local\\Microsoft\\Edge\\User Data\\GraphiteDawnCache\\data_0', fd=-1), popenfile(path='C:\\Users\\keylogger\\AppData\\Local\\Microsoft\\Edge\\User Data\\ShaderCache\\data_0', fd=-1), popenfile(path='C:\\Windows\\Registration\\R000000000006.clb', fd=-1), popenfile(path='C:\\Users\\keylogger\\AppData\\Local\\Microsoft\\Edge\\User Data\\Default\\shared_proto_db\\LOCK', fd=-1), popenfile(path='C:\\Program Files (x86)\\Microsoft\\Edge\\Application\\142.0.3595.53\\msedge_200_percent.pak', fd=-1), popenfile(path='C:\\Users\\keylogger\\AppData\\Local\\Microsoft\\Edge\\User Data\\Default\\load_statistics.db-wal', fd=-1), popenfile(path='C:\\Windows\\System32\\en-US\\kernel32.dll.mui', fd=-1), popenfile(path='C:\\Users\\keylogger\\AppData\\Local\\Microsoft\\Edge\\User Data\\Default\\Platform Notifications\\LOG', fd=-1), popenfile(path='C:\\Users\\keylogger\\AppData\\Local\\Microsoft\\Edge\\User Data\\Default\\Network Action Predictor', fd=-1), popenfile(path='C:\\Users\\keylogger\\AppData\\Local\\Microsoft\\Edge\\User Data\\ShaderCache\\data_3', fd=-1), popenfile(path='C:\\Windows\\System32\\en-US\\combase.dll.mui', fd=-1), popenfile(path='C:\\Windows\\System32\\en-US\\user32.dll.mui', fd=-1), popenfile(path='C:\\Users\\keylogger\\AppData\\Local\\Microsoft\\Edge\\User Data\\Default\\heavy_ad_intervention_opt_out.db', fd=-1), popenfile(path='C:\\Windows\\System32\\en-US\\Geolocation.dll.mui', fd=-1), popenfile(path='C:\\Windows\\Fonts\\segoeuib.ttf', fd=-1), popenfile(path='C:\\Users\\keylogger\\AppData\\Local\\Microsoft\\Edge\\User Data\\Default\\shared_proto_db\\metadata\\LOCK', fd=-1), popenfile(path='C:\\Users\\keylogger\\AppData\\Local\\Microsoft\\Edge\\User Data\\Default\\GPUCache\\data_3', fd=-1), popenfile(path='C:\\Users\\keylogger\\AppData\\Local\\Microsoft\\Edge\\User Data\\Default\\EdgeCoupons\\coupons_data.db\\LOCK', fd=-1), popenfile(path='C:\\Users\\keylogger\\AppData\\Local\\Microsoft\\Edge\\User Data\\Default\\shared_proto_db\\000003.log', fd=-1), popenfile(path='C:\\Users\\keylogger\\AppData\\Local\\Microsoft\\Edge\\User Data\\Default\\DawnGraphiteCache\\data_0', fd=-1), popenfile(path='C:\\Users\\keylogger\\AppData\\Local\\Microsoft\\Edge\\User Data\\Default\\Sync Data\\LevelDB\\000003.log', fd=-1), popenfile(path='C:\\Users\\keylogger\\AppData\\Local\\Microsoft\\Edge\\User Data\\Default\\Shortcuts', fd=-1), popenfile(path='C:\\Users\\keylogger\\AppData\\Local\\Microsoft\\Edge\\User Data\\Default\\Extension State\\LOG', fd=-1), popenfile(path='C:\\Users\\keylogger\\AppData\\Local\\Microsoft\\Edge\\User Data\\Default\\Session Storage\\LOCK', fd=-1), popenfile(path='C:\\Users\\keylogger\\AppData\\Local\\Microsoft\\Edge\\User Data\\Default\\ExtensionActivityComp', fd=-1), popenfile(path='C:\\Users\\keylogger\\AppData\\Local\\Microsoft\\Edge\\User Data\\GraphiteDawnCache\\data_1', fd=-1), popenfile(path='C:\\Users\\keylogger\\AppData\\Local\\Microsoft\\Edge\\User Data\\Default\\Platform Notifications\\000003.log', fd=-1), popenfile(path='C:\\Users\\keylogger\\AppData\\Local\\Microsoft\\Edge\\User Data\\Default\\EdgeCoupons\\coupons_data.db\\MANIFEST-000001', fd=-1), popenfile(path='C:\\Users\\keylogger\\AppData\\Local\\Microsoft\\Edge\\User Data\\Default\\WebStorage\\QuotaManager-journal', fd=-1), popenfile(path='C:\\Users\\keylogger\\AppData\\Local\\Microsoft\\Edge\\User Data\\Default\\EdgeJourneys\\EdgeJourneys.db-wal', fd=-1), popenfile(path='C:\\Windows\\Fonts\\seguisbi.ttf', fd=-1), popenfile(path='C:\\Users\\keylogger\\AppData\\Local\\Microsoft\\Edge\\User Data\\Default\\Extension State\\000003.log', fd=-1), popenfile(path='C:\\Users\\keylogger\\AppData\\Local\\Microsoft\\Edge\\User Data\\Default\\Service Worker\\Database\\MANIFEST-000001', fd=-1), popenfile(path='C:\\Users\\keylogger\\AppData\\Local\\Microsoft\\Edge\\User Data\\Default\\DashTrackerDatabase', fd=-1), popenfile(path='C:\\Users\\keylogger\\AppData\\Local\\Microsoft\\Edge\\User Data\\Default\\shared_proto_db\\MANIFEST-000001', fd=-1), popenfile(path='C:\\Users\\keylogger\\AppData\\Local\\Microsoft\\Edge\\User Data\\Default\\Extension State\\MANIFEST-000001', fd=-1), popenfile(path='C:\\Users\\keylogger\\AppData\\Local\\Microsoft\\Edge\\User Data\\Default\\shared_proto_db\\metadata\\MANIFEST-000001', fd=-1), popenfile(path='C:\\Users\\keylogger\\AppData\\Local\\Microsoft\\Edge\\User Data\\GraphiteDawnCache\\data_3', fd=-1)]",8128,0.0,58,108205,61824,115874208,157996640,50.75,48.28125,730750,0,163.7578125,82.0859375,benign
339,C:\Users\keylogger\AppData\Local\Programs\Microsoft VS Code\Code.exe,Code.exe,2.2100801939841634,32.0,"['C:\\Users\\keylogger\\AppData\\Local\\Programs\\Microsoft VS Code\\Code.exe', '--type=utility', '--utility-sub-type=node.mojom.NodeService', '--lang=en-US', '--service-sandbox-type=none', '--user-data-dir=C:\\Users\\keylogger\\AppData\\Roaming\\Code', '--standard-schemes=vscode-webview,vscode-file', '--enable-sandbox', '--secure-schemes=vscode-webview,vscode-file', '--cors-schemes=vscode-webview,vscode-file', '--fetch-schemes=vscode-webview,vscode-file', '--service-worker-schemes=vscode-webview', '--code-cache-schemes=vscode-webview,vscode-file', '--field-trial-handle=1768,i,5791151919403288756,5385276150718787774,262144', '--enable-features=DocumentPolicyIncludeJSCallStacksInCrashReports,EarlyEstablishGpuChannel,EnableTransparentHwndEnlargement,EstablishGpuChannelAsync', '--disable-features=CalculateNativeWinOcclusion,FontationsLinuxSystemFonts,ScreenAIOCREnabled,SpareRendererForSitePerProcess,WinDelaySpellcheckServiceInit', '--variations-seed-version', '--mojo-platform-channel-handle=3808', '/prefetch:8']","[popenfile(path='C:\\Users\\keylogger\\AppData\\Local\\Programs\\Microsoft VS Code\\locales\\en-US.pak', fd=-1), popenfile(path='C:\\Users\\keylogger\\AppData\\Local\\Programs\\Microsoft VS Code\\resources.pak', fd=-1), popenfile(path='C:\\Users\\keylogger\\AppData\\Local\\Programs\\Microsoft VS Code\\v8_context_snapshot.bin', fd=-1), popenfile(path='C:\\Users\\keylogger\\AppData\\Local\\Programs\\Microsoft VS Code\\chrome_200_percent.pak', fd=-1), popenfile(path='C:\\Users\\keylogger\\AppData\\Local\\Programs\\Microsoft VS Code\\chrome_100_percent.pak', fd=-1), popenfile(path='C:\\Windows\\Registration\\R000000000006.clb', fd=-1), popenfile(path='C:\\Windows\\System32\\en-US\\mswsock.dll.mui', fd=-1), popenfile(path='C:\\Users\\keylogger\\AppData\\Local\\Programs\\Microsoft VS Code\\icudtl.dat', fd=-1)]",8308,0.0,22,4359,1891,25329787,8204540,7.21875,3.90625,262071,0,90.50390625,81.25390625,benign
363,C:\Users\keylogger\AppData\Local\Programs\Microsoft VS Code\Code.exe,Code.exe,4.3450888219678285,32.0,"['C:\\Users\\keylogger\\AppData\\Local\\Programs\\Microsoft VS Code\\Code.exe', '--type=utility', '--utility-sub-type=node.mojom.NodeService', '--lang=en-US', '--service-sandbox-type=none', '--dns-result-order=ipv4first', '--experimental-network-inspection', '--inspect-port=0', '--user-data-dir=C:\\Users\\keylogger\\AppData\\Roaming\\Code', '--standard-schemes=vscode-webview,vscode-file', '--enable-sandbox', '--secure-schemes=vscode-webview,vscode-file', '--cors-schemes=vscode-webview,vscode-file', '--fetch-schemes=vscode-webview,vscode-file', '--service-worker-schemes=vscode-webview', '--code-cache-schemes=vscode-webview,vscode-file', '--field-trial-handle=1768,i,5791151919403288756,5385276150718787774,262144', '--enable-features=DocumentPolicyIncludeJSCallStacksInCrashReports,EarlyEstablishGpuChannel,EnableTransparentHwndEnlargement,EstablishGpuChannelAsync', '--disable-features=CalculateNativeWinOcclusion,FontationsLinuxSystemFonts,ScreenAIOCREnabled,SpareRendererForSitePerProcess,WinDelaySpellcheckServiceInit', '--variations-seed-version', '--mojo-platform-channel-handle=3768', '/prefetch:8']","[popenfile(path='C:\\Users\\keylogger\\AppData\\Local\\Programs\\Microsoft VS Code\\locales\\en-US.pak', fd=-1), popenfile(path='C:\\Users\\keylogger\\AppData\\Roaming\\Code\\logs\\20251112T085715\\window1\\exthost\\ms-python.debugpy\\Python Debugger.log', fd=-1), popenfile(path='C:\\Users\\keylogger\\AppData\\Local\\Programs\\Microsoft VS Code\\resources.pak', fd=-1), popenfile(path='C:\\Users\\keylogger\\AppData\\Roaming\\Code\\logs\\20251112T085715\\window1\\exthost\\ms-python.vscode-python-envs\\Python Environments.log', fd=-1), popenfile(path='C:\\Users\\keylogger\\AppData\\Roaming\\Code\\logs\\20251112T085715\\window1\\exthost\\vscode.github-authentication\\GitHub Authentication.log', fd=-1), popenfile(path='C:\\Users\\keylogger\\AppData\\Roaming\\Code\\logs\\20251112T085715\\window1\\exthost\\exthost.log', fd=-1), popenfile(path='C:\\Windows\\System32\\en-US\\KernelBase.dll.mui', fd=-1), popenfile(path='C:\\Users\\keylogger\\AppData\\Roaming\\Code\\logs\\20251112T085715\\window1\\exthost\\vscode.github\\GitHub.log', fd=-1), popenfile(path='C:\\Users\\keylogger\\AppData\\Local\\Programs\\Microsoft VS Code\\v8_context_snapshot.bin', fd=-1), popenfile(path='C:\\Users\\keylogger\\AppData\\Roaming\\Code\\logs\\20251112T085715\\window1\\exthost\\ms-python.python\\Python.log', fd=-1), popenfile(path='C:\\Users\\keylogger\\AppData\\Local\\Programs\\Microsoft VS Code\\chrome_200_percent.pak', fd=-1), popenfile(path='C:\\Users\\keylogger\\AppData\\Roaming\\Code\\logs\\20251112T085715\\window1\\exthost\\vscode.git\\Git.log', fd=-1), popenfile(path='C:\\Users\\keylogger\\AppData\\Roaming\\Code\\logs\\20251112T085715\\window1\\exthost\\ms-python.python\\Python Language Server.log', fd=-1), popenfile(path='C:\\Users\\keylogger\\AppData\\Local\\Programs\\Microsoft VS Code\\chrome_100_percent.pak', fd=-1), popenfile(path='C:\\Users\\keylogger\\AppData\\Roaming\\Code\\logs\\20251112T085715\\window1\\exthost\\extHostTelemetry.log', fd=-1), popenfile(path='C:\\Windows\\Registration\\R000000000006.clb', fd=-1), popenfile(path='C:\\Windows\\System32\\en-US\\mswsock.dll.mui', fd=-1), popenfile(path='C:\\Users\\keylogger\\AppData\\Local\\Programs\\Microsoft VS Code\\icudtl.dat', fd=-1)]",8340,0.0,24,39931,46874,30261427,191629211,24.734375,11.15625,1129578,0,177.93359375,179.62890625,benign
319,C:\Users\keylogger\AppData\Local\Programs\Microsoft VS Code\Code.exe,Code.exe,2.0959943071524028,32.0,"['C:\\Users\\keylogger\\AppData\\Local\\Programs\\Microsoft VS Code\\Code.exe', '--type=utility', '--utility-sub-type=node.mojom.NodeService', '--lang=en-US', '--service-sandbox-type=none', '--user-data-dir=C:\\Users\\keylogger\\AppData\\Roaming\\Code', '--standard-schemes=vscode-webview,vscode-file', '--enable-sandbox', '--secure-schemes=vscode-webview,vscode-file', '--cors-schemes=vscode-webview,vscode-file', '--fetch-schemes=vscode-webview,vscode-file', '--service-worker-schemes=vscode-webview', '--code-cache-schemes=vscode-webview,vscode-file', '--field-trial-handle=1768,i,5791151919403288756,5385276150718787774,262144', '--enable-features=DocumentPolicyIncludeJSCallStacksInCrashReports,EarlyEstablishGpuChannel,EnableTransparentHwndEnlargement,EstablishGpuChannelAsync', '--disable-features=CalculateNativeWinOcclusion,FontationsLinuxSystemFonts,ScreenAIOCREnabled,SpareRendererForSitePerProcess,WinDelaySpellcheckServiceInit', '--variations-seed-version', '--mojo-platform-channel-handle=3912', '/prefetch:8']","[popenfile(path='C:\\Users\\keylogger\\AppData\\Local\\Programs\\Microsoft VS Code\\locales\\en-US.pak', fd=-1), popenfile(path='C:\\Users\\keylogger\\AppData\\Local\\Programs\\Microsoft VS Code\\resources.pak', fd=-1), popenfile(path='C:\\Windows\\System32\\en-US\\KernelBase.dll.mui', fd=-1), popenfile(path='C:\\Users\\keylogger\\AppData\\Local\\Programs\\Microsoft VS Code\\v8_context_snapshot.bin', fd=-1), popenfile(path='C:\\Users\\keylogger\\AppData\\Local\\Programs\\Microsoft VS Code\\chrome_200_percent.pak', fd=-1), popenfile(path='C:\\Users\\keylogger\\AppData\\Local\\Programs\\Microsoft VS Code\\chrome_100_percent.pak', fd=-1), popenfile(path='C:\\Windows\\Registration\\R000000000006.clb', fd=-1), popenfile(path='C:\\Windows\\System32\\en-US\\mswsock.dll.mui', fd=-1), popenfile(path='C:\\Users\\keylogger\\AppData\\Local\\Programs\\Microsoft VS Code\\icudtl.dat', fd=-1)]",8356,0.0,24,134,4719,1225791,20496400,10.71875,5.359375,570901,0,85.83203125,87.44921875,benign
344,C:\Program Files (x86)\Microsoft\Edge\Application\msedge.exe,msedge.exe,0.9866139862047651,32.0,"['C:\\Program Files (x86)\\Microsoft\\Edge\\Application\\msedge.exe', '--type=utility', '--utility-sub-type=network.mojom.NetworkService', '--lang=en-US', '--service-sandbox-type=none', '--no-pre-read-main-dll', '--startup-read-main-dll', '--metrics-shmem-handle=1900,i,10310775635201473320,13772906323377711286,524288', '--field-trial-handle=2084,i,15097455975441437171,2563118911106030475,262144', '--variations-seed-version', '--trace-process-track-uuid=3190708989122997041', '--mojo-platform-channel-handle=3496', '/prefetch:3']","[popenfile(path='C:\\Program Files (x86)\\Microsoft\\Edge\\Application\\142.0.3595.53\\msedge_100_percent.pak', fd=-1), popenfile(path='C:\\Users\\keylogger\\AppData\\Local\\Microsoft\\Edge\\User Data\\Default\\Network\\Reporting and NEL-journal', fd=-1), popenfile(path='C:\\Users\\keylogger\\AppData\\Local\\Microsoft\\Edge\\User Data\\Default\\Shared Dictionary\\db', fd=-1), popenfile(path='C:\\Program Files (x86)\\Microsoft\\Edge\\Application\\142.0.3595.53\\v8_context_snapshot.bin', fd=-1), popenfile(path='C:\\Program Files (x86)\\Microsoft\\Edge\\Application\\142.0.3595.53\\icudtl.dat', fd=-1), popenfile(path='C:\\Program Files (x86)\\Microsoft\\Edge\\Application\\142.0.3595.53\\Locales\\en-US.pak', fd=-1), popenfile(path='C:\\Program Files (x86)\\Microsoft\\Edge\\Application\\142.0.3595.53\\resources.pak', fd=-1), popenfile(path='C:\\Users\\keylogger\\AppData\\Local\\Microsoft\\Edge\\User Data\\Default\\Cache\\No_Vary_Search\\journal.baj', fd=-1), popenfile(path='C:\\Users\\keylogger\\AppData\\Local\\Microsoft\\Edge\\User Data\\Default\\Cache\\Cache_Data\\data_0', fd=-1), popenfile(path='C:\\Users\\keylogger\\AppData\\Local\\Microsoft\\Edge\\User Data\\Default\\Network\\Cookies-journal', fd=-1), popenfile(path='C:\\Users\\keylogger\\AppData\\Local\\Microsoft\\Edge\\User Data\\Default\\Network\\Reporting and NEL', fd=-1), popenfile(path='C:\\Windows\\Registration\\R000000000006.clb', fd=-1), popenfile(path='C:\\Users\\keylogger\\AppData\\Local\\Microsoft\\Edge\\User Data\\Default\\Network\\Cookies', fd=-1), popenfile(path='C:\\Users\\keylogger\\AppData\\Local\\Microsoft\\Edge\\User Data\\Default\\Safe Browsing Network\\Safe Browsing Cookies', fd=-1), popenfile(path='C:\\Program Files (x86)\\Microsoft\\Edge\\Application\\142.0.3595.53\\msedge_200_percent.pak', fd=-1), popenfile(path='C:\\Users\\keylogger\\AppData\\Local\\Microsoft\\Edge\\User Data\\Default\\Network\\Trust Tokens', fd=-1), popenfile(path='C:\\Users\\keylogger\\AppData\\Local\\Microsoft\\Edge\\User Data\\Default\\Cache\\Cache_Data\\index', fd=-1), popenfile(path='C:\\Users\\keylogger\\AppData\\Local\\Microsoft\\Edge\\User Data\\Default\\Cache\\Cache_Data\\data_3', fd=-1), popenfile(path='C:\\Users\\keylogger\\AppData\\Local\\Microsoft\\Edge\\User Data\\Default\\Cache\\Cache_Data\\data_2', fd=-1), popenfile(path='C:\\Users\\keylogger\\AppData\\Local\\Microsoft\\Edge\\User Data\\Default\\Cache\\Cache_Data\\data_1', fd=-1)]",8408,0.0,17,48965,124258,35386997,78414212,28.03125,10.875,171347,0,40.40234375,16.953125,benign
315,C:\Program Files (x86)\Microsoft\Edge\Application\msedge.exe,msedge.exe,0.8057554231336799,32768.0,"['C:\\Program Files (x86)\\Microsoft\\Edge\\Application\\msedge.exe', '--type=gpu-process', '--no-pre-read-main-dll', '--gpu-preferences=SAAAAAAAAADgAAAEAAAAAAAAAAAAAGAAAQAAAAAAAAAAAAAAAAAAAAIAAAAAAAAAAAAAAAAAAAAQAAAAAAAAABAAAAAAAAAACAAAAAAAAAAIAAAAAAAAAA==', '--startup-read-main-dll', '--metrics-shmem-handle=1672,i,5891474909385828480,17413621208838747146,262144', '--field-trial-handle=2084,i,15097455975441437171,2563118911106030475,262144', '--variations-seed-version', '--trace-process-track-uuid=3190708988185955192', '--mojo-platform-channel-handle=2076', '/prefetch:2']","[popenfile(path='C:\\Program Files (x86)\\Microsoft\\Edge\\Application\\142.0.3595.53\\icudtl.dat', fd=-1)]",8416,0.0,17,40284,36162,186955185,4454672,9.3125,44.96875,205069,0,32.99609375,17.63671875,benign
200,C:\Program Files (x86)\Microsoft\Edge\Application\msedge.exe,msedge.exe,0.5040383160694168,32.0,"['C:\\Program Files (x86)\\Microsoft\\Edge\\Application\\msedge.exe', '--type=utility', '--utility-sub-type=storage.mojom.StorageService', '--lang=en-US', '--service-sandbox-type=service', '--no-pre-read-main-dll', '--startup-read-main-dll', '--metrics-shmem-handle=2500,i,8635986130275454153,2596447012907648492,524288', '--field-trial-handle=2084,i,15097455975441437171,2563118911106030475,262144', '--variations-seed-version', '--trace-process-track-uuid=3190708990060038890', '--mojo-platform-channel-handle=3612', '/prefetch:8']","[popenfile(path='C:\\Program Files (x86)\\Microsoft\\Edge\\Application\\142.0.3595.53\\msedge_200_percent.pak', fd=-1), popenfile(path='C:\\Users\\keylogger\\AppData\\Local\\Microsoft\\Edge\\User Data\\Default\\Local Storage\\leveldb\\000005.ldb', fd=-1), popenfile(path='C:\\Users\\keylogger\\AppData\\Local\\Microsoft\\Edge\\User Data\\Default\\Session Storage\\MANIFEST-000001', fd=-1), popenfile(path='C:\\Users\\keylogger\\AppData\\Local\\Microsoft\\Edge\\User Data\\Default\\Local Storage\\leveldb\\000018.log', fd=-1), popenfile(path='C:\\Program Files (x86)\\Microsoft\\Edge\\Application\\142.0.3595.53\\Locales\\en-US.pak', fd=-1), popenfile(path='C:\\Program Files (x86)\\Microsoft\\Edge\\Application\\142.0.3595.53\\v8_context_snapshot.bin', fd=-1), popenfile(path='C:\\Users\\keylogger\\AppData\\Local\\Microsoft\\Edge\\User Data\\Default\\Local Storage\\leveldb\\MANIFEST-000001', fd=-1), popenfile(path='C:\\Program Files (x86)\\Microsoft\\Edge\\Application\\142.0.3595.53\\resources.pak', fd=-1), popenfile(path='C:\\Users\\keylogger\\AppData\\Local\\Microsoft\\Edge\\User Data\\Default\\Session Storage\\000033.log', fd=-1), popenfile(path='C:\\Users\\keylogger\\AppData\\Local\\Microsoft\\Edge\\User Data\\Default\\Session Storage\\000035.ldb', fd=-1), popenfile(path='C:\\Users\\keylogger\\AppData\\Local\\Microsoft\\Edge\\User Data\\Default\\Local Storage\\leveldb\\000017.ldb', fd=-1), popenfile(path='C:\\Users\\keylogger\\AppData\\Local\\Microsoft\\Edge\\User Data\\Default\\Session Storage\\000005.ldb', fd=-1), popenfile(path='C:\\Users\\keylogger\\AppData\\Local\\Microsoft\\Edge\\User Data\\Default\\Local Storage\\leveldb\\LOG', fd=-1), popenfile(path='C:\\Program Files (x86)\\Microsoft\\Edge\\Application\\142.0.3595.53\\msedge_100_percent.pak', fd=-1), popenfile(path='C:\\Users\\keylogger\\AppData\\Local\\Microsoft\\Edge\\User Data\\Default\\Session Storage\\000036.ldb', fd=-1), popenfile(path='C:\\Users\\keylogger\\AppData\\Local\\Microsoft\\Edge\\User Data\\Default\\Local Storage\\leveldb\\000019.ldb', fd=-1), popenfile(path='C:\\Program Files (x86)\\Microsoft\\Edge\\Application\\142.0.3595.53\\icudtl.dat', fd=-1), popenfile(path='C:\\Users\\keylogger\\AppData\\Local\\Microsoft\\Edge\\User Data\\Default\\Session Storage\\LOG', fd=-1)]",8424,0.0,11,2902,7719,22231894,31473095,1.234375,1.453125,30707,0,20.640625,12.19921875,benign
165,C:\Program Files\WindowsApps\PythonSoftwareFoundation.PythonManager_25.0.240.0_x64__3847v3x7pw1km\python.exe,python.exe,0.3147854736996737,32.0,"['python', '.\\keylogger.py']","[popenfile(path='C:\\Windows\\System32\\en-US\\winhttp.dll.mui', fd=-1), popenfile(path='C:\\Windows\\System32\\en-US\\KernelBase.dll.mui', fd=-1)]",8464,0.0,1,64,0,7189089,0,0.078125,0.046875,249,0,12.890625,4.6171875,benign
139,C:\Windows\System32\cmd.exe,cmd.exe,0.18648654578268545,32.0,"['cmd', '/k', 'python', '.\\keylogger.py']",[],8468,0.0,1,0,0,0,0,0.015625,0.0,124,0,7.63671875,2.66796875,benign
177,C:\Program Files (x86)\Microsoft\EdgeWebView\Application\142.0.3595.69\msedgewebview2.exe,msedgewebview2.exe,0.3696344577534047,32.0,"['C:\\Program Files (x86)\\Microsoft\\EdgeWebView\\Application\\142.0.3595.69\\msedgewebview2.exe', '--type=utility', '--utility-sub-type=storage.mojom.StorageService', '--lang=en-US', '--service-sandbox-type=service', '--noerrdialogs', '--user-data-dir=C:\\Users\\keylogger\\AppData\\Local\\Packages\\Microsoft.Windows.Search_cw5n1h2txyewy\\LocalState\\EBWebView', '--webview-exe-name=SearchApp.exe', '--webview-exe-version=10.0.19041.6282', '--embedded-browser-webview=1', '--startup-read-main-dll', '--metrics-shmem-handle=2224,i,8415479213497505475,15470629525867511833,524288', '--field-trial-handle=1936,i,2238199769039427031,1139989135762586427,262144', '--enable-features=ForceSWDCompWhenDCompFallbackRequired,LocalNetworkAccessForFencedFrameNavigationsWarningOnly,LocalNetworkAccessForNavigationsWarningOnly,LocalNetworkAccessForSubframeNavigationsWarningOnly,LocalNetworkAccessForWorkersWarningOnly,msAggressiveCacheTrimming,msCustomDataPartition,msEmbeddedBrowserVisualHosting,msWebView2NoTabForScreenShare,msWebViewAppLifeCycleWorkaround', '--disable-features=BackForwardCache,BackgroundTabLoadingFromPerformanceManager,CloseOmniboxPopupOnInactiveAreaClick,CollectAVProductsInfo,CollectCodeIntegrityInfo,DeferSpeculativeRFHCreation,EnableHangWatcher,FilterAdsOnAbusiveSites,GetWifiProtocol,LoginDetection,MediaFoundationCameraUsageMonitoring,PreconnectToSearch,PreloadingEagerHeuristics,SafetyHub,SegmentationPlatform,ServiceWorkerAutoPreload,SpareRendererForSitePerProcess,Ukm,WebPayments,msAITrackerClassification,msAbydosForWindowlessWV2,msAffirmVirtualCard,msAllowChromeWebstore,msAllowMSAPrtSSOForNonMSAProfile,msApplicationGuard,msAskBeforeClosingMultipleTabs,msAutoToggleAADPrtSSOForNonAADProfile,msAutofillEdgeServiceRequest,msAutofillEnableEdgeSuggestions,msAutomaticTabFreeze,msBrowserSettingsSupported,msCoarseGeolocationService,msDataProtection,msDesktopMode,msDesktopRewards,msDisableVariationsSeedFetchThrottling,msEEProactiveHistory,msETFOffstoreExtensionFileDataCollection,msETFPasswordTheftDNRActionSignals,msEdgeAdPlatformUI,msEdgeAddWebCapturetoCollections,msEdgeAutofillShowDeployedPassword,msEdgeCaptureSelectionInPDF,msEdgeCloudConfigService,msEdgeCloudConfigServiceV2,msEdgeCohorts,msEdgeCollectionsPrismExperiment1,msEdgeCollectionsPrismOverallMigration,msEdgeComposeNext,msEdgeEnableNurturingFramework,msEdgeEnclavePrefsBasic,msEdgeEnclavePrefsNotification,msEdgeFaviconService,msEdgeHJTelemetry,msEdgeHubAppSkype,msEdgeImageEditorUI,msEdgeLinkDoctor,msEdgeMouseGestureDefaultEnabled,msEdgeMouseGestureSupported,msEdgeNewDeviceFre,msEdgeOnRampFRE,msEdgeOnRampImport,msEdgePDFCMHighlightUX,msEdgePasswordIris,msEdgePasswordIrisSaveBubble,msEdgePasswordStrengthCheck,msEdgePinpointFramework,msEdgeProngPersonalization,msEdgeReadingView,msEdgeRose,msEdgeScreenshotUI,msEdgeSendTabToSelf,msEdgeSettingsImport,msEdgeSettingsImportV2,msEdgeShoppingPersistentStorage,msEdgeShoppingUI,msEdgeSmartFind,msEdgeSuperDragDefaultEnabled,msEdgeSuperDragDropSupported,msEdgeTranslate,msEdgeUpdatesMoreMenuPill,msEdgeWebCapture,msEdgeWebCaptureUniformExperience,msEdgeWebContentFilteringFeedback,msEdgeWorkSearchBanner,msEnableCustomJobMemoryLimitsOnXbox,msEnableMIPForPDF,msEnablePdfUpsell,msEnableThirdPartyScanning,msEnableWebSignInCta,msEnableWebToBrowserSignIn,msEndpointDlp,msEntityExtraction,msExtensionTelemetryFramework,msExternalTaskManager,msFileSystemAccessDirectoryIterationBlocklistCheck,msForceBrowserSignIn,msForeignSessionsPage,msGeolocationAccessService,msGeolocationOSLocationPermissionFallback,msGeolocationSQMService,msGeolocationService,msGrowthInfraLaunchSourceLogging,msGuidedSwitchAllowed,msHubPinPersist,msImplicitSignin,msIrm,msIrmv2,msKlarnaVirtualCard,msLlmConsumerDlpPurview,msLoadStatistics,msLogIsEdgePinnedToTaskbarOnLaunch,msMIPCrossTenantPdfViewSupport,msMdatpWebSiteDlp,msNotificationPermissionForPWA,msNumberOfSitesToPin,msNurturingGlobalSitePinningOnCloseModal,msNurturingSitePinningCITopSites,msNurturingSitePinningWithWindowsConsent,msOnHoverSearchInSidebar,msOpenOfficeDocumentsInWebViewer,msPageInteractionRestrictionRevoke,msPasswordBreachDetection,msPdfAnnotationsVisibility,msPdfDataRecovery,msPdfDigitalSignatureRead,msPdfFreeText,msPdfFreeTextForCJK,msPdfHighlightMode,msPdfInking,msPdfKeyphraseSupport,msPdfOOUI,msPdfPopupMarkerRenderer,msPdfShare,msPdfSharedLibrary,msPdfTextNote,msPdfTextNoteMoreMenu,msPdfThumbnailCache,msPdfUnderside,msPdfViewRestore,msPersonalizationUMA,msPriceComparison,msPrintInWebView2,msPromptDefaultHandlerForPDF,msReactiveSearch,msReadAloud,msReadAloudPdf,msRedirectToShoreline,msRevokeExtensions,msSaasDlp,msShoppingTrigger,msShorelineSearch,msShorelineSearchFindOnPageWebUI,msShowOfflineGameEntrance,msShowReadAloudIconInAddressBar,msShowUXForAADPrtSSOForNonAADProfile,msSitePinningWithoutUi,msSuspendMessageForNewSessionWhenHavingPendingNavigation,msSyncEdgeCollections,msTabResourceStats,msTokenizationAutofillInlineEnabled,msTouchMode,msTriggeringSignalGenerator,msUserUnderstanding,msVideoSuperResolutionUI,msWalletBuyNow,msWalletCheckout,msWalletDiagnosticDataLogger,msWalletHubEntry,msWalletHubIntlP3,msWalletPartialCard,msWalletPasswordCategorization,msWalletPasswordCategorizationPlatformExpansion,msWalletTokenizationCardMetadata,msWalletTokenizedAutofill,msWebAssist,msWebAssistHistorySearchService,msWebOOUI,msWindowsTaskManager,msWindowsUserActivities,msZipPayVirtualCard', '--variations-seed-version', '--trace-process-track-uuid=3190708990060038890', '--mojo-platform-channel-handle=2444', '/prefetch:8']","[popenfile(path='C:\\Program Files (x86)\\Microsoft\\EdgeWebView\\Application\\142.0.3595.69\\icudtl.dat', fd=-1), popenfile(path='C:\\Users\\keylogger\\AppData\\Local\\Packages\\Microsoft.Windows.Search_cw5n1h2txyewy\\LocalState\\EBWebView\\Default\\Local Storage\\leveldb\\LOG', fd=-1), popenfile(path='C:\\Program Files (x86)\\Microsoft\\EdgeWebView\\Application\\142.0.3595.69\\msedge_200_percent.pak', fd=-1), popenfile(path='C:\\Users\\keylogger\\AppData\\Local\\Packages\\Microsoft.Windows.Search_cw5n1h2txyewy\\LocalState\\EBWebView\\Default\\Session Storage\\LOG', fd=-1), popenfile(path='C:\\Users\\keylogger\\AppData\\Local\\Packages\\Microsoft.Windows.Search_cw5n1h2txyewy\\LocalState\\EBWebView\\Default\\Session Storage\\MANIFEST-000001', fd=-1), popenfile(path='C:\\Program Files (x86)\\Microsoft\\EdgeWebView\\Application\\142.0.3595.69\\v8_context_snapshot.bin', fd=-1), popenfile(path='C:\\Program Files (x86)\\Microsoft\\EdgeWebView\\Application\\142.0.3595.69\\Locales\\en-US.pak', fd=-1), popenfile(path='C:\\Program Files (x86)\\Microsoft\\EdgeWebView\\Application\\142.0.3595.69\\msedge_100_percent.pak', fd=-1), popenfile(path='C:\\Users\\keylogger\\AppData\\Local\\Packages\\Microsoft.Windows.Search_cw5n1h2txyewy\\LocalState\\EBWebView\\Default\\Local Storage\\leveldb\\000003.log', fd=-1), popenfile(path='C:\\Users\\keylogger\\AppData\\Local\\Packages\\Microsoft.Windows.Search_cw5n1h2txyewy\\LocalState\\EBWebView\\Default\\Local Storage\\leveldb\\MANIFEST-000001', fd=-1), popenfile(path='C:\\Users\\keylogger\\AppData\\Local\\Packages\\Microsoft.Windows.Search_cw5n1h2txyewy\\LocalState\\EBWebView\\Default\\Session Storage\\000003.log', fd=-1), popenfile(path='C:\\Program Files (x86)\\Microsoft\\EdgeWebView\\Application\\142.0.3595.69\\resources.pak', fd=-1)]",8640,0.0,9,91,152,716834,1402015,0.015625,0.84375,1383,0,15.13671875,10.31640625,benign
401,C:\Users\keylogger\AppData\Local\Programs\Microsoft VS Code\Code.exe,Code.exe,2.989985052459476,32.0,"['C:\\Users\\keylogger\\AppData\\Local\\Programs\\Microsoft VS Code\\Code.exe', '--type=utility', '--utility-sub-type=node.mojom.NodeService', '--lang=en-US', '--service-sandbox-type=none', '--user-data-dir=C:\\Users\\keylogger\\AppData\\Roaming\\Code', '--standard-schemes=vscode-webview,vscode-file', '--enable-sandbox', '--secure-schemes=vscode-webview,vscode-file', '--cors-schemes=vscode-webview,vscode-file', '--fetch-schemes=vscode-webview,vscode-file', '--service-worker-schemes=vscode-webview', '--code-cache-schemes=vscode-webview,vscode-file', '--field-trial-handle=1768,i,5791151919403288756,5385276150718787774,262144', '--enable-features=DocumentPolicyIncludeJSCallStacksInCrashReports,EarlyEstablishGpuChannel,EnableTransparentHwndEnlargement,EstablishGpuChannelAsync', '--disable-features=CalculateNativeWinOcclusion,FontationsLinuxSystemFonts,ScreenAIOCREnabled,SpareRendererForSitePerProcess,WinDelaySpellcheckServiceInit', '--variations-seed-version', '--mojo-platform-channel-handle=3816', '/prefetch:8']","[popenfile(path='C:\\Users\\keylogger\\AppData\\Local\\Programs\\Microsoft VS Code\\locales\\en-US.pak', fd=-1), popenfile(path='C:\\Users\\keylogger\\AppData\\Local\\Programs\\Microsoft VS Code\\resources.pak', fd=-1), popenfile(path='C:\\Windows\\System32\\en-US\\KernelBase.dll.mui', fd=-1), popenfile(path='C:\\Users\\keylogger\\AppData\\Roaming\\Code\\logs\\20251112T085715\\ptyhost.log', fd=-1), popenfile(path='C:\\Users\\keylogger\\AppData\\Local\\Programs\\Microsoft VS Code\\v8_context_snapshot.bin', fd=-1), popenfile(path='C:\\Users\\keylogger\\AppData\\Local\\Programs\\Microsoft VS Code\\chrome_200_percent.pak', fd=-1), popenfile(path='C:\\Users\\keylogger\\AppData\\Local\\Programs\\Microsoft VS Code\\chrome_100_percent.pak', fd=-1), popenfile(path='C:\\Windows\\Registration\\R000000000006.clb', fd=-1), popenfile(path='C:\\Windows\\System32\\en-US\\mswsock.dll.mui', fd=-1), popenfile(path='C:\\Users\\keylogger\\AppData\\Local\\Programs\\Microsoft VS Code\\icudtl.dat', fd=-1)]",8700,0.0,30,4587,8848,2455165,33131790,9.328125,9.953125,363868,0,122.44140625,129.12890625,benign
604,C:\Windows\System32\svchost.exe,svchost.exe,0.46273464633852024,,,,8748,0.0,9,19,25,189622,557401,2.578125,2.875,43138,0,18.94921875,9.984375,benign
531,C:\Windows\SystemApps\MicrosoftWindows.Client.CBS_cw5n1h2txyewy\TextInputHost.exe,TextInputHost.exe,0.9025758036807007,32.0,"['C:\\Windows\\SystemApps\\MicrosoftWindows.Client.CBS_cw5n1h2txyewy\\TextInputHost.exe', '-ServerName:InputApp.AppXk0k6mrh4r2q0ct33a9wgbez0x7v9cz5y.mca']","[popenfile(path='C:\\Windows\\Registration\\R000000000006.clb', fd=-1), popenfile(path='C:\\Windows\\Fonts\\segoeui.ttf', fd=-1), popenfile(path='C:\\Windows\\System32\\WinMetadata\\Windows.UI.winmd', fd=-1), popenfile(path='C:\\Windows\\System32\\en-US\\KernelBase.dll.mui', fd=-1)]",8840,0.0,10,1,0,4096,0,1.140625,2.75,40886,0,36.9609375,12.45703125,benign
153,C:\Users\keylogger\AppData\Local\Python\pythoncore-3.14-64\python.exe,python.exe,0.5296027121153297,32.0,"['C:\\Users\\keylogger\\AppData\\Local\\Python\\pythoncore-3.14-64\\python.exe', '.\\keylogger.py']","[popenfile(path='C:\\Windows\\System32\\en-US\\KernelBase.dll.mui', fd=-1)]",9220,0.0,3,155,133,1865582,10522,0.296875,0.140625,3190,0,21.6875,14.44140625,keylogger
220,C:\Windows\System32\svchost.exe,svchost.exe,0.2801590715927096,,,,9240,0.0,3,2,0,24,0,0.625,1.90625,109,0,11.47265625,2.6953125,benign
147,C:\Windows\System32\svchost.exe,svchost.exe,0.27453108888110933,,,,9304,0.0,4,1,0,6540,0,0.0,0.0625,89,0,11.2421875,1.875,benign
196,C:\Windows\System32\conhost.exe,conhost.exe,0.39262333628722934,32.0,"['\\??\\C:\\Windows\\system32\\conhost.exe', '0x4']","[popenfile(path='C:\\Windows\\Registration\\R000000000006.clb', fd=-1), popenfile(path='C:\\Windows\\Fonts\\StaticCache.dat', fd=-1), popenfile(path='C:\\Windows\\System32\\en-US\\user32.dll.mui', fd=-1), popenfile(path='C:\\Windows\\System32\\en-US\\Conhost.exe.mui', fd=-1)]",9320,0.0,3,1,0,60,0,0.0625,0.03125,968,0,16.078125,6.84375,benign
545,C:\Windows\SystemApps\ShellExperienceHost_cw5n1h2txyewy\ShellExperienceHost.exe,ShellExperienceHost.exe,0.9586648517217334,32.0,"['C:\\Windows\\SystemApps\\ShellExperienceHost_cw5n1h2txyewy\\ShellExperienceHost.exe', '-ServerName:App.AppXtk181tbxbce2qsex02s8tw7hfxa9xb3t.mca']","[popenfile(path='C:\\Windows\\System32\\en-US\\windows.ui.xaml.dll.mui', fd=-1), popenfile(path='C:\\Windows\\Fonts\\segoeui.ttf', fd=-1), popenfile(path='C:\\Windows\\System32\\en-US\\KernelBase.dll.mui', fd=-1), popenfile(path='C:\\Windows\\System32\\en-US\\windows.storage.dll.mui', fd=-1), popenfile(path='C:\\Windows\\Fonts\\seguisb.ttf', fd=-1)]",9344,0.0,10,4,0,8900,0,0.234375,0.53125,2548,0,39.2578125,15.125,benign
222,C:\Program Files (x86)\Microsoft\Edge\Application\msedge.exe,msedge.exe,0.4046424180103078,32.0,"['C:\\Program Files (x86)\\Microsoft\\Edge\\Application\\msedge.exe', '--type=utility', '--utility-sub-type=audio.mojom.AudioService', '--lang=en-US', '--service-sandbox-type=audio', '--no-pre-read-main-dll', '--skip-read-main-dll', '--metrics-shmem-handle=6548,i,8137749933328182224,15687576402261621925,524288', '--field-trial-handle=2084,i,15097455975441437171,2563118911106030475,262144', '--variations-seed-version', '--trace-process-track-uuid=3190709015360168813', '--mojo-platform-channel-handle=6824', '/prefetch:8']","[popenfile(path='C:\\Program Files (x86)\\Microsoft\\Edge\\Application\\142.0.3595.53\\msedge_200_percent.pak', fd=-1), popenfile(path='C:\\Windows\\Registration\\R000000000006.clb', fd=-1), popenfile(path='C:\\Program Files (x86)\\Microsoft\\Edge\\Application\\142.0.3595.53\\Locales\\en-US.pak', fd=-1), popenfile(path='C:\\Program Files (x86)\\Microsoft\\Edge\\Application\\142.0.3595.53\\v8_context_snapshot.bin', fd=-1), popenfile(path='C:\\Windows\\System32\\en-US\\MMDevAPI.dll.mui', fd=-1), popenfile(path='C:\\Program Files (x86)\\Microsoft\\Edge\\Application\\142.0.3595.53\\resources.pak', fd=-1), popenfile(path='C:\\Program Files (x86)\\Microsoft\\Edge\\Application\\142.0.3595.53\\msedge_100_percent.pak', fd=-1), popenfile(path='C:\\Program Files (x86)\\Microsoft\\Edge\\Application\\142.0.3595.53\\icudtl.dat', fd=-1)]",9356,0.0,10,16,26,29843,13152,0.0625,0.109375,1440,0,16.5703125,7.98046875,benign
368,C:\Program Files (x86)\Microsoft\Edge\Application\msedge.exe,msedge.exe,0.5521146429617306,32.0,"['C:\\Program Files (x86)\\Microsoft\\Edge\\Application\\msedge.exe', '--type=utility', '--utility-sub-type=video_capture.mojom.VideoCaptureService', '--lang=en-US', '--service-sandbox-type=none', '--no-pre-read-main-dll', '--skip-read-main-dll', '--metrics-shmem-handle=6544,i,12752457230439670308,15456107060628917759,524288', '--field-trial-handle=2084,i,15097455975441437171,2563118911106030475,262144', '--variations-seed-version', '--trace-process-track-uuid=3190709016297210662', '--mojo-platform-channel-handle=6316', '/prefetch:8']","[popenfile(path='C:\\Program Files (x86)\\Microsoft\\Edge\\Application\\142.0.3595.53\\msedge_200_percent.pak', fd=-1), popenfile(path='C:\\Windows\\System32\\en-US\\propsys.dll.mui', fd=-1), popenfile(path='C:\\Windows\\Registration\\R000000000006.clb', fd=-1), popenfile(path='C:\\Program Files (x86)\\Microsoft\\Edge\\Application\\142.0.3595.53\\Locales\\en-US.pak', fd=-1), popenfile(path='C:\\Program Files (x86)\\Microsoft\\Edge\\Application\\142.0.3595.53\\v8_context_snapshot.bin', fd=-1), popenfile(path='C:\\Program Files (x86)\\Microsoft\\Edge\\Application\\142.0.3595.53\\resources.pak', fd=-1), popenfile(path='C:\\Program Files (x86)\\Microsoft\\Edge\\Application\\142.0.3595.53\\msedge_100_percent.pak', fd=-1), popenfile(path='C:\\Program Files (x86)\\Microsoft\\Edge\\Application\\142.0.3595.53\\icudtl.dat', fd=-1)]",9528,0.0,9,22,39,14464,17936,0.109375,0.171875,1342,0,22.609375,11.0078125,benign
255,C:\Users\keylogger\AppData\Local\Programs\Microsoft VS Code\Code.exe,Code.exe,9.998254371464029,32.0,"['C:\\Users\\keylogger\\AppData\\Local\\Programs\\Microsoft VS Code\\Code.exe', 'c:\\Users\\keylogger\\.vscode\\extensions\\ms-python.vscode-pylance-2025.9.1\\dist\\server.bundle.js', '--cancellationReceive=file:9f8e7ee11a1bf8edccf958afa1859bbacf1cb10f71', '--node-ipc', '--clientProcessId=8340']","[popenfile(path='C:\\Users\\keylogger\\AppData\\Roaming\\Code\\logs\\20251112T085715\\window1\\exthost\\ms-python.debugpy\\Python Debugger.log', fd=-1), popenfile(path='C:\\Users\\keylogger\\AppData\\Roaming\\Code\\logs\\20251112T085715\\window1\\exthost\\ms-python.vscode-python-envs\\Python Environments.log', fd=-1), popenfile(path='C:\\Users\\keylogger\\AppData\\Roaming\\Code\\logs\\20251112T085715\\window1\\exthost\\vscode.github-authentication\\GitHub Authentication.log', fd=-1), popenfile(path='C:\\Users\\keylogger\\AppData\\Roaming\\Code\\logs\\20251112T085715\\window1\\exthost\\vscode.github\\GitHub.log', fd=-1), popenfile(path='C:\\Users\\keylogger\\AppData\\Roaming\\Code\\logs\\20251112T085715\\window1\\exthost\\exthost.log', fd=-1), popenfile(path='C:\\Users\\keylogger\\AppData\\Local\\Programs\\Microsoft VS Code\\v8_context_snapshot.bin', fd=-1), popenfile(path='C:\\Users\\keylogger\\AppData\\Roaming\\Code\\logs\\20251112T085715\\window1\\exthost\\ms-python.python\\Python.log', fd=-1), popenfile(path='C:\\Users\\keylogger\\AppData\\Roaming\\Code\\logs\\20251112T085715\\window1\\exthost\\vscode.git\\Git.log', fd=-1), popenfile(path='C:\\Users\\keylogger\\AppData\\Roaming\\Code\\logs\\20251112T085715\\window1\\exthost\\extHostTelemetry.log', fd=-1), popenfile(path='C:\\Windows\\System32\\en-US\\mswsock.dll.mui', fd=-1), popenfile(path='C:\\Users\\keylogger\\AppData\\Local\\Programs\\Microsoft VS Code\\icudtl.dat', fd=-1)]",9652,0.0,15,16534,3297,64991838,818606,33.1875,11.90625,87929,0,409.43359375,444.85546875,benign
244,C:\Windows\System32\notepad.exe,notepad.exe,0.35589836435560074,32.0,['C:\\Windows\\system32\\notepad.exe'],"[popenfile(path='C:\\Windows\\SystemResources\\notepad.exe.mun', fd=-1), popenfile(path='C:\\Windows\\Registration\\R000000000006.clb', fd=-1), popenfile(path='C:\\Windows\\Fonts\\StaticCache.dat', fd=-1), popenfile(path='C:\\Windows\\System32\\en-US\\notepad.exe.mui', fd=-1)]",9740,0.0,1,2,0,10097,0,1.15625,11.765625,79324,0,14.57421875,2.59765625,benign
63,C:\Users\keylogger\.vscode\extensions\ms-python.vscode-python-envs-1.10.0-win32-x64\python-env-tools\bin\pet.exe,pet.exe,0.13831482935288691,32.0,"['c:\\Users\\keylogger\\.vscode\\extensions\\ms-python.vscode-python-envs-1.10.0-win32-x64\\python-env-tools\\bin\\pet.exe', 'server']","[popenfile(path='C:\\Users\\keylogger\\AppData\\Roaming\\Code\\logs\\20251112T085715\\window1\\exthost\\extHostTelemetry.log', fd=-1), popenfile(path='C:\\Users\\keylogger\\AppData\\Roaming\\Code\\logs\\20251112T085715\\window1\\exthost\\exthost.log', fd=-1), popenfile(path='C:\\Windows\\System32\\en-US\\KernelBase.dll.mui', fd=-1)]",9832,0.0,1,26,1880,12166,241724,0.21875,1.734375,74,0,5.6640625,1.5546875,benign
111,C:\Windows\System32\conhost.exe,conhost.exe,0.12333867196778123,32.0,"['\\??\\C:\\Windows\\system32\\conhost.exe', '0x4']","[popenfile(path='C:\\Windows\\System32\\en-US\\Conhost.exe.mui', fd=-1)]",9840,0.0,2,0,0,0,0,0.015625,0.078125,528,0,5.05078125,6.17578125,benign
617,C:\Program Files (x86)\Microsoft\Edge\Application\msedge.exe,msedge.exe,0.5983785686418343,64.0,"['C:\\Program Files (x86)\\Microsoft\\Edge\\Application\\msedge.exe', '--type=renderer', '--pdf-upsell-enabled', '--dma-cps-flags=2048', '--no-pre-read-main-dll', '--disable-gpu-compositing', '--video-capture-use-gpu-memory-buffer', '--lang=en-US', '--js-flags=--ms-user-locale=', '--device-scale-factor=1', '--num-raster-threads=1', '--renderer-client-id=23', '--time-ticks-at-unix-epoch=-1762955756248050', '--launch-time-ticks=2965845213', '--skip-read-main-dll', '--metrics-shmem-handle=5956,i,2802682493163780770,13441872940778741900,2097152', '--field-trial-handle=2084,i,15097455975441437171,2563118911106030475,262144', '--variations-seed-version', '--trace-process-track-uuid=3190709007863834021', '--mojo-platform-channel-handle=5940', '/prefetch:1']","[popenfile(path='C:\\Windows\\Fonts\\consolai.ttf', fd=-1), popenfile(path='C:\\Windows\\Fonts\\times.ttf', fd=-1), popenfile(path='C:\\Program Files (x86)\\Microsoft\\Edge\\Application\\142.0.3595.53\\v8_context_snapshot.bin', fd=-1), popenfile(path='C:\\Windows\\Fonts\\arial.ttf', fd=-1), popenfile(path='C:\\Windows\\Fonts\\consolab.ttf', fd=-1), popenfile(path='C:\\Windows\\Fonts\\timesbi.ttf', fd=-1), popenfile(path='C:\\Windows\\Fonts\\segoeuib.ttf', fd=-1), popenfile(path='C:\\Windows\\Fonts\\arialbi.ttf', fd=-1), popenfile(path='C:\\Program Files (x86)\\Microsoft\\Edge\\Application\\142.0.3595.53\\icudtl.dat', fd=-1), popenfile(path='C:\\Windows\\Fonts\\seguibli.ttf', fd=-1), popenfile(path='C:\\Windows\\Fonts\\segoeuisl.ttf', fd=-1), popenfile(path='C:\\Windows\\Fonts\\consolaz.ttf', fd=-1), popenfile(path='C:\\Program Files (x86)\\Microsoft\\Edge\\Application\\142.0.3595.53\\Locales\\en-US.pak', fd=-1), popenfile(path='C:\\Windows\\Fonts\\consola.ttf', fd=-1), popenfile(path='C:\\Windows\\Fonts\\ariali.ttf', fd=-1), popenfile(path='C:\\Program Files (x86)\\Microsoft\\Edge\\Application\\142.0.3595.53\\resources.pak', fd=-1), popenfile(path='C:\\Windows\\Fonts\\timesbd.ttf', fd=-1), popenfile(path='C:\\Windows\\Fonts\\seguili.ttf', fd=-1), popenfile(path='C:\\Windows\\Fonts\\segoeuiz.ttf', fd=-1), popenfile(path='C:\\Windows\\Fonts\\seguibl.ttf', fd=-1), popenfile(path='C:\\Windows\\Fonts\\seguiemj.ttf', fd=-1), popenfile(path='C:\\Users\\keylogger\\AppData\\Local\\Microsoft\\Edge\\User Data\\Subresource Filter\\Indexed Rules\\37\\10.34.0.81\\Ruleset Data', fd=-1), popenfile(path='C:\\Windows\\Fonts\\seguisbi.ttf', fd=-1), popenfile(path='C:\\Windows\\Fonts\\seguisli.ttf', fd=-1), popenfile(path='C:\\Program Files (x86)\\Microsoft\\Edge\\Application\\142.0.3595.53\\msedge_200_percent.pak', fd=-1), popenfile(path='C:\\Windows\\Fonts\\arialbd.ttf', fd=-1), popenfile(path='C:\\Windows\\Fonts\\ariblk.ttf', fd=-1), popenfile(path='C:\\Windows\\Fonts\\segoeui.ttf', fd=-1), popenfile(path='C:\\Windows\\Fonts\\timesi.ttf', fd=-1), popenfile(path='C:\\Windows\\Fonts\\segoeuil.ttf', fd=-1), popenfile(path='C:\\Program Files (x86)\\Microsoft\\Edge\\Application\\142.0.3595.53\\msedge_100_percent.pak', fd=-1), popenfile(path='C:\\Users\\keylogger\\AppData\\Local\\Temp\\2f82074c-9b14-4c95-b259-8e6a4ff94d15.tmp', fd=-1), popenfile(path='C:\\Windows\\Fonts\\seguisb.ttf', fd=-1), popenfile(path='C:\\Windows\\Fonts\\segoeuii.ttf', fd=-1)]",9856,0.0,17,24378,25991,14362473,31694644,26.28125,5.765625,179827,0,24.50390625,100.37109375,benign
226,C:\Windows\System32\svchost.exe,svchost.exe,0.23895079139929776,,,,9948,0.0,7,0,0,0,0,0.015625,0.15625,200,0,9.78515625,2.88671875,benign
109,C:\Windows\System32\conhost.exe,conhost.exe,0.13068366635410694,32.0,"['\\\\?\\C:\\Windows\\system32\\conhost.exe', '--headless', '--width', '80', '--height', '30', '--signal', '0x5b0', '--server', '0x5ac']","[popenfile(path='C:\\Windows\\System32\\en-US\\Conhost.exe.mui', fd=-1)]",9968,0.0,5,2,2,0,125,0.0,0.015625,155,0,5.3515625,1.26953125,benign
231,C:\Windows\System32\svchost.exe,svchost.exe,0.2886487404288523,,,,10024,0.0,5,22,0,95180,0,0.09375,0.359375,90,0,11.8203125,2.67578125,benign
454,C:\Windows\System32\WindowsPowerShell\v1.0\powershell.exe,powershell.exe,1.2150719284807403,32.0,"['C:\\Windows\\System32\\WindowsPowerShell\\v1.0\\powershell.exe', '-noexit', '-command', 'try { . ""c:\\Users\\keylogger\\AppData\\Local\\Programs\\Microsoft VS Code\\resources\\app\\out\\vs\\workbench\\contrib\\terminal\\common\\scripts\\shellIntegration.ps1"" } catch {}']","[popenfile(path='C:\\Windows\\System32\\WindowsPowerShell\\v1.0\\en-US\\powershell.exe.mui', fd=-1), popenfile(path='C:\\Windows\\System32\\en-US\\KernelBase.dll.mui', fd=-1), popenfile(path='C:\\Windows\\System32\\en-US\\crypt32.dll.mui', fd=-1), popenfile(path='C:\\Windows\\System32\\en-US\\winnlsres.dll.mui', fd=-1), popenfile(path='C:\\Program Files\\WindowsPowerShell\\Modules\\PSReadline\\2.0.0\\Microsoft.PowerShell.PSReadline.dll', fd=-1), popenfile(path='C:\\Windows\\Microsoft.NET\\assembly\\GAC_MSIL\\Microsoft.Management.Infrastructure\\v4.0_1.0.0.0__31bf3856ad364e35\\Microsoft.Management.Infrastructure.dll', fd=-1)]",10044,0.0,9,141,2,483301,120,0.59375,1.984375,66303,0,49.7578125,59.96875,benign
165,C:\Program Files\WindowsApps\PythonSoftwareFoundation.PythonManager_25.0.240.0_x64__3847v3x7pw1km\python.exe,python.exe,0.29170120562836427,32.0,"['python', '.\\keylogger.py']","[popenfile(path='C:\\Windows\\System32\\en-US\\winhttp.dll.mui', fd=-1), popenfile(path='C:\\Windows\\System32\\en-US\\KernelBase.dll.mui', fd=-1)]",10140,0.0,1,64,0,7189089,0,0.078125,0.0,178,0,11.9453125,4.6015625,benign
213,C:\Program Files (x86)\Microsoft\Edge\Application\msedge.exe,msedge.exe,0.7592053288411221,64.0,"['C:\\Program Files (x86)\\Microsoft\\Edge\\Application\\msedge.exe', '--type=renderer', '--pdf-upsell-enabled', '--dma-cps-flags=2048', '--no-pre-read-main-dll', '--disable-gpu-compositing', '--video-capture-use-gpu-memory-buffer', '--lang=en-US', '--js-flags=--ms-user-locale=', '--device-scale-factor=1', '--num-raster-threads=1', '--renderer-client-id=48', '--time-ticks-at-unix-epoch=-1762955756248050', '--launch-time-ticks=5015316436', '--skip-read-main-dll', '--metrics-shmem-handle=7424,i,7319344557159547448,9107981756372503630,2097152', '--field-trial-handle=2084,i,15097455975441437171,2563118911106030475,262144', '--variations-seed-version', '--trace-process-track-uuid=3190709031289880246', '--mojo-platform-channel-handle=5752', '/prefetch:1']","[popenfile(path='C:\\Program Files (x86)\\Microsoft\\Edge\\Application\\142.0.3595.53\\msedge_200_percent.pak', fd=-1), popenfile(path='C:\\Program Files (x86)\\Microsoft\\Edge\\Application\\142.0.3595.53\\Locales\\en-US.pak', fd=-1), popenfile(path='C:\\Program Files (x86)\\Microsoft\\Edge\\Application\\142.0.3595.53\\v8_context_snapshot.bin', fd=-1), popenfile(path='C:\\Users\\keylogger\\AppData\\Local\\Microsoft\\Edge\\User Data\\Subresource Filter\\Indexed Rules\\37\\10.34.0.81\\Ruleset Data', fd=-1), popenfile(path='C:\\Program Files (x86)\\Microsoft\\Edge\\Application\\142.0.3595.53\\resources.pak', fd=-1), popenfile(path='C:\\Users\\keylogger\\AppData\\Local\\Temp\\b811a15b-f988-4022-a761-761d7292ae16.tmp', fd=-1), popenfile(path='C:\\Program Files (x86)\\Microsoft\\Edge\\Application\\142.0.3595.53\\msedge_100_percent.pak', fd=-1), popenfile(path='C:\\Program Files (x86)\\Microsoft\\Edge\\Application\\142.0.3595.53\\icudtl.dat', fd=-1)]",10188,0.0,15,30,53,65208,34384,0.109375,0.109375,913,0,31.08984375,20.62890625,benign
