exe,cmdline,cpu_percent,num_handles,pid,num_threads,name,open_files,memory_percent,nice,read_count,write_count,read_bytes,write_bytes,cpu_times_user,cpu_times_system,voluntary_ctx_switches,involuntary_ctx_switches,memory_rss,memory_vms,label
,[],0.0,3487,4,121,System,[],0.001621434215790957,,372,2025,646268,90311527,0.0,607.890625,4042814,0,0.1328125,0.19140625,benign
C:\Windows\System32\cmd.exe,"['cmd', '/k', 'python', '.\\keylogger.py']",0.0,135,64,1,cmd.exe,[],0.09328015664962094,32.0,0,0,0,0,0.0,0.03125,134,0,7.640625,2.6640625,benign
Registry,,0.0,0,92,4,Registry,,0.3645842523447608,,643,5789,10010624,125874176,0.0,4.734375,11374,0,29.86328125,3.80078125,benign
C:\Windows\System32\smss.exe,,0.0,53,320,2,smss.exe,,0.01149310723545943,,22,13,16804,24724,0.015625,0.421875,834,0,0.94140625,1.046875,benign
C:\Windows\System32\csrss.exe,,0.0,502,436,11,csrss.exe,,0.06004075522590632,,412,0,318391,0,0.578125,2.484375,53392,0,4.91796875,1.71484375,benign
C:\Windows\System32\wininit.exe,,0.0,165,512,1,wininit.exe,,0.07239226881090213,,2,0,9732,0,0.046875,0.453125,252,0,5.9296875,1.3203125,benign
C:\Windows\System32\csrss.exe,,0.0,622,520,13,csrss.exe,,0.33234632499550526,,283019,0,7302976,0,1.609375,34.34375,2994507,0,27.22265625,3.484375,benign
C:\Windows\System32\winlogon.exe,,0.0,285,584,5,winlogon.exe,,0.12728258593959013,,4,1,9988,160,0.171875,0.71875,437,0,10.42578125,3.7109375,benign
C:\Windows\System32\svchost.exe,"['C:\\Windows\\system32\\svchost.exe', '-k', 'UnistackSvcGroup', '-s', 'CDPUserSvc']",0.0,313,600,10,svchost.exe,"[popenfile(path='C:\\Users\\keylogger\\AppData\\Local\\ConnectedDevicesPlatform\\L.keylogger\\ActivitiesCache.db-shm', fd=-1), popenfile(path='C:\\Windows\\System32\\en-US\\crypt32.dll.mui', fd=-1), popenfile(path='C:\\Windows\\System32\\en-US\\svchost.exe.mui', fd=-1), popenfile(path='C:\\Windows\\Registration\\R000000000006.clb', fd=-1), popenfile(path='C:\\Users\\keylogger\\AppData\\Local\\ConnectedDevicesPlatform\\L.keylogger\\ActivitiesCache.db-wal', fd=-1), popenfile(path='C:\\Users\\keylogger\\AppData\\Local\\ConnectedDevicesPlatform\\L.keylogger\\ActivitiesCache.db', fd=-1)]",0.20864043217898343,32.0,1096,11657,4444114,24501238,5.3125,1.890625,1002,0,17.08984375,5.765625,benign
C:\Windows\System32\services.exe,,0.0,684,652,5,services.exe,,0.10882684942455777,,108,1,450676,160,3.46875,3.96875,811,0,8.9140625,4.93359375,benign
C:\Windows\System32\lsass.exe,,0.0,1358,660,9,lsass.exe,,0.20639903782186064,,492,364,48710,82833,75.578125,68.296875,2020343,0,16.90625,7.32421875,benign
C:\Windows\System32\dwm.exe,,0.0,1064,716,14,dwm.exe,,0.5405098647580796,,2,0,109516,0,87.671875,60.078125,1622688,0,44.2734375,69.91015625,benign
C:\Windows\System32\svchost.exe,,0.0,1404,784,13,svchost.exe,,0.33711524915959634,,199,21,6369280,344064,12.828125,36.28125,111280,0,27.61328125,11.4765625,benign
C:\Windows\System32\fontdrvhost.exe,,0.0,50,808,5,fontdrvhost.exe,,0.04354027761815129,,0,0,0,0,0.078125,0.1875,2455,0,3.56640625,1.44921875,benign
C:\Windows\System32\fontdrvhost.exe,,0.0,50,816,5,fontdrvhost.exe,,0.09361398134110732,,0,0,0,0,0.296875,0.6875,14469,0,7.66796875,4.0390625,benign
C:\Windows\System32\WUDFHost.exe,,0.0,416,884,6,WUDFHost.exe,,0.0957599972149483,,3,0,17,0,0.578125,0.796875,614,0,7.84375,2.3515625,benign
C:\Windows\System32\svchost.exe,,0.0,214,944,1,svchost.exe,,0.10906529563276231,,0,0,0,0,0.3125,0.125,38,0,8.93359375,2.13671875,benign
C:\Windows\System32\svchost.exe,,0.0,1284,952,13,svchost.exe,,0.20320385863191967,,25,0,102400,0,16.609375,12.5,11112,0,16.64453125,9.21484375,benign
C:\Windows\System32\svchost.exe,,0.0,312,1000,4,svchost.exe,,0.1176493591281262,,0,0,0,0,0.375,0.328125,3928,0,9.63671875,2.5,benign
C:\Windows\System32\svchost.exe,,0.0,303,1028,1,svchost.exe,,0.1412555337403769,,0,0,0,0,0.203125,0.28125,87,0,11.5703125,1.85546875,benign
C:\Users\keylogger\AppData\Local\Programs\Microsoft VS Code\Code.exe,"['C:\\Users\\keylogger\\AppData\\Local\\Programs\\Microsoft VS Code\\Code.exe', '--type=renderer', '--user-data-dir=C:\\Users\\keylogger\\AppData\\Roaming\\Code', '--standard-schemes=vscode-webview,vscode-file', '--enable-sandbox', '--secure-schemes=vscode-webview,vscode-file', '--cors-schemes=vscode-webview,vscode-file', '--fetch-schemes=vscode-webview,vscode-file', '--service-worker-schemes=vscode-webview', '--code-cache-schemes=vscode-webview,vscode-file', '--app-user-model-id=Microsoft.VisualStudioCode', '--app-path=C:\\Users\\keylogger\\AppData\\Local\\Programs\\Microsoft VS Code\\resources\\app', '--enable-sandbox', '--enable-blink-features=HighlightAPI', '--disable-gpu-compositing', '--disable-blink-features=FontMatchingCTMigration,StandardizedBrowserZoom,', '--video-capture-use-gpu-memory-buffer', '--lang=en-US', '--device-scale-factor=1', '--num-raster-threads=1', '--renderer-client-id=6', '--time-ticks-at-unix-epoch=-1762966986880537', '--launch-time-ticks=115998659', '--field-trial-handle=1764,i,2992125270083613785,17152386301730894539,262144', '--enable-features=DocumentPolicyIncludeJSCallStacksInCrashReports,EarlyEstablishGpuChannel,EnableTransparentHwndEnlargement,EstablishGpuChannelAsync', '--disable-features=CalculateNativeWinOcclusion,FontationsLinuxSystemFonts,ScreenAIOCREnabled,SpareRendererForSitePerProcess,WinDelaySpellcheckServiceInit', '--variations-seed-version', '--mojo-platform-channel-handle=2872', '--vscode-window-config=vscode:2bd2a70a-6b84-4c67-b64d-6c987e06cdf1', '/prefetch:1']",0.0,497,1052,16,Code.exe,"[popenfile(path='C:\\Windows\\Fonts\\msyhbd.ttc', fd=-1), popenfile(path='C:\\Windows\\Fonts\\cambria.ttc', fd=-1), popenfile(path='C:\\Windows\\System32\\en-US\\mswsock.dll.mui', fd=-1), popenfile(path='C:\\Windows\\Fonts\\consola.ttf', fd=-1), popenfile(path='C:\\Windows\\Fonts\\palai.ttf', fd=-1), popenfile(path='C:\\Users\\keylogger\\AppData\\Local\\Programs\\Microsoft VS Code\\resources.pak', fd=-1), popenfile(path='C:\\Windows\\Fonts\\palab.ttf', fd=-1), popenfile(path='C:\\Windows\\Fonts\\palabi.ttf', fd=-1), popenfile(path='C:\\Users\\keylogger\\AppData\\Local\\Programs\\Microsoft VS Code\\locales\\en-US.pak', fd=-1), popenfile(path='C:\\Windows\\Fonts\\arial.ttf', fd=-1), popenfile(path='C:\\Windows\\Fonts\\segoeuil.ttf', fd=-1), popenfile(path='C:\\Windows\\Fonts\\timesbi.ttf', fd=-1), popenfile(path='C:\\Windows\\Fonts\\segoeuii.ttf', fd=-1), popenfile(path='C:\\Users\\keylogger\\AppData\\Local\\Programs\\Microsoft VS Code\\chrome_100_percent.pak', fd=-1), popenfile(path='C:\\Windows\\Fonts\\seguisb.ttf', fd=-1), popenfile(path='C:\\Windows\\Fonts\\arialbi.ttf', fd=-1), popenfile(path='C:\\Windows\\Fonts\\timesbd.ttf', fd=-1), popenfile(path='C:\\Windows\\Fonts\\seguisli.ttf', fd=-1), popenfile(path='C:\\Windows\\Fonts\\arialbd.ttf', fd=-1), popenfile(path='C:\\Windows\\Fonts\\ariblk.ttf', fd=-1), popenfile(path='C:\\Windows\\Fonts\\consolab.ttf', fd=-1), popenfile(path='C:\\Windows\\Fonts\\msyhl.ttc', fd=-1), popenfile(path='C:\\Windows\\Fonts\\segoeuib.ttf', fd=-1), popenfile(path='C:\\Windows\\Fonts\\segoeuisl.ttf', fd=-1), popenfile(path='C:\\Windows\\Fonts\\tahoma.ttf', fd=-1), popenfile(path='C:\\Users\\keylogger\\AppData\\Local\\Programs\\Microsoft VS Code\\chrome_200_percent.pak', fd=-1), popenfile(path='C:\\Windows\\Fonts\\cour.ttf', fd=-1), popenfile(path='C:\\Windows\\Fonts\\msyh.ttc', fd=-1), popenfile(path='C:\\Windows\\Fonts\\l_10646.ttf', fd=-1), popenfile(path='C:\\Windows\\Fonts\\consolai.ttf', fd=-1), popenfile(path='C:\\Windows\\Fonts\\tahomabd.ttf', fd=-1), popenfile(path='C:\\Windows\\Fonts\\segoeui.ttf', fd=-1), popenfile(path='C:\\Windows\\Fonts\\micross.ttf', fd=-1), popenfile(path='C:\\Windows\\Fonts\\ariali.ttf', fd=-1), popenfile(path='C:\\Windows\\Fonts\\timesi.ttf', fd=-1), popenfile(path='C:\\Windows\\Fonts\\couri.ttf', fd=-1), popenfile(path='C:\\Windows\\Fonts\\pala.ttf', fd=-1), popenfile(path='C:\\Users\\keylogger\\AppData\\Local\\Temp\\66db48c1-e697-4c4a-8576-02533ddf842d.tmp', fd=-1), popenfile(path='C:\\Windows\\Fonts\\times.ttf', fd=-1), popenfile(path='C:\\Windows\\Fonts\\courbd.ttf', fd=-1), popenfile(path='C:\\Windows\\Fonts\\segoeuiz.ttf', fd=-1), popenfile(path='C:\\Windows\\Fonts\\seguisbi.ttf', fd=-1), popenfile(path='C:\\Windows\\Fonts\\seguili.ttf', fd=-1), popenfile(path='C:\\Users\\keylogger\\AppData\\Local\\Programs\\Microsoft VS Code\\v8_context_snapshot.bin', fd=-1), popenfile(path='C:\\Windows\\Fonts\\courbi.ttf', fd=-1), popenfile(path='C:\\Windows\\Fonts\\consolaz.ttf', fd=-1), popenfile(path='C:\\Windows\\Fonts\\seguibli.ttf', fd=-1), popenfile(path='C:\\Users\\keylogger\\AppData\\Local\\Programs\\Microsoft VS Code\\icudtl.dat', fd=-1), popenfile(path='C:\\Windows\\Fonts\\msgothic.ttc', fd=-1), popenfile(path='C:\\Windows\\Fonts\\seguibl.ttf', fd=-1)]",4.501482896968824,32.0,665481,550025,948820928,3023337768,743.484375,96.015625,4651639,0,368.71875,415.20703125,benign
C:\Windows\System32\svchost.exe,,0.0,325,1128,10,svchost.exe,,0.10238880180303483,,0,0,0,0,0.15625,0.21875,83,0,8.38671875,2.53125,benign
C:\Windows\System32\svchost.exe,,0.0,213,1148,6,svchost.exe,,0.09738143143073924,,2,0,0,0,0.09375,1.890625,120,0,7.9765625,1.8984375,benign
C:\Windows\System32\svchost.exe,,0.0,121,1180,4,svchost.exe,,0.03309633369879189,,0,0,0,0,0.078125,0.078125,62,0,2.7109375,1.55078125,benign
C:\Windows\System32\svchost.exe,,0.0,203,1184,9,svchost.exe,,0.09618920038971648,,5,0,0,0,0.1875,0.140625,648,0,7.87890625,2.0390625,benign
C:\Windows\System32\svchost.exe,,0.0,425,1204,7,svchost.exe,,0.18789561206518737,,8876,2008,97481808,41995360,6.640625,8.8125,6890,0,15.390625,14.75390625,benign
C:\Windows\System32\Taskmgr.exe,"['C:\\Windows\\system32\\taskmgr.exe', '/7']",0.0,843,1256,20,Taskmgr.exe,,0.8870198945209353,32.0,592,7,1151561,764,100.984375,138.625,1462459,0,72.65625,36.62109375,benign
C:\Windows\System32\svchost.exe,,0.0,231,1348,2,svchost.exe,,0.1244212314411355,,0,0,0,0,0.0625,0.078125,61,0,10.19140625,2.26953125,benign
C:\Program Files (x86)\Microsoft\EdgeWebView\Application\142.0.3595.69\msedgewebview2.exe,"['C:\\Program Files (x86)\\Microsoft\\EdgeWebView\\Application\\142.0.3595.69\\msedgewebview2.exe', '--type=utility', '--utility-sub-type=storage.mojom.StorageService', '--lang=en-US', '--service-sandbox-type=service', '--noerrdialogs', '--user-data-dir=C:\\Users\\keylogger\\AppData\\Local\\Packages\\Microsoft.Windows.Search_cw5n1h2txyewy\\LocalState\\EBWebView', '--webview-exe-name=SearchApp.exe', '--webview-exe-version=10.0.19041.6282', '--embedded-browser-webview=1', '--startup-read-main-dll', '--metrics-shmem-handle=2068,i,12718384843917991063,9885248146723621101,524288', '--field-trial-handle=1936,i,2534396607517605442,16715881984632097342,262144', '--enable-features=ForceSWDCompWhenDCompFallbackRequired,LocalNetworkAccessForFencedFrameNavigationsWarningOnly,LocalNetworkAccessForNavigationsWarningOnly,LocalNetworkAccessForSubframeNavigationsWarningOnly,LocalNetworkAccessForWorkersWarningOnly,msAggressiveCacheTrimming,msCustomDataPartition,msEmbeddedBrowserVisualHosting,msWebView2NoTabForScreenShare,msWebViewAppLifeCycleWorkaround', '--disable-features=BackForwardCache,BackgroundTabLoadingFromPerformanceManager,CloseOmniboxPopupOnInactiveAreaClick,CollectAVProductsInfo,CollectCodeIntegrityInfo,DeferSpeculativeRFHCreation,EnableHangWatcher,FilterAdsOnAbusiveSites,GetWifiProtocol,LoginDetection,MediaFoundationCameraUsageMonitoring,PreconnectToSearch,PreloadingEagerHeuristics,SafetyHub,SegmentationPlatform,ServiceWorkerAutoPreload,SpareRendererForSitePerProcess,Ukm,WebPayments,msAITrackerClassification,msAbydosForWindowlessWV2,msAffirmVirtualCard,msAllowChromeWebstore,msAllowMSAPrtSSOForNonMSAProfile,msApplicationGuard,msAskBeforeClosingMultipleTabs,msAutoToggleAADPrtSSOForNonAADProfile,msAutofillEdgeServiceRequest,msAutofillEnableEdgeSuggestions,msAutomaticTabFreeze,msBrowserSettingsSupported,msCoarseGeolocationService,msDataProtection,msDesktopMode,msDesktopRewards,msDisableVariationsSeedFetchThrottling,msEEProactiveHistory,msETFOffstoreExtensionFileDataCollection,msETFPasswordTheftDNRActionSignals,msEdgeAdPlatformUI,msEdgeAddWebCapturetoCollections,msEdgeAutofillShowDeployedPassword,msEdgeCaptureSelectionInPDF,msEdgeCloudConfigService,msEdgeCloudConfigServiceV2,msEdgeCohorts,msEdgeCollectionsPrismExperiment1,msEdgeCollectionsPrismOverallMigration,msEdgeComposeNext,msEdgeEnableNurturingFramework,msEdgeEnclavePrefsBasic,msEdgeEnclavePrefsNotification,msEdgeFaviconService,msEdgeHJTelemetry,msEdgeHubAppSkype,msEdgeImageEditorUI,msEdgeLinkDoctor,msEdgeMouseGestureDefaultEnabled,msEdgeMouseGestureSupported,msEdgeNewDeviceFre,msEdgeOnRampFRE,msEdgeOnRampImport,msEdgePDFCMHighlightUX,msEdgePasswordIris,msEdgePasswordIrisSaveBubble,msEdgePasswordStrengthCheck,msEdgePinpointFramework,msEdgeProngPersonalization,msEdgeReadingView,msEdgeRose,msEdgeScreenshotUI,msEdgeSendTabToSelf,msEdgeSettingsImport,msEdgeSettingsImportV2,msEdgeShoppingPersistentStorage,msEdgeShoppingUI,msEdgeSmartFind,msEdgeSuperDragDefaultEnabled,msEdgeSuperDragDropSupported,msEdgeTranslate,msEdgeUpdatesMoreMenuPill,msEdgeWebCapture,msEdgeWebCaptureUniformExperience,msEdgeWebContentFilteringFeedback,msEdgeWorkSearchBanner,msEnableCustomJobMemoryLimitsOnXbox,msEnableMIPForPDF,msEnablePdfUpsell,msEnableThirdPartyScanning,msEnableWebSignInCta,msEnableWebToBrowserSignIn,msEndpointDlp,msEntityExtraction,msExtensionTelemetryFramework,msExternalTaskManager,msFileSystemAccessDirectoryIterationBlocklistCheck,msForceBrowserSignIn,msForeignSessionsPage,msGeolocationAccessService,msGeolocationOSLocationPermissionFallback,msGeolocationSQMService,msGeolocationService,msGrowthInfraLaunchSourceLogging,msGuidedSwitchAllowed,msHubPinPersist,msImplicitSignin,msIrm,msIrmv2,msKlarnaVirtualCard,msLlmConsumerDlpPurview,msLoadStatistics,msLogIsEdgePinnedToTaskbarOnLaunch,msMIPCrossTenantPdfViewSupport,msMdatpWebSiteDlp,msNotificationPermissionForPWA,msNumberOfSitesToPin,msNurturingGlobalSitePinningOnCloseModal,msNurturingSitePinningCITopSites,msNurturingSitePinningWithWindowsConsent,msOnHoverSearchInSidebar,msOpenOfficeDocumentsInWebViewer,msPageInteractionRestrictionRevoke,msPasswordBreachDetection,msPdfAnnotationsVisibility,msPdfDataRecovery,msPdfDigitalSignatureRead,msPdfFreeText,msPdfFreeTextForCJK,msPdfHighlightMode,msPdfInking,msPdfKeyphraseSupport,msPdfOOUI,msPdfPopupMarkerRenderer,msPdfShare,msPdfSharedLibrary,msPdfTextNote,msPdfTextNoteMoreMenu,msPdfThumbnailCache,msPdfUnderside,msPdfViewRestore,msPersonalizationUMA,msPriceComparison,msPrintInWebView2,msPromptDefaultHandlerForPDF,msReactiveSearch,msReadAloud,msReadAloudPdf,msRedirectToShoreline,msRevokeExtensions,msSaasDlp,msShoppingTrigger,msShorelineSearch,msShorelineSearchFindOnPageWebUI,msShowOfflineGameEntrance,msShowReadAloudIconInAddressBar,msShowUXForAADPrtSSOForNonAADProfile,msSitePinningWithoutUi,msSuspendMessageForNewSessionWhenHavingPendingNavigation,msSyncEdgeCollections,msTabResourceStats,msTokenizationAutofillInlineEnabled,msTouchMode,msTriggeringSignalGenerator,msUserUnderstanding,msVideoSuperResolutionUI,msWalletBuyNow,msWalletCheckout,msWalletDiagnosticDataLogger,msWalletHubEntry,msWalletHubIntlP3,msWalletPartialCard,msWalletPasswordCategorization,msWalletPasswordCategorizationPlatformExpansion,msWalletTokenizationCardMetadata,msWalletTokenizedAutofill,msWebAssist,msWebAssistHistorySearchService,msWebOOUI,msWindowsTaskManager,msWindowsUserActivities,msZipPayVirtualCard', '--variations-seed-version', '--trace-process-track-uuid=3190708990060038890', '--mojo-platform-channel-handle=2380', '/prefetch:8']",0.0,176,1396,10,msedgewebview2.exe,"[popenfile(path='C:\\Users\\keylogger\\AppData\\Local\\Packages\\Microsoft.Windows.Search_cw5n1h2txyewy\\LocalState\\EBWebView\\Default\\Local Storage\\leveldb\\LOG', fd=-1), popenfile(path='C:\\Program Files (x86)\\Microsoft\\EdgeWebView\\Application\\142.0.3595.69\\Locales\\en-US.pak', fd=-1), popenfile(path='C:\\Program Files (x86)\\Microsoft\\EdgeWebView\\Application\\142.0.3595.69\\resources.pak', fd=-1), popenfile(path='C:\\Program Files (x86)\\Microsoft\\EdgeWebView\\Application\\142.0.3595.69\\msedge_200_percent.pak', fd=-1), popenfile(path='C:\\Program Files (x86)\\Microsoft\\EdgeWebView\\Application\\142.0.3595.69\\v8_context_snapshot.bin', fd=-1), popenfile(path='C:\\Users\\keylogger\\AppData\\Local\\Packages\\Microsoft.Windows.Search_cw5n1h2txyewy\\LocalState\\EBWebView\\Default\\Local Storage\\leveldb\\MANIFEST-000001', fd=-1), popenfile(path='C:\\Users\\keylogger\\AppData\\Local\\Packages\\Microsoft.Windows.Search_cw5n1h2txyewy\\LocalState\\EBWebView\\Default\\Session Storage\\000003.log', fd=-1), popenfile(path='C:\\Program Files (x86)\\Microsoft\\EdgeWebView\\Application\\142.0.3595.69\\msedge_100_percent.pak', fd=-1), popenfile(path='C:\\Users\\keylogger\\AppData\\Local\\Packages\\Microsoft.Windows.Search_cw5n1h2txyewy\\LocalState\\EBWebView\\Default\\Local Storage\\leveldb\\000003.ldb', fd=-1), popenfile(path='C:\\Users\\keylogger\\AppData\\Local\\Packages\\Microsoft.Windows.Search_cw5n1h2txyewy\\LocalState\\EBWebView\\Default\\Session Storage\\LOG', fd=-1), popenfile(path='C:\\Users\\keylogger\\AppData\\Local\\Packages\\Microsoft.Windows.Search_cw5n1h2txyewy\\LocalState\\EBWebView\\Default\\Local Storage\\leveldb\\000004.log', fd=-1), popenfile(path='C:\\Users\\keylogger\\AppData\\Local\\Packages\\Microsoft.Windows.Search_cw5n1h2txyewy\\LocalState\\EBWebView\\Default\\Session Storage\\MANIFEST-000001', fd=-1), popenfile(path='C:\\Program Files (x86)\\Microsoft\\EdgeWebView\\Application\\142.0.3595.69\\icudtl.dat', fd=-1)]",0.18727565192385556,32.0,94,83,1053677,176504,0.015625,0.171875,427,0,15.33984375,8.6328125,benign
C:\Windows\System32\svchost.exe,,0.0,173,1468,2,svchost.exe,,0.07253533653582488,,0,0,0,0,0.34375,0.265625,37449,0,5.94140625,1.51953125,benign
C:\Windows\System32\svchost.exe,,0.0,149,1492,1,svchost.exe,,0.08283621273026154,,0,0,0,0,0.21875,0.296875,25,0,6.78515625,4.08984375,benign
C:\Windows\System32\svchost.exe,,0.0,246,1512,2,svchost.exe,,0.1594251348055638,,132,0,2125824,0,0.125,0.359375,78,0,13.05859375,3.19140625,benign
C:\Windows\System32\svchost.exe,,0.0,439,1544,4,svchost.exe,,0.1035810328440576,,34,0,714,0,0.8125,0.359375,618,0,8.484375,2.890625,benign
C:\Windows\System32\svchost.exe,,0.0,220,1564,2,svchost.exe,,0.06528657180640648,,9,980,474136,11482492,2.375,220.1875,25739,0,5.34765625,2.6640625,benign
C:\Windows\System32\svchost.exe,,0.0,285,1604,3,svchost.exe,,0.07062776687018844,,0,0,0,0,0.09375,0.109375,2420,0,5.78515625,1.31640625,benign
C:\Windows\System32\svchost.exe,,0.0,238,1688,7,svchost.exe,,0.08851123248552989,,0,0,0,0,0.984375,0.921875,1035,0,7.25,2.31640625,benign
MemCompression,,0.0,0,1788,46,MemCompression,,1.6783274810685633,,0,0,0,0,0.0,88.921875,796440,0,137.47265625,1.609375,benign
C:\Windows\System32\svchost.exe,,0.0,179,1812,2,svchost.exe,,0.09165872243382998,,144,0,2896,0,0.046875,0.078125,735,0,7.5078125,1.79296875,benign
C:\Windows\System32\svchost.exe,,0.0,412,1876,8,svchost.exe,,0.18398509425063272,,1,1068,6,14902088,2.1875,3.921875,2317,0,15.0703125,6.35546875,benign
C:\Windows\System32\svchost.exe,,0.0,181,1892,2,svchost.exe,,0.08841585400224808,,0,0,0,0,0.0625,0.203125,179,0,7.2421875,1.70703125,benign
C:\Users\keylogger\AppData\Local\Programs\Microsoft VS Code\Code.exe,"['C:\\Users\\keylogger\\AppData\\Local\\Programs\\Microsoft VS Code\\Code.exe', 'c:\\Users\\keylogger\\.vscode\\extensions\\ms-python.vscode-pylance-2025.9.1\\dist\\server.bundle.js', '--cancellationReceive=file:6cbe83d93c37c5dac4b480830829090b89c54a4b5b', '--node-ipc', '--clientProcessId=8264']",0.0,292,1912,17,Code.exe,"[popenfile(path='C:\\Users\\keylogger\\AppData\\Local\\Programs\\Microsoft VS Code\\v8_context_snapshot.bin', fd=-1), popenfile(path='C:\\Windows\\System32\\en-US\\mswsock.dll.mui', fd=-1), popenfile(path='C:\\Users\\keylogger\\AppData\\Roaming\\Code\\logs\\20251112T120431\\window3\\exthost\\ms-python.debugpy\\Python Debugger.log', fd=-1), popenfile(path='C:\\Users\\keylogger\\AppData\\Roaming\\Code\\logs\\20251112T120431\\window3\\exthost\\exthost.log', fd=-1), popenfile(path='C:\\Users\\keylogger\\AppData\\Roaming\\Code\\logs\\20251112T120431\\window3\\exthost\\ms-python.vscode-python-envs\\Python Environments.log', fd=-1), popenfile(path='C:\\Users\\keylogger\\AppData\\Roaming\\Code\\logs\\20251112T120431\\window3\\exthost\\extHostTelemetry.log', fd=-1), popenfile(path='C:\\Users\\keylogger\\AppData\\Roaming\\Code\\logs\\20251112T120431\\window3\\exthost\\vscode.git\\Git.log', fd=-1), popenfile(path='C:\\Users\\keylogger\\AppData\\Roaming\\Code\\logs\\20251112T120431\\window3\\exthost\\vscode.github\\GitHub.log', fd=-1), popenfile(path='C:\\Users\\keylogger\\AppData\\Local\\Programs\\Microsoft VS Code\\icudtl.dat', fd=-1), popenfile(path='C:\\Users\\keylogger\\AppData\\Roaming\\Code\\logs\\20251112T120431\\window3\\exthost\\ms-python.python\\Python.log', fd=-1), popenfile(path='C:\\Users\\keylogger\\AppData\\Roaming\\Code\\logs\\20251112T120431\\window3\\exthost\\vscode.github-authentication\\GitHub Authentication.log', fd=-1)]",4.963639337710888,32.0,37300,9123,97382342,3351358,127.296875,24.21875,247423,0,406.57421875,597.0625,benign
C:\Windows\System32\svchost.exe,,0.0,154,1928,4,svchost.exe,,0.06504812559820193,,0,0,0,0,0.984375,0.421875,2580,0,5.328125,1.859375,benign
C:\Windows\SystemApps\ShellExperienceHost_cw5n1h2txyewy\ShellExperienceHost.exe,"['C:\\Windows\\SystemApps\\ShellExperienceHost_cw5n1h2txyewy\\ShellExperienceHost.exe', '-ServerName:App.AppXtk181tbxbce2qsex02s8tw7hfxa9xb3t.mca']",0.0,740,1956,15,ShellExperienceHost.exe,"[popenfile(path='C:\\Windows\\System32\\en-US\\QuickActionsDataModel.dll.mui', fd=-1), popenfile(path='C:\\Windows\\Fonts\\seguisb.ttf', fd=-1), popenfile(path='C:\\Windows\\System32\\en-US\\KernelBase.dll.mui', fd=-1), popenfile(path='C:\\Windows\\System32\\en-US\\windows.storage.dll.mui', fd=-1), popenfile(path='C:\\Windows\\Fonts\\segoeui.ttf', fd=-1), popenfile(path='C:\\Windows\\System32\\en-US\\windows.ui.xaml.dll.mui', fd=-1)]",0.05059828538100604,32.0,54,0,57949,0,1.671875,0.90625,6644,0,4.14453125,16.8203125,benign
C:\Windows\System32\svchost.exe,,0.0,129,1992,1,svchost.exe,,0.08140553548103423,,0,0,0,0,0.03125,0.015625,73,0,6.66796875,1.37890625,benign
C:\Windows\System32\svchost.exe,,0.0,145,2020,2,svchost.exe,,0.12837943849733108,,0,0,0,0,0.03125,0.0,44,0,10.515625,1.55859375,benign
C:\Windows\System32\svchost.exe,,0.0,407,2044,8,svchost.exe,,0.1416847369151451,,98,98,11368,15680,0.96875,2.390625,6172,0,11.60546875,4.6015625,benign
C:\Windows\System32\svchost.exe,,0.0,653,2128,13,svchost.exe,,0.12170294466760362,,0,0,0,0,1.578125,1.140625,759,0,9.96875,3.97265625,benign
C:\Windows\System32\conhost.exe,"['\\??\\C:\\Windows\\system32\\conhost.exe', '0x4']",0.0,196,2148,3,conhost.exe,"[popenfile(path='C:\\Windows\\System32\\en-US\\user32.dll.mui', fd=-1), popenfile(path='C:\\Windows\\System32\\en-US\\Conhost.exe.mui', fd=-1), popenfile(path='C:\\Windows\\Fonts\\StaticCache.dat', fd=-1), popenfile(path='C:\\Windows\\Registration\\R000000000006.clb', fd=-1)]",0.20043788261674683,32.0,1,0,60,0,0.078125,0.203125,6399,0,16.41796875,6.828125,benign
C:\Windows\System32\svchost.exe,,0.0,247,2196,6,svchost.exe,,0.1103529051570669,,0,0,0,0,1.359375,2.40625,348,0,9.0390625,2.546875,benign
C:\Windows\System32\svchost.exe,,0.0,370,2228,10,svchost.exe,,0.1579944575563365,,0,0,0,0,0.75,0.609375,1604,0,12.94140625,3.15234375,benign
C:\Windows\System32\svchost.exe,,0.0,210,2240,4,svchost.exe,,0.19042314187215562,,1,0,6264,0,0.203125,0.234375,100,0,15.59765625,3.01953125,benign
C:\Windows\System32\svchost.exe,,0.0,317,2324,11,svchost.exe,,0.10181653090334392,,2,0,824,0,4.921875,3.203125,1371,0,8.33984375,3.34765625,benign
C:\Windows\System32\svchost.exe,,0.0,218,2332,3,svchost.exe,,0.12771178911435832,,0,0,0,0,0.28125,0.09375,982,0,10.4609375,2.4765625,benign
C:\Windows\System32\svchost.exe,,0.0,371,2344,4,svchost.exe,,0.10267493725288031,,0,0,0,0,1.28125,0.171875,995,0,8.41015625,2.1875,benign
C:\Windows\System32\svchost.exe,,0.0,201,2432,2,svchost.exe,,0.14955346178589535,,0,0,0,0,0.1875,0.28125,1138,0,12.25,2.30078125,benign
C:\Users\keylogger\AppData\Local\Programs\Microsoft VS Code\Code.exe,"['C:\\Users\\keylogger\\AppData\\Local\\Programs\\Microsoft VS Code\\Code.exe', 'c:\\Users\\keylogger\\AppData\\Local\\Programs\\Microsoft VS Code\\resources\\app\\extensions\\json-language-features\\server\\dist\\node\\jsonServerMain', '--node-ipc', '--clientProcessId=6108']",0.0,185,2444,8,Code.exe,"[popenfile(path='C:\\Users\\keylogger\\AppData\\Local\\Programs\\Microsoft VS Code\\v8_context_snapshot.bin', fd=-1), popenfile(path='C:\\Users\\keylogger\\AppData\\Roaming\\Code\\logs\\20251112T120431\\window4\\exthost\\ms-python.python\\Python.log', fd=-1), popenfile(path='C:\\Windows\\System32\\en-US\\mswsock.dll.mui', fd=-1), popenfile(path='C:\\Users\\keylogger\\AppData\\Roaming\\Code\\logs\\20251112T120431\\window4\\exthost\\vscode.github-authentication\\GitHub Authentication.log', fd=-1), popenfile(path='C:\\Users\\keylogger\\AppData\\Roaming\\Code\\logs\\20251112T120431\\window4\\exthost\\vscode.git\\Git.log', fd=-1), popenfile(path='C:\\Users\\keylogger\\AppData\\Roaming\\Code\\logs\\20251112T120431\\window4\\exthost\\vscode.markdown-language-features\\Markdown.log', fd=-1), popenfile(path='C:\\Users\\keylogger\\AppData\\Roaming\\Code\\logs\\20251112T120431\\window4\\exthost\\extHostTelemetry.log', fd=-1), popenfile(path='C:\\Users\\keylogger\\AppData\\Roaming\\Code\\logs\\20251112T120431\\window4\\exthost\\exthost.log', fd=-1), popenfile(path='C:\\Users\\keylogger\\AppData\\Local\\Programs\\Microsoft VS Code\\icudtl.dat', fd=-1), popenfile(path='C:\\Users\\keylogger\\AppData\\Roaming\\Code\\logs\\20251112T120431\\window4\\exthost\\vscode.github\\GitHub.log', fd=-1), popenfile(path='C:\\Users\\keylogger\\AppData\\Roaming\\Code\\logs\\20251112T120431\\window4\\exthost\\ms-python.vscode-python-envs\\Python Environments.log', fd=-1), popenfile(path='C:\\Users\\keylogger\\AppData\\Roaming\\Code\\logs\\20251112T120431\\window4\\exthost\\ms-python.python\\Python Language Server.log', fd=-1)]",0.29047517083478586,32.0,8562,574,3022640,25414258,2.421875,1.0625,21590,0,23.79296875,25.67578125,benign
C:\Windows\System32\svchost.exe,,0.0,190,2512,9,svchost.exe,,0.1993410300590059,,8585,92,34920460,209928,16.671875,5.203125,1384,0,16.328125,8.3046875,benign
C:\Windows\System32\svchost.exe,,0.0,184,2524,4,svchost.exe,,0.08741437992778894,,0,0,0,0,0.734375,1.125,275,0,7.16015625,1.96875,benign
C:\Program Files\VMware\VMware Tools\VMware VGAuth\VGAuthService.exe,,0.0,166,2556,2,VGAuthService.exe,,0.08526836405394797,,30,22,32424,2280,0.078125,0.0625,368,0,6.984375,2.45703125,benign
C:\Windows\System32\notepad.exe,['C:\\Windows\\system32\\notepad.exe'],0.0,244,2616,1,notepad.exe,"[popenfile(path='C:\\Windows\\Fonts\\StaticCache.dat', fd=-1), popenfile(path='C:\\Windows\\System32\\en-US\\notepad.exe.mui', fd=-1), popenfile(path='C:\\Windows\\Registration\\R000000000006.clb', fd=-1), popenfile(path='C:\\Windows\\SystemResources\\notepad.exe.mun', fd=-1)]",0.17921617008654167,32.0,2,0,16441,0,6.640625,16.703125,197453,0,14.6796875,2.5703125,benign
C:\Windows\System32\spoolsv.exe,,0.0,440,2620,7,spoolsv.exe,,0.1317176854121948,,2,2,232,320,0.0625,0.296875,512,0,10.7890625,5.09375,benign
C:\Program Files (x86)\Microsoft\EdgeWebView\Application\142.0.3595.69\msedgewebview2.exe,"['C:\\Program Files (x86)\\Microsoft\\EdgeWebView\\Application\\142.0.3595.69\\msedgewebview2.exe', '--type=renderer', '--noerrdialogs', '--user-data-dir=C:\\Users\\keylogger\\AppData\\Local\\Packages\\Microsoft.Windows.Search_cw5n1h2txyewy\\LocalState\\EBWebView', '--webview-exe-name=SearchApp.exe', '--webview-exe-version=10.0.19041.6282', '--embedded-browser-webview=1', '--dma-cps-flags=0', '--disable-gpu-compositing', '--video-capture-use-gpu-memory-buffer', '--lang=en-US', '--device-scale-factor=1', '--num-raster-threads=1', '--renderer-client-id=6', '--js-flags=--expose-gc --ms-user-locale=', '--time-ticks-at-unix-epoch=-1762966986880537', '--launch-time-ticks=518453526', '--skip-read-main-dll', '--metrics-shmem-handle=4500,i,948113611335452428,4741393019763837572,2097152', '--field-trial-handle=1936,i,2534396607517605442,16715881984632097342,262144', '--enable-features=ForceSWDCompWhenDCompFallbackRequired,LocalNetworkAccessForFencedFrameNavigationsWarningOnly,LocalNetworkAccessForNavigationsWarningOnly,LocalNetworkAccessForSubframeNavigationsWarningOnly,LocalNetworkAccessForWorkersWarningOnly,msAggressiveCacheTrimming,msCustomDataPartition,msEmbeddedBrowserVisualHosting,msWebView2NoTabForScreenShare,msWebViewAppLifeCycleWorkaround', '--disable-features=BackForwardCache,BackgroundTabLoadingFromPerformanceManager,CloseOmniboxPopupOnInactiveAreaClick,CollectAVProductsInfo,CollectCodeIntegrityInfo,DeferSpeculativeRFHCreation,EnableHangWatcher,FilterAdsOnAbusiveSites,GetWifiProtocol,LoginDetection,MediaFoundationCameraUsageMonitoring,PreconnectToSearch,PreloadingEagerHeuristics,SafetyHub,SegmentationPlatform,ServiceWorkerAutoPreload,SpareRendererForSitePerProcess,Ukm,WebPayments,msAITrackerClassification,msAbydosForWindowlessWV2,msAffirmVirtualCard,msAllowChromeWebstore,msAllowMSAPrtSSOForNonMSAProfile,msApplicationGuard,msAskBeforeClosingMultipleTabs,msAutoToggleAADPrtSSOForNonAADProfile,msAutofillEdgeServiceRequest,msAutofillEnableEdgeSuggestions,msAutomaticTabFreeze,msBrowserSettingsSupported,msCoarseGeolocationService,msDataProtection,msDesktopMode,msDesktopRewards,msDisableVariationsSeedFetchThrottling,msEEProactiveHistory,msETFOffstoreExtensionFileDataCollection,msETFPasswordTheftDNRActionSignals,msEdgeAdPlatformUI,msEdgeAddWebCapturetoCollections,msEdgeAutofillShowDeployedPassword,msEdgeCaptureSelectionInPDF,msEdgeCloudConfigService,msEdgeCloudConfigServiceV2,msEdgeCohorts,msEdgeCollectionsPrismExperiment1,msEdgeCollectionsPrismOverallMigration,msEdgeComposeNext,msEdgeEnableNurturingFramework,msEdgeEnclavePrefsBasic,msEdgeEnclavePrefsNotification,msEdgeFaviconService,msEdgeHJTelemetry,msEdgeHubAppSkype,msEdgeImageEditorUI,msEdgeLinkDoctor,msEdgeMouseGestureDefaultEnabled,msEdgeMouseGestureSupported,msEdgeNewDeviceFre,msEdgeOnRampFRE,msEdgeOnRampImport,msEdgePDFCMHighlightUX,msEdgePasswordIris,msEdgePasswordIrisSaveBubble,msEdgePasswordStrengthCheck,msEdgePinpointFramework,msEdgeProngPersonalization,msEdgeReadingView,msEdgeRose,msEdgeScreenshotUI,msEdgeSendTabToSelf,msEdgeSettingsImport,msEdgeSettingsImportV2,msEdgeShoppingPersistentStorage,msEdgeShoppingUI,msEdgeSmartFind,msEdgeSuperDragDefaultEnabled,msEdgeSuperDragDropSupported,msEdgeTranslate,msEdgeUpdatesMoreMenuPill,msEdgeWebCapture,msEdgeWebCaptureUniformExperience,msEdgeWebContentFilteringFeedback,msEdgeWorkSearchBanner,msEnableCustomJobMemoryLimitsOnXbox,msEnableMIPForPDF,msEnablePdfUpsell,msEnableThirdPartyScanning,msEnableWebSignInCta,msEnableWebToBrowserSignIn,msEndpointDlp,msEntityExtraction,msExtensionTelemetryFramework,msExternalTaskManager,msFileSystemAccessDirectoryIterationBlocklistCheck,msForceBrowserSignIn,msForeignSessionsPage,msGeolocationAccessService,msGeolocationOSLocationPermissionFallback,msGeolocationSQMService,msGeolocationService,msGrowthInfraLaunchSourceLogging,msGuidedSwitchAllowed,msHubPinPersist,msImplicitSignin,msIrm,msIrmv2,msKlarnaVirtualCard,msLlmConsumerDlpPurview,msLoadStatistics,msLogIsEdgePinnedToTaskbarOnLaunch,msMIPCrossTenantPdfViewSupport,msMdatpWebSiteDlp,msNotificationPermissionForPWA,msNumberOfSitesToPin,msNurturingGlobalSitePinningOnCloseModal,msNurturingSitePinningCITopSites,msNurturingSitePinningWithWindowsConsent,msOnHoverSearchInSidebar,msOpenOfficeDocumentsInWebViewer,msPageInteractionRestrictionRevoke,msPasswordBreachDetection,msPdfAnnotationsVisibility,msPdfDataRecovery,msPdfDigitalSignatureRead,msPdfFreeText,msPdfFreeTextForCJK,msPdfHighlightMode,msPdfInking,msPdfKeyphraseSupport,msPdfOOUI,msPdfPopupMarkerRenderer,msPdfShare,msPdfSharedLibrary,msPdfTextNote,msPdfTextNoteMoreMenu,msPdfThumbnailCache,msPdfUnderside,msPdfViewRestore,msPersonalizationUMA,msPriceComparison,msPrintInWebView2,msPromptDefaultHandlerForPDF,msReactiveSearch,msReadAloud,msReadAloudPdf,msRedirectToShoreline,msRevokeExtensions,msSaasDlp,msShoppingTrigger,msShorelineSearch,msShorelineSearchFindOnPageWebUI,msShowOfflineGameEntrance,msShowReadAloudIconInAddressBar,msShowUXForAADPrtSSOForNonAADProfile,msSitePinningWithoutUi,msSuspendMessageForNewSessionWhenHavingPendingNavigation,msSyncEdgeCollections,msTabResourceStats,msTokenizationAutofillInlineEnabled,msTouchMode,msTriggeringSignalGenerator,msUserUnderstanding,msVideoSuperResolutionUI,msWalletBuyNow,msWalletCheckout,msWalletDiagnosticDataLogger,msWalletHubEntry,msWalletHubIntlP3,msWalletPartialCard,msWalletPasswordCategorization,msWalletPasswordCategorizationPlatformExpansion,msWalletTokenizationCardMetadata,msWalletTokenizedAutofill,msWebAssist,msWebAssistHistorySearchService,msWebOOUI,msWindowsTaskManager,msWindowsUserActivities,msZipPayVirtualCard', '--variations-seed-version', '--trace-process-track-uuid=3190708991934122588', '--mojo-platform-channel-handle=4516', '/prefetch:1']",0.0,227,2664,15,msedgewebview2.exe,"[popenfile(path='C:\\Program Files (x86)\\Microsoft\\EdgeWebView\\Application\\142.0.3595.69\\Locales\\en-US.pak', fd=-1), popenfile(path='C:\\Program Files (x86)\\Microsoft\\EdgeWebView\\Application\\142.0.3595.69\\resources.pak', fd=-1), popenfile(path='C:\\Program Files (x86)\\Microsoft\\EdgeWebView\\Application\\142.0.3595.69\\msedge_200_percent.pak', fd=-1), popenfile(path='C:\\Users\\keylogger\\AppData\\Local\\Packages\\Microsoft.Windows.Search_cw5n1h2txyewy\\AC\\Temp\\b2478c88-bbbb-46c8-87aa-8f999a2f500f.tmp', fd=-1), popenfile(path='C:\\Program Files (x86)\\Microsoft\\EdgeWebView\\Application\\142.0.3595.69\\v8_context_snapshot.bin', fd=-1), popenfile(path='C:\\Windows\\Fonts\\ariali.ttf', fd=-1), popenfile(path='C:\\Windows\\Fonts\\timesi.ttf', fd=-1), popenfile(path='C:\\Windows\\Fonts\\arialbi.ttf', fd=-1), popenfile(path='C:\\Windows\\Fonts\\timesbd.ttf', fd=-1), popenfile(path='C:\\Windows\\Fonts\\arialbd.ttf', fd=-1), popenfile(path='C:\\Program Files (x86)\\Microsoft\\EdgeWebView\\Application\\142.0.3595.69\\msedge_100_percent.pak', fd=-1), popenfile(path='C:\\Windows\\Fonts\\ariblk.ttf', fd=-1), popenfile(path='C:\\Windows\\Fonts\\times.ttf', fd=-1), popenfile(path='C:\\Windows\\Fonts\\arial.ttf', fd=-1), popenfile(path='C:\\Windows\\Fonts\\timesbi.ttf', fd=-1), popenfile(path='C:\\Program Files (x86)\\Microsoft\\EdgeWebView\\Application\\142.0.3595.69\\icudtl.dat', fd=-1)]",0.017358883957291422,64.0,68,151,89936,23824,0.140625,0.078125,668,0,1.421875,23.60546875,benign
C:\Windows\System32\svchost.exe,,0.0,114,2696,2,svchost.exe,,0.073536810610284,,1,0,3391,0,0.0,0.015625,45,0,6.0234375,1.27734375,benign
C:\Windows\System32\svchost.exe,,0.0,418,2716,11,svchost.exe,,0.16052198736330475,,1,2,116,32928,1.5,1.484375,2865,0,13.1484375,9.484375,benign
C:\Windows\System32\svchost.exe,,0.0,186,2748,5,svchost.exe,,0.08932194959342538,,5008,3389,322712,538188,0.3125,0.609375,11756,0,7.31640625,1.9765625,benign
C:\Program Files (x86)\Microsoft\EdgeWebView\Application\142.0.3595.69\msedgewebview2.exe,"['C:\\Program Files (x86)\\Microsoft\\EdgeWebView\\Application\\142.0.3595.69\\msedgewebview2.exe', '--type=crashpad-handler', '--user-data-dir=C:\\Users\\keylogger\\AppData\\Local\\Packages\\Microsoft.Windows.Search_cw5n1h2txyewy\\LocalState\\EBWebView', '/prefetch:4', '--monitor-self-annotation=ptype=crashpad-handler', '--database=C:\\Users\\keylogger\\AppData\\Local\\Packages\\Microsoft.Windows.Search_cw5n1h2txyewy\\LocalState\\EBWebView\\Crashpad', '--annotation=IsOfficialBuild=1', '--annotation=channel=', '--annotation=chromium-version=142.0.7444.135', '--annotation=exe=C:\\Program Files (x86)\\Microsoft\\EdgeWebView\\Application\\142.0.3595.69\\msedgewebview2.exe', '--annotation=plat=Win64', '--annotation=prod=Edge WebView2', '--annotation=ver=142.0.3595.69', '--initial-client-data=0x178,0x17c,0x180,0x154,0xf8,0x7ffc6b3adb58,0x7ffc6b3adb64,0x7ffc6b3adb70']",0.0,147,2868,11,msedgewebview2.exe,[],0.07739963918319774,32.0,15,6,6160,72,0.015625,0.0,119,0,6.33984375,2.125,benign
C:\Windows\System32\svchost.exe,,0.0,307,2896,4,svchost.exe,,0.22681003324417034,,0,0,0,0,2.140625,1.515625,76,0,18.578125,3.49609375,benign
C:\Windows\System32\svchost.exe,,0.0,285,2972,5,svchost.exe,,0.15284401945911816,,649,78,9344468,309148,58.140625,42.734375,879834,0,12.51953125,3.94140625,benign
C:\Windows\System32\svchost.exe,,0.0,605,2980,10,svchost.exe,,0.3284834964225915,,411,624,76117884,1516603,8.921875,5.734375,139367,0,26.90625,21.98828125,benign
C:\Windows\System32\svchost.exe,,0.0,355,2992,13,svchost.exe,,0.42133444989744423,,3403,5012,98633160,25380870,29.203125,92.84375,65049,0,34.51171875,25.63671875,benign
C:\Windows\System32\svchost.exe,,0.0,394,3000,16,svchost.exe,,0.22552242371986575,,9275,100,75432328,2397832,27.484375,16.75,14476,0,18.47265625,10.25390625,benign
C:\Windows\System32\SearchIndexer.exe,,0.0,763,3032,18,SearchIndexer.exe,,0.5113717381154833,,15320,10640,13196964,155085752,60.515625,6.8125,191548,0,41.88671875,32.5703125,benign
C:\Windows\System32\svchost.exe,,0.0,249,3040,1,svchost.exe,,0.09318477816633912,,1,1,5850,4096,0.171875,0.09375,46,0,7.6328125,1.609375,benign
C:\ProgramData\Microsoft\Windows Defender\Platform\4.18.25090.3009-0\MpDefenderCoreService.exe,,0.0,489,3048,10,MpDefenderCoreService.exe,,0.2248070850952521,,211,7,1617859,14912,0.234375,1.21875,1082,0,18.4140625,8.546875,benign
C:\Windows\System32\svchost.exe,,0.0,213,3068,6,svchost.exe,,0.10272262649452123,,8747,5833,572344,936560,0.546875,0.59375,18258,0,8.4140625,2.34765625,benign
C:\Windows\System32\vm3dservice.exe,,0.0,128,3088,3,vm3dservice.exe,,0.07415677075161584,,0,0,0,0,0.109375,0.09375,31008,0,6.07421875,1.57421875,benign
C:\Program Files\VMware\VMware Tools\vmtoolsd.exe,,0.0,312,3100,12,vmtoolsd.exe,,0.1920922653295875,,8687,4365,85975,1001438,8.046875,15.03125,444000,0,15.734375,7.1015625,benign
C:\ProgramData\Microsoft\Windows Defender\Platform\4.18.25090.3009-0\MsMpEng.exe,,0.0,1012,3108,24,MsMpEng.exe,,3.1093862442290057,,946934,2229,57793439026,21076314,842.171875,882.84375,775009,0,254.69140625,372.9453125,benign
C:\Windows\System32\svchost.exe,,0.0,398,3120,5,svchost.exe,,0.1281409922891265,,1128,65,3093598,132000,2.875,0.9375,2268,0,10.49609375,4.53125,benign
C:\Windows\System32\svchost.exe,,0.0,371,3128,5,svchost.exe,,0.11698170974515346,,1,1,116,160,0.328125,0.078125,818,0,9.58203125,2.71875,benign
C:\Windows\System32\svchost.exe,,0.0,136,3136,3,svchost.exe,,0.06476199014835647,,1,0,512,0,0.046875,0.0,567,0,5.3046875,1.2734375,benign
C:\Windows\System32\WindowsPowerShell\v1.0\powershell.exe,"['C:\\Windows\\System32\\WindowsPowerShell\\v1.0\\powershell.exe', '-noexit', '-command', 'try { . ""c:\\Users\\keylogger\\AppData\\Local\\Programs\\Microsoft VS Code\\resources\\app\\out\\vs\\workbench\\contrib\\terminal\\common\\scripts\\shellIntegration.ps1"" } catch {}']",0.0,667,3220,9,powershell.exe,"[popenfile(path='C:\\Windows\\Microsoft.NET\\assembly\\GAC_MSIL\\Microsoft.PowerShell.Commands.Utility\\v4.0_3.0.0.0__31bf3856ad364e35\\Microsoft.PowerShell.Commands.Utility.dll', fd=-1), popenfile(path='C:\\Windows\\Microsoft.NET\\assembly\\GAC_MSIL\\System.Numerics\\v4.0_4.0.0.0__b77a5c561934e089\\System.Numerics.dll', fd=-1), popenfile(path='C:\\Windows\\System32\\en-US\\crypt32.dll.mui', fd=-1), popenfile(path='C:\\Windows\\Microsoft.NET\\assembly\\GAC_MSIL\\Microsoft.PowerShell.Commands.Management\\v4.0_3.0.0.0__31bf3856ad364e35\\Microsoft.PowerShell.Commands.Management.dll', fd=-1), popenfile(path='C:\\Windows\\System32\\WindowsPowerShell\\v1.0\\en-US\\powershell.exe.mui', fd=-1), popenfile(path='C:\\Windows\\Microsoft.NET\\assembly\\GAC_MSIL\\Microsoft.Management.Infrastructure\\v4.0_1.0.0.0__31bf3856ad364e35\\Microsoft.Management.Infrastructure.dll', fd=-1), popenfile(path='C:\\Windows\\Microsoft.NET\\assembly\\GAC_MSIL\\System.Management.Automation\\v4.0_3.0.0.0__31bf3856ad364e35\\System.Management.Automation.dll', fd=-1), popenfile(path='C:\\Windows\\Microsoft.NET\\assembly\\GAC_MSIL\\System.Xml\\v4.0_4.0.0.0__b77a5c561934e089\\System.XML.dll', fd=-1), popenfile(path='C:\\Windows\\System32\\en-US\\winnlsres.dll.mui', fd=-1), popenfile(path='C:\\Windows\\System32\\en-US\\KernelBase.dll.mui', fd=-1), popenfile(path='C:\\Windows\\Microsoft.NET\\assembly\\GAC_MSIL\\Microsoft.PowerShell.Security\\v4.0_3.0.0.0__31bf3856ad364e35\\Microsoft.PowerShell.Security.dll', fd=-1), popenfile(path='C:\\Program Files\\WindowsPowerShell\\Modules\\PSReadline\\2.0.0\\Microsoft.PowerShell.PSReadline.dll', fd=-1), popenfile(path='C:\\Windows\\Microsoft.NET\\assembly\\GAC_MSIL\\Microsoft.CSharp\\v4.0_4.0.0.0__b03f5f7f11d50a3a\\Microsoft.CSharp.dll', fd=-1), popenfile(path='C:\\Windows\\Microsoft.NET\\assembly\\GAC_MSIL\\System.Windows.Forms\\v4.0_4.0.0.0__b77a5c561934e089\\System.Windows.Forms.dll', fd=-1), popenfile(path='C:\\Windows\\Microsoft.NET\\assembly\\GAC_MSIL\\System.Dynamic\\v4.0_4.0.0.0__b03f5f7f11d50a3a\\System.Dynamic.dll', fd=-1), popenfile(path='C:\\Windows\\Microsoft.NET\\assembly\\GAC_MSIL\\Microsoft.PowerShell.ConsoleHost\\v4.0_3.0.0.0__31bf3856ad364e35\\Microsoft.PowerShell.ConsoleHost.dll', fd=-1)]",0.31317524985585926,32.0,205,159,585778,2201,4.078125,1.40625,241279,0,25.65234375,61.046875,benign
C:\Windows\System32\vm3dservice.exe,,0.0,135,3256,4,vm3dservice.exe,,0.08088095382298421,,0,0,0,0,0.171875,2.875,106951,0,6.625,1.70703125,benign
C:\Windows\System32\svchost.exe,,0.0,114,3264,2,svchost.exe,,0.06328362365748824,,0,0,0,0,0.015625,0.09375,56,0,5.18359375,1.26171875,benign
C:\Windows\System32\WindowsPowerShell\v1.0\powershell.exe,"['C:\\Windows\\System32\\WindowsPowerShell\\v1.0\\powershell.exe', '-noexit', '-command', 'try { . ""c:\\Users\\keylogger\\AppData\\Local\\Programs\\Microsoft VS Code\\resources\\app\\out\\vs\\workbench\\contrib\\terminal\\common\\scripts\\shellIntegration.ps1"" } catch {}']",0.0,1005,3304,9,powershell.exe,"[popenfile(path='C:\\Windows\\System32\\en-US\\crypt32.dll.mui', fd=-1), popenfile(path='C:\\Windows\\System32\\WindowsPowerShell\\v1.0\\en-US\\powershell.exe.mui', fd=-1), popenfile(path='C:\\Windows\\Microsoft.NET\\assembly\\GAC_MSIL\\Microsoft.Management.Infrastructure\\v4.0_1.0.0.0__31bf3856ad364e35\\Microsoft.Management.Infrastructure.dll', fd=-1), popenfile(path='C:\\Windows\\System32\\en-US\\winnlsres.dll.mui', fd=-1), popenfile(path='C:\\Windows\\System32\\en-US\\KernelBase.dll.mui', fd=-1), popenfile(path='C:\\Program Files\\WindowsPowerShell\\Modules\\PSReadline\\2.0.0\\Microsoft.PowerShell.PSReadline.dll', fd=-1), popenfile(path='C:\\Windows\\Microsoft.NET\\assembly\\GAC_64\\System.Transactions\\v4.0_4.0.0.0__b77a5c561934e089\\System.Transactions.dll', fd=-1), popenfile(path='C:\\Windows\\Microsoft.NET\\assembly\\GAC_MSIL\\System.Dynamic\\v4.0_4.0.0.0__b03f5f7f11d50a3a\\System.Dynamic.dll', fd=-1)]",0.6974551589983161,32.0,176,575,599553,6572,2.65625,1.171875,30155,0,57.12890625,65.54296875,benign
C:\Windows\System32\WindowsPowerShell\v1.0\powershell.exe,"['C:\\Windows\\System32\\WindowsPowerShell\\v1.0\\powershell.exe', '-noexit', '-command', 'try { . ""c:\\Users\\keylogger\\AppData\\Local\\Programs\\Microsoft VS Code\\resources\\app\\out\\vs\\workbench\\contrib\\terminal\\common\\scripts\\shellIntegration.ps1"" } catch {}']",0.0,1830,3380,12,powershell.exe,"[popenfile(path='C:\\Windows\\Microsoft.NET\\assembly\\GAC_MSIL\\Microsoft.PowerShell.Commands.Utility\\v4.0_3.0.0.0__31bf3856ad364e35\\Microsoft.PowerShell.Commands.Utility.dll', fd=-1), popenfile(path='C:\\Windows\\Microsoft.NET\\assembly\\GAC_MSIL\\System.Numerics\\v4.0_4.0.0.0__b77a5c561934e089\\System.Numerics.dll', fd=-1), popenfile(path='C:\\Windows\\System32\\en-US\\crypt32.dll.mui', fd=-1), popenfile(path='C:\\Windows\\Microsoft.NET\\assembly\\GAC_MSIL\\Microsoft.PowerShell.Commands.Management\\v4.0_3.0.0.0__31bf3856ad364e35\\Microsoft.PowerShell.Commands.Management.dll', fd=-1), popenfile(path='C:\\Windows\\System32\\WindowsPowerShell\\v1.0\\en-US\\powershell.exe.mui', fd=-1), popenfile(path='C:\\Windows\\Microsoft.NET\\assembly\\GAC_MSIL\\Microsoft.Management.Infrastructure\\v4.0_1.0.0.0__31bf3856ad364e35\\Microsoft.Management.Infrastructure.dll', fd=-1), popenfile(path='C:\\Windows\\Microsoft.NET\\assembly\\GAC_MSIL\\System.Management.Automation\\v4.0_3.0.0.0__31bf3856ad364e35\\System.Management.Automation.dll', fd=-1), popenfile(path='C:\\Windows\\Microsoft.NET\\assembly\\GAC_MSIL\\System.Xml\\v4.0_4.0.0.0__b77a5c561934e089\\System.XML.dll', fd=-1), popenfile(path='C:\\Windows\\System32\\en-US\\winnlsres.dll.mui', fd=-1), popenfile(path='C:\\Windows\\System32\\en-US\\KernelBase.dll.mui', fd=-1), popenfile(path='C:\\Windows\\Microsoft.NET\\assembly\\GAC_MSIL\\Microsoft.PowerShell.Security\\v4.0_3.0.0.0__31bf3856ad364e35\\Microsoft.PowerShell.Security.dll', fd=-1), popenfile(path='C:\\Program Files\\WindowsPowerShell\\Modules\\PSReadline\\2.0.0\\Microsoft.PowerShell.PSReadline.dll', fd=-1), popenfile(path='C:\\Windows\\Microsoft.NET\\assembly\\GAC_MSIL\\System.Windows.Forms\\v4.0_4.0.0.0__b77a5c561934e089\\System.Windows.Forms.dll', fd=-1), popenfile(path='C:\\Windows\\Microsoft.NET\\assembly\\GAC_MSIL\\Microsoft.CSharp\\v4.0_4.0.0.0__b03f5f7f11d50a3a\\Microsoft.CSharp.dll', fd=-1), popenfile(path='C:\\Windows\\Microsoft.NET\\assembly\\GAC_MSIL\\System.Dynamic\\v4.0_4.0.0.0__b03f5f7f11d50a3a\\System.Dynamic.dll', fd=-1), popenfile(path='C:\\Windows\\Microsoft.NET\\assembly\\GAC_MSIL\\Microsoft.PowerShell.ConsoleHost\\v4.0_3.0.0.0__31bf3856ad364e35\\Microsoft.PowerShell.ConsoleHost.dll', fd=-1)]",0.5736538876985124,32.0,220,536,554787,6735,7.515625,2.84375,197921,0,46.98828125,63.1796875,benign
C:\Windows\System32\cmd.exe,"['cmd', '/k', 'python', '.\\keylogger.py']",0.0,135,3600,1,cmd.exe,[],0.09328015664962094,32.0,0,0,0,0,0.03125,0.046875,84,0,7.640625,2.67578125,benign
C:\Windows\System32\svchost.exe,,0.0,120,3640,3,svchost.exe,,0.06385589455717916,,0,0,0,0,0.0625,0.015625,41,0,5.23046875,1.2734375,benign
C:\Windows\System32\svchost.exe,,0.0,209,3744,5,svchost.exe,,0.09313708892469821,,0,0,0,0,0.03125,0.0625,119,0,7.62890625,2.171875,benign
C:\Windows\System32\msdtc.exe,,0.0,231,3748,9,msdtc.exe,,0.08994190973475721,,1,3,116,319648,0.046875,0.078125,8028,0,7.3671875,2.79296875,benign
C:\Windows\System32\dllhost.exe,,0.0,266,3792,10,dllhost.exe,,0.13176537465383573,,4161,11,2096709,3945,0.53125,0.21875,9084,0,10.79296875,3.81640625,benign
C:\Windows\System32\dllhost.exe,,0.0,214,3872,4,dllhost.exe,,0.125231948549031,,34,37,2736128,479232,0.125,0.0625,344,0,10.2578125,3.1328125,benign
C:\Users\keylogger\AppData\Local\Programs\Microsoft VS Code\Code.exe,"['C:\\Users\\keylogger\\AppData\\Local\\Programs\\Microsoft VS Code\\Code.exe', '--type=utility', '--utility-sub-type=node.mojom.NodeService', '--lang=en-US', '--service-sandbox-type=none', '--user-data-dir=C:\\Users\\keylogger\\AppData\\Roaming\\Code', '--standard-schemes=vscode-webview,vscode-file', '--enable-sandbox', '--secure-schemes=vscode-webview,vscode-file', '--cors-schemes=vscode-webview,vscode-file', '--fetch-schemes=vscode-webview,vscode-file', '--service-worker-schemes=vscode-webview', '--code-cache-schemes=vscode-webview,vscode-file', '--field-trial-handle=1764,i,2992125270083613785,17152386301730894539,262144', '--enable-features=DocumentPolicyIncludeJSCallStacksInCrashReports,EarlyEstablishGpuChannel,EnableTransparentHwndEnlargement,EstablishGpuChannelAsync', '--disable-features=CalculateNativeWinOcclusion,FontationsLinuxSystemFonts,ScreenAIOCREnabled,SpareRendererForSitePerProcess,WinDelaySpellcheckServiceInit', '--variations-seed-version', '--mojo-platform-channel-handle=4384', '/prefetch:8']",0.0,334,3880,25,Code.exe,"[popenfile(path='C:\\Users\\keylogger\\AppData\\Local\\Programs\\Microsoft VS Code\\v8_context_snapshot.bin', fd=-1), popenfile(path='C:\\Windows\\System32\\en-US\\mswsock.dll.mui', fd=-1), popenfile(path='C:\\Users\\keylogger\\AppData\\Local\\Programs\\Microsoft VS Code\\chrome_100_percent.pak', fd=-1), popenfile(path='C:\\Users\\keylogger\\AppData\\Local\\Programs\\Microsoft VS Code\\resources.pak', fd=-1), popenfile(path='C:\\Windows\\System32\\en-US\\KernelBase.dll.mui', fd=-1), popenfile(path='C:\\Users\\keylogger\\AppData\\Local\\Programs\\Microsoft VS Code\\icudtl.dat', fd=-1), popenfile(path='C:\\Users\\keylogger\\AppData\\Local\\Programs\\Microsoft VS Code\\locales\\en-US.pak', fd=-1), popenfile(path='C:\\Windows\\Registration\\R000000000006.clb', fd=-1), popenfile(path='C:\\Users\\keylogger\\AppData\\Local\\Programs\\Microsoft VS Code\\chrome_200_percent.pak', fd=-1)]",0.30497270029362267,32.0,158,13299,1233567,57914008,22.09375,17.078125,4390403,0,24.98046875,83.4921875,benign
C:\Windows\System32\svchost.exe,,0.0,204,3908,4,svchost.exe,,0.12237059405057633,,17,71,126976,1576960,0.078125,0.25,248,0,10.0234375,6.12109375,benign
C:\Windows\System32\wbem\WmiPrvSE.exe,,0.0,372,4140,13,WmiPrvSE.exe,,0.24502732355099816,,8915,8754,15120240,857588,21.59375,42.203125,223899,0,20.0703125,13.36328125,benign
C:\Windows\System32\ctfmon.exe,['ctfmon.exe'],0.0,512,4244,9,ctfmon.exe,,0.18217290306827813,128.0,13,0,32381,0,13.703125,28.703125,264815,0,14.921875,4.67578125,benign
C:\Windows\System32\ApplicationFrameHost.exe,"['C:\\Windows\\system32\\ApplicationFrameHost.exe', '-Embedding']",0.0,278,4252,1,ApplicationFrameHost.exe,"[popenfile(path='C:\\Windows\\System32\\WinMetadata\\Windows.UI.winmd', fd=-1), popenfile(path='C:\\Windows\\System32\\en-US\\ApplicationFrame.dll.mui', fd=-1), popenfile(path='C:\\Windows\\System32\\WinMetadata\\Windows.Foundation.winmd', fd=-1), popenfile(path='C:\\Windows\\Fonts\\StaticCache.dat', fd=-1), popenfile(path='C:\\Windows\\Registration\\R000000000006.clb', fd=-1), popenfile(path='C:\\Windows\\System32\\en-US\\KernelBase.dll.mui', fd=-1), popenfile(path='C:\\Windows\\System32\\en-US\\combase.dll.mui', fd=-1)]",0.02761207091008718,32.0,33,0,27638,0,0.53125,0.875,85,0,2.26171875,6.8125,benign
C:\Users\keylogger\AppData\Local\Programs\Microsoft VS Code\Code.exe,['C:\\Users\\keylogger\\AppData\\Local\\Programs\\Microsoft VS Code\\Code.exe'],0.0,1376,4276,56,Code.exe,"[popenfile(path='C:\\Users\\keylogger\\AppData\\Roaming\\Code\\DawnGraphiteCache\\data_0', fd=-1), popenfile(path='C:\\Users\\keylogger\\AppData\\Roaming\\Code\\logs\\20251112T120431\\window3\\network.log', fd=-1), popenfile(path='C:\\Users\\keylogger\\AppData\\Roaming\\Code\\logs\\20251112T120431\\window4\\network.log', fd=-1), popenfile(path='C:\\Users\\keylogger\\AppData\\Roaming\\Code\\logs\\20251112T120431\\window4\\output_20251112T153233\\tasks.log', fd=-1), popenfile(path='C:\\Windows\\Fonts\\malgun.ttf', fd=-1), popenfile(path='C:\\Users\\keylogger\\AppData\\Roaming\\Code\\logs\\20251112T120431\\window2\\views.log', fd=-1), popenfile(path='C:\\Users\\keylogger\\AppData\\Roaming\\Code\\logs\\20251112T120431\\window2\\network.log', fd=-1), popenfile(path='C:\\Windows\\System32\\en-US\\user32.dll.mui', fd=-1), popenfile(path='C:\\Windows\\System32\\en-US\\shell32.dll.mui', fd=-1), popenfile(path='C:\\Users\\keylogger\\AppData\\Roaming\\Code\\DawnGraphiteCache\\data_1', fd=-1), popenfile(path='C:\\Users\\keylogger\\AppData\\Roaming\\Code\\logs\\20251112T120431\\remoteTunnelService.log', fd=-1), popenfile(path='C:\\Users\\keylogger\\AppData\\Roaming\\Code\\DawnGraphiteCache\\index', fd=-1), popenfile(path='C:\\Users\\keylogger\\AppData\\Roaming\\Code\\logs\\20251112T120431\\window3\\output_20251112T120514\\tasks.log', fd=-1), popenfile(path='C:\\Users\\keylogger\\AppData\\Roaming\\Code\\DawnGraphiteCache\\data_3', fd=-1), popenfile(path='C:\\Users\\keylogger\\AppData\\Roaming\\Code\\GPUCache\\data_2', fd=-1), popenfile(path='C:\\Users\\keylogger\\AppData\\Roaming\\Code\\User\\workspaceStorage\\ae80f5b3737c77750147ed8202047ea6\\state.vscdb', fd=-1), popenfile(path='C:\\Users\\keylogger\\AppData\\Roaming\\Code\\logs\\20251112T120431\\window3\\renderer.log', fd=-1), popenfile(path='C:\\Windows\\SystemResources\\imageres.dll.mun', fd=-1), popenfile(path='C:\\Users\\keylogger\\AppData\\Roaming\\Code\\logs\\20251112T120431\\sharedprocess.log', fd=-1), popenfile(path='C:\\Users\\keylogger\\AppData\\Roaming\\Code\\Session Storage\\LOCK', fd=-1), popenfile(path='C:\\Windows\\Fonts\\msjh.ttc', fd=-1), popenfile(path='C:\\Users\\keylogger\\AppData\\Roaming\\Code\\DawnWebGPUCache\\data_2', fd=-1), popenfile(path='C:\\Users\\keylogger\\AppData\\Local\\Programs\\Microsoft VS Code\\chrome_100_percent.pak', fd=-1), popenfile(path='C:\\Users\\keylogger\\AppData\\Roaming\\Code\\logs\\20251112T120431\\window2\\output_20251112T120514\\tasks.log', fd=-1), popenfile(path='C:\\Users\\keylogger\\AppData\\Roaming\\Code\\logs\\20251112T120431\\window4\\mcpServer.ms-python.vscode-pylance\\pylance mcp server.log', fd=-1), popenfile(path='C:\\Users\\keylogger\\AppData\\Roaming\\Code\\logs\\20251112T120431\\window4\\renderer.log', fd=-1), popenfile(path='C:\\Users\\keylogger\\AppData\\Roaming\\Code\\DawnWebGPUCache\\index', fd=-1), popenfile(path='C:\\Windows\\System32\\en-US\\duser.dll.mui', fd=-1), popenfile(path='C:\\Users\\keylogger\\AppData\\Roaming\\Code\\DawnWebGPUCache\\data_1', fd=-1), popenfile(path='C:\\Users\\keylogger\\AppData\\Roaming\\Code\\User\\workspaceStorage\\592ec4a55524509628ea7ca55375af1d\\state.vscdb', fd=-1), popenfile(path='C:\\Users\\keylogger\\AppData\\Roaming\\Code\\logs\\20251112T120431\\window4\\textModelChanges.log', fd=-1), popenfile(path='C:\\Users\\keylogger\\AppData\\Roaming\\Code\\DawnGraphiteCache\\data_2', fd=-1), popenfile(path='C:\\Windows\\Registration\\R000000000006.clb', fd=-1), popenfile(path='C:\\Windows\\Fonts\\msgothic.ttc', fd=-1), popenfile(path='C:\\Users\\keylogger\\AppData\\Roaming\\Code\\SharedStorage-wal', fd=-1), popenfile(path='C:\\Users\\keylogger\\AppData\\Roaming\\Code\\logs\\20251112T120431\\window3\\textModelChanges.log', fd=-1), popenfile(path='C:\\Users\\keylogger\\AppData\\Roaming\\Code\\Local Storage\\leveldb\\MANIFEST-000001', fd=-1), popenfile(path='C:\\Users\\keylogger\\AppData\\Roaming\\Code\\GPUCache\\data_3', fd=-1), popenfile(path='C:\\Windows\\System32\\en-US\\mswsock.dll.mui', fd=-1), popenfile(path='C:\\Users\\keylogger\\AppData\\Roaming\\Code\\logs\\20251112T120431\\userDataSync.log', fd=-1), popenfile(path='C:\\Users\\keylogger\\AppData\\Roaming\\Code\\logs\\20251112T120431\\window3\\notebook.rendering.log', fd=-1), popenfile(path='C:\\Users\\keylogger\\AppData\\Local\\Programs\\Microsoft VS Code\\locales\\en-US.pak', fd=-1), popenfile(path='C:\\Windows\\SystemResources\\shell32.dll.mun', fd=-1), popenfile(path='C:\\Users\\keylogger\\AppData\\Roaming\\Code\\DIPS', fd=-1), popenfile(path='C:\\Windows\\Fonts\\YuGothR.ttc', fd=-1), popenfile(path='C:\\Users\\keylogger\\AppData\\Roaming\\Code\\logs\\20251112T120431\\editSessions.log', fd=-1), popenfile(path='C:\\Users\\keylogger\\AppData\\Roaming\\Code\\Local Storage\\leveldb\\000003.log', fd=-1), popenfile(path='C:\\Windows\\System32\\en-US\\kernel32.dll.mui', fd=-1), popenfile(path='C:\\Users\\keylogger\\AppData\\Roaming\\Code\\DawnWebGPUCache\\data_0', fd=-1), popenfile(path='C:\\Users\\keylogger\\AppData\\Roaming\\Code\\logs\\20251112T120431\\window4\\output_20251112T153222\\tasks.log', fd=-1), popenfile(path='C:\\Windows\\System32\\en-US\\comdlg32.dll.mui', fd=-1), popenfile(path='C:\\Users\\keylogger\\AppData\\Roaming\\Code\\logs\\20251112T120431\\window3\\mcpServer.ms-python.vscode-pylance\\pylance mcp server.log', fd=-1), popenfile(path='C:\\Users\\keylogger\\AppData\\Local\\Programs\\Microsoft VS Code\\chrome_200_percent.pak', fd=-1), popenfile(path='C:\\Users\\keylogger\\AppData\\Roaming\\Code\\SharedStorage', fd=-1), popenfile(path='C:\\Windows\\Fonts\\msyh.ttc', fd=-1), popenfile(path='C:\\Users\\keylogger\\AppData\\Roaming\\Code\\User\\globalStorage\\state.vscdb', fd=-1), popenfile(path='C:\\Users\\keylogger\\AppData\\Roaming\\Code\\User\\workspaceStorage\\1762979540032\\state.vscdb', fd=-1), popenfile(path='C:\\Users\\keylogger\\AppData\\Roaming\\Code\\GPUCache\\data_0', fd=-1), popenfile(path='C:\\Users\\keylogger\\AppData\\Roaming\\Code\\Session Storage\\000003.log', fd=-1), popenfile(path='C:\\Users\\keylogger\\AppData\\Roaming\\Code\\Local Storage\\leveldb\\LOG', fd=-1), popenfile(path='C:\\Users\\keylogger\\AppData\\Roaming\\Code\\logs\\20251112T120431\\window2\\notebook.rendering.log', fd=-1), popenfile(path='C:\\Users\\keylogger\\AppData\\Local\\Programs\\Microsoft VS Code\\v8_context_snapshot.bin', fd=-1), popenfile(path='C:\\Users\\keylogger\\AppData\\Roaming\\Code\\logs\\20251112T120431\\telemetry.log', fd=-1), popenfile(path='C:\\Windows\\Fonts\\simsun.ttc', fd=-1), popenfile(path='C:\\Windows\\Fonts\\StaticCache.dat', fd=-1), popenfile(path='C:\\Users\\keylogger\\AppData\\Roaming\\Code\\logs\\20251112T120431\\window2\\mcpServer.ms-python.vscode-pylance\\pylance mcp server.log', fd=-1), popenfile(path='C:\\Users\\keylogger\\AppData\\Roaming\\Code\\logs\\20251112T120431\\window2\\textModelChanges.log', fd=-1), popenfile(path='C:\\Windows\\WinSxS\\amd64_microsoft.windows.c..-controls.resources_6595b64144ccf1df_6.0.19041.1_en-us_cb612d02732b0fd9\\comctl32.dll.mui', fd=-1), popenfile(path='C:\\Windows\\System32\\en-US\\windows.storage.dll.mui', fd=-1), popenfile(path='C:\\Users\\keylogger\\AppData\\Local\\Programs\\Microsoft VS Code\\resources.pak', fd=-1), popenfile(path='C:\\Users\\keylogger\\AppData\\Roaming\\Code\\Session Storage\\LOG', fd=-1), popenfile(path='C:\\Users\\keylogger\\AppData\\Roaming\\Code\\logs\\20251112T120431\\network-shared.log', fd=-1), popenfile(path='C:\\Users\\keylogger\\AppData\\Roaming\\Code\\logs\\20251112T120431\\window2\\renderer.log', fd=-1), popenfile(path='C:\\Users\\keylogger\\AppData\\Roaming\\Code\\GPUCache\\index', fd=-1), popenfile(path='C:\\Users\\keylogger\\AppData\\Roaming\\Code\\DIPS-wal', fd=-1), popenfile(path='C:\\Users\\keylogger\\AppData\\Roaming\\Code\\GPUCache\\data_1', fd=-1), popenfile(path='C:\\Users\\keylogger\\AppData\\Roaming\\Code\\User\\workspaceStorage\\6898a7638a8465fb798a31a4495e4bdc\\state.vscdb', fd=-1), popenfile(path='C:\\Users\\keylogger\\AppData\\Roaming\\Code\\logs\\20251112T120431\\terminal.log', fd=-1), popenfile(path='C:\\Windows\\System32\\en-US\\propsys.dll.mui', fd=-1), popenfile(path='C:\\Windows\\System32\\en-US\\dui70.dll.mui', fd=-1), popenfile(path='C:\\Users\\keylogger\\AppData\\Roaming\\Code\\logs\\20251112T120431\\main.log', fd=-1), popenfile(path='C:\\Windows\\Fonts\\segoeui.ttf', fd=-1), popenfile(path='C:\\Users\\keylogger\\AppData\\Roaming\\Code\\logs\\20251112T120431\\window4\\notebook.rendering.log', fd=-1), popenfile(path='C:\\Users\\keylogger\\AppData\\Roaming\\Code\\Session Storage\\MANIFEST-000001', fd=-1), popenfile(path='C:\\Users\\keylogger\\AppData\\Roaming\\Code\\logs\\20251112T120431\\window4\\views.log', fd=-1), popenfile(path='C:\\Windows\\System32\\en-US\\KernelBase.dll.mui', fd=-1), popenfile(path='C:\\Users\\keylogger\\AppData\\Local\\Programs\\Microsoft VS Code\\icudtl.dat', fd=-1), popenfile(path='C:\\Users\\keylogger\\AppData\\Roaming\\Code\\Local Storage\\leveldb\\LOCK', fd=-1), popenfile(path='C:\\Users\\keylogger\\AppData\\Roaming\\Code\\logs\\20251112T120431\\window3\\views.log', fd=-1), popenfile(path='C:\\Users\\keylogger\\AppData\\Roaming\\Code\\DawnWebGPUCache\\data_3', fd=-1)]",1.4299142213610605,32.0,305998,216858,985674039,648766233,121.109375,123.453125,4849332,0,117.125,136.65625,benign
C:\Windows\System32\SecurityHealthSystray.exe,['C:\\Windows\\System32\\SecurityHealthSystray.exe'],0.0,169,4324,1,SecurityHealthSystray.exe,"[popenfile(path='C:\\Windows\\System32\\en-US\\securityhealthsso.dll.mui', fd=-1), popenfile(path='C:\\Windows\\Registration\\R000000000006.clb', fd=-1)]",0.07959334429867963,32.0,1,0,8014,0,0.296875,0.1875,2340,0,6.51953125,1.71484375,benign
C:\Users\keylogger\AppData\Local\Programs\Microsoft VS Code\Code.exe,"['C:\\Users\\keylogger\\AppData\\Local\\Programs\\Microsoft VS Code\\Code.exe', '--type=utility', '--utility-sub-type=node.mojom.NodeService', '--lang=en-US', '--service-sandbox-type=none', '--user-data-dir=C:\\Users\\keylogger\\AppData\\Roaming\\Code', '--standard-schemes=vscode-webview,vscode-file', '--enable-sandbox', '--secure-schemes=vscode-webview,vscode-file', '--cors-schemes=vscode-webview,vscode-file', '--fetch-schemes=vscode-webview,vscode-file', '--service-worker-schemes=vscode-webview', '--code-cache-schemes=vscode-webview,vscode-file', '--field-trial-handle=1764,i,2992125270083613785,17152386301730894539,262144', '--enable-features=DocumentPolicyIncludeJSCallStacksInCrashReports,EarlyEstablishGpuChannel,EnableTransparentHwndEnlargement,EstablishGpuChannelAsync', '--disable-features=CalculateNativeWinOcclusion,FontationsLinuxSystemFonts,ScreenAIOCREnabled,SpareRendererForSitePerProcess,WinDelaySpellcheckServiceInit', '--variations-seed-version', '--mojo-platform-channel-handle=4436', '/prefetch:8']",0.0,480,4408,38,Code.exe,"[popenfile(path='C:\\Users\\keylogger\\AppData\\Local\\Programs\\Microsoft VS Code\\v8_context_snapshot.bin', fd=-1), popenfile(path='C:\\Windows\\System32\\en-US\\mswsock.dll.mui', fd=-1), popenfile(path='C:\\Users\\keylogger\\AppData\\Local\\Programs\\Microsoft VS Code\\chrome_100_percent.pak', fd=-1), popenfile(path='C:\\Users\\keylogger\\AppData\\Local\\Programs\\Microsoft VS Code\\resources.pak', fd=-1), popenfile(path='C:\\Windows\\System32\\en-US\\KernelBase.dll.mui', fd=-1), popenfile(path='C:\\Users\\keylogger\\AppData\\Local\\Programs\\Microsoft VS Code\\icudtl.dat', fd=-1), popenfile(path='C:\\Users\\keylogger\\AppData\\Local\\Programs\\Microsoft VS Code\\locales\\en-US.pak', fd=-1), popenfile(path='C:\\Windows\\Registration\\R000000000006.clb', fd=-1), popenfile(path='C:\\Users\\keylogger\\AppData\\Roaming\\Code\\logs\\20251112T120431\\ptyhost.log', fd=-1), popenfile(path='C:\\Users\\keylogger\\AppData\\Local\\Programs\\Microsoft VS Code\\chrome_200_percent.pak', fd=-1)]",0.5389361197839295,32.0,9731,31111,2759613,125064000,18.140625,19.125,2407566,0,44.14453125,168.32421875,benign
C:\Windows\System32\AggregatorHost.exe,,0.0,202,4492,5,AggregatorHost.exe,,0.14187549388170873,,356,0,163328172,0,1.71875,1.53125,622,0,11.62109375,2.7734375,benign
C:\Program Files\WindowsApps\PythonSoftwareFoundation.PythonManager_25.0.240.0_x64__3847v3x7pw1km\python.exe,"['C:\\Users\\keylogger\\AppData\\Local\\Microsoft\\WindowsApps\\python.exe', '.\\generate_data.py']",0.0,158,4516,3,python.exe,"[popenfile(path='C:\\Windows\\System32\\en-US\\KernelBase.dll.mui', fd=-1), popenfile(path='C:\\Windows\\System32\\en-US\\winhttp.dll.mui', fd=-1)]",0.1456906332129816,32.0,64,0,7188161,0,0.03125,0.078125,178,0,11.93359375,4.578125,benign
C:\Windows\System32\conhost.exe,"['\\\\?\\C:\\Windows\\system32\\conhost.exe', '--headless', '--width', '80', '--height', '30', '--signal', '0x4c4', '--server', '0x6ac']",0.0,109,4528,5,conhost.exe,"[popenfile(path='C:\\Windows\\System32\\en-US\\Conhost.exe.mui', fd=-1)]",0.06862481872127021,32.0,2,2,0,133,0.0,0.015625,479,0,5.62109375,1.265625,benign
C:\Users\KEYLOG~1\AppData\Local\Temp\vscode-stable-user-x64\CodeSetup-stable-ac4cbdf48759c7d8c3eb91ffe6bb04316e263c57.exe,"['C:\\Users\\KEYLOG~1\\AppData\\Local\\Temp\\vscode-stable-user-x64\\CodeSetup-stable-ac4cbdf48759c7d8c3eb91ffe6bb04316e263c57.exe', '/verysilent', '/log', '/update=C:\\Users\\KEYLOG~1\\AppData\\Local\\Temp\\vscode-stable-user-x64\\CodeSetup-stable-ac4cbdf48759c7d8c3eb91ffe6bb04316e263c57.flag', '/nocloseapplications', '/mergetasks=runcode,!desktopicon,!quicklaunchicon']",0.0,191,4600,1,CodeSetup-stable-ac4cbdf48759c7d8c3eb91ffe6bb04316e263c57.exe,"[popenfile(path='C:\\Users\\keylogger\\AppData\\Roaming\\Code\\logs\\20251112T120431\\window3\\textModelChanges.log', fd=-1), popenfile(path='C:\\Users\\keylogger\\AppData\\Roaming\\Code\\logs\\20251112T120431\\window3\\renderer.log', fd=-1), popenfile(path='C:\\Users\\keylogger\\AppData\\Roaming\\Code\\logs\\20251112T120431\\userDataSync.log', fd=-1), popenfile(path='C:\\Users\\keylogger\\AppData\\Roaming\\Code\\logs\\20251112T120431\\window3\\notebook.rendering.log', fd=-1), popenfile(path='C:\\Users\\keylogger\\AppData\\Roaming\\Code\\logs\\20251112T120431\\window3\\network.log', fd=-1), popenfile(path='C:\\Users\\keylogger\\AppData\\Roaming\\Code\\logs\\20251112T120431\\sharedprocess.log', fd=-1), popenfile(path='C:\\Users\\keylogger\\AppData\\Roaming\\Code\\logs\\20251112T120431\\window4\\network.log', fd=-1), popenfile(path='C:\\Users\\keylogger\\AppData\\Roaming\\Code\\logs\\20251112T120431\\window4\\output_20251112T153233\\tasks.log', fd=-1), popenfile(path='C:\\Users\\keylogger\\AppData\\Roaming\\Code\\logs\\20251112T120431\\network-shared.log', fd=-1), popenfile(path='C:\\Users\\keylogger\\AppData\\Roaming\\Code\\logs\\20251112T120431\\window2\\renderer.log', fd=-1), popenfile(path='C:\\Windows\\System32\\en-US\\netmsg.dll.mui', fd=-1), popenfile(path='C:\\Users\\keylogger\\AppData\\Roaming\\Code\\logs\\20251112T120431\\editSessions.log', fd=-1), popenfile(path='C:\\Users\\keylogger\\AppData\\Roaming\\Code\\logs\\20251112T120431\\terminal.log', fd=-1), popenfile(path='C:\\Users\\keylogger\\AppData\\Roaming\\Code\\logs\\20251112T120431\\window2\\output_20251112T120514\\tasks.log', fd=-1), popenfile(path='C:\\Users\\keylogger\\AppData\\Roaming\\Code\\logs\\20251112T120431\\window4\\output_20251112T153222\\tasks.log', fd=-1), popenfile(path='C:\\Users\\keylogger\\AppData\\Roaming\\Code\\logs\\20251112T120431\\window2\\views.log', fd=-1), popenfile(path='C:\\Users\\keylogger\\AppData\\Roaming\\Code\\logs\\20251112T120431\\window3\\mcpServer.ms-python.vscode-pylance\\pylance mcp server.log', fd=-1), popenfile(path='C:\\Users\\keylogger\\AppData\\Roaming\\Code\\logs\\20251112T120431\\window2\\network.log', fd=-1), popenfile(path='C:\\Users\\keylogger\\AppData\\Roaming\\Code\\logs\\20251112T120431\\window4\\mcpServer.ms-python.vscode-pylance\\pylance mcp server.log', fd=-1), popenfile(path='C:\\Users\\keylogger\\AppData\\Roaming\\Code\\logs\\20251112T120431\\main.log', fd=-1), popenfile(path='C:\\Users\\keylogger\\AppData\\Roaming\\Code\\logs\\20251112T120431\\window4\\notebook.rendering.log', fd=-1), popenfile(path='C:\\Users\\keylogger\\AppData\\Roaming\\Code\\logs\\20251112T120431\\window4\\renderer.log', fd=-1), popenfile(path='C:\\Users\\keylogger\\AppData\\Roaming\\Code\\logs\\20251112T120431\\remoteTunnelService.log', fd=-1), popenfile(path='C:\\Users\\keylogger\\AppData\\Roaming\\Code\\logs\\20251112T120431\\window2\\notebook.rendering.log', fd=-1), popenfile(path='C:\\Users\\keylogger\\AppData\\Roaming\\Code\\logs\\20251112T120431\\window4\\textModelChanges.log', fd=-1), popenfile(path='C:\\Users\\keylogger\\AppData\\Roaming\\Code\\logs\\20251112T120431\\telemetry.log', fd=-1), popenfile(path='C:\\Users\\keylogger\\AppData\\Roaming\\Code\\logs\\20251112T120431\\window3\\output_20251112T120514\\tasks.log', fd=-1), popenfile(path='C:\\Users\\keylogger\\AppData\\Roaming\\Code\\logs\\20251112T120431\\window4\\views.log', fd=-1), popenfile(path='C:\\Windows\\System32\\en-US\\KernelBase.dll.mui', fd=-1), popenfile(path='C:\\Users\\keylogger\\AppData\\Roaming\\Code\\logs\\20251112T120431\\window2\\mcpServer.ms-python.vscode-pylance\\pylance mcp server.log', fd=-1), popenfile(path='C:\\Users\\keylogger\\AppData\\Roaming\\Code\\logs\\20251112T120431\\window3\\views.log', fd=-1), popenfile(path='C:\\Users\\keylogger\\AppData\\Roaming\\Code\\logs\\20251112T120431\\window2\\textModelChanges.log', fd=-1)]",0.09494928010705281,32.0,613,1,1242951,3494984,0.203125,0.03125,939,0,7.77734375,7.06640625,benign
C:\Windows\System32\svchost.exe,,0.0,215,4688,5,svchost.exe,,0.08579294571199798,,0,0,0,0,0.078125,0.203125,873,0,7.02734375,1.97265625,benign
C:\Windows\System32\conhost.exe,"['\\\\?\\C:\\Windows\\system32\\conhost.exe', '--headless', '--width', '215', '--height', '12', '--signal', '0x494', '--server', '0x4b4']",0.0,114,4704,5,conhost.exe,"[popenfile(path='C:\\Windows\\System32\\en-US\\Conhost.exe.mui', fd=-1)]",0.05636868361955621,32.0,253,829,450,42221,2.859375,11.59375,1046638,0,4.6171875,1.28515625,benign
C:\Windows\System32\taskhostw.exe,['taskhostw.exe'],0.0,328,4816,4,taskhostw.exe,"[popenfile(path='C:\\Windows\\System32\\en-US\\KernelBase.dll.mui', fd=-1), popenfile(path='C:\\Windows\\Registration\\R000000000006.clb', fd=-1), popenfile(path='C:\\Windows\\System32\\en-US\\taskhostw.exe.mui', fd=-1)]",0.17792856056223708,32.0,14,2,33246,188,1.21875,0.84375,461,0,14.57421875,5.2734375,benign
C:\Windows\System32\sihost.exe,['sihost.exe'],0.0,556,4900,9,sihost.exe,"[popenfile(path='C:\\Windows\\Registration\\R000000000006.clb', fd=-1), popenfile(path='C:\\Windows\\System32\\en-US\\KernelBase.dll.mui', fd=-1)]",0.3297711059468961,32.0,218,0,892928,0,3.5,3.234375,13943,0,27.01171875,6.6640625,benign
C:\Windows\System32\svchost.exe,"['C:\\Windows\\system32\\svchost.exe', '-k', 'UnistackSvcGroup', '-s', 'WpnUserService']",0.0,552,4924,3,svchost.exe,"[popenfile(path='C:\\Users\\keylogger\\AppData\\Local\\Microsoft\\Windows\\Notifications\\WPNPRMRY.tmp', fd=-1), popenfile(path='C:\\Windows\\System32\\en-US\\QuietHours.dll.mui', fd=-1), popenfile(path='C:\\Users\\keylogger\\AppData\\Local\\Microsoft\\Windows\\Notifications\\wpndatabase.db', fd=-1), popenfile(path='C:\\Windows\\System32\\en-US\\mswsock.dll.mui', fd=-1), popenfile(path='C:\\Windows\\System32\\en-US\\crypt32.dll.mui', fd=-1), popenfile(path='C:\\Windows\\System32\\en-US\\winnlsres.dll.mui', fd=-1), popenfile(path='C:\\Windows\\System32\\en-US\\KernelBase.dll.mui', fd=-1), popenfile(path='C:\\Windows\\System32\\en-US\\svchost.exe.mui', fd=-1), popenfile(path='C:\\Windows\\Registration\\R000000000006.clb', fd=-1), popenfile(path='C:\\Users\\keylogger\\AppData\\Local\\Microsoft\\Windows\\Notifications\\wpndatabase.db-wal', fd=-1), popenfile(path='C:\\Users\\keylogger\\AppData\\Local\\Microsoft\\Windows\\Notifications\\wpndatabase.db-shm', fd=-1), popenfile(path='C:\\Windows\\System32\\en-US\\windows.storage.dll.mui', fd=-1)]",0.18174369989350994,32.0,398,7849,1626132,16415320,5.359375,1.84375,712,0,14.88671875,8.7109375,benign
C:\Windows\System32\svchost.exe,,0.0,176,4980,3,svchost.exe,,0.08951270655998901,,264,0,5392,0,0.046875,0.09375,166,0,7.33203125,1.765625,benign
C:\Windows\System32\conhost.exe,"['\\\\?\\C:\\Windows\\system32\\conhost.exe', '--headless', '--width', '215', '--height', '12', '--signal', '0x610', '--server', '0x438']",0.0,112,5072,5,conhost.exe,"[popenfile(path='C:\\Windows\\System32\\en-US\\Conhost.exe.mui', fd=-1)]",0.07792422084124775,32.0,89,252,211,11062,0.09375,0.125,3684,0,6.3828125,1.3203125,benign
C:\Program Files (x86)\Microsoft\EdgeUpdate\MicrosoftEdgeUpdate.exe,,0.0,214,5084,4,MicrosoftEdgeUpdate.exe,,0.05245816580500155,,1,121,92,9288,0.703125,0.25,838,0,4.296875,2.046875,benign
C:\Windows\System32\taskhostw.exe,"['taskhostw.exe', '{222A245B-E637-4AE9-A93F-A59CA119A75E}']",0.0,307,5116,6,taskhostw.exe,"[popenfile(path='C:\\Windows\\System32\\en-US\\winmm.dll.mui', fd=-1), popenfile(path='C:\\Windows\\System32\\en-US\\MsCtfMonitor.dll.mui', fd=-1), popenfile(path='C:\\Users\\keylogger\\AppData\\Local\\Microsoft\\Windows\\WebCache\\WebCacheV01.jfm', fd=-1), popenfile(path='C:\\Windows\\System32\\en-US\\MMDevAPI.dll.mui', fd=-1), popenfile(path='C:\\Windows\\System32\\en-US\\wdmaud.drv.mui', fd=-1), popenfile(path='C:\\Users\\keylogger\\AppData\\Local\\Microsoft\\Windows\\WebCacheLock.dat', fd=-1), popenfile(path='C:\\Users\\keylogger\\AppData\\Local\\Microsoft\\Windows\\WebCache\\V01tmp.log', fd=-1), popenfile(path='C:\\Windows\\System32\\en-US\\taskhostw.exe.mui', fd=-1), popenfile(path='C:\\Windows\\Registration\\R000000000006.clb', fd=-1), popenfile(path='C:\\Users\\keylogger\\AppData\\Local\\Microsoft\\Windows\\WebCache\\WebCacheV01.dat', fd=-1), popenfile(path='C:\\Users\\keylogger\\AppData\\Local\\Microsoft\\Windows\\WebCache\\V01.log', fd=-1), popenfile(path='C:\\Windows\\System32\\en-US\\ESENT.dll.mui', fd=-1)]",0.20439608967294243,32.0,135,780,6897216,20003570,4.515625,4.40625,6995,0,16.7421875,6.38671875,benign
C:\Windows\System32\svchost.exe,,0.0,327,5136,9,svchost.exe,,0.12365820357488093,,11,6,4857,7435,0.3125,0.296875,7817,0,10.12890625,4.18359375,benign
C:\Program Files\WindowsApps\PythonSoftwareFoundation.PythonManager_25.0.240.0_x64__3847v3x7pw1km\python.exe,"['python', '.\\keylogger.py']",0.0,161,5164,1,python.exe,"[popenfile(path='C:\\Windows\\System32\\en-US\\KernelBase.dll.mui', fd=-1), popenfile(path='C:\\Windows\\System32\\en-US\\winhttp.dll.mui', fd=-1)]",0.15351166884209091,32.0,64,0,7189089,0,0.0625,0.046875,87,0,12.57421875,4.49609375,benign
C:\Windows\explorer.exe,['C:\\Windows\\Explorer.EXE'],0.0,2529,5200,63,explorer.exe,"[popenfile(path='C:\\Windows\\System32\\en-US\\winmm.dll.mui', fd=-1), popenfile(path='C:\\Windows\\System32\\en-US\\ntshrui.dll.mui', fd=-1), popenfile(path='C:\\Windows\\System32\\en-US\\mswsock.dll.mui', fd=-1), popenfile(path='C:\\Users\\keylogger\\AppData\\Local\\Microsoft\\Windows\\Explorer\\iconcache_16.db', fd=-1), popenfile(path='C:\\Windows\\System32\\en-US\\crypt32.dll.mui', fd=-1), popenfile(path='C:\\Windows\\System32\\en-US\\ole32.dll.mui', fd=-1), popenfile(path='C:\\Users\\keylogger\\AppData\\Local\\Microsoft\\Windows\\Explorer\\thumbcache_48.db', fd=-1), popenfile(path='C:\\Users\\keylogger\\AppData\\Local\\Microsoft\\GameDVR\\KnownGameList.bin', fd=-1), popenfile(path='C:\\Windows\\SystemResources\\shell32.dll.mun', fd=-1), popenfile(path='C:\\Windows\\System32\\en-US\\dsreg.dll.mui', fd=-1), popenfile(path='C:\\Windows\\System32\\en-US\\mpr.dll.mui', fd=-1), popenfile(path='C:\\Windows\\SystemResources\\ExplorerFrame.dll.mun', fd=-1), popenfile(path='C:\\Users\\keylogger\\AppData\\Local\\Microsoft\\Windows\\Explorer\\thumbcache_256.db', fd=-1), popenfile(path='C:\\Windows\\SystemResources\\stobject.dll.mun', fd=-1), popenfile(path='C:\\Users\\keylogger\\AppData\\Local\\Microsoft\\Windows\\Explorer\\iconcache_idx.db', fd=-1), popenfile(path='C:\\Windows\\System32\\en-US\\MMDevAPI.dll.mui', fd=-1), popenfile(path='C:\\Windows\\System32\\en-US\\oleaccrc.dll.mui', fd=-1), popenfile(path='C:\\Windows\\System32\\en-US\\propsys.dll.mui', fd=-1), popenfile(path='C:\\Windows\\System32\\en-US\\ieframe.dll.mui', fd=-1), popenfile(path='C:\\Windows\\Fonts\\seguisb.ttf', fd=-1), popenfile(path='C:\\Windows\\System32\\en-US\\ApplicationFrame.dll.mui', fd=-1), popenfile(path='C:\\Windows\\System32\\en-US\\pnidui.dll.mui', fd=-1), popenfile(path='C:\\Windows\\en-US\\explorer.exe.mui', fd=-1), popenfile(path='C:\\Windows\\System32\\en-US\\twinui.pcshell.dll.mui', fd=-1), popenfile(path='C:\\Windows\\System32\\en-US\\dui70.dll.mui', fd=-1), popenfile(path='C:\\Windows\\Fonts\\segoeuisl.ttf', fd=-1), popenfile(path='C:\\Windows\\System32\\en-US\\stobject.dll.mui', fd=-1), popenfile(path='C:\\Windows\\System32\\en-US\\imapi2.dll.mui', fd=-1), popenfile(path='C:\\Windows\\System32\\en-US\\hcproviders.dll.mui', fd=-1), popenfile(path='C:\\Windows\\Fonts\\segoeui.ttf', fd=-1), popenfile(path='C:\\Windows\\System32\\en-US\\user32.dll.mui', fd=-1), popenfile(path='C:\\Windows\\System32\\en-US\\SetNetworkLocationFlyout.dll.mui', fd=-1), popenfile(path='C:\\Windows\\System32\\en-US\\shell32.dll.mui', fd=-1), popenfile(path='C:\\Windows\\System32\\en-US\\InputSwitch.dll.mui', fd=-1), popenfile(path='C:\\Windows\\System32\\en-US\\Windows.Security.Authentication.Web.Core.dll.mui', fd=-1), popenfile(path='C:\\Windows\\System32\\en-US\\bthprops.cpl.mui', fd=-1), popenfile(path='C:\\Users\\keylogger\\AppData\\Local\\Microsoft\\Windows\\Explorer\\thumbcache_32.db', fd=-1), popenfile(path='C:\\Windows\\SystemResources\\SndVolSSO.dll.mun', fd=-1), popenfile(path='C:\\Windows\\System32\\en-US\\wscui.cpl.mui', fd=-1), popenfile(path='C:\\Users\\keylogger\\AppData\\Local\\Microsoft\\Windows\\Explorer\\thumbcache_16.db', fd=-1), popenfile(path='C:\\Users\\keylogger\\AppData\\Local\\Microsoft\\Windows\\Explorer\\iconcache_48.db', fd=-1), popenfile(path='C:\\Windows\\SystemResources\\zipfldr.dll.mun', fd=-1), popenfile(path='C:\\Users\\keylogger\\AppData\\Local\\Microsoft\\Windows\\Explorer\\iconcache_256.db', fd=-1), popenfile(path='C:\\Windows\\System32\\en-US\\UIRibbon.dll.mui', fd=-1), popenfile(path='C:\\Windows\\System32\\en-US\\ActionCenter.dll.mui', fd=-1), popenfile(path='C:\\Windows\\System32\\en-US\\wdmaud.drv.mui', fd=-1), popenfile(path='C:\\Windows\\SystemResources\\Windows.UI.Immersive.dll.mun', fd=-1), popenfile(path='C:\\Windows\\System32\\en-US\\sndvolsso.dll.mui', fd=-1), popenfile(path='C:\\Users\\keylogger\\AppData\\Local\\Microsoft\\Windows\\Explorer\\iconcache_32.db', fd=-1), popenfile(path='C:\\Windows\\Fonts\\StaticCache.dat', fd=-1), popenfile(path='C:\\Users\\keylogger\\AppData\\Local\\Microsoft\\Windows\\Explorer\\thumbcache_idx.db', fd=-1), popenfile(path='C:\\Windows\\Registration\\R000000000006.clb', fd=-1), popenfile(path='C:\\Windows\\System32\\en-US\\KernelBase.dll.mui', fd=-1), popenfile(path='C:\\Windows\\System32\\en-US\\winnlsres.dll.mui', fd=-1), popenfile(path='C:\\Windows\\System32\\en-US\\Windows.UI.Immersive.dll.mui', fd=-1), popenfile(path='C:\\Windows\\System32\\en-US\\combase.dll.mui', fd=-1), popenfile(path='C:\\Windows\\System32\\en-US\\zipfldr.dll.mui', fd=-1), popenfile(path='C:\\Windows\\System32\\en-US\\explorerframe.dll.mui', fd=-1), popenfile(path='C:\\Windows\\WinSxS\\amd64_microsoft.windows.c..-controls.resources_6595b64144ccf1df_6.0.19041.1_en-us_cb612d02732b0fd9\\comctl32.dll.mui', fd=-1), popenfile(path='C:\\Windows\\System32\\en-US\\windows.storage.dll.mui', fd=-1)]",1.3732117130500179,32.0,27514,889,17328808,4318820,95.140625,122.796875,1450364,0,112.48046875,105.03125,benign
C:\ProgramData\Microsoft\Windows Defender\Platform\4.18.25090.3009-0\NisSrv.exe,,0.0,206,5296,3,NisSrv.exe,,0.08426688997948885,,0,0,0,0,0.15625,0.296875,2598,0,6.90234375,4.046875,benign
C:\Windows\System32\SecurityHealthService.exe,,0.0,527,5304,6,SecurityHealthService.exe,,0.19857800219275132,,2,1,114905,4096,2.9375,2.015625,33195,0,16.265625,6.70703125,benign
C:\Program Files (x86)\Microsoft\EdgeWebView\Application\142.0.3595.69\msedgewebview2.exe,"['C:\\Program Files (x86)\\Microsoft\\EdgeWebView\\Application\\142.0.3595.69\\msedgewebview2.exe', '--embedded-browser-webview=1', '--webview-exe-name=SearchApp.exe', '--webview-exe-version=10.0.19041.6282', '--user-data-dir=C:\\Users\\keylogger\\AppData\\Local\\Packages\\Microsoft.Windows.Search_cw5n1h2txyewy\\LocalState\\EBWebView', '--noerrdialogs', '--enable-features=msEmbeddedBrowserVisualHosting', '--lang=en-US', '--mojo-named-platform-channel-pipe=6116.7920.1792496325640338354']",0.0,1153,5512,57,msedgewebview2.exe,"[popenfile(path='C:\\Program Files (x86)\\Microsoft\\EdgeWebView\\Application\\142.0.3595.69\\msedge_200_percent.pak', fd=-1), popenfile(path='C:\\Users\\keylogger\\AppData\\Local\\Packages\\Microsoft.Windows.Search_cw5n1h2txyewy\\LocalState\\EBWebView\\BrowserMetrics\\BrowserMetrics-6914BFBA-1588.pma', fd=-1), popenfile(path='C:\\Users\\keylogger\\AppData\\Local\\Packages\\Microsoft.Windows.Search_cw5n1h2txyewy\\LocalState\\EBWebView\\Default\\GPUCache\\data_0', fd=-1), popenfile(path='C:\\Users\\keylogger\\AppData\\Local\\Packages\\Microsoft.Windows.Search_cw5n1h2txyewy\\LocalState\\EBWebView\\Default\\Network Action Predictor', fd=-1), popenfile(path='C:\\Users\\keylogger\\AppData\\Local\\Packages\\Microsoft.Windows.Search_cw5n1h2txyewy\\LocalState\\EBWebView\\Default\\DawnGraphiteCache\\data_3', fd=-1), popenfile(path='C:\\Users\\keylogger\\AppData\\Local\\Packages\\Microsoft.Windows.Search_cw5n1h2txyewy\\LocalState\\EBWebView\\Default\\GPUCache\\index', fd=-1), popenfile(path='C:\\Users\\keylogger\\AppData\\Local\\Packages\\Microsoft.Windows.Search_cw5n1h2txyewy\\LocalState\\EBWebView\\Default\\shared_proto_db\\metadata\\MANIFEST-000001', fd=-1), popenfile(path='C:\\Users\\keylogger\\AppData\\Local\\Packages\\Microsoft.Windows.Search_cw5n1h2txyewy\\LocalState\\EBWebView\\Default\\heavy_ad_intervention_opt_out.db', fd=-1), popenfile(path='C:\\Users\\keylogger\\AppData\\Local\\Packages\\Microsoft.Windows.Search_cw5n1h2txyewy\\LocalState\\EBWebView\\Default\\GPUCache\\data_2', fd=-1), popenfile(path='C:\\Users\\keylogger\\AppData\\Local\\Packages\\Microsoft.Windows.Search_cw5n1h2txyewy\\LocalState\\EBWebView\\Default\\DawnWebGPUCache\\index', fd=-1), popenfile(path='C:\\Users\\keylogger\\AppData\\Local\\Packages\\Microsoft.Windows.Search_cw5n1h2txyewy\\LocalState\\EBWebView\\ShaderCache\\data_2', fd=-1), popenfile(path='C:\\Users\\keylogger\\AppData\\Local\\Packages\\Microsoft.Windows.Search_cw5n1h2txyewy\\LocalState\\EBWebView\\Default\\History', fd=-1), popenfile(path='C:\\Users\\keylogger\\AppData\\Local\\Packages\\Microsoft.Windows.Search_cw5n1h2txyewy\\LocalState\\EBWebView\\Default\\Extension State\\000003.log', fd=-1), popenfile(path='C:\\Users\\keylogger\\AppData\\Local\\Packages\\Microsoft.Windows.Search_cw5n1h2txyewy\\LocalState\\EBWebView\\Default\\DawnWebGPUCache\\data_0', fd=-1), popenfile(path='C:\\Windows\\System32\\en-US\\user32.dll.mui', fd=-1), popenfile(path='C:\\Users\\keylogger\\AppData\\Local\\Packages\\Microsoft.Windows.Search_cw5n1h2txyewy\\LocalState\\EBWebView\\Default\\DIPS', fd=-1), popenfile(path='C:\\Users\\keylogger\\AppData\\Local\\Packages\\Microsoft.Windows.Search_cw5n1h2txyewy\\LocalState\\EBWebView\\Default\\heavy_ad_intervention_opt_out.db-journal', fd=-1), popenfile(path='C:\\Users\\keylogger\\AppData\\Local\\Packages\\Microsoft.Windows.Search_cw5n1h2txyewy\\LocalState\\EBWebView\\Default\\Site Characteristics Database\\LOCK', fd=-1), popenfile(path='C:\\Users\\keylogger\\AppData\\Local\\Packages\\Microsoft.Windows.Search_cw5n1h2txyewy\\LocalState\\EBWebView\\GrShaderCache\\data_0', fd=-1), popenfile(path='C:\\Users\\keylogger\\AppData\\Local\\Packages\\Microsoft.Windows.Search_cw5n1h2txyewy\\LocalState\\EBWebView\\Default\\Network Action Predictor-journal', fd=-1), popenfile(path='C:\\Users\\keylogger\\AppData\\Local\\Packages\\Microsoft.Windows.Search_cw5n1h2txyewy\\LocalState\\EBWebView\\Default\\Extension State\\LOG', fd=-1), popenfile(path='C:\\Users\\keylogger\\AppData\\Local\\Packages\\Microsoft.Windows.Search_cw5n1h2txyewy\\LocalState\\EBWebView\\Default\\shared_proto_db\\MANIFEST-000001', fd=-1), popenfile(path='C:\\Users\\keylogger\\AppData\\Local\\Packages\\Microsoft.Windows.Search_cw5n1h2txyewy\\LocalState\\EBWebView\\Default\\Web Data', fd=-1), popenfile(path='C:\\Users\\keylogger\\AppData\\Local\\Packages\\Microsoft.Windows.Search_cw5n1h2txyewy\\LocalState\\EBWebView\\Default\\BrowsingTopicsSiteData-journal', fd=-1), popenfile(path='C:\\Users\\keylogger\\AppData\\Local\\Packages\\Microsoft.Windows.Search_cw5n1h2txyewy\\LocalState\\EBWebView\\Default\\shared_proto_db\\metadata\\LOG', fd=-1), popenfile(path='C:\\Users\\keylogger\\AppData\\Local\\Packages\\Microsoft.Windows.Search_cw5n1h2txyewy\\LocalState\\EBWebView\\Default\\ExtensionActivityComp', fd=-1), popenfile(path='C:\\Users\\keylogger\\AppData\\Local\\Packages\\Microsoft.Windows.Search_cw5n1h2txyewy\\LocalState\\EBWebView\\Default\\Sync Data\\LevelDB\\LOCK', fd=-1), popenfile(path='C:\\Program Files (x86)\\Microsoft\\EdgeWebView\\Application\\142.0.3595.69\\Locales\\en-US.pak', fd=-1), popenfile(path='C:\\Users\\keylogger\\AppData\\Local\\Packages\\Microsoft.Windows.Search_cw5n1h2txyewy\\LocalState\\EBWebView\\GraphiteDawnCache\\data_3', fd=-1), popenfile(path='C:\\Users\\keylogger\\AppData\\Local\\Packages\\Microsoft.Windows.Search_cw5n1h2txyewy\\LocalState\\EBWebView\\GraphiteDawnCache\\data_0', fd=-1), popenfile(path='C:\\Users\\keylogger\\AppData\\Local\\Packages\\Microsoft.Windows.Search_cw5n1h2txyewy\\LocalState\\EBWebView\\Default\\Extension State\\MANIFEST-000001', fd=-1), popenfile(path='C:\\Users\\keylogger\\AppData\\Local\\Packages\\Microsoft.Windows.Search_cw5n1h2txyewy\\LocalState\\EBWebView\\GrShaderCache\\data_3', fd=-1), popenfile(path='C:\\Users\\keylogger\\AppData\\Local\\Packages\\Microsoft.Windows.Search_cw5n1h2txyewy\\LocalState\\EBWebView\\Default\\Sync Data\\LevelDB\\LOG', fd=-1), popenfile(path='C:\\Windows\\Fonts\\segoeuib.ttf', fd=-1), popenfile(path='C:\\Users\\keylogger\\AppData\\Local\\Packages\\Microsoft.Windows.Search_cw5n1h2txyewy\\LocalState\\EBWebView\\Default\\Top Sites', fd=-1), popenfile(path='C:\\Users\\keylogger\\AppData\\Local\\Packages\\Microsoft.Windows.Search_cw5n1h2txyewy\\LocalState\\EBWebView\\Default\\EdgeJourneys\\EdgeJourneys.db', fd=-1), popenfile(path='C:\\Users\\keylogger\\AppData\\Local\\Packages\\Microsoft.Windows.Search_cw5n1h2txyewy\\LocalState\\EBWebView\\Default\\SharedStorage', fd=-1), popenfile(path='C:\\Users\\keylogger\\AppData\\Local\\Packages\\Microsoft.Windows.Search_cw5n1h2txyewy\\LocalState\\EBWebView\\Default\\DawnGraphiteCache\\data_1', fd=-1), popenfile(path='C:\\Users\\keylogger\\AppData\\Local\\Packages\\Microsoft.Windows.Search_cw5n1h2txyewy\\LocalState\\EBWebView\\Default\\Vpn Tokens', fd=-1), popenfile(path='C:\\Users\\keylogger\\AppData\\Local\\Packages\\Microsoft.Windows.Search_cw5n1h2txyewy\\LocalState\\EBWebView\\Default\\Extension State\\LOCK', fd=-1), popenfile(path='C:\\Program Files (x86)\\Microsoft\\EdgeWebView\\Application\\142.0.3595.69\\msedge_100_percent.pak', fd=-1), popenfile(path='C:\\Users\\keylogger\\AppData\\Local\\Packages\\Microsoft.Windows.Search_cw5n1h2txyewy\\LocalState\\EBWebView\\GrShaderCache\\data_2', fd=-1), popenfile(path='C:\\Users\\keylogger\\AppData\\Local\\Packages\\Microsoft.Windows.Search_cw5n1h2txyewy\\LocalState\\EBWebView\\lockfile', fd=-1), popenfile(path='C:\\Users\\keylogger\\AppData\\Local\\Packages\\Microsoft.Windows.Search_cw5n1h2txyewy\\LocalState\\EBWebView\\Default\\EdgeJourneys\\EdgeJourneys.db-wal', fd=-1), popenfile(path='C:\\Users\\keylogger\\AppData\\Local\\Packages\\Microsoft.Windows.Search_cw5n1h2txyewy\\LocalState\\EBWebView\\Default\\ServerCertificate', fd=-1), popenfile(path='C:\\Users\\keylogger\\AppData\\Local\\Packages\\Microsoft.Windows.Search_cw5n1h2txyewy\\LocalState\\EBWebView\\Default\\ExtensionActivityEdge-journal', fd=-1), popenfile(path='C:\\Users\\keylogger\\AppData\\Local\\Packages\\Microsoft.Windows.Search_cw5n1h2txyewy\\LocalState\\EBWebView\\GraphiteDawnCache\\data_1', fd=-1), popenfile(path='C:\\Users\\keylogger\\AppData\\Local\\Packages\\Microsoft.Windows.Search_cw5n1h2txyewy\\LocalState\\EBWebView\\Default\\Local Storage\\leveldb\\LOCK', fd=-1), popenfile(path='C:\\Users\\keylogger\\AppData\\Local\\Packages\\Microsoft.Windows.Search_cw5n1h2txyewy\\LocalState\\EBWebView\\Default\\Top Sites-journal', fd=-1), popenfile(path='C:\\Users\\keylogger\\AppData\\Local\\Packages\\Microsoft.Windows.Search_cw5n1h2txyewy\\LocalState\\EBWebView\\Default\\shared_proto_db\\metadata\\000003.log', fd=-1), popenfile(path='C:\\Users\\keylogger\\AppData\\Local\\Packages\\Microsoft.Windows.Search_cw5n1h2txyewy\\LocalState\\EBWebView\\Default\\DawnGraphiteCache\\index', fd=-1), popenfile(path='C:\\Users\\keylogger\\AppData\\Local\\Packages\\Microsoft.Windows.Search_cw5n1h2txyewy\\LocalState\\EBWebView\\Default\\DawnGraphiteCache\\data_0', fd=-1), popenfile(path='C:\\Users\\keylogger\\AppData\\Local\\Packages\\Microsoft.Windows.Search_cw5n1h2txyewy\\LocalState\\EBWebView\\Default\\Sync Data\\LevelDB\\MANIFEST-000001', fd=-1), popenfile(path='C:\\Windows\\System32\\en-US\\kernel32.dll.mui', fd=-1), popenfile(path='C:\\Program Files (x86)\\Microsoft\\EdgeWebView\\Application\\142.0.3595.69\\resources.pak', fd=-1), popenfile(path='C:\\Users\\keylogger\\AppData\\Local\\Packages\\Microsoft.Windows.Search_cw5n1h2txyewy\\LocalState\\EBWebView\\Default\\DawnWebGPUCache\\data_3', fd=-1), popenfile(path='C:\\Users\\keylogger\\AppData\\Local\\Packages\\Microsoft.Windows.Search_cw5n1h2txyewy\\LocalState\\EBWebView\\Default\\DawnGraphiteCache\\data_2', fd=-1), popenfile(path='C:\\Users\\keylogger\\AppData\\Local\\Packages\\Microsoft.Windows.Search_cw5n1h2txyewy\\LocalState\\EBWebView\\ShaderCache\\data_3', fd=-1), popenfile(path='C:\\Users\\keylogger\\AppData\\Local\\Packages\\Microsoft.Windows.Search_cw5n1h2txyewy\\LocalState\\EBWebView\\Default\\DawnWebGPUCache\\data_1', fd=-1), popenfile(path='C:\\Users\\keylogger\\AppData\\Local\\Packages\\Microsoft.Windows.Search_cw5n1h2txyewy\\LocalState\\EBWebView\\Default\\BrowsingTopicsSiteData', fd=-1), popenfile(path='C:\\Users\\keylogger\\AppData\\Local\\Packages\\Microsoft.Windows.Search_cw5n1h2txyewy\\LocalState\\EBWebView\\Default\\Site Characteristics Database\\000003.log', fd=-1), popenfile(path='C:\\Windows\\System32\\en-US\\Windows.Security.Authentication.Web.Core.dll.mui', fd=-1), popenfile(path='C:\\Users\\keylogger\\AppData\\Local\\Packages\\Microsoft.Windows.Search_cw5n1h2txyewy\\LocalState\\EBWebView\\Default\\Login Data', fd=-1), popenfile(path='C:\\Users\\keylogger\\AppData\\Local\\Packages\\Microsoft.Windows.Search_cw5n1h2txyewy\\LocalState\\EBWebView\\GraphiteDawnCache\\index', fd=-1), popenfile(path='C:\\Program Files (x86)\\Microsoft\\EdgeWebView\\Application\\142.0.3595.69\\icudtl.dat', fd=-1), popenfile(path='C:\\Users\\keylogger\\AppData\\Local\\Packages\\Microsoft.Windows.Search_cw5n1h2txyewy\\LocalState\\EBWebView\\Default\\DIPS-wal', fd=-1), popenfile(path='C:\\Users\\keylogger\\AppData\\Local\\Packages\\Microsoft.Windows.Search_cw5n1h2txyewy\\LocalState\\EBWebView\\Default\\shared_proto_db\\LOG', fd=-1), popenfile(path='C:\\Users\\keylogger\\AppData\\Local\\Packages\\Microsoft.Windows.Search_cw5n1h2txyewy\\LocalState\\EBWebView\\GraphiteDawnCache\\data_2', fd=-1), popenfile(path='C:\\Users\\keylogger\\AppData\\Local\\Packages\\Microsoft.Windows.Search_cw5n1h2txyewy\\LocalState\\EBWebView\\Default\\GPUCache\\data_1', fd=-1), popenfile(path='C:\\Users\\keylogger\\AppData\\Local\\Packages\\Microsoft.Windows.Search_cw5n1h2txyewy\\LocalState\\EBWebView\\ShaderCache\\data_1', fd=-1), popenfile(path='C:\\Users\\keylogger\\AppData\\Local\\Packages\\Microsoft.Windows.Search_cw5n1h2txyewy\\LocalState\\EBWebView\\Default\\Login Data For Account', fd=-1), popenfile(path='C:\\Users\\keylogger\\AppData\\Local\\Packages\\Microsoft.Windows.Search_cw5n1h2txyewy\\LocalState\\EBWebView\\Default\\shared_proto_db\\000003.log', fd=-1), popenfile(path='C:\\Users\\keylogger\\AppData\\Local\\Packages\\Microsoft.Windows.Search_cw5n1h2txyewy\\LocalState\\EBWebView\\Default\\GPUCache\\data_3', fd=-1), popenfile(path='C:\\Windows\\Fonts\\seguisb.ttf', fd=-1), popenfile(path='C:\\Users\\keylogger\\AppData\\Local\\Packages\\Microsoft.Windows.Search_cw5n1h2txyewy\\LocalState\\EBWebView\\Default\\shared_proto_db\\metadata\\LOCK', fd=-1), popenfile(path='C:\\Users\\keylogger\\AppData\\Local\\Packages\\Microsoft.Windows.Search_cw5n1h2txyewy\\LocalState\\EBWebView\\Default\\SharedStorage-wal', fd=-1), popenfile(path='C:\\Users\\keylogger\\AppData\\Local\\Packages\\Microsoft.Windows.Search_cw5n1h2txyewy\\LocalState\\EBWebView\\Default\\Session Storage\\LOCK', fd=-1), popenfile(path='C:\\Users\\keylogger\\AppData\\Local\\Packages\\Microsoft.Windows.Search_cw5n1h2txyewy\\LocalState\\EBWebView\\Default\\shared_proto_db\\LOCK', fd=-1), popenfile(path='C:\\Users\\keylogger\\AppData\\Local\\Packages\\Microsoft.Windows.Search_cw5n1h2txyewy\\LocalState\\EBWebView\\ShaderCache\\index', fd=-1), popenfile(path='C:\\Windows\\Fonts\\segoeui.ttf', fd=-1), popenfile(path='C:\\Users\\keylogger\\AppData\\Local\\Packages\\Microsoft.Windows.Search_cw5n1h2txyewy\\LocalState\\EBWebView\\Default\\DawnWebGPUCache\\data_2', fd=-1), popenfile(path='C:\\Users\\keylogger\\AppData\\Local\\Packages\\Microsoft.Windows.Search_cw5n1h2txyewy\\LocalState\\EBWebView\\Default\\Favicons', fd=-1), popenfile(path='C:\\Users\\keylogger\\AppData\\Local\\Packages\\Microsoft.Windows.Search_cw5n1h2txyewy\\LocalState\\EBWebView\\GrShaderCache\\data_1', fd=-1), popenfile(path='C:\\Users\\keylogger\\AppData\\Local\\Packages\\Microsoft.Windows.Search_cw5n1h2txyewy\\LocalState\\EBWebView\\Default\\Site Characteristics Database\\LOG', fd=-1), popenfile(path='C:\\Users\\keylogger\\AppData\\Local\\Packages\\Microsoft.Windows.Search_cw5n1h2txyewy\\LocalState\\EBWebView\\Default\\Site Characteristics Database\\MANIFEST-000001', fd=-1), popenfile(path='C:\\Users\\keylogger\\AppData\\Local\\Packages\\Microsoft.Windows.Search_cw5n1h2txyewy\\LocalState\\EBWebView\\Default\\ExtensionActivityEdge', fd=-1), popenfile(path='C:\\Users\\keylogger\\AppData\\Local\\Packages\\Microsoft.Windows.Search_cw5n1h2txyewy\\LocalState\\EBWebView\\ShaderCache\\data_0', fd=-1), popenfile(path='C:\\Users\\keylogger\\AppData\\Local\\Packages\\Microsoft.Windows.Search_cw5n1h2txyewy\\LocalState\\EBWebView\\GrShaderCache\\index', fd=-1), popenfile(path='C:\\Windows\\System32\\en-US\\KernelBase.dll.mui', fd=-1), popenfile(path='C:\\Users\\keylogger\\AppData\\Local\\Packages\\Microsoft.Windows.Search_cw5n1h2txyewy\\LocalState\\EBWebView\\Default\\Sync Data\\LevelDB\\000003.log', fd=-1)]",0.030521114650182722,32.0,1410,1015,7218783,832294,0.609375,1.015625,9013,0,2.5,35.15234375,benign
C:\Windows\SystemApps\Microsoft.Windows.StartMenuExperienceHost_cw5n1h2txyewy\StartMenuExperienceHost.exe,"['C:\\Windows\\SystemApps\\Microsoft.Windows.StartMenuExperienceHost_cw5n1h2txyewy\\StartMenuExperienceHost.exe', '-ServerName:App.AppXywbrabmsek0gm3tkwpr5kwzbs55tkqay.mca']",0.0,594,5632,6,StartMenuExperienceHost.exe,"[popenfile(path='C:\\Windows\\Fonts\\segmdl2.ttf', fd=-1), popenfile(path='C:\\Users\\keylogger\\AppData\\Local\\Packages\\Microsoft.Windows.StartMenuExperienceHost_cw5n1h2txyewy\\TempState\\TileCache_100_3_PNGEncoded_Data.bin', fd=-1), popenfile(path='C:\\Users\\keylogger\\AppData\\Local\\Packages\\Microsoft.Windows.StartMenuExperienceHost_cw5n1h2txyewy\\TempState\\TileCache_100_3_PNGEncoded_Header.bin', fd=-1), popenfile(path='C:\\Windows\\Fonts\\segoeuib.ttf', fd=-1), popenfile(path='C:\\Windows\\System32\\en-US\\KernelBase.dll.mui', fd=-1), popenfile(path='C:\\Windows\\System32\\en-US\\windows.storage.dll.mui', fd=-1), popenfile(path='C:\\Windows\\Fonts\\segoeui.ttf', fd=-1), popenfile(path='C:\\Windows\\System32\\en-US\\Windows.Globalization.dll.mui', fd=-1), popenfile(path='C:\\Windows\\SystemResources\\Windows.UI.ShellCommon\\StartUI\\Assets\\Fonts\\BitMDL2.ttf', fd=-1), popenfile(path='C:\\Windows\\System32\\en-US\\windows.ui.xaml.dll.mui', fd=-1)]",0.4434622580188267,32.0,94,182,235043,41316,4.0625,2.140625,11144,0,36.32421875,21.51953125,benign
C:\Windows\System32\svchost.exe,,0.0,281,5916,8,svchost.exe,,0.10133963848693482,,1,0,63942,0,0.34375,3.375,1144,0,8.30078125,4.35546875,benign
C:\Windows\System32\svchost.exe,"['C:\\Windows\\system32\\svchost.exe', '-k', 'ClipboardSvcGroup', '-p', '-s', 'cbdhsvc']",0.0,284,6060,5,svchost.exe,"[popenfile(path='C:\\Windows\\System32\\en-US\\ole32.dll.mui', fd=-1), popenfile(path='C:\\Windows\\System32\\en-US\\KernelBase.dll.mui', fd=-1), popenfile(path='C:\\Windows\\System32\\en-US\\svchost.exe.mui', fd=-1), popenfile(path='C:\\Windows\\System32\\en-US\\windows.applicationmodel.datatransfer.dll.mui', fd=-1), popenfile(path='C:\\Windows\\Registration\\R000000000006.clb', fd=-1)]",0.18613111012447367,32.0,0,0,0,0,0.90625,0.4375,77107,0,15.24609375,3.4453125,benign
C:\Users\keylogger\AppData\Local\Programs\Microsoft VS Code\Code.exe,"['C:\\Users\\keylogger\\AppData\\Local\\Programs\\Microsoft VS Code\\Code.exe', '--type=utility', '--utility-sub-type=node.mojom.NodeService', '--lang=en-US', '--service-sandbox-type=none', '--dns-result-order=ipv4first', '--experimental-network-inspection', '--inspect-port=0', '--user-data-dir=C:\\Users\\keylogger\\AppData\\Roaming\\Code', '--standard-schemes=vscode-webview,vscode-file', '--enable-sandbox', '--secure-schemes=vscode-webview,vscode-file', '--cors-schemes=vscode-webview,vscode-file', '--fetch-schemes=vscode-webview,vscode-file', '--service-worker-schemes=vscode-webview', '--code-cache-schemes=vscode-webview,vscode-file', '--field-trial-handle=1764,i,2992125270083613785,17152386301730894539,262144', '--enable-features=DocumentPolicyIncludeJSCallStacksInCrashReports,EarlyEstablishGpuChannel,EnableTransparentHwndEnlargement,EstablishGpuChannelAsync', '--disable-features=CalculateNativeWinOcclusion,FontationsLinuxSystemFonts,ScreenAIOCREnabled,SpareRendererForSitePerProcess,WinDelaySpellcheckServiceInit', '--variations-seed-version', '--mojo-platform-channel-handle=5364', '/prefetch:8']",0.0,385,6108,22,Code.exe,"[popenfile(path='C:\\Windows\\System32\\en-US\\mswsock.dll.mui', fd=-1), popenfile(path='C:\\Users\\keylogger\\AppData\\Local\\Programs\\Microsoft VS Code\\resources.pak', fd=-1), popenfile(path='C:\\Users\\keylogger\\AppData\\Roaming\\Code\\logs\\20251112T120431\\window4\\exthost\\vscode.json-language-features\\JSON Language Server.log', fd=-1), popenfile(path='C:\\Users\\keylogger\\AppData\\Local\\Programs\\Microsoft VS Code\\locales\\en-US.pak', fd=-1), popenfile(path='C:\\Users\\keylogger\\AppData\\Local\\Programs\\Microsoft VS Code\\chrome_100_percent.pak', fd=-1), popenfile(path='C:\\Users\\keylogger\\AppData\\Roaming\\Code\\logs\\20251112T120431\\window4\\exthost\\vscode.git\\Git.log', fd=-1), popenfile(path='C:\\Users\\keylogger\\AppData\\Roaming\\Code\\logs\\20251112T120431\\window4\\exthost\\extHostTelemetry.log', fd=-1), popenfile(path='C:\\Users\\keylogger\\AppData\\Roaming\\Code\\logs\\20251112T120431\\window4\\exthost\\vscode.github\\GitHub.log', fd=-1), popenfile(path='C:\\Users\\keylogger\\AppData\\Local\\Programs\\Microsoft VS Code\\chrome_200_percent.pak', fd=-1), popenfile(path='C:\\Users\\keylogger\\AppData\\Roaming\\Code\\logs\\20251112T120431\\window4\\exthost\\ms-python.python\\Python.log', fd=-1), popenfile(path='C:\\Users\\keylogger\\AppData\\Roaming\\Code\\logs\\20251112T120431\\window4\\exthost\\vscode.github-authentication\\GitHub Authentication.log', fd=-1), popenfile(path='C:\\Users\\keylogger\\AppData\\Roaming\\Code\\logs\\20251112T120431\\window4\\exthost\\ms-python.debugpy\\Python Debugger.log', fd=-1), popenfile(path='C:\\Users\\keylogger\\AppData\\Roaming\\Code\\logs\\20251112T120431\\window4\\exthost\\vscode.markdown-language-features\\Markdown.log', fd=-1), popenfile(path='C:\\Users\\keylogger\\AppData\\Roaming\\Code\\logs\\20251112T120431\\window4\\exthost\\ms-python.python\\Python Language Server.log', fd=-1), popenfile(path='C:\\Users\\keylogger\\AppData\\Roaming\\Code\\logs\\20251112T120431\\window4\\exthost\\ms-python.vscode-python-envs\\Python Environments.log', fd=-1), popenfile(path='C:\\Users\\keylogger\\AppData\\Local\\Programs\\Microsoft VS Code\\v8_context_snapshot.bin', fd=-1), popenfile(path='C:\\Users\\keylogger\\AppData\\Roaming\\Code\\logs\\20251112T120431\\window4\\exthost\\exthost.log', fd=-1), popenfile(path='C:\\Windows\\Registration\\R000000000006.clb', fd=-1), popenfile(path='C:\\Users\\keylogger\\AppData\\Local\\Programs\\Microsoft VS Code\\icudtl.dat', fd=-1), popenfile(path='C:\\Windows\\System32\\en-US\\KernelBase.dll.mui', fd=-1)]",1.000186464934816,32.0,40868,64929,60836766,262194050,47.765625,30.140625,6573488,0,81.92578125,203.7890625,benign
C:\Windows\SystemApps\Microsoft.Windows.Search_cw5n1h2txyewy\SearchApp.exe,"['C:\\Windows\\SystemApps\\Microsoft.Windows.Search_cw5n1h2txyewy\\SearchApp.exe', '-ServerName:ShellFeedsUI.AppX88fpyyrd21w8wqe62wzsjh5agex7tf1e.mca']",0.0,700,6116,17,SearchApp.exe,"[popenfile(path='C:\\Windows\\System32\\en-US\\windows.storage.dll.mui', fd=-1), popenfile(path='C:\\Windows\\System32\\en-US\\KernelBase.dll.mui', fd=-1), popenfile(path='C:\\Program Files (x86)\\Microsoft\\EdgeWebView\\Application\\142.0.3595.69\\icudtl.dat', fd=-1), popenfile(path='C:\\Windows\\Fonts\\segoeui.ttf', fd=-1)]",0.03166565644956457,32.0,96,76,66938,11256,0.25,0.703125,2744,0,2.59375,16.078125,benign
C:\Program Files\Microsoft Update Health Tools\uhssvc.exe,,0.0,123,6268,3,uhssvc.exe,,0.0772088822166341,,1,1,3690,65536,0.03125,0.078125,6388,0,6.32421875,1.33984375,benign
C:\Windows\System32\svchost.exe,"['C:\\Windows\\System32\\svchost.exe', '-k', 'UnistackSvcGroup']",0.0,643,6308,3,svchost.exe,"[popenfile(path='C:\\Users\\keylogger\\AppData\\Local\\Comms\\UnistoreDB\\USStmp.jtx', fd=-1), popenfile(path='C:\\Users\\keylogger\\AppData\\Local\\Comms\\UnistoreDB\\USS.jtx', fd=-1), popenfile(path='C:\\Users\\keylogger\\AppData\\Local\\Comms\\UnistoreDB\\store.jfm', fd=-1), popenfile(path='C:\\Users\\keylogger\\AppData\\Local\\Comms\\UnistoreDB\\store.vol', fd=-1), popenfile(path='C:\\Windows\\System32\\en-US\\svchost.exe.mui', fd=-1), popenfile(path='C:\\Windows\\Registration\\R000000000006.clb', fd=-1), popenfile(path='C:\\Users\\keylogger\\AppData\\Local\\Comms\\UnistoreDB\\tmp.edb', fd=-1), popenfile(path='C:\\Windows\\System32\\en-US\\ESENT.dll.mui', fd=-1)]",0.1485519877114362,32.0,3889,4096,39256018,106003262,11.78125,6.046875,8069,0,12.16796875,6.265625,benign
C:\Windows\System32\RuntimeBroker.exe,"['C:\\Windows\\System32\\RuntimeBroker.exe', '-Embedding']",0.0,337,6388,2,RuntimeBroker.exe,"[popenfile(path='C:\\Windows\\System32\\en-US\\propsys.dll.mui', fd=-1), popenfile(path='C:\\Windows\\System32\\en-US\\Windows.Security.Authentication.Web.Core.dll.mui', fd=-1), popenfile(path='C:\\Windows\\Registration\\R000000000006.clb', fd=-1), popenfile(path='C:\\Windows\\System32\\en-US\\KernelBase.dll.mui', fd=-1), popenfile(path='C:\\Windows\\System32\\en-US\\ShutdownUX.dll.mui', fd=-1), popenfile(path='C:\\Windows\\System32\\en-US\\windows.storage.dll.mui', fd=-1)]",0.1090176063911214,32.0,15,0,28784,0,0.5,0.296875,721,0,8.9296875,4.234375,benign
C:\Windows\System32\conhost.exe,"['\\??\\C:\\Windows\\system32\\conhost.exe', '0x4']",0.0,196,6520,3,conhost.exe,"[popenfile(path='C:\\Windows\\System32\\en-US\\user32.dll.mui', fd=-1), popenfile(path='C:\\Windows\\System32\\en-US\\Conhost.exe.mui', fd=-1), popenfile(path='C:\\Windows\\Fonts\\StaticCache.dat', fd=-1), popenfile(path='C:\\Windows\\Registration\\R000000000006.clb', fd=-1)]",0.20039019337510594,32.0,1,0,60,0,0.03125,0.15625,5947,0,16.4140625,6.79296875,benign
C:\Windows\SystemApps\Microsoft.Windows.Search_cw5n1h2txyewy\SearchApp.exe,"['C:\\Windows\\SystemApps\\Microsoft.Windows.Search_cw5n1h2txyewy\\SearchApp.exe', '-ServerName:CortanaUI.AppX8z9r6jm96hw4bsbneegw0kyxx296wr9t.mca']",0.0,1584,6552,47,SearchApp.exe,"[popenfile(path='C:\\Windows\\System32\\en-US\\StartTileData.dll.mui', fd=-1), popenfile(path='C:\\Windows\\System32\\en-US\\d2d1.dll.mui', fd=-1), popenfile(path='C:\\Windows\\Fonts\\seguiemj.ttf', fd=-1), popenfile(path='C:\\Windows\\System32\\en-US\\crypt32.dll.mui', fd=-1), popenfile(path='C:\\Users\\keylogger\\AppData\\Local\\Packages\\Microsoft.Windows.Search_cw5n1h2txyewy\\LocalState\\AppIconCache\\100\\{1AC14E77-02E7-4E5D-B744-2EB1AE5198B7}_notepad_exe', fd=-1), popenfile(path='C:\\Users\\keylogger\\AppData\\Local\\Packages\\Microsoft.Windows.Search_cw5n1h2txyewy\\LocalState\\AppIconCache\\100\\MSEdge', fd=-1), popenfile(path='C:\\Users\\keylogger\\AppData\\Local\\Packages\\Microsoft.Windows.Search_cw5n1h2txyewy\\LocalState\\AppIconCache\\100\\Microsoft_AutoGenerated_{C1C6F8AC-40A3-0F5C-146F-65A9DC70BBB4}', fd=-1), popenfile(path='C:\\Users\\keylogger\\AppData\\Local\\Packages\\Microsoft.Windows.Search_cw5n1h2txyewy\\LocalState\\AppIconCache\\100\\Microsoft_Getstarted_8wekyb3d8bbwe!App', fd=-1), popenfile(path='C:\\Windows\\Fonts\\georgiai.ttf', fd=-1), popenfile(path='C:\\Windows\\System32\\en-US\\netmsg.dll.mui', fd=-1), popenfile(path='C:\\Users\\keylogger\\AppData\\Local\\Packages\\Microsoft.Windows.Search_cw5n1h2txyewy\\LocalState\\AppIconCache\\100\\Microsoft_Windows_Computer', fd=-1), popenfile(path='C:\\Users\\keylogger\\AppData\\Local\\Packages\\Microsoft.Windows.Search_cw5n1h2txyewy\\LocalState\\AppIconCache\\100\\Microsoft_VisualStudioCode', fd=-1), popenfile(path='C:\\Users\\keylogger\\AppData\\Local\\Packages\\Microsoft.Windows.Search_cw5n1h2txyewy\\LocalState\\AppIconCache\\100\\{1AC14E77-02E7-4E5D-B744-2EB1AE5198B7}_cmd_exe', fd=-1), popenfile(path='C:\\Windows\\Fonts\\seguisb.ttf', fd=-1), popenfile(path='C:\\Users\\keylogger\\AppData\\Local\\Packages\\Microsoft.Windows.Search_cw5n1h2txyewy\\LocalState\\AppIconCache\\100\\Microsoft_Windows_Explorer', fd=-1), popenfile(path='C:\\Windows\\Fonts\\segoeuib.ttf', fd=-1), popenfile(path='C:\\Windows\\System32\\WinMetadata\\Windows.Security.winmd', fd=-1), popenfile(path='C:\\Windows\\Fonts\\segoeui.ttf', fd=-1), popenfile(path='C:\\Windows\\System32\\en-US\\wininet.dll.mui', fd=-1), popenfile(path='C:\\Windows\\System32\\en-US\\shell32.dll.mui', fd=-1), popenfile(path='C:\\Windows\\System32\\WinMetadata\\Windows.UI.winmd', fd=-1), popenfile(path='C:\\Windows\\System32\\en-US\\edgehtml.dll.mui', fd=-1), popenfile(path='C:\\Windows\\System32\\en-US\\dnsapi.dll.mui', fd=-1), popenfile(path='C:\\Users\\keylogger\\AppData\\Local\\Packages\\Microsoft.Windows.Search_cw5n1h2txyewy\\LocalState\\AppIconCache\\100\\Microsoft_AutoGenerated_{923DD477-5846-686B-A659-0FCCD73851A8}', fd=-1), popenfile(path='C:\\Windows\\Fonts\\georgiab.ttf', fd=-1), popenfile(path='C:\\Windows\\Fonts\\times.ttf', fd=-1), popenfile(path='C:\\Users\\keylogger\\AppData\\Local\\Packages\\Microsoft.Windows.Search_cw5n1h2txyewy\\LocalState\\AppIconCache\\100\\{1AC14E77-02E7-4E5D-B744-2EB1AE5198B7}_SnippingTool_exe', fd=-1), popenfile(path='C:\\Windows\\SystemResources\\Chakra.dll.mun', fd=-1), popenfile(path='C:\\Windows\\SystemResources\\edgehtml.dll.mun', fd=-1), popenfile(path='C:\\Windows\\SystemApps\\Microsoft.Windows.Search_cw5n1h2txyewy\\Cortana.Internal.Search.winmd', fd=-1), popenfile(path='C:\\Windows\\System32\\WinMetadata\\Windows.ApplicationModel.winmd', fd=-1), popenfile(path='C:\\Windows\\System32\\WinMetadata\\Windows.Storage.winmd', fd=-1), popenfile(path='C:\\Windows\\Fonts\\seguisym.ttf', fd=-1), popenfile(path='C:\\Windows\\System32\\WinMetadata\\Windows.Foundation.winmd', fd=-1), popenfile(path='C:\\Windows\\Fonts\\simsun.ttc', fd=-1), popenfile(path='C:\\Users\\keylogger\\AppData\\Local\\Packages\\Microsoft.Windows.Search_cw5n1h2txyewy\\LocalState\\AppIconCache\\100\\PythonSoftwareFoundation_PythonManager_3847v3x7pw1km!Py_Manager_Exe', fd=-1), popenfile(path='C:\\Windows\\System32\\WinMetadata\\Windows.System.winmd', fd=-1), popenfile(path='C:\\Windows\\System32\\en-US\\KernelBase.dll.mui', fd=-1), popenfile(path='C:\\Windows\\SystemApps\\Microsoft.Windows.Search_cw5n1h2txyewy\\Cortana.Search.winmd', fd=-1), popenfile(path='C:\\Users\\keylogger\\AppData\\Local\\Packages\\Microsoft.Windows.Search_cw5n1h2txyewy\\LocalState\\AppIconCache\\100\\{1AC14E77-02E7-4E5D-B744-2EB1AE5198B7}_mspaint_exe', fd=-1), popenfile(path='C:\\Windows\\Fonts\\georgia.ttf', fd=-1), popenfile(path='C:\\Windows\\System32\\WinMetadata\\Windows.Web.winmd', fd=-1), popenfile(path='C:\\Windows\\System32\\en-US\\windows.storage.dll.mui', fd=-1)]",2.4538976178746905,32.0,15444,6763,69655379,35035575,25.34375,12.609375,72818,0,201.0,157.328125,benign
C:\Windows\System32\RuntimeBroker.exe,"['C:\\Windows\\System32\\RuntimeBroker.exe', '-Embedding']",0.0,719,6620,11,RuntimeBroker.exe,"[popenfile(path='C:\\Windows\\System32\\en-US\\StartTileData.dll.mui', fd=-1), popenfile(path='C:\\Users\\keylogger\\AppData\\Local\\Microsoft\\Windows\\Explorer\\thumbcache_1280.db', fd=-1), popenfile(path='C:\\Windows\\System32\\en-US\\ntshrui.dll.mui', fd=-1), popenfile(path='C:\\Windows\\System32\\en-US\\crypt32.dll.mui', fd=-1), popenfile(path='C:\\Users\\keylogger\\AppData\\Local\\Microsoft\\Windows\\Explorer\\iconcache_16.db', fd=-1), popenfile(path='C:\\Windows\\SystemResources\\imageres.dll.mun', fd=-1), popenfile(path='C:\\Users\\keylogger\\AppData\\Local\\Microsoft\\Windows\\Explorer\\thumbcache_1920.db', fd=-1), popenfile(path='C:\\Users\\keylogger\\AppData\\Local\\Microsoft\\Windows\\Explorer\\thumbcache_48.db', fd=-1), popenfile(path='C:\\Users\\keylogger\\AppData\\Local\\Microsoft\\Windows\\Explorer\\thumbcache_256.db', fd=-1), popenfile(path='C:\\Windows\\System32\\en-US\\mpr.dll.mui', fd=-1), popenfile(path='C:\\Users\\keylogger\\AppData\\Local\\Microsoft\\Windows\\Explorer\\iconcache_idx.db', fd=-1), popenfile(path='C:\\Windows\\System32\\en-US\\propsys.dll.mui', fd=-1), popenfile(path='C:\\Users\\keylogger\\AppData\\Local\\Microsoft\\Windows\\Explorer\\thumbcache_wide.db', fd=-1), popenfile(path='C:\\Windows\\System32\\en-US\\shell32.dll.mui', fd=-1), popenfile(path='C:\\Users\\keylogger\\AppData\\Local\\Microsoft\\Windows\\Explorer\\thumbcache_sr.db', fd=-1), popenfile(path='C:\\Windows\\System32\\en-US\\Windows.Security.Authentication.Web.Core.dll.mui', fd=-1), popenfile(path='C:\\Windows\\System32\\en-US\\AppResolver.dll.mui', fd=-1), popenfile(path='C:\\Users\\keylogger\\AppData\\Local\\Microsoft\\Windows\\Explorer\\thumbcache_32.db', fd=-1), popenfile(path='C:\\Users\\keylogger\\AppData\\Local\\Microsoft\\Windows\\Explorer\\thumbcache_768.db', fd=-1), popenfile(path='C:\\Users\\keylogger\\AppData\\Local\\Microsoft\\Windows\\Explorer\\thumbcache_exif.db', fd=-1), popenfile(path='C:\\Users\\keylogger\\AppData\\Local\\Microsoft\\Windows\\Explorer\\thumbcache_wide_alternate.db', fd=-1), popenfile(path='C:\\Users\\keylogger\\AppData\\Local\\Microsoft\\Windows\\Explorer\\thumbcache_16.db', fd=-1), popenfile(path='C:\\Users\\keylogger\\AppData\\Local\\Microsoft\\Windows\\Explorer\\iconcache_256.db', fd=-1), popenfile(path='C:\\Windows\\System32\\en-US\\twext.dll.mui', fd=-1), popenfile(path='C:\\Users\\keylogger\\AppData\\Local\\Microsoft\\Windows\\Explorer\\thumbcache_2560.db', fd=-1), popenfile(path='C:\\Users\\keylogger\\AppData\\Local\\Microsoft\\Windows\\Explorer\\thumbcache_custom_stream.db', fd=-1), popenfile(path='C:\\Users\\keylogger\\AppData\\Local\\Microsoft\\Windows\\Explorer\\thumbcache_idx.db', fd=-1), popenfile(path='C:\\Windows\\Registration\\R000000000006.clb', fd=-1), popenfile(path='C:\\Windows\\System32\\en-US\\KernelBase.dll.mui', fd=-1), popenfile(path='C:\\Windows\\System32\\en-US\\combase.dll.mui', fd=-1), popenfile(path='C:\\Users\\keylogger\\AppData\\Local\\Microsoft\\Windows\\Explorer\\iconcache_32.db', fd=-1), popenfile(path='C:\\Users\\keylogger\\AppData\\Local\\Microsoft\\Windows\\Explorer\\thumbcache_96.db', fd=-1), popenfile(path='C:\\Windows\\System32\\en-US\\windows.storage.dll.mui', fd=-1)]",0.3446501493388602,32.0,1683,20,880802,8160,2.6875,2.40625,21033,0,28.23046875,15.58984375,benign
C:\Users\keylogger\.vscode\extensions\ms-python.vscode-python-envs-1.10.0-win32-x64\python-env-tools\bin\pet.exe,"['c:\\Users\\keylogger\\.vscode\\extensions\\ms-python.vscode-python-envs-1.10.0-win32-x64\\python-env-tools\\bin\\pet.exe', 'server']",0.0,61,6720,1,pet.exe,"[popenfile(path='C:\\Windows\\System32\\en-US\\KernelBase.dll.mui', fd=-1)]",0.07229689032762032,32.0,27,2103,4150,271653,0.796875,2.953125,98,0,5.921875,1.62890625,benign
C:\Program Files (x86)\Microsoft\EdgeWebView\Application\142.0.3595.69\msedgewebview2.exe,"['C:\\Program Files (x86)\\Microsoft\\EdgeWebView\\Application\\142.0.3595.69\\msedgewebview2.exe', '--type=utility', '--utility-sub-type=network.mojom.NetworkService', '--lang=en-US', '--service-sandbox-type=none', '--noerrdialogs', '--user-data-dir=C:\\Users\\keylogger\\AppData\\Local\\Packages\\Microsoft.Windows.Search_cw5n1h2txyewy\\LocalState\\EBWebView', '--webview-exe-name=SearchApp.exe', '--webview-exe-version=10.0.19041.6282', '--embedded-browser-webview=1', '--startup-read-main-dll', '--metrics-shmem-handle=2200,i,2252865742113748090,11968586031112061283,524288', '--field-trial-handle=1936,i,2534396607517605442,16715881984632097342,262144', '--enable-features=ForceSWDCompWhenDCompFallbackRequired,LocalNetworkAccessForFencedFrameNavigationsWarningOnly,LocalNetworkAccessForNavigationsWarningOnly,LocalNetworkAccessForSubframeNavigationsWarningOnly,LocalNetworkAccessForWorkersWarningOnly,msAggressiveCacheTrimming,msCustomDataPartition,msEmbeddedBrowserVisualHosting,msWebView2NoTabForScreenShare,msWebViewAppLifeCycleWorkaround', '--disable-features=BackForwardCache,BackgroundTabLoadingFromPerformanceManager,CloseOmniboxPopupOnInactiveAreaClick,CollectAVProductsInfo,CollectCodeIntegrityInfo,DeferSpeculativeRFHCreation,EnableHangWatcher,FilterAdsOnAbusiveSites,GetWifiProtocol,LoginDetection,MediaFoundationCameraUsageMonitoring,PreconnectToSearch,PreloadingEagerHeuristics,SafetyHub,SegmentationPlatform,ServiceWorkerAutoPreload,SpareRendererForSitePerProcess,Ukm,WebPayments,msAITrackerClassification,msAbydosForWindowlessWV2,msAffirmVirtualCard,msAllowChromeWebstore,msAllowMSAPrtSSOForNonMSAProfile,msApplicationGuard,msAskBeforeClosingMultipleTabs,msAutoToggleAADPrtSSOForNonAADProfile,msAutofillEdgeServiceRequest,msAutofillEnableEdgeSuggestions,msAutomaticTabFreeze,msBrowserSettingsSupported,msCoarseGeolocationService,msDataProtection,msDesktopMode,msDesktopRewards,msDisableVariationsSeedFetchThrottling,msEEProactiveHistory,msETFOffstoreExtensionFileDataCollection,msETFPasswordTheftDNRActionSignals,msEdgeAdPlatformUI,msEdgeAddWebCapturetoCollections,msEdgeAutofillShowDeployedPassword,msEdgeCaptureSelectionInPDF,msEdgeCloudConfigService,msEdgeCloudConfigServiceV2,msEdgeCohorts,msEdgeCollectionsPrismExperiment1,msEdgeCollectionsPrismOverallMigration,msEdgeComposeNext,msEdgeEnableNurturingFramework,msEdgeEnclavePrefsBasic,msEdgeEnclavePrefsNotification,msEdgeFaviconService,msEdgeHJTelemetry,msEdgeHubAppSkype,msEdgeImageEditorUI,msEdgeLinkDoctor,msEdgeMouseGestureDefaultEnabled,msEdgeMouseGestureSupported,msEdgeNewDeviceFre,msEdgeOnRampFRE,msEdgeOnRampImport,msEdgePDFCMHighlightUX,msEdgePasswordIris,msEdgePasswordIrisSaveBubble,msEdgePasswordStrengthCheck,msEdgePinpointFramework,msEdgeProngPersonalization,msEdgeReadingView,msEdgeRose,msEdgeScreenshotUI,msEdgeSendTabToSelf,msEdgeSettingsImport,msEdgeSettingsImportV2,msEdgeShoppingPersistentStorage,msEdgeShoppingUI,msEdgeSmartFind,msEdgeSuperDragDefaultEnabled,msEdgeSuperDragDropSupported,msEdgeTranslate,msEdgeUpdatesMoreMenuPill,msEdgeWebCapture,msEdgeWebCaptureUniformExperience,msEdgeWebContentFilteringFeedback,msEdgeWorkSearchBanner,msEnableCustomJobMemoryLimitsOnXbox,msEnableMIPForPDF,msEnablePdfUpsell,msEnableThirdPartyScanning,msEnableWebSignInCta,msEnableWebToBrowserSignIn,msEndpointDlp,msEntityExtraction,msExtensionTelemetryFramework,msExternalTaskManager,msFileSystemAccessDirectoryIterationBlocklistCheck,msForceBrowserSignIn,msForeignSessionsPage,msGeolocationAccessService,msGeolocationOSLocationPermissionFallback,msGeolocationSQMService,msGeolocationService,msGrowthInfraLaunchSourceLogging,msGuidedSwitchAllowed,msHubPinPersist,msImplicitSignin,msIrm,msIrmv2,msKlarnaVirtualCard,msLlmConsumerDlpPurview,msLoadStatistics,msLogIsEdgePinnedToTaskbarOnLaunch,msMIPCrossTenantPdfViewSupport,msMdatpWebSiteDlp,msNotificationPermissionForPWA,msNumberOfSitesToPin,msNurturingGlobalSitePinningOnCloseModal,msNurturingSitePinningCITopSites,msNurturingSitePinningWithWindowsConsent,msOnHoverSearchInSidebar,msOpenOfficeDocumentsInWebViewer,msPageInteractionRestrictionRevoke,msPasswordBreachDetection,msPdfAnnotationsVisibility,msPdfDataRecovery,msPdfDigitalSignatureRead,msPdfFreeText,msPdfFreeTextForCJK,msPdfHighlightMode,msPdfInking,msPdfKeyphraseSupport,msPdfOOUI,msPdfPopupMarkerRenderer,msPdfShare,msPdfSharedLibrary,msPdfTextNote,msPdfTextNoteMoreMenu,msPdfThumbnailCache,msPdfUnderside,msPdfViewRestore,msPersonalizationUMA,msPriceComparison,msPrintInWebView2,msPromptDefaultHandlerForPDF,msReactiveSearch,msReadAloud,msReadAloudPdf,msRedirectToShoreline,msRevokeExtensions,msSaasDlp,msShoppingTrigger,msShorelineSearch,msShorelineSearchFindOnPageWebUI,msShowOfflineGameEntrance,msShowReadAloudIconInAddressBar,msShowUXForAADPrtSSOForNonAADProfile,msSitePinningWithoutUi,msSuspendMessageForNewSessionWhenHavingPendingNavigation,msSyncEdgeCollections,msTabResourceStats,msTokenizationAutofillInlineEnabled,msTouchMode,msTriggeringSignalGenerator,msUserUnderstanding,msVideoSuperResolutionUI,msWalletBuyNow,msWalletCheckout,msWalletDiagnosticDataLogger,msWalletHubEntry,msWalletHubIntlP3,msWalletPartialCard,msWalletPasswordCategorization,msWalletPasswordCategorizationPlatformExpansion,msWalletTokenizationCardMetadata,msWalletTokenizedAutofill,msWebAssist,msWebAssistHistorySearchService,msWebOOUI,msWindowsTaskManager,msWindowsUserActivities,msZipPayVirtualCard', '--variations-seed-version', '--trace-process-track-uuid=3190708989122997041', '--mojo-platform-channel-handle=2204', '/prefetch:3']",0.0,351,6728,22,msedgewebview2.exe,"[popenfile(path='C:\\Users\\keylogger\\AppData\\Local\\Packages\\Microsoft.Windows.Search_cw5n1h2txyewy\\LocalState\\EBWebView\\Default\\Cache\\Cache_Data\\data_2', fd=-1), popenfile(path='C:\\Users\\keylogger\\AppData\\Local\\Packages\\Microsoft.Windows.Search_cw5n1h2txyewy\\LocalState\\EBWebView\\Default\\Network\\Reporting and NEL', fd=-1), popenfile(path='C:\\Users\\keylogger\\AppData\\Local\\Packages\\Microsoft.Windows.Search_cw5n1h2txyewy\\LocalState\\EBWebView\\Default\\Shared Dictionary\\db', fd=-1), popenfile(path='C:\\Users\\keylogger\\AppData\\Local\\Packages\\Microsoft.Windows.Search_cw5n1h2txyewy\\LocalState\\EBWebView\\Default\\Cache\\No_Vary_Search\\journal.baj', fd=-1), popenfile(path='C:\\Program Files (x86)\\Microsoft\\EdgeWebView\\Application\\142.0.3595.69\\Locales\\en-US.pak', fd=-1), popenfile(path='C:\\Users\\keylogger\\AppData\\Local\\Packages\\Microsoft.Windows.Search_cw5n1h2txyewy\\LocalState\\EBWebView\\Default\\Network\\Cookies-journal', fd=-1), popenfile(path='C:\\Program Files (x86)\\Microsoft\\EdgeWebView\\Application\\142.0.3595.69\\resources.pak', fd=-1), popenfile(path='C:\\Program Files (x86)\\Microsoft\\EdgeWebView\\Application\\142.0.3595.69\\msedge_200_percent.pak', fd=-1), popenfile(path='C:\\Program Files (x86)\\Microsoft\\EdgeWebView\\Application\\142.0.3595.69\\v8_context_snapshot.bin', fd=-1), popenfile(path='C:\\Users\\keylogger\\AppData\\Local\\Packages\\Microsoft.Windows.Search_cw5n1h2txyewy\\LocalState\\EBWebView\\Default\\Safe Browsing Network\\Safe Browsing Cookies', fd=-1), popenfile(path='C:\\Users\\keylogger\\AppData\\Local\\Packages\\Microsoft.Windows.Search_cw5n1h2txyewy\\LocalState\\EBWebView\\Default\\Cache\\Cache_Data\\data_0', fd=-1), popenfile(path='C:\\Users\\keylogger\\AppData\\Local\\Packages\\Microsoft.Windows.Search_cw5n1h2txyewy\\LocalState\\EBWebView\\Default\\Cache\\Cache_Data\\data_3', fd=-1), popenfile(path='C:\\Program Files (x86)\\Microsoft\\EdgeWebView\\Application\\142.0.3595.69\\msedge_100_percent.pak', fd=-1), popenfile(path='C:\\Users\\keylogger\\AppData\\Local\\Packages\\Microsoft.Windows.Search_cw5n1h2txyewy\\LocalState\\EBWebView\\Default\\Cache\\Cache_Data\\index', fd=-1), popenfile(path='C:\\Users\\keylogger\\AppData\\Local\\Packages\\Microsoft.Windows.Search_cw5n1h2txyewy\\LocalState\\EBWebView\\Default\\Cache\\Cache_Data\\data_1', fd=-1), popenfile(path='C:\\Users\\keylogger\\AppData\\Local\\Packages\\Microsoft.Windows.Search_cw5n1h2txyewy\\LocalState\\EBWebView\\Default\\Network\\Cookies', fd=-1), popenfile(path='C:\\Users\\keylogger\\AppData\\Local\\Packages\\Microsoft.Windows.Search_cw5n1h2txyewy\\LocalState\\EBWebView\\Default\\Network\\Trust Tokens', fd=-1), popenfile(path='C:\\Program Files (x86)\\Microsoft\\EdgeWebView\\Application\\142.0.3595.69\\icudtl.dat', fd=-1)]",0.025036851861478013,32.0,236,195,1497890,74291,0.09375,0.171875,1292,0,2.05078125,11.3671875,benign
C:\Windows\System32\conhost.exe,"['\\??\\C:\\Windows\\system32\\conhost.exe', '0x4']",0.0,111,6936,2,conhost.exe,"[popenfile(path='C:\\Windows\\System32\\en-US\\Conhost.exe.mui', fd=-1)]",0.07196306563613394,32.0,0,0,0,0,0.046875,0.03125,482,0,5.89453125,6.1640625,benign
C:\Windows\System32\svchost.exe,,0.0,220,6952,3,svchost.exe,,0.14139860146529964,,3,0,6464,0,2.703125,4.96875,164,0,11.58203125,2.77734375,benign
C:\Windows\System32\svchost.exe,,0.0,158,7036,2,svchost.exe,,0.08564987798707527,,1,0,4873,0,0.015625,0.03125,51,0,7.015625,1.78125,benign
C:\Windows\System32\RuntimeBroker.exe,"['C:\\Windows\\System32\\RuntimeBroker.exe', '-Embedding']",0.0,325,7072,2,RuntimeBroker.exe,"[popenfile(path='C:\\Windows\\System32\\en-US\\shell32.dll.mui', fd=-1), popenfile(path='C:\\Windows\\System32\\en-US\\propsys.dll.mui', fd=-1), popenfile(path='C:\\Windows\\Registration\\R000000000006.clb', fd=-1), popenfile(path='C:\\Windows\\System32\\en-US\\Windows.Storage.Search.dll.mui', fd=-1), popenfile(path='C:\\Windows\\System32\\en-US\\windows.storage.dll.mui', fd=-1)]",0.2165091570497337,32.0,2068,24,776118,384,1.34375,1.75,1038,0,17.734375,6.8671875,benign
C:\Program Files\VMware\VMware Tools\vmtoolsd.exe,"['C:\\Program Files\\VMware\\VMware Tools\\vmtoolsd.exe', '-n', 'vmusr']",0.0,537,7212,7,vmtoolsd.exe,"[popenfile(path='C:\\Windows\\System32\\en-US\\shell32.dll.mui', fd=-1), popenfile(path='C:\\Windows\\Temp\\vmware-vmusr-keylogger.log', fd=-1), popenfile(path='C:\\Windows\\System32\\en-US\\crypt32.dll.mui', fd=-1), popenfile(path='C:\\Windows\\Registration\\R000000000006.clb', fd=-1), popenfile(path='C:\\Windows\\System32\\en-US\\KernelBase.dll.mui', fd=-1), popenfile(path='C:\\Windows\\System32\\en-US\\msxml6r.dll.mui', fd=-1)]",0.3200901898937913,32.0,4632,824,14602598,77248,20.234375,8.640625,592015,0,26.21875,20.79296875,benign
C:\Users\keylogger\AppData\Local\Programs\Microsoft VS Code\Code.exe,"['C:\\Users\\keylogger\\AppData\\Local\\Programs\\Microsoft VS Code\\Code.exe', '--type=crashpad-handler', '--user-data-dir=C:\\Users\\keylogger\\AppData\\Roaming\\Code', '/prefetch:4', '--no-rate-limit', '--monitor-self-annotation=ptype=crashpad-handler', '--database=C:\\Users\\keylogger\\AppData\\Roaming\\Code\\Crashpad', '--url=appcenter://code?aid=a4e3233c-699c-46ec-b4f4-9c2a77254662&uid=627f84cc-401f-4f65-94fa-5c8e364bc821&iid=627f84cc-401f-4f65-94fa-5c8e364bc821&sid=627f84cc-401f-4f65-94fa-5c8e364bc821', '--annotation=_companyName=Microsoft', '--annotation=_productName=VSCode', '--annotation=_version=1.105.1', '--annotation=plat=Win64', '--annotation=prod=Electron', '--annotation=ver=37.6.0', '--initial-client-data=0x458,0x45c,0x460,0x438,0x464,0x7ff6d29b6ce4,0x7ff6d29b6cf0,0x7ff6d29b6d00']",0.0,294,7240,7,Code.exe,"[popenfile(path='C:\\Windows\\System32\\en-US\\mswsock.dll.mui', fd=-1)]",0.05159975945546516,32.0,26,25,5529,300,0.109375,0.046875,1077,0,4.2265625,10.4375,benign
C:\Users\keylogger\AppData\Local\Programs\Microsoft VS Code\Code.exe,"['C:\\Users\\keylogger\\AppData\\Local\\Programs\\Microsoft VS Code\\Code.exe', '--type=gpu-process', '--user-data-dir=C:\\Users\\keylogger\\AppData\\Roaming\\Code', '--gpu-preferences=UAAAAAAAAADgAAAEAAAAAAAAAAAAAAAAAABgAAEAAAAAAAAAAAAAAAAAAAACAAAAAAAAAAAAAAAAAAAAAAAAABAAAAAAAAAAEAAAAAAAAAAIAAAAAAAAAAgAAAAAAAAA', '--field-trial-handle=1764,i,2992125270083613785,17152386301730894539,262144', '--enable-features=DocumentPolicyIncludeJSCallStacksInCrashReports,EarlyEstablishGpuChannel,EnableTransparentHwndEnlargement,EstablishGpuChannelAsync', '--disable-features=CalculateNativeWinOcclusion,FontationsLinuxSystemFonts,ScreenAIOCREnabled,SpareRendererForSitePerProcess,WinDelaySpellcheckServiceInit', '--variations-seed-version', '--mojo-platform-channel-handle=1760', '/prefetch:2']",0.0,353,7368,16,Code.exe,"[popenfile(path='C:\\Users\\keylogger\\AppData\\Local\\Programs\\Microsoft VS Code\\icudtl.dat', fd=-1), popenfile(path='C:\\Windows\\System32\\en-US\\mswsock.dll.mui', fd=-1)]",1.0744386141697138,32768.0,511805,464243,4022324440,52443784,128.703125,495.109375,4005752,0,88.0078125,155.03515625,benign
C:\Users\keylogger\AppData\Local\Programs\Microsoft VS Code\Code.exe,"['C:\\Users\\keylogger\\AppData\\Local\\Programs\\Microsoft VS Code\\Code.exe', '--type=utility', '--utility-sub-type=network.mojom.NetworkService', '--lang=en-US', '--service-sandbox-type=none', '--user-data-dir=C:\\Users\\keylogger\\AppData\\Roaming\\Code', '--standard-schemes=vscode-webview,vscode-file', '--enable-sandbox', '--secure-schemes=vscode-webview,vscode-file', '--cors-schemes=vscode-webview,vscode-file', '--fetch-schemes=vscode-webview,vscode-file', '--service-worker-schemes=vscode-webview', '--code-cache-schemes=vscode-webview,vscode-file', '--field-trial-handle=1764,i,2992125270083613785,17152386301730894539,262144', '--enable-features=DocumentPolicyIncludeJSCallStacksInCrashReports,EarlyEstablishGpuChannel,EnableTransparentHwndEnlargement,EstablishGpuChannelAsync', '--disable-features=CalculateNativeWinOcclusion,FontationsLinuxSystemFonts,ScreenAIOCREnabled,SpareRendererForSitePerProcess,WinDelaySpellcheckServiceInit', '--variations-seed-version', '--mojo-platform-channel-handle=2012', '/prefetch:3']",0.0,348,7400,15,Code.exe,"[popenfile(path='C:\\Users\\keylogger\\AppData\\Roaming\\Code\\Cache\\Cache_Data\\index', fd=-1), popenfile(path='C:\\Users\\keylogger\\AppData\\Local\\Programs\\Microsoft VS Code\\v8_context_snapshot.bin', fd=-1), popenfile(path='C:\\Users\\keylogger\\AppData\\Roaming\\Code\\Cache\\Cache_Data\\data_3', fd=-1), popenfile(path='C:\\Users\\keylogger\\AppData\\Roaming\\Code\\Cache\\Cache_Data\\data_0', fd=-1), popenfile(path='C:\\Windows\\System32\\en-US\\mswsock.dll.mui', fd=-1), popenfile(path='C:\\Users\\keylogger\\AppData\\Roaming\\Code\\Network\\Cookies', fd=-1), popenfile(path='C:\\Users\\keylogger\\AppData\\Local\\Programs\\Microsoft VS Code\\chrome_100_percent.pak', fd=-1), popenfile(path='C:\\Users\\keylogger\\AppData\\Roaming\\Code\\Network\\Trust Tokens', fd=-1), popenfile(path='C:\\Users\\keylogger\\AppData\\Local\\Programs\\Microsoft VS Code\\resources.pak', fd=-1), popenfile(path='C:\\Windows\\Registration\\R000000000006.clb', fd=-1), popenfile(path='C:\\Users\\keylogger\\AppData\\Local\\Programs\\Microsoft VS Code\\icudtl.dat', fd=-1), popenfile(path='C:\\Users\\keylogger\\AppData\\Local\\Programs\\Microsoft VS Code\\locales\\en-US.pak', fd=-1), popenfile(path='C:\\Users\\keylogger\\AppData\\Roaming\\Code\\Cache\\Cache_Data\\data_1', fd=-1), popenfile(path='C:\\Users\\keylogger\\AppData\\Roaming\\Code\\Shared Dictionary\\db', fd=-1), popenfile(path='C:\\Users\\keylogger\\AppData\\Local\\Programs\\Microsoft VS Code\\chrome_200_percent.pak', fd=-1), popenfile(path='C:\\Users\\keylogger\\AppData\\Roaming\\Code\\Cache\\Cache_Data\\data_2', fd=-1)]",0.1698213894832823,32.0,6805,10442,7875857,43668611,2.203125,1.4375,68509,0,13.91015625,13.76171875,benign
C:\Windows\SystemApps\MicrosoftWindows.Client.CBS_cw5n1h2txyewy\TextInputHost.exe,"['C:\\Windows\\SystemApps\\MicrosoftWindows.Client.CBS_cw5n1h2txyewy\\TextInputHost.exe', '-ServerName:InputApp.AppXk0k6mrh4r2q0ct33a9wgbez0x7v9cz5y.mca']",0.0,530,7616,10,TextInputHost.exe,"[popenfile(path='C:\\Windows\\System32\\en-US\\KernelBase.dll.mui', fd=-1), popenfile(path='C:\\Windows\\Registration\\R000000000006.clb', fd=-1), popenfile(path='C:\\Windows\\System32\\WinMetadata\\Windows.UI.winmd', fd=-1), popenfile(path='C:\\Windows\\Fonts\\segoeui.ttf', fd=-1)]",0.18193445686007356,32.0,2,0,27638,0,4.25,2.21875,68741,0,14.90234375,12.5234375,benign
C:\Windows\System32\conhost.exe,"['\\??\\C:\\Windows\\system32\\conhost.exe', '0x4']",0.0,111,7644,2,conhost.exe,"[popenfile(path='C:\\Windows\\System32\\en-US\\Conhost.exe.mui', fd=-1)]",0.06500043635656101,32.0,0,0,0,0,0.015625,0.015625,510,0,5.32421875,6.1640625,benign
C:\Program Files\WindowsApps\PythonSoftwareFoundation.PythonManager_25.0.240.0_x64__3847v3x7pw1km\python.exe,"['python', '.\\keylogger.py']",0.0,161,7668,1,python.exe,"[popenfile(path='C:\\Windows\\System32\\en-US\\KernelBase.dll.mui', fd=-1), popenfile(path='C:\\Windows\\System32\\en-US\\winhttp.dll.mui', fd=-1)]",0.15465621064147275,32.0,64,0,7189089,0,0.0625,0.0625,87,0,12.66796875,4.6015625,benign
C:\Users\keylogger\AppData\Local\Programs\Microsoft VS Code\Code.exe,"['C:\\Users\\keylogger\\AppData\\Local\\Programs\\Microsoft VS Code\\Code.exe', '--type=renderer', '--user-data-dir=C:\\Users\\keylogger\\AppData\\Roaming\\Code', '--standard-schemes=vscode-webview,vscode-file', '--enable-sandbox', '--secure-schemes=vscode-webview,vscode-file', '--cors-schemes=vscode-webview,vscode-file', '--fetch-schemes=vscode-webview,vscode-file', '--service-worker-schemes=vscode-webview', '--code-cache-schemes=vscode-webview,vscode-file', '--app-user-model-id=Microsoft.VisualStudioCode', '--app-path=C:\\Users\\keylogger\\AppData\\Local\\Programs\\Microsoft VS Code\\resources\\app', '--enable-sandbox', '--enable-blink-features=HighlightAPI', '--disable-blink-features=FontMatchingCTMigration,StandardizedBrowserZoom,', '--video-capture-use-gpu-memory-buffer', '--lang=en-US', '--device-scale-factor=1', '--num-raster-threads=1', '--renderer-client-id=5', '--time-ticks-at-unix-epoch=-1762966986880537', '--launch-time-ticks=86627857', '--field-trial-handle=1764,i,2992125270083613785,17152386301730894539,262144', '--enable-features=DocumentPolicyIncludeJSCallStacksInCrashReports,EarlyEstablishGpuChannel,EnableTransparentHwndEnlargement,EstablishGpuChannelAsync', '--disable-features=CalculateNativeWinOcclusion,FontationsLinuxSystemFonts,ScreenAIOCREnabled,SpareRendererForSitePerProcess,WinDelaySpellcheckServiceInit', '--variations-seed-version', '--mojo-platform-channel-handle=3340', '--vscode-window-config=vscode:09292eed-df22-4e25-bd20-6dbfc3ae358c', '/prefetch:1']",0.0,463,7680,14,Code.exe,"[popenfile(path='C:\\Windows\\Fonts\\msyhbd.ttc', fd=-1), popenfile(path='C:\\Windows\\Fonts\\cambria.ttc', fd=-1), popenfile(path='C:\\Windows\\System32\\en-US\\mswsock.dll.mui', fd=-1), popenfile(path='C:\\Windows\\Fonts\\consola.ttf', fd=-1), popenfile(path='C:\\Users\\keylogger\\AppData\\Local\\Temp\\856250fd-ba81-43c2-b944-17ef54f34b31.tmp', fd=-1), popenfile(path='C:\\Windows\\Fonts\\palai.ttf', fd=-1), popenfile(path='C:\\Users\\keylogger\\AppData\\Local\\Programs\\Microsoft VS Code\\resources.pak', fd=-1), popenfile(path='C:\\Windows\\Fonts\\palab.ttf', fd=-1), popenfile(path='C:\\Windows\\Fonts\\palabi.ttf', fd=-1), popenfile(path='C:\\Users\\keylogger\\AppData\\Local\\Programs\\Microsoft VS Code\\locales\\en-US.pak', fd=-1), popenfile(path='C:\\Windows\\Fonts\\arial.ttf', fd=-1), popenfile(path='C:\\Windows\\Fonts\\segoeuil.ttf', fd=-1), popenfile(path='C:\\Windows\\Fonts\\timesbi.ttf', fd=-1), popenfile(path='C:\\Windows\\Fonts\\segoeuii.ttf', fd=-1), popenfile(path='C:\\Users\\keylogger\\AppData\\Local\\Programs\\Microsoft VS Code\\chrome_100_percent.pak', fd=-1), popenfile(path='C:\\Windows\\Fonts\\seguisb.ttf', fd=-1), popenfile(path='C:\\Windows\\Fonts\\arialbi.ttf', fd=-1), popenfile(path='C:\\Windows\\Fonts\\timesbd.ttf', fd=-1), popenfile(path='C:\\Windows\\Fonts\\seguisli.ttf', fd=-1), popenfile(path='C:\\Windows\\Fonts\\arialbd.ttf', fd=-1), popenfile(path='C:\\Windows\\Fonts\\ariblk.ttf', fd=-1), popenfile(path='C:\\Windows\\Fonts\\consolab.ttf', fd=-1), popenfile(path='C:\\Windows\\Fonts\\msyhl.ttc', fd=-1), popenfile(path='C:\\Windows\\Fonts\\segoeuib.ttf', fd=-1), popenfile(path='C:\\Windows\\Fonts\\segoeuisl.ttf', fd=-1), popenfile(path='C:\\Windows\\Fonts\\tahoma.ttf', fd=-1), popenfile(path='C:\\Users\\keylogger\\AppData\\Local\\Programs\\Microsoft VS Code\\chrome_200_percent.pak', fd=-1), popenfile(path='C:\\Windows\\Fonts\\cour.ttf', fd=-1), popenfile(path='C:\\Windows\\Fonts\\msyh.ttc', fd=-1), popenfile(path='C:\\Windows\\Fonts\\l_10646.ttf', fd=-1), popenfile(path='C:\\Windows\\Fonts\\consolai.ttf', fd=-1), popenfile(path='C:\\Windows\\Fonts\\tahomabd.ttf', fd=-1), popenfile(path='C:\\Windows\\Fonts\\segoeui.ttf', fd=-1), popenfile(path='C:\\Windows\\Fonts\\micross.ttf', fd=-1), popenfile(path='C:\\Windows\\Fonts\\ariali.ttf', fd=-1), popenfile(path='C:\\Windows\\Fonts\\timesi.ttf', fd=-1), popenfile(path='C:\\Windows\\Fonts\\couri.ttf', fd=-1), popenfile(path='C:\\Windows\\Fonts\\pala.ttf', fd=-1), popenfile(path='C:\\Windows\\Fonts\\times.ttf', fd=-1), popenfile(path='C:\\Windows\\Fonts\\courbd.ttf', fd=-1), popenfile(path='C:\\Windows\\Fonts\\segoeuiz.ttf', fd=-1), popenfile(path='C:\\Windows\\Fonts\\seguisbi.ttf', fd=-1), popenfile(path='C:\\Windows\\Fonts\\seguili.ttf', fd=-1), popenfile(path='C:\\Users\\keylogger\\AppData\\Local\\Programs\\Microsoft VS Code\\v8_context_snapshot.bin', fd=-1), popenfile(path='C:\\Windows\\Fonts\\courbi.ttf', fd=-1), popenfile(path='C:\\Windows\\Fonts\\consolaz.ttf', fd=-1), popenfile(path='C:\\Windows\\Fonts\\seguibli.ttf', fd=-1), popenfile(path='C:\\Users\\keylogger\\AppData\\Local\\Programs\\Microsoft VS Code\\icudtl.dat', fd=-1), popenfile(path='C:\\Windows\\Fonts\\msgothic.ttc', fd=-1), popenfile(path='C:\\Windows\\Fonts\\seguibl.ttf', fd=-1)]",1.993887193006468,32.0,103659,71773,176607909,481871818,85.671875,12.546875,678450,0,163.3203125,228.37109375,benign
C:\Users\keylogger\AppData\Local\Microsoft\OneDrive\OneDrive.exe,"['C:\\Users\\keylogger\\AppData\\Local\\Microsoft\\OneDrive\\OneDrive.exe', '/background']",0.0,617,7744,18,OneDrive.exe,"[popenfile(path='C:\\Users\\keylogger\\AppData\\Local\\Microsoft\\OneDrive\\21.220.1024.0005\\en\\FileSync.LocalizedResources.dll.mui', fd=-1), popenfile(path='C:\\Users\\keylogger\\AppData\\Local\\Microsoft\\OneDrive\\logs\\Personal\\SyncEngine-2025-11-13.0220.7744.2.aodl', fd=-1), popenfile(path='C:\\Windows\\SysWOW64\\ieframe.dll', fd=-1), popenfile(path='C:\\Windows\\SystemResources\\ieframe.dll.mun', fd=-1), popenfile(path='C:\\Windows\\System32\\en-US\\propsys.dll.mui', fd=-1), popenfile(path='C:\\Windows\\SysWOW64\\en-US\\urlmon.dll.mui', fd=-1), popenfile(path='C:\\Windows\\System32\\en-US\\ieframe.dll.mui', fd=-1), popenfile(path='C:\\Windows\\System32\\en-US\\Windows.Security.Authentication.Web.Core.dll.mui', fd=-1), popenfile(path='C:\\Users\\keylogger\\AppData\\Local\\Microsoft\\OneDrive\\setup\\logs\\Update_2025-11-12_170450_7744-7748.log', fd=-1), popenfile(path='C:\\Windows\\Registration\\R000000000006.clb', fd=-1), popenfile(path='C:\\Windows\\System32\\en-US\\KernelBase.dll.mui', fd=-1)]",0.22251800149648843,32.0,837,9723,2043785,1829957,3.328125,2.765625,103304,0,18.2265625,16.0,benign
C:\Windows\System32\SearchFilterHost.exe,,0.0,180,7868,5,SearchFilterHost.exe,,0.11044828364034873,,363,0,7414,0,0.03125,0.046875,824,0,9.046875,2.1796875,benign
C:\Windows\System32\svchost.exe,,0.0,205,7988,4,svchost.exe,,0.08870198945209354,,1,1,116,160,0.109375,0.1875,508,0,7.265625,1.671875,benign
C:\Windows\System32\svchost.exe,,0.0,304,8020,7,svchost.exe,,0.18870632917308286,,5,6,100851,24576,0.46875,0.328125,538,0,15.45703125,4.4765625,benign
C:\Windows\System32\WindowsPowerShell\v1.0\powershell.exe,"['C:\\Windows\\System32\\WindowsPowerShell\\v1.0\\powershell.exe', '-noexit', '-command', 'try { . ""c:\\Users\\keylogger\\AppData\\Local\\Programs\\Microsoft VS Code\\resources\\app\\out\\vs\\workbench\\contrib\\terminal\\common\\scripts\\shellIntegration.ps1"" } catch {}']",0.0,487,8028,9,powershell.exe,"[popenfile(path='C:\\Windows\\System32\\en-US\\crypt32.dll.mui', fd=-1), popenfile(path='C:\\Windows\\Microsoft.NET\\assembly\\GAC_MSIL\\System\\v4.0_4.0.0.0__b77a5c561934e089\\System.dll', fd=-1), popenfile(path='C:\\Windows\\Microsoft.NET\\assembly\\GAC_MSIL\\Microsoft.Management.Infrastructure\\v4.0_1.0.0.0__31bf3856ad364e35\\Microsoft.Management.Infrastructure.dll', fd=-1), popenfile(path='C:\\Windows\\Microsoft.NET\\assembly\\GAC_64\\System.Transactions\\v4.0_4.0.0.0__b77a5c561934e089\\System.Transactions.dll', fd=-1), popenfile(path='C:\\Windows\\Microsoft.NET\\assembly\\GAC_MSIL\\Microsoft.CSharp\\v4.0_4.0.0.0__b03f5f7f11d50a3a\\Microsoft.CSharp.dll', fd=-1), popenfile(path='C:\\Windows\\Microsoft.NET\\assembly\\GAC_MSIL\\System.DirectoryServices\\v4.0_4.0.0.0__b03f5f7f11d50a3a\\System.DirectoryServices.dll', fd=-1), popenfile(path='C:\\Windows\\Microsoft.NET\\assembly\\GAC_MSIL\\Microsoft.PowerShell.ConsoleHost\\v4.0_3.0.0.0__31bf3856ad364e35\\Microsoft.PowerShell.ConsoleHost.dll', fd=-1), popenfile(path='C:\\Windows\\Microsoft.NET\\assembly\\GAC_MSIL\\Microsoft.PowerShell.Commands.Utility\\v4.0_3.0.0.0__31bf3856ad364e35\\Microsoft.PowerShell.Commands.Utility.dll', fd=-1), popenfile(path='C:\\Windows\\Microsoft.NET\\assembly\\GAC_64\\System.Data\\v4.0_4.0.0.0__b77a5c561934e089\\System.Data.dll', fd=-1), popenfile(path='C:\\Windows\\Microsoft.NET\\assembly\\GAC_MSIL\\System.Management\\v4.0_4.0.0.0__b03f5f7f11d50a3a\\System.Management.dll', fd=-1), popenfile(path='C:\\Windows\\Microsoft.NET\\assembly\\GAC_MSIL\\System.Numerics\\v4.0_4.0.0.0__b77a5c561934e089\\System.Numerics.dll', fd=-1), popenfile(path='C:\\Windows\\Microsoft.NET\\assembly\\GAC_MSIL\\System.Management.Automation\\v4.0_3.0.0.0__31bf3856ad364e35\\System.Management.Automation.dll', fd=-1), popenfile(path='C:\\Windows\\Microsoft.NET\\assembly\\GAC_MSIL\\System.Xml\\v4.0_4.0.0.0__b77a5c561934e089\\System.XML.dll', fd=-1), popenfile(path='C:\\Windows\\Microsoft.NET\\assembly\\GAC_MSIL\\System.Core\\v4.0_4.0.0.0__b77a5c561934e089\\System.Core.dll', fd=-1), popenfile(path='C:\\Windows\\Microsoft.NET\\assembly\\GAC_MSIL\\Microsoft.PowerShell.Security\\v4.0_3.0.0.0__31bf3856ad364e35\\Microsoft.PowerShell.Security.dll', fd=-1), popenfile(path='C:\\Windows\\Microsoft.NET\\assembly\\GAC_MSIL\\System.Configuration\\v4.0_4.0.0.0__b03f5f7f11d50a3a\\System.Configuration.dll', fd=-1), popenfile(path='C:\\Windows\\System32\\WindowsPowerShell\\v1.0\\en-US\\powershell.exe.mui', fd=-1), popenfile(path='C:\\Windows\\System32\\en-US\\winnlsres.dll.mui', fd=-1), popenfile(path='C:\\Windows\\System32\\en-US\\KernelBase.dll.mui', fd=-1), popenfile(path='C:\\Program Files\\WindowsPowerShell\\Modules\\PSReadline\\2.0.0\\Microsoft.PowerShell.PSReadline.dll', fd=-1), popenfile(path='C:\\Windows\\Microsoft.NET\\assembly\\GAC_MSIL\\System.Configuration.Install\\v4.0_4.0.0.0__b03f5f7f11d50a3a\\System.Configuration.Install.dll', fd=-1)]",0.1871325841989328,32.0,176,2,503627,120,5.515625,2.109375,256749,0,15.328125,52.67578125,benign
C:\Windows\System32\dllhost.exe,"['C:\\Windows\\system32\\DllHost.exe', '/Processid:{973D20D7-562D-44B9-B70B-5A0F49CCDF3F}']",0.0,287,8132,5,dllhost.exe,"[popenfile(path='C:\\Users\\keylogger\\AppData\\Local\\Packages\\Microsoft.Windows.Search_cw5n1h2txyewy\\AppData\\CacheStorage\\CacheStorage.jfm', fd=-1), popenfile(path='C:\\Users\\keylogger\\AppData\\Local\\Packages\\Microsoft.Windows.Search_cw5n1h2txyewy\\AppData\\Indexed DB\\IndexedDB.jfm', fd=-1), popenfile(path='C:\\Windows\\Registration\\R000000000006.clb', fd=-1), popenfile(path='C:\\Users\\keylogger\\AppData\\Local\\Packages\\Microsoft.Windows.Search_cw5n1h2txyewy\\AppData\\Indexed DB\\edb.log', fd=-1), popenfile(path='C:\\Users\\keylogger\\AppData\\Local\\Microsoft\\Internet Explorer\\CacheStorage\\edb.log', fd=-1), popenfile(path='C:\\Users\\keylogger\\AppData\\Local\\Packages\\Microsoft.Windows.Search_cw5n1h2txyewy\\AppData\\CacheStorage\\CacheStorage.edb', fd=-1), popenfile(path='C:\\Windows\\System32\\en-US\\ESENT.dll.mui', fd=-1), popenfile(path='C:\\Users\\keylogger\\AppData\\Local\\Packages\\Microsoft.Windows.Search_cw5n1h2txyewy\\AppData\\Indexed DB\\IndexedDB.edb', fd=-1)]",0.135342067776904,32.0,181,235,11435542,5111808,0.21875,0.28125,1095,0,11.0859375,5.203125,benign
C:\Users\keylogger\AppData\Local\Programs\Microsoft VS Code\Code.exe,"['C:\\Users\\keylogger\\AppData\\Local\\Programs\\Microsoft VS Code\\Code.exe', '--type=utility', '--utility-sub-type=node.mojom.NodeService', '--lang=en-US', '--service-sandbox-type=none', '--dns-result-order=ipv4first', '--experimental-network-inspection', '--inspect-port=0', '--user-data-dir=C:\\Users\\keylogger\\AppData\\Roaming\\Code', '--standard-schemes=vscode-webview,vscode-file', '--enable-sandbox', '--secure-schemes=vscode-webview,vscode-file', '--cors-schemes=vscode-webview,vscode-file', '--fetch-schemes=vscode-webview,vscode-file', '--service-worker-schemes=vscode-webview', '--code-cache-schemes=vscode-webview,vscode-file', '--field-trial-handle=1764,i,2992125270083613785,17152386301730894539,262144', '--enable-features=DocumentPolicyIncludeJSCallStacksInCrashReports,EarlyEstablishGpuChannel,EnableTransparentHwndEnlargement,EstablishGpuChannelAsync', '--disable-features=CalculateNativeWinOcclusion,FontationsLinuxSystemFonts,ScreenAIOCREnabled,SpareRendererForSitePerProcess,WinDelaySpellcheckServiceInit', '--variations-seed-version', '--mojo-platform-channel-handle=4580', '/prefetch:8']",0.0,405,8264,23,Code.exe,"[popenfile(path='C:\\Users\\keylogger\\AppData\\Local\\Programs\\Microsoft VS Code\\v8_context_snapshot.bin', fd=-1), popenfile(path='C:\\Windows\\System32\\en-US\\mswsock.dll.mui', fd=-1), popenfile(path='C:\\Users\\keylogger\\AppData\\Roaming\\Code\\logs\\20251112T120431\\window3\\exthost\\ms-python.debugpy\\Python Debugger.log', fd=-1), popenfile(path='C:\\Users\\keylogger\\AppData\\Local\\Programs\\Microsoft VS Code\\chrome_100_percent.pak', fd=-1), popenfile(path='C:\\Users\\keylogger\\AppData\\Roaming\\Code\\logs\\20251112T120431\\window3\\exthost\\exthost.log', fd=-1), popenfile(path='C:\\Users\\keylogger\\AppData\\Local\\Programs\\Microsoft VS Code\\resources.pak', fd=-1), popenfile(path='C:\\Users\\keylogger\\AppData\\Roaming\\Code\\logs\\20251112T120431\\window3\\exthost\\ms-python.vscode-python-envs\\Python Environments.log', fd=-1), popenfile(path='C:\\Users\\keylogger\\AppData\\Roaming\\Code\\logs\\20251112T120431\\window3\\exthost\\extHostTelemetry.log', fd=-1), popenfile(path='C:\\Users\\keylogger\\AppData\\Roaming\\Code\\logs\\20251112T120431\\window3\\exthost\\vscode.git\\Git.log', fd=-1), popenfile(path='C:\\Windows\\System32\\en-US\\KernelBase.dll.mui', fd=-1), popenfile(path='C:\\Users\\keylogger\\AppData\\Local\\Programs\\Microsoft VS Code\\icudtl.dat', fd=-1), popenfile(path='C:\\Users\\keylogger\\AppData\\Local\\Programs\\Microsoft VS Code\\locales\\en-US.pak', fd=-1), popenfile(path='C:\\Users\\keylogger\\AppData\\Roaming\\Code\\logs\\20251112T120431\\window3\\exthost\\vscode.github\\GitHub.log', fd=-1), popenfile(path='C:\\Windows\\Registration\\R000000000006.clb', fd=-1), popenfile(path='C:\\Users\\keylogger\\AppData\\Roaming\\Code\\logs\\20251112T120431\\window3\\exthost\\ms-python.python\\Python.log', fd=-1), popenfile(path='C:\\Users\\keylogger\\AppData\\Local\\Programs\\Microsoft VS Code\\chrome_200_percent.pak', fd=-1), popenfile(path='C:\\Users\\keylogger\\AppData\\Roaming\\Code\\logs\\20251112T120431\\window3\\exthost\\ms-python.python\\Python Language Server.log', fd=-1), popenfile(path='C:\\Users\\keylogger\\AppData\\Roaming\\Code\\logs\\20251112T120431\\window3\\exthost\\vscode.github-authentication\\GitHub Authentication.log', fd=-1)]",1.1217463418774969,32.0,102035,127445,38799314,519749822,81.53125,42.203125,10061686,0,91.8828125,181.48046875,benign
C:\Users\keylogger\AppData\Local\Programs\Microsoft VS Code\Code.exe,"['C:\\Users\\keylogger\\AppData\\Local\\Programs\\Microsoft VS Code\\Code.exe', '--type=utility', '--utility-sub-type=node.mojom.NodeService', '--lang=en-US', '--service-sandbox-type=none', '--dns-result-order=ipv4first', '--experimental-network-inspection', '--inspect-port=0', '--user-data-dir=C:\\Users\\keylogger\\AppData\\Roaming\\Code', '--standard-schemes=vscode-webview,vscode-file', '--enable-sandbox', '--secure-schemes=vscode-webview,vscode-file', '--cors-schemes=vscode-webview,vscode-file', '--fetch-schemes=vscode-webview,vscode-file', '--service-worker-schemes=vscode-webview', '--code-cache-schemes=vscode-webview,vscode-file', '--field-trial-handle=1764,i,2992125270083613785,17152386301730894539,262144', '--enable-features=DocumentPolicyIncludeJSCallStacksInCrashReports,EarlyEstablishGpuChannel,EnableTransparentHwndEnlargement,EstablishGpuChannelAsync', '--disable-features=CalculateNativeWinOcclusion,FontationsLinuxSystemFonts,ScreenAIOCREnabled,SpareRendererForSitePerProcess,WinDelaySpellcheckServiceInit', '--variations-seed-version', '--mojo-platform-channel-handle=4660', '/prefetch:8']",0.0,403,8300,23,Code.exe,"[popenfile(path='C:\\Users\\keylogger\\AppData\\Roaming\\Code\\logs\\20251112T120431\\window2\\exthost\\ms-python.debugpy\\Python Debugger.log', fd=-1), popenfile(path='C:\\Users\\keylogger\\AppData\\Local\\Programs\\Microsoft VS Code\\v8_context_snapshot.bin', fd=-1), popenfile(path='C:\\Users\\keylogger\\AppData\\Roaming\\Code\\logs\\20251112T120431\\window2\\exthost\\vscode.git\\Git.log', fd=-1), popenfile(path='C:\\Users\\keylogger\\AppData\\Roaming\\Code\\logs\\20251112T120431\\window2\\exthost\\extHostTelemetry.log', fd=-1), popenfile(path='C:\\Windows\\System32\\en-US\\mswsock.dll.mui', fd=-1), popenfile(path='C:\\Users\\keylogger\\AppData\\Local\\Programs\\Microsoft VS Code\\chrome_100_percent.pak', fd=-1), popenfile(path='C:\\Users\\keylogger\\AppData\\Roaming\\Code\\logs\\20251112T120431\\window2\\exthost\\ms-python.python\\Python.log', fd=-1), popenfile(path='C:\\Users\\keylogger\\AppData\\Local\\Programs\\Microsoft VS Code\\resources.pak', fd=-1), popenfile(path='C:\\Users\\keylogger\\AppData\\Roaming\\Code\\logs\\20251112T120431\\window2\\exthost\\ms-python.python\\Python Language Server.log', fd=-1), popenfile(path='C:\\Users\\keylogger\\AppData\\Roaming\\Code\\logs\\20251112T120431\\window2\\exthost\\vscode.github\\GitHub.log', fd=-1), popenfile(path='C:\\Windows\\Registration\\R000000000006.clb', fd=-1), popenfile(path='C:\\Users\\keylogger\\AppData\\Local\\Programs\\Microsoft VS Code\\icudtl.dat', fd=-1), popenfile(path='C:\\Users\\keylogger\\AppData\\Local\\Programs\\Microsoft VS Code\\locales\\en-US.pak', fd=-1), popenfile(path='C:\\Windows\\System32\\en-US\\KernelBase.dll.mui', fd=-1), popenfile(path='C:\\Users\\keylogger\\AppData\\Roaming\\Code\\logs\\20251112T120431\\window2\\exthost\\exthost.log', fd=-1), popenfile(path='C:\\Users\\keylogger\\AppData\\Roaming\\Code\\logs\\20251112T120431\\window2\\exthost\\ms-python.vscode-python-envs\\Python Environments.log', fd=-1), popenfile(path='C:\\Users\\keylogger\\AppData\\Local\\Programs\\Microsoft VS Code\\chrome_200_percent.pak', fd=-1), popenfile(path='C:\\Users\\keylogger\\AppData\\Roaming\\Code\\logs\\20251112T120431\\window2\\exthost\\vscode.github-authentication\\GitHub Authentication.log', fd=-1)]",0.7953134828454644,32.0,12171,14503,26799851,61242222,15.90625,3.828125,253511,0,65.14453125,210.75390625,benign
C:\Program Files (x86)\Microsoft\EdgeWebView\Application\142.0.3595.69\msedgewebview2.exe,"['C:\\Program Files (x86)\\Microsoft\\EdgeWebView\\Application\\142.0.3595.69\\msedgewebview2.exe', '--type=gpu-process', '--noerrdialogs', '--user-data-dir=C:\\Users\\keylogger\\AppData\\Local\\Packages\\Microsoft.Windows.Search_cw5n1h2txyewy\\LocalState\\EBWebView', '--webview-exe-name=SearchApp.exe', '--webview-exe-version=10.0.19041.6282', '--embedded-browser-webview=1', '--no-pre-read-main-dll', '--gpu-preferences=SAAAAAAAAADgAAAEAAAAAAAAAAAAAGAAAQAAAAAAAAAAAAAAAAAAAAIAAAAAAAAAAAAAAAAAAAAQAAAAAAAAABAAAAAAAAAACAAAAAAAAAAIAAAAAAAAAA==', '--startup-read-main-dll', '--metrics-shmem-handle=1768,i,12067501877085310358,17352978525325419801,262144', '--field-trial-handle=1936,i,2534396607517605442,16715881984632097342,262144', '--enable-features=ForceSWDCompWhenDCompFallbackRequired,LocalNetworkAccessForFencedFrameNavigationsWarningOnly,LocalNetworkAccessForNavigationsWarningOnly,LocalNetworkAccessForSubframeNavigationsWarningOnly,LocalNetworkAccessForWorkersWarningOnly,msAggressiveCacheTrimming,msCustomDataPartition,msEmbeddedBrowserVisualHosting,msWebView2NoTabForScreenShare,msWebViewAppLifeCycleWorkaround', '--disable-features=BackForwardCache,BackgroundTabLoadingFromPerformanceManager,CloseOmniboxPopupOnInactiveAreaClick,CollectAVProductsInfo,CollectCodeIntegrityInfo,DeferSpeculativeRFHCreation,EnableHangWatcher,FilterAdsOnAbusiveSites,GetWifiProtocol,LoginDetection,MediaFoundationCameraUsageMonitoring,PreconnectToSearch,PreloadingEagerHeuristics,SafetyHub,SegmentationPlatform,ServiceWorkerAutoPreload,SpareRendererForSitePerProcess,Ukm,WebPayments,msAITrackerClassification,msAbydosForWindowlessWV2,msAffirmVirtualCard,msAllowChromeWebstore,msAllowMSAPrtSSOForNonMSAProfile,msApplicationGuard,msAskBeforeClosingMultipleTabs,msAutoToggleAADPrtSSOForNonAADProfile,msAutofillEdgeServiceRequest,msAutofillEnableEdgeSuggestions,msAutomaticTabFreeze,msBrowserSettingsSupported,msCoarseGeolocationService,msDataProtection,msDesktopMode,msDesktopRewards,msDisableVariationsSeedFetchThrottling,msEEProactiveHistory,msETFOffstoreExtensionFileDataCollection,msETFPasswordTheftDNRActionSignals,msEdgeAdPlatformUI,msEdgeAddWebCapturetoCollections,msEdgeAutofillShowDeployedPassword,msEdgeCaptureSelectionInPDF,msEdgeCloudConfigService,msEdgeCloudConfigServiceV2,msEdgeCohorts,msEdgeCollectionsPrismExperiment1,msEdgeCollectionsPrismOverallMigration,msEdgeComposeNext,msEdgeEnableNurturingFramework,msEdgeEnclavePrefsBasic,msEdgeEnclavePrefsNotification,msEdgeFaviconService,msEdgeHJTelemetry,msEdgeHubAppSkype,msEdgeImageEditorUI,msEdgeLinkDoctor,msEdgeMouseGestureDefaultEnabled,msEdgeMouseGestureSupported,msEdgeNewDeviceFre,msEdgeOnRampFRE,msEdgeOnRampImport,msEdgePDFCMHighlightUX,msEdgePasswordIris,msEdgePasswordIrisSaveBubble,msEdgePasswordStrengthCheck,msEdgePinpointFramework,msEdgeProngPersonalization,msEdgeReadingView,msEdgeRose,msEdgeScreenshotUI,msEdgeSendTabToSelf,msEdgeSettingsImport,msEdgeSettingsImportV2,msEdgeShoppingPersistentStorage,msEdgeShoppingUI,msEdgeSmartFind,msEdgeSuperDragDefaultEnabled,msEdgeSuperDragDropSupported,msEdgeTranslate,msEdgeUpdatesMoreMenuPill,msEdgeWebCapture,msEdgeWebCaptureUniformExperience,msEdgeWebContentFilteringFeedback,msEdgeWorkSearchBanner,msEnableCustomJobMemoryLimitsOnXbox,msEnableMIPForPDF,msEnablePdfUpsell,msEnableThirdPartyScanning,msEnableWebSignInCta,msEnableWebToBrowserSignIn,msEndpointDlp,msEntityExtraction,msExtensionTelemetryFramework,msExternalTaskManager,msFileSystemAccessDirectoryIterationBlocklistCheck,msForceBrowserSignIn,msForeignSessionsPage,msGeolocationAccessService,msGeolocationOSLocationPermissionFallback,msGeolocationSQMService,msGeolocationService,msGrowthInfraLaunchSourceLogging,msGuidedSwitchAllowed,msHubPinPersist,msImplicitSignin,msIrm,msIrmv2,msKlarnaVirtualCard,msLlmConsumerDlpPurview,msLoadStatistics,msLogIsEdgePinnedToTaskbarOnLaunch,msMIPCrossTenantPdfViewSupport,msMdatpWebSiteDlp,msNotificationPermissionForPWA,msNumberOfSitesToPin,msNurturingGlobalSitePinningOnCloseModal,msNurturingSitePinningCITopSites,msNurturingSitePinningWithWindowsConsent,msOnHoverSearchInSidebar,msOpenOfficeDocumentsInWebViewer,msPageInteractionRestrictionRevoke,msPasswordBreachDetection,msPdfAnnotationsVisibility,msPdfDataRecovery,msPdfDigitalSignatureRead,msPdfFreeText,msPdfFreeTextForCJK,msPdfHighlightMode,msPdfInking,msPdfKeyphraseSupport,msPdfOOUI,msPdfPopupMarkerRenderer,msPdfShare,msPdfSharedLibrary,msPdfTextNote,msPdfTextNoteMoreMenu,msPdfThumbnailCache,msPdfUnderside,msPdfViewRestore,msPersonalizationUMA,msPriceComparison,msPrintInWebView2,msPromptDefaultHandlerForPDF,msReactiveSearch,msReadAloud,msReadAloudPdf,msRedirectToShoreline,msRevokeExtensions,msSaasDlp,msShoppingTrigger,msShorelineSearch,msShorelineSearchFindOnPageWebUI,msShowOfflineGameEntrance,msShowReadAloudIconInAddressBar,msShowUXForAADPrtSSOForNonAADProfile,msSitePinningWithoutUi,msSuspendMessageForNewSessionWhenHavingPendingNavigation,msSyncEdgeCollections,msTabResourceStats,msTokenizationAutofillInlineEnabled,msTouchMode,msTriggeringSignalGenerator,msUserUnderstanding,msVideoSuperResolutionUI,msWalletBuyNow,msWalletCheckout,msWalletDiagnosticDataLogger,msWalletHubEntry,msWalletHubIntlP3,msWalletPartialCard,msWalletPasswordCategorization,msWalletPasswordCategorizationPlatformExpansion,msWalletTokenizationCardMetadata,msWalletTokenizedAutofill,msWebAssist,msWebAssistHistorySearchService,msWebOOUI,msWindowsTaskManager,msWindowsUserActivities,msZipPayVirtualCard', '--variations-seed-version', '--trace-process-track-uuid=3190708988185955192', '--mojo-platform-channel-handle=1932', '/prefetch:2']",0.0,335,8304,21,msedgewebview2.exe,"[popenfile(path='C:\\Program Files (x86)\\Microsoft\\EdgeWebView\\Application\\142.0.3595.69\\icudtl.dat', fd=-1)]",0.021555537221691547,32768.0,201,143,82514,92192,0.078125,0.234375,1468,0,1.765625,16.25,benign
C:\Windows\System32\svchost.exe,,0.0,280,8344,4,svchost.exe,,0.22347178632930662,,151,762,355655,32146,1.03125,0.984375,137,0,18.3046875,5.25,benign
C:\Windows\System32\WindowsPowerShell\v1.0\powershell.exe,"['C:\\Windows\\System32\\WindowsPowerShell\\v1.0\\powershell.exe', '-noexit', '-command', 'try { . ""c:\\Users\\keylogger\\AppData\\Local\\Programs\\Microsoft VS Code\\resources\\app\\out\\vs\\workbench\\contrib\\terminal\\common\\scripts\\shellIntegration.ps1"" } catch {}']",0.0,492,8360,9,powershell.exe,"[popenfile(path='C:\\Windows\\System32\\en-US\\crypt32.dll.mui', fd=-1), popenfile(path='C:\\Windows\\Microsoft.NET\\assembly\\GAC_MSIL\\System\\v4.0_4.0.0.0__b77a5c561934e089\\System.dll', fd=-1), popenfile(path='C:\\Windows\\Microsoft.NET\\assembly\\GAC_MSIL\\Microsoft.Management.Infrastructure\\v4.0_1.0.0.0__31bf3856ad364e35\\Microsoft.Management.Infrastructure.dll', fd=-1), popenfile(path='C:\\Windows\\Microsoft.NET\\assembly\\GAC_64\\System.Transactions\\v4.0_4.0.0.0__b77a5c561934e089\\System.Transactions.dll', fd=-1), popenfile(path='C:\\Windows\\Microsoft.NET\\assembly\\GAC_MSIL\\Microsoft.CSharp\\v4.0_4.0.0.0__b03f5f7f11d50a3a\\Microsoft.CSharp.dll', fd=-1), popenfile(path='C:\\Windows\\Microsoft.NET\\assembly\\GAC_MSIL\\System.DirectoryServices\\v4.0_4.0.0.0__b03f5f7f11d50a3a\\System.DirectoryServices.dll', fd=-1), popenfile(path='C:\\Windows\\Microsoft.NET\\assembly\\GAC_MSIL\\Microsoft.PowerShell.ConsoleHost\\v4.0_3.0.0.0__31bf3856ad364e35\\Microsoft.PowerShell.ConsoleHost.dll', fd=-1), popenfile(path='C:\\Windows\\Microsoft.NET\\assembly\\GAC_MSIL\\Microsoft.PowerShell.Commands.Utility\\v4.0_3.0.0.0__31bf3856ad364e35\\Microsoft.PowerShell.Commands.Utility.dll', fd=-1), popenfile(path='C:\\Windows\\Microsoft.NET\\assembly\\GAC_64\\System.Data\\v4.0_4.0.0.0__b77a5c561934e089\\System.Data.dll', fd=-1), popenfile(path='C:\\Windows\\Microsoft.NET\\assembly\\GAC_MSIL\\System.Management\\v4.0_4.0.0.0__b03f5f7f11d50a3a\\System.Management.dll', fd=-1), popenfile(path='C:\\Windows\\Microsoft.NET\\assembly\\GAC_MSIL\\System.Numerics\\v4.0_4.0.0.0__b77a5c561934e089\\System.Numerics.dll', fd=-1), popenfile(path='C:\\Windows\\Microsoft.NET\\assembly\\GAC_MSIL\\System.Management.Automation\\v4.0_3.0.0.0__31bf3856ad364e35\\System.Management.Automation.dll', fd=-1), popenfile(path='C:\\Windows\\Microsoft.NET\\assembly\\GAC_MSIL\\System.Xml\\v4.0_4.0.0.0__b77a5c561934e089\\System.XML.dll', fd=-1), popenfile(path='C:\\Windows\\Microsoft.NET\\assembly\\GAC_MSIL\\System.Core\\v4.0_4.0.0.0__b77a5c561934e089\\System.Core.dll', fd=-1), popenfile(path='C:\\Windows\\Microsoft.NET\\assembly\\GAC_MSIL\\Microsoft.PowerShell.Security\\v4.0_3.0.0.0__31bf3856ad364e35\\Microsoft.PowerShell.Security.dll', fd=-1), popenfile(path='C:\\Windows\\Microsoft.NET\\assembly\\GAC_MSIL\\System.Configuration\\v4.0_4.0.0.0__b03f5f7f11d50a3a\\System.Configuration.dll', fd=-1), popenfile(path='C:\\Windows\\System32\\WindowsPowerShell\\v1.0\\en-US\\powershell.exe.mui', fd=-1), popenfile(path='C:\\Windows\\System32\\en-US\\winnlsres.dll.mui', fd=-1), popenfile(path='C:\\Windows\\System32\\en-US\\KernelBase.dll.mui', fd=-1), popenfile(path='C:\\Program Files\\WindowsPowerShell\\Modules\\PSReadline\\2.0.0\\Microsoft.PowerShell.PSReadline.dll', fd=-1), popenfile(path='C:\\Windows\\Microsoft.NET\\assembly\\GAC_MSIL\\System.Configuration.Install\\v4.0_4.0.0.0__b03f5f7f11d50a3a\\System.Configuration.Install.dll', fd=-1)]",0.18861095068980102,32.0,176,2,503627,120,5.75,2.03125,255992,0,15.44921875,52.7265625,benign
C:\Users\keylogger\AppData\Local\Python\pythoncore-3.14-64\python.exe,"['C:\\Users\\keylogger\\AppData\\Local\\Python\\pythoncore-3.14-64\\python.exe', '.\\keylogger.py']",0.0,209,8432,6,python.exe,"[popenfile(path='C:\\Windows\\System32\\en-US\\KernelBase.dll.mui', fd=-1)]",0.39090871373054337,32.0,324,6834,2405855,310338694,6.8125,6.8125,43156,0,32.01953125,21.359375,keylogger
C:\Users\keylogger\AppData\Local\Programs\Microsoft VS Code\Code.exe,"['C:\\Users\\keylogger\\AppData\\Local\\Programs\\Microsoft VS Code\\Code.exe', '--type=utility', '--utility-sub-type=node.mojom.NodeService', '--lang=en-US', '--service-sandbox-type=none', '--user-data-dir=C:\\Users\\keylogger\\AppData\\Roaming\\Code', '--standard-schemes=vscode-webview,vscode-file', '--enable-sandbox', '--secure-schemes=vscode-webview,vscode-file', '--cors-schemes=vscode-webview,vscode-file', '--fetch-schemes=vscode-webview,vscode-file', '--service-worker-schemes=vscode-webview', '--code-cache-schemes=vscode-webview,vscode-file', '--field-trial-handle=1764,i,2992125270083613785,17152386301730894539,262144', '--enable-features=DocumentPolicyIncludeJSCallStacksInCrashReports,EarlyEstablishGpuChannel,EnableTransparentHwndEnlargement,EstablishGpuChannelAsync', '--disable-features=CalculateNativeWinOcclusion,FontationsLinuxSystemFonts,ScreenAIOCREnabled,SpareRendererForSitePerProcess,WinDelaySpellcheckServiceInit', '--variations-seed-version', '--mojo-platform-channel-handle=5360', '/prefetch:8']",0.0,319,8544,24,Code.exe,"[popenfile(path='C:\\Users\\keylogger\\AppData\\Local\\Programs\\Microsoft VS Code\\v8_context_snapshot.bin', fd=-1), popenfile(path='C:\\Windows\\System32\\en-US\\mswsock.dll.mui', fd=-1), popenfile(path='C:\\Users\\keylogger\\AppData\\Local\\Programs\\Microsoft VS Code\\chrome_100_percent.pak', fd=-1), popenfile(path='C:\\Users\\keylogger\\AppData\\Local\\Programs\\Microsoft VS Code\\resources.pak', fd=-1), popenfile(path='C:\\Windows\\System32\\en-US\\KernelBase.dll.mui', fd=-1), popenfile(path='C:\\Users\\keylogger\\AppData\\Local\\Programs\\Microsoft VS Code\\icudtl.dat', fd=-1), popenfile(path='C:\\Users\\keylogger\\AppData\\Local\\Programs\\Microsoft VS Code\\locales\\en-US.pak', fd=-1), popenfile(path='C:\\Windows\\Registration\\R000000000006.clb', fd=-1), popenfile(path='C:\\Users\\keylogger\\AppData\\Local\\Programs\\Microsoft VS Code\\chrome_200_percent.pak', fd=-1)]",0.3095031782495092,32.0,140,18073,1253007,78873584,30.984375,22.421875,4628264,0,25.3515625,85.6171875,benign
C:\Windows\System32\svchost.exe,,0.0,675,8720,22,svchost.exe,,0.22995752319247045,,72,24,393092,90208,7.65625,15.78125,92509,0,18.8359375,12.09765625,benign
C:\Windows\System32\RuntimeBroker.exe,"['C:\\Windows\\System32\\RuntimeBroker.exe', '-Embedding']",0.0,389,8824,3,RuntimeBroker.exe,"[popenfile(path='C:\\Windows\\System32\\en-US\\propsys.dll.mui', fd=-1), popenfile(path='C:\\Windows\\Registration\\R000000000006.clb', fd=-1), popenfile(path='C:\\Windows\\System32\\en-US\\windows.storage.dll.mui', fd=-1)]",0.05241047656336064,32.0,6,1,10196,160,0.46875,0.359375,2577,0,4.29296875,4.47265625,benign
C:\Windows\System32\svchost.exe,,0.0,387,8840,11,svchost.exe,,0.14154166919022237,,2,2,232,320,0.296875,0.15625,574,0,11.59375,3.40234375,benign
C:\Users\keylogger\AppData\Local\Programs\Microsoft VS Code\Code.exe,"['C:\\Users\\keylogger\\AppData\\Local\\Programs\\Microsoft VS Code\\Code.exe', '--type=utility', '--utility-sub-type=node.mojom.NodeService', '--lang=en-US', '--service-sandbox-type=none', '--user-data-dir=C:\\Users\\keylogger\\AppData\\Roaming\\Code', '--standard-schemes=vscode-webview,vscode-file', '--enable-sandbox', '--secure-schemes=vscode-webview,vscode-file', '--cors-schemes=vscode-webview,vscode-file', '--fetch-schemes=vscode-webview,vscode-file', '--service-worker-schemes=vscode-webview', '--code-cache-schemes=vscode-webview,vscode-file', '--field-trial-handle=1764,i,2992125270083613785,17152386301730894539,262144', '--enable-features=DocumentPolicyIncludeJSCallStacksInCrashReports,EarlyEstablishGpuChannel,EnableTransparentHwndEnlargement,EstablishGpuChannelAsync', '--disable-features=CalculateNativeWinOcclusion,FontationsLinuxSystemFonts,ScreenAIOCREnabled,SpareRendererForSitePerProcess,WinDelaySpellcheckServiceInit', '--variations-seed-version', '--mojo-platform-channel-handle=4460', '/prefetch:8']",0.0,325,8896,24,Code.exe,"[popenfile(path='C:\\Users\\keylogger\\AppData\\Local\\Programs\\Microsoft VS Code\\v8_context_snapshot.bin', fd=-1), popenfile(path='C:\\Windows\\System32\\en-US\\mswsock.dll.mui', fd=-1), popenfile(path='C:\\Users\\keylogger\\AppData\\Local\\Programs\\Microsoft VS Code\\chrome_100_percent.pak', fd=-1), popenfile(path='C:\\Users\\keylogger\\AppData\\Local\\Programs\\Microsoft VS Code\\resources.pak', fd=-1), popenfile(path='C:\\Windows\\System32\\en-US\\KernelBase.dll.mui', fd=-1), popenfile(path='C:\\Users\\keylogger\\AppData\\Local\\Programs\\Microsoft VS Code\\icudtl.dat', fd=-1), popenfile(path='C:\\Users\\keylogger\\AppData\\Local\\Programs\\Microsoft VS Code\\locales\\en-US.pak', fd=-1), popenfile(path='C:\\Windows\\Registration\\R000000000006.clb', fd=-1), popenfile(path='C:\\Users\\keylogger\\AppData\\Local\\Programs\\Microsoft VS Code\\chrome_200_percent.pak', fd=-1)]",0.2492716660570392,32.0,160,1664,1234127,7117608,9.578125,8.765625,2134262,0,20.41796875,82.68359375,benign
C:\Users\keylogger\AppData\Local\Programs\Microsoft VS Code\Code.exe,"['C:\\Users\\keylogger\\AppData\\Local\\Programs\\Microsoft VS Code\\Code.exe', '--type=utility', '--utility-sub-type=node.mojom.NodeService', '--lang=en-US', '--service-sandbox-type=none', '--user-data-dir=C:\\Users\\keylogger\\AppData\\Roaming\\Code', '--standard-schemes=vscode-webview,vscode-file', '--enable-sandbox', '--secure-schemes=vscode-webview,vscode-file', '--cors-schemes=vscode-webview,vscode-file', '--fetch-schemes=vscode-webview,vscode-file', '--service-worker-schemes=vscode-webview', '--code-cache-schemes=vscode-webview,vscode-file', '--field-trial-handle=1764,i,2992125270083613785,17152386301730894539,262144', '--enable-features=DocumentPolicyIncludeJSCallStacksInCrashReports,EarlyEstablishGpuChannel,EnableTransparentHwndEnlargement,EstablishGpuChannelAsync', '--disable-features=CalculateNativeWinOcclusion,FontationsLinuxSystemFonts,ScreenAIOCREnabled,SpareRendererForSitePerProcess,WinDelaySpellcheckServiceInit', '--variations-seed-version', '--mojo-platform-channel-handle=4352', '/prefetch:8']",0.0,357,8932,23,Code.exe,"[popenfile(path='C:\\Users\\keylogger\\AppData\\Local\\Programs\\Microsoft VS Code\\v8_context_snapshot.bin', fd=-1), popenfile(path='C:\\Windows\\System32\\en-US\\mswsock.dll.mui', fd=-1), popenfile(path='C:\\Users\\keylogger\\AppData\\Local\\Programs\\Microsoft VS Code\\chrome_100_percent.pak', fd=-1), popenfile(path='C:\\Users\\keylogger\\AppData\\Local\\Programs\\Microsoft VS Code\\resources.pak', fd=-1), popenfile(path='C:\\Windows\\Registration\\R000000000006.clb', fd=-1), popenfile(path='C:\\Users\\keylogger\\AppData\\Local\\Programs\\Microsoft VS Code\\icudtl.dat', fd=-1), popenfile(path='C:\\Users\\keylogger\\AppData\\Local\\Programs\\Microsoft VS Code\\locales\\en-US.pak', fd=-1), popenfile(path='C:\\Users\\keylogger\\AppData\\Local\\Programs\\Microsoft VS Code\\chrome_200_percent.pak', fd=-1)]",0.5266799846822156,32.0,26556,15502,103502755,69777724,21.5,9.96875,1658938,0,43.140625,123.4375,benign
C:\Users\keylogger\.vscode\extensions\ms-python.vscode-python-envs-1.10.0-win32-x64\python-env-tools\bin\pet.exe,"['c:\\Users\\keylogger\\.vscode\\extensions\\ms-python.vscode-python-envs-1.10.0-win32-x64\\python-env-tools\\bin\\pet.exe', 'server']",0.0,66,9016,1,pet.exe,"[popenfile(path='C:\\Users\\keylogger\\AppData\\Roaming\\Code\\logs\\20251112T120431\\window4\\exthost\\vscode.github-authentication\\GitHub Authentication.log', fd=-1), popenfile(path='C:\\Users\\keylogger\\AppData\\Roaming\\Code\\logs\\20251112T120431\\window4\\exthost\\vscode.git\\Git.log', fd=-1), popenfile(path='C:\\Users\\keylogger\\AppData\\Roaming\\Code\\logs\\20251112T120431\\window4\\exthost\\extHostTelemetry.log', fd=-1), popenfile(path='C:\\Windows\\System32\\en-US\\KernelBase.dll.mui', fd=-1), popenfile(path='C:\\Users\\keylogger\\AppData\\Roaming\\Code\\logs\\20251112T120431\\window4\\exthost\\exthost.log', fd=-1), popenfile(path='C:\\Users\\keylogger\\AppData\\Roaming\\Code\\logs\\20251112T120431\\window4\\exthost\\vscode.github\\GitHub.log', fd=-1)]",0.056702508311042586,32.0,26,1883,12201,241904,0.375,1.15625,75,0,4.64453125,1.57421875,benign
C:\Windows\System32\WindowsPowerShell\v1.0\powershell.exe,"['C:\\Windows\\System32\\WindowsPowerShell\\v1.0\\powershell.exe', '-noexit', '-command', 'try { . ""c:\\Users\\keylogger\\AppData\\Local\\Programs\\Microsoft VS Code\\resources\\app\\out\\vs\\workbench\\contrib\\terminal\\common\\scripts\\shellIntegration.ps1"" } catch {}']",0.0,444,9020,9,powershell.exe,"[popenfile(path='C:\\Windows\\System32\\en-US\\crypt32.dll.mui', fd=-1), popenfile(path='C:\\Windows\\System32\\WindowsPowerShell\\v1.0\\en-US\\powershell.exe.mui', fd=-1), popenfile(path='C:\\Windows\\Microsoft.NET\\assembly\\GAC_MSIL\\Microsoft.Management.Infrastructure\\v4.0_1.0.0.0__31bf3856ad364e35\\Microsoft.Management.Infrastructure.dll', fd=-1), popenfile(path='C:\\Windows\\System32\\en-US\\winnlsres.dll.mui', fd=-1), popenfile(path='C:\\Windows\\System32\\en-US\\KernelBase.dll.mui', fd=-1), popenfile(path='C:\\Program Files\\WindowsPowerShell\\Modules\\PSReadline\\2.0.0\\Microsoft.PowerShell.PSReadline.dll', fd=-1)]",0.6645972715077287,32.0,150,2,552113,120,1.03125,2.046875,208993,0,54.4375,58.5234375,benign
C:\Windows\System32\svchost.exe,,0.0,141,9060,1,svchost.exe,,0.07611202965889316,,0,0,0,0,0.359375,0.03125,64,0,6.234375,1.57421875,benign
C:\Windows\System32\audiodg.exe,"['C:\\Windows\\system32\\AUDIODG.EXE', '0x4ec']",0.0,175,9100,2,audiodg.exe,,0.14602445790446794,32.0,1,0,5748,0,0.21875,7.40625,81,0,11.9609375,6.08984375,benign
C:\Users\keylogger\AppData\Local\Python\pythoncore-3.14-64\python.exe,"['C:\\Users\\keylogger\\AppData\\Local\\Python\\pythoncore-3.14-64\\python.exe', '.\\run_keylogger.py']",0.0,125,9152,3,python.exe,"[popenfile(path='C:\\Windows\\System32\\en-US\\KernelBase.dll.mui', fd=-1)]",0.3170857676704139,32.0,265,2260,2593677,402127,1.609375,1.515625,13488,0,25.97265625,17.52734375,keylogger
C:\Windows\System32\svchost.exe,,0.0,238,9192,4,svchost.exe,,0.14650135032087708,,61,0,255034,0,0.828125,1.09375,240,0,12.0,2.67578125,benign
C:\Program Files\WindowsApps\PythonSoftwareFoundation.PythonManager_25.0.240.0_x64__3847v3x7pw1km\python.exe,"['C:\\Users\\keylogger\\AppData\\Local\\Microsoft\\WindowsApps\\python.exe', '.\\run_keylogger.py']",0.0,157,9204,1,python.exe,"[popenfile(path='C:\\Windows\\System32\\en-US\\KernelBase.dll.mui', fd=-1), popenfile(path='C:\\Windows\\System32\\en-US\\winhttp.dll.mui', fd=-1)]",0.14287696795616786,32.0,64,0,7186141,0,0.046875,0.03125,235,0,11.703125,4.640625,benign
C:\Windows\System32\conhost.exe,"['\\\\?\\C:\\Windows\\system32\\conhost.exe', '--headless', '--width', '80', '--height', '30', '--signal', '0x5ec', '--server', '0x5e8']",0.0,109,9372,5,conhost.exe,"[popenfile(path='C:\\Windows\\System32\\en-US\\Conhost.exe.mui', fd=-1)]",0.07549206951756132,32.0,2,2,0,129,0.0,0.046875,893,0,6.18359375,1.265625,benign
C:\Windows\System32\conhost.exe,"['\\\\?\\C:\\Windows\\system32\\conhost.exe', '--headless', '--width', '195', '--height', '12', '--signal', '0x4c4', '--server', '0x4b0']",0.0,114,9392,5,conhost.exe,"[popenfile(path='C:\\Windows\\System32\\en-US\\Conhost.exe.mui', fd=-1)]",0.0780672885661705,32.0,230,342,314,19164,0.078125,0.203125,6977,0,6.39453125,1.30859375,benign
C:\Windows\System32\conhost.exe,"['\\??\\C:\\Windows\\system32\\conhost.exe', '0x4']",0.0,196,9432,3,conhost.exe,"[popenfile(path='C:\\Windows\\System32\\en-US\\user32.dll.mui', fd=-1), popenfile(path='C:\\Windows\\System32\\en-US\\Conhost.exe.mui', fd=-1), popenfile(path='C:\\Windows\\Fonts\\StaticCache.dat', fd=-1), popenfile(path='C:\\Windows\\Registration\\R000000000006.clb', fd=-1)]",0.20077170730823324,32.0,1,0,60,0,0.0,0.09375,6088,0,16.4453125,6.828125,benign
C:\Windows\System32\WindowsPowerShell\v1.0\powershell.exe,"['C:\\Windows\\System32\\WindowsPowerShell\\v1.0\\powershell.exe', '-noexit', '-command', 'try { . ""c:\\Users\\keylogger\\AppData\\Local\\Programs\\Microsoft VS Code\\resources\\app\\out\\vs\\workbench\\contrib\\terminal\\common\\scripts\\shellIntegration.ps1"" } catch {}']",0.0,673,9556,9,powershell.exe,"[popenfile(path='C:\\Windows\\System32\\en-US\\crypt32.dll.mui', fd=-1), popenfile(path='C:\\Windows\\Microsoft.NET\\assembly\\GAC_MSIL\\System\\v4.0_4.0.0.0__b77a5c561934e089\\System.dll', fd=-1), popenfile(path='C:\\Windows\\Microsoft.NET\\assembly\\GAC_MSIL\\Microsoft.Management.Infrastructure\\v4.0_1.0.0.0__31bf3856ad364e35\\Microsoft.Management.Infrastructure.dll', fd=-1), popenfile(path='C:\\Windows\\Microsoft.NET\\assembly\\GAC_64\\System.Transactions\\v4.0_4.0.0.0__b77a5c561934e089\\System.Transactions.dll', fd=-1), popenfile(path='C:\\Windows\\Microsoft.NET\\assembly\\GAC_MSIL\\System.Windows.Forms\\v4.0_4.0.0.0__b77a5c561934e089\\System.Windows.Forms.dll', fd=-1), popenfile(path='C:\\Windows\\Microsoft.NET\\assembly\\GAC_MSIL\\Microsoft.CSharp\\v4.0_4.0.0.0__b03f5f7f11d50a3a\\Microsoft.CSharp.dll', fd=-1), popenfile(path='C:\\Windows\\Microsoft.NET\\assembly\\GAC_MSIL\\System.Dynamic\\v4.0_4.0.0.0__b03f5f7f11d50a3a\\System.Dynamic.dll', fd=-1), popenfile(path='C:\\Windows\\Microsoft.NET\\assembly\\GAC_MSIL\\System.DirectoryServices\\v4.0_4.0.0.0__b03f5f7f11d50a3a\\System.DirectoryServices.dll', fd=-1), popenfile(path='C:\\Windows\\Microsoft.NET\\assembly\\GAC_MSIL\\Microsoft.PowerShell.ConsoleHost\\v4.0_3.0.0.0__31bf3856ad364e35\\Microsoft.PowerShell.ConsoleHost.dll', fd=-1), popenfile(path='C:\\Windows\\Microsoft.NET\\assembly\\GAC_MSIL\\Microsoft.PowerShell.Commands.Utility\\v4.0_3.0.0.0__31bf3856ad364e35\\Microsoft.PowerShell.Commands.Utility.dll', fd=-1), popenfile(path='C:\\Windows\\Microsoft.NET\\assembly\\GAC_64\\System.Data\\v4.0_4.0.0.0__b77a5c561934e089\\System.Data.dll', fd=-1), popenfile(path='C:\\Windows\\Microsoft.NET\\assembly\\GAC_MSIL\\System.Management\\v4.0_4.0.0.0__b03f5f7f11d50a3a\\System.Management.dll', fd=-1), popenfile(path='C:\\Windows\\Microsoft.NET\\assembly\\GAC_MSIL\\System.ServiceProcess\\v4.0_4.0.0.0__b03f5f7f11d50a3a\\System.ServiceProcess.dll', fd=-1), popenfile(path='C:\\Windows\\Microsoft.NET\\assembly\\GAC_MSIL\\System.Numerics\\v4.0_4.0.0.0__b77a5c561934e089\\System.Numerics.dll', fd=-1), popenfile(path='C:\\Windows\\Microsoft.NET\\assembly\\GAC_MSIL\\System.Management.Automation\\v4.0_3.0.0.0__31bf3856ad364e35\\System.Management.Automation.dll', fd=-1), popenfile(path='C:\\Windows\\Microsoft.NET\\assembly\\GAC_MSIL\\System.Xml\\v4.0_4.0.0.0__b77a5c561934e089\\System.XML.dll', fd=-1), popenfile(path='C:\\Windows\\Microsoft.NET\\assembly\\GAC_MSIL\\System.Core\\v4.0_4.0.0.0__b77a5c561934e089\\System.Core.dll', fd=-1), popenfile(path='C:\\Windows\\Microsoft.NET\\assembly\\GAC_MSIL\\Microsoft.PowerShell.Security\\v4.0_3.0.0.0__31bf3856ad364e35\\Microsoft.PowerShell.Security.dll', fd=-1), popenfile(path='C:\\Windows\\Microsoft.NET\\assembly\\GAC_MSIL\\System.Configuration\\v4.0_4.0.0.0__b03f5f7f11d50a3a\\System.Configuration.dll', fd=-1), popenfile(path='C:\\Windows\\Microsoft.NET\\assembly\\GAC_MSIL\\Microsoft.PowerShell.Commands.Management\\v4.0_3.0.0.0__31bf3856ad364e35\\Microsoft.PowerShell.Commands.Management.dll', fd=-1), popenfile(path='C:\\Windows\\System32\\WindowsPowerShell\\v1.0\\en-US\\powershell.exe.mui', fd=-1), popenfile(path='C:\\Windows\\System32\\en-US\\winnlsres.dll.mui', fd=-1), popenfile(path='C:\\Windows\\System32\\en-US\\KernelBase.dll.mui', fd=-1), popenfile(path='C:\\Program Files\\WindowsPowerShell\\Modules\\PSReadline\\2.0.0\\Microsoft.PowerShell.PSReadline.dll', fd=-1), popenfile(path='C:\\Windows\\Microsoft.NET\\assembly\\GAC_MSIL\\System.Configuration.Install\\v4.0_4.0.0.0__b03f5f7f11d50a3a\\System.Configuration.Install.dll', fd=-1)]",0.27316397611913534,32.0,218,151,538886,2383,7.75,2.515625,105759,0,22.375,56.6015625,benign
C:\Windows\System32\svchost.exe,,0.0,226,9612,6,svchost.exe,,0.12351513584995821,,1,0,5606,0,0.390625,0.203125,323,0,10.1171875,2.8359375,benign
C:\Users\keylogger\AppData\Local\Programs\Microsoft VS Code\Code.exe,"['C:\\Users\\keylogger\\AppData\\Local\\Programs\\Microsoft VS Code\\Code.exe', 'c:\\Users\\keylogger\\.vscode\\extensions\\ms-python.vscode-pylance-2025.9.1\\dist\\server.bundle.js', '--cancellationReceive=file:41fd3127e53427596114da14bbc3c90afb656f8388', '--node-ipc', '--clientProcessId=8300']",0.0,255,9812,15,Code.exe,"[popenfile(path='C:\\Users\\keylogger\\AppData\\Roaming\\Code\\logs\\20251112T120431\\window2\\exthost\\ms-python.debugpy\\Python Debugger.log', fd=-1), popenfile(path='C:\\Users\\keylogger\\AppData\\Local\\Programs\\Microsoft VS Code\\v8_context_snapshot.bin', fd=-1), popenfile(path='C:\\Users\\keylogger\\AppData\\Roaming\\Code\\logs\\20251112T120431\\window2\\exthost\\vscode.git\\Git.log', fd=-1), popenfile(path='C:\\Users\\keylogger\\AppData\\Roaming\\Code\\logs\\20251112T120431\\window2\\exthost\\extHostTelemetry.log', fd=-1), popenfile(path='C:\\Windows\\System32\\en-US\\mswsock.dll.mui', fd=-1), popenfile(path='C:\\Users\\keylogger\\AppData\\Roaming\\Code\\logs\\20251112T120431\\window2\\exthost\\ms-python.python\\Python.log', fd=-1), popenfile(path='C:\\Users\\keylogger\\AppData\\Roaming\\Code\\logs\\20251112T120431\\window2\\exthost\\vscode.github\\GitHub.log', fd=-1), popenfile(path='C:\\Users\\keylogger\\AppData\\Roaming\\Code\\logs\\20251112T120431\\window2\\exthost\\exthost.log', fd=-1), popenfile(path='C:\\Users\\keylogger\\AppData\\Local\\Programs\\Microsoft VS Code\\icudtl.dat', fd=-1), popenfile(path='C:\\Users\\keylogger\\AppData\\Roaming\\Code\\logs\\20251112T120431\\window2\\exthost\\vscode.github-authentication\\GitHub Authentication.log', fd=-1), popenfile(path='C:\\Users\\keylogger\\AppData\\Roaming\\Code\\logs\\20251112T120431\\window2\\exthost\\ms-python.vscode-python-envs\\Python Environments.log', fd=-1)]",0.5192404629862335,32.0,8443,300,62413386,234472,15.984375,5.78125,85360,0,42.53125,365.015625,benign
C:\Users\keylogger\.vscode\extensions\ms-python.vscode-python-envs-1.10.0-win32-x64\python-env-tools\bin\pet.exe,"['c:\\Users\\keylogger\\.vscode\\extensions\\ms-python.vscode-python-envs-1.10.0-win32-x64\\python-env-tools\\bin\\pet.exe', 'server']",0.0,61,10116,1,pet.exe,"[popenfile(path='C:\\Windows\\System32\\en-US\\KernelBase.dll.mui', fd=-1)]",0.061996014133183654,32.0,24,1650,11902,212186,0.265625,1.71875,115,0,5.078125,1.578125,benign
C:\Windows\System32\conhost.exe,"['\\??\\C:\\Windows\\system32\\conhost.exe', '0x4']",0.0,111,10136,2,conhost.exe,"[popenfile(path='C:\\Windows\\System32\\en-US\\Conhost.exe.mui', fd=-1)]",0.07167693018628848,32.0,0,0,0,0,0.015625,0.078125,372,0,5.87109375,6.17578125,benign
C:\Windows\System32\conhost.exe,"['\\\\?\\C:\\Windows\\system32\\conhost.exe', '--headless', '--width', '80', '--height', '30', '--signal', '0x660', '--server', '0x65c']",0.0,109,10204,5,conhost.exe,"[popenfile(path='C:\\Windows\\System32\\en-US\\Conhost.exe.mui', fd=-1)]",0.07539669103427951,32.0,2,2,0,125,0.078125,0.03125,867,0,6.17578125,1.26171875,benign
C:\Program Files (x86)\Microsoft\Edge\Application\msedge.exe,"['C:\\Program Files (x86)\\Microsoft\\Edge\\Application\\msedge.exe', '--type=gpu-process', '--no-pre-read-main-dll', '--gpu-preferences=SAAAAAAAAADgAAAEAAAAAAAAAAAAAGAAAQAAAAAAAAAAAAAAAAAAAAIAAAAAAAAAAAAAAAAAAAAQAAAAAAAAABAAAAAAAAAACAAAAAAAAAAIAAAAAAAAAA==', '--startup-read-main-dll', '--metrics-shmem-handle=1992,i,13001430892438498423,10506103067814649955,262144', '--field-trial-handle=2496,i,12119130829938979695,14718084256979343283,262144', '--variations-seed-version', '--trace-process-track-uuid=3190708988185955192', '--mojo-platform-channel-handle=2444', '/prefetch:2']",0.0,261,10284,16,msedge.exe,"[popenfile(path='C:\\Program Files (x86)\\Microsoft\\Edge\\Application\\142.0.3595.53\\icudtl.dat', fd=-1)]",0.31098154474037737,32768.0,92,59,58677,166376,0.25,0.125,1107,0,25.47265625,10.93359375,benign
C:\Windows\System32\svchost.exe,,0.0,280,10484,1,svchost.exe,,0.1389664501416132,,3,0,11708,0,0.28125,0.125,41,0,11.3828125,2.3984375,benign
C:\Program Files (x86)\Microsoft\Edge\Application\msedge.exe,"['C:\\Program Files (x86)\\Microsoft\\Edge\\Application\\msedge.exe', '--no-startup-window']",0.0,1163,10612,48,msedge.exe,"[popenfile(path='C:\\Users\\keylogger\\AppData\\Local\\Microsoft\\Edge\\User Data\\Default\\Extension State\\LOG', fd=-1), popenfile(path='C:\\Users\\keylogger\\AppData\\Local\\Microsoft\\Edge\\User Data\\Default\\Sync Data\\LevelDB\\MANIFEST-000001', fd=-1), popenfile(path='C:\\Users\\keylogger\\AppData\\Local\\Microsoft\\Edge\\User Data\\Default\\shared_proto_db\\000003.log', fd=-1), popenfile(path='C:\\Users\\keylogger\\AppData\\Local\\Microsoft\\Edge\\User Data\\Default\\shared_proto_db\\metadata\\000003.log', fd=-1), popenfile(path='C:\\Users\\keylogger\\AppData\\Local\\Microsoft\\Edge\\User Data\\Default\\History-journal', fd=-1), popenfile(path='C:\\Users\\keylogger\\AppData\\Local\\Microsoft\\Edge\\User Data\\Default\\Web Data', fd=-1), popenfile(path='C:\\Users\\keylogger\\AppData\\Local\\Microsoft\\Edge\\User Data\\Default\\EdgeEDrop\\EdgeEDropSQLite.db', fd=-1), popenfile(path='C:\\Users\\keylogger\\AppData\\Local\\Microsoft\\Edge\\User Data\\Default\\Sync Data\\LevelDB\\LOCK', fd=-1), popenfile(path='C:\\Program Files (x86)\\Microsoft\\Edge\\Application\\142.0.3595.53\\msedge_100_percent.pak', fd=-1), popenfile(path='C:\\Users\\keylogger\\AppData\\Local\\Microsoft\\Edge\\User Data\\first_party_sets.db', fd=-1), popenfile(path='C:\\Users\\keylogger\\AppData\\Local\\Microsoft\\Edge\\User Data\\Default\\shared_proto_db\\metadata\\MANIFEST-000001', fd=-1), popenfile(path='C:\\Users\\keylogger\\AppData\\Local\\Microsoft\\Edge\\User Data\\Default\\Platform Notifications\\MANIFEST-000001', fd=-1), popenfile(path='C:\\Users\\keylogger\\AppData\\Local\\Microsoft\\Edge\\User Data\\ZxcvbnData\\3.1.0.0\\ranked_dicts', fd=-1), popenfile(path='C:\\Users\\keylogger\\AppData\\Local\\Microsoft\\Edge\\User Data\\Default\\Service Worker\\Database\\000003.log', fd=-1), popenfile(path='C:\\Users\\keylogger\\AppData\\Local\\Microsoft\\Edge\\User Data\\Default\\Favicons', fd=-1), popenfile(path='C:\\Users\\keylogger\\AppData\\Local\\Microsoft\\Edge\\User Data\\Default\\Site Characteristics Database\\LOCK', fd=-1), popenfile(path='C:\\Users\\keylogger\\AppData\\Local\\Microsoft\\Edge\\User Data\\first_party_sets.db-journal', fd=-1), popenfile(path='C:\\Users\\keylogger\\AppData\\Local\\Microsoft\\Edge\\User Data\\Default\\SharedStorage-wal', fd=-1), popenfile(path='C:\\Users\\keylogger\\AppData\\Local\\Microsoft\\Edge\\User Data\\Default\\ExtensionActivityEdge', fd=-1), popenfile(path='C:\\Users\\keylogger\\AppData\\Local\\Microsoft\\Edge\\User Data\\Default\\Top Sites', fd=-1), popenfile(path='C:\\Users\\keylogger\\AppData\\Local\\Microsoft\\Edge\\User Data\\Default\\Service Worker\\Database\\LOCK', fd=-1), popenfile(path='C:\\Users\\keylogger\\AppData\\Local\\Microsoft\\Edge\\User Data\\Default\\shared_proto_db\\metadata\\LOCK', fd=-1), popenfile(path='C:\\Users\\keylogger\\AppData\\Local\\Microsoft\\Edge\\User Data\\GrShaderCache\\data_0', fd=-1), popenfile(path='C:\\Users\\keylogger\\AppData\\Local\\Microsoft\\Edge\\User Data\\Default\\EdgeJourneys\\EdgeJourneys.db', fd=-1), popenfile(path='C:\\Users\\keylogger\\AppData\\Local\\Microsoft\\Edge\\User Data\\Default\\Platform Notifications\\LOCK', fd=-1), popenfile(path='C:\\Users\\keylogger\\AppData\\Local\\Microsoft\\Edge\\User Data\\Default\\Login Data For Account', fd=-1), popenfile(path='C:\\Users\\keylogger\\AppData\\Local\\Microsoft\\Edge\\User Data\\lockfile', fd=-1), popenfile(path='C:\\Users\\keylogger\\AppData\\Local\\Microsoft\\Edge\\User Data\\GrShaderCache\\data_3', fd=-1), popenfile(path='C:\\Users\\keylogger\\AppData\\Local\\Microsoft\\Edge\\User Data\\GraphiteDawnCache\\data_1', fd=-1), popenfile(path='C:\\Users\\keylogger\\AppData\\Local\\Microsoft\\Edge\\User Data\\Default\\Site Characteristics Database\\MANIFEST-000001', fd=-1), popenfile(path='C:\\Users\\keylogger\\AppData\\Local\\Microsoft\\Edge\\User Data\\GraphiteDawnCache\\index', fd=-1), popenfile(path='C:\\Program Files (x86)\\Microsoft\\Edge\\Application\\142.0.3595.53\\Locales\\en-US.pak', fd=-1), popenfile(path='C:\\Users\\keylogger\\AppData\\Local\\Microsoft\\Edge\\User Data\\ShaderCache\\data_2', fd=-1), popenfile(path='C:\\Windows\\Registration\\R000000000006.clb', fd=-1), popenfile(path='C:\\Users\\keylogger\\AppData\\Local\\Microsoft\\Edge\\User Data\\ShaderCache\\data_0', fd=-1), popenfile(path='C:\\Users\\keylogger\\AppData\\Local\\Microsoft\\Edge\\User Data\\ShaderCache\\index', fd=-1), popenfile(path='C:\\Users\\keylogger\\AppData\\Local\\Microsoft\\Edge\\User Data\\Default\\Sync Data\\LevelDB\\000003.log', fd=-1), popenfile(path='C:\\Users\\keylogger\\AppData\\Local\\Microsoft\\Edge\\User Data\\Default\\heavy_ad_intervention_opt_out.db', fd=-1), popenfile(path='C:\\Windows\\System32\\en-US\\kernel32.dll.mui', fd=-1), popenfile(path='C:\\Users\\keylogger\\AppData\\Local\\Microsoft\\Edge\\User Data\\Default\\Extension State\\MANIFEST-000001', fd=-1), popenfile(path='C:\\Users\\keylogger\\AppData\\Local\\Microsoft\\Edge\\User Data\\Default\\ServerCertificate', fd=-1), popenfile(path='C:\\Users\\keylogger\\AppData\\Local\\Microsoft\\Edge\\User Data\\GraphiteDawnCache\\data_3', fd=-1), popenfile(path='C:\\Users\\keylogger\\AppData\\Local\\Microsoft\\Edge\\User Data\\Default\\shared_proto_db\\LOCK', fd=-1), popenfile(path='C:\\Users\\keylogger\\AppData\\Local\\Microsoft\\Edge\\User Data\\Default\\shared_proto_db\\LOG', fd=-1), popenfile(path='C:\\Users\\keylogger\\AppData\\Local\\Microsoft\\Edge\\User Data\\Default\\ExtensionActivityComp', fd=-1), popenfile(path='C:\\Users\\keylogger\\AppData\\Local\\Microsoft\\Edge\\User Data\\Subresource Filter\\Indexed Rules\\37\\10.34.0.81\\Ruleset Data', fd=-1), popenfile(path='C:\\Users\\keylogger\\AppData\\Local\\Microsoft\\Edge\\User Data\\Default\\Site Characteristics Database\\LOG', fd=-1), popenfile(path='C:\\Users\\keylogger\\AppData\\Local\\Microsoft\\Edge\\User Data\\Default\\History', fd=-1), popenfile(path='C:\\Windows\\System32\\en-US\\Windows.Security.Authentication.Web.Core.dll.mui', fd=-1), popenfile(path='C:\\Users\\keylogger\\AppData\\Local\\Microsoft\\Edge\\User Data\\Default\\Sync Data\\LevelDB\\LOG', fd=-1), popenfile(path='C:\\Users\\keylogger\\AppData\\Local\\Microsoft\\Edge\\User Data\\Default\\Local Storage\\leveldb\\LOCK', fd=-1), popenfile(path='C:\\Users\\keylogger\\AppData\\Local\\Microsoft\\Edge\\User Data\\Default\\Platform Notifications\\000003.log', fd=-1), popenfile(path='C:\\Users\\keylogger\\AppData\\Local\\Microsoft\\Edge\\User Data\\GrShaderCache\\data_1', fd=-1), popenfile(path='C:\\Users\\keylogger\\AppData\\Local\\Microsoft\\Edge\\User Data\\BrowserMetrics\\BrowserMetrics-691548D0-2974.pma', fd=-1), popenfile(path='C:\\Users\\keylogger\\AppData\\Local\\Microsoft\\Edge\\User Data\\Default\\SharedStorage', fd=-1), popenfile(path='C:\\Users\\keylogger\\AppData\\Local\\Microsoft\\Edge\\User Data\\ShaderCache\\data_3', fd=-1), popenfile(path='C:\\Users\\keylogger\\AppData\\Local\\Microsoft\\Edge\\User Data\\Default\\WebAssistDatabase', fd=-1), popenfile(path='C:\\Users\\keylogger\\AppData\\Local\\Microsoft\\Edge\\User Data\\Default\\Service Worker\\Database\\LOG', fd=-1), popenfile(path='C:\\Program Files (x86)\\Microsoft\\Edge\\Application\\142.0.3595.53\\icudtl.dat', fd=-1), popenfile(path='C:\\Users\\keylogger\\AppData\\Local\\Microsoft\\Edge\\User Data\\Default\\Platform Notifications\\LOG', fd=-1), popenfile(path='C:\\Users\\keylogger\\AppData\\Local\\Microsoft\\Edge\\User Data\\Default\\Extension State\\LOCK', fd=-1), popenfile(path='C:\\Users\\keylogger\\AppData\\Local\\Microsoft\\Edge\\User Data\\GraphiteDawnCache\\data_0', fd=-1), popenfile(path='C:\\Users\\keylogger\\AppData\\Local\\Microsoft\\Edge\\User Data\\Default\\Service Worker\\Database\\MANIFEST-000001', fd=-1), popenfile(path='C:\\Users\\keylogger\\AppData\\Local\\Microsoft\\Edge\\User Data\\Default\\Site Characteristics Database\\000003.log', fd=-1), popenfile(path='C:\\Windows\\System32\\en-US\\propsys.dll.mui', fd=-1), popenfile(path='C:\\Users\\keylogger\\AppData\\Local\\Microsoft\\Edge\\User Data\\Nurturing\\campaign_history', fd=-1), popenfile(path='C:\\Users\\keylogger\\AppData\\Local\\Microsoft\\Edge\\User Data\\Default\\EdgeHubAppUsage\\EdgeHubAppUsageSQLite.db', fd=-1), popenfile(path='C:\\Users\\keylogger\\AppData\\Local\\Microsoft\\Edge\\User Data\\GrShaderCache\\index', fd=-1), popenfile(path='C:\\Users\\keylogger\\AppData\\Local\\Microsoft\\Edge\\User Data\\GrShaderCache\\data_2', fd=-1), popenfile(path='C:\\Users\\keylogger\\AppData\\Local\\Microsoft\\Edge\\User Data\\Default\\Extension State\\000003.log', fd=-1), popenfile(path='C:\\Users\\keylogger\\AppData\\Local\\Microsoft\\Edge\\User Data\\Default\\shared_proto_db\\metadata\\LOG', fd=-1), popenfile(path='C:\\Users\\keylogger\\AppData\\Local\\Microsoft\\Edge\\User Data\\Default\\shared_proto_db\\MANIFEST-000001', fd=-1), popenfile(path='C:\\Users\\keylogger\\AppData\\Local\\Microsoft\\Edge\\User Data\\ShaderCache\\data_1', fd=-1), popenfile(path='C:\\Program Files (x86)\\Microsoft\\Edge\\Application\\142.0.3595.53\\msedge_200_percent.pak', fd=-1), popenfile(path='C:\\Program Files (x86)\\Microsoft\\Edge\\Application\\142.0.3595.53\\resources.pak', fd=-1), popenfile(path='C:\\Users\\keylogger\\AppData\\Local\\Microsoft\\Edge\\User Data\\GraphiteDawnCache\\data_2', fd=-1), popenfile(path='C:\\Users\\keylogger\\AppData\\Local\\Microsoft\\Edge\\User Data\\Default\\EdgeJourneys\\EdgeJourneys.db-wal', fd=-1), popenfile(path='C:\\Users\\keylogger\\AppData\\Local\\Microsoft\\Edge\\User Data\\Default\\Login Data', fd=-1), popenfile(path='C:\\Users\\keylogger\\AppData\\Local\\Microsoft\\Edge\\User Data\\Default\\Vpn Tokens', fd=-1), popenfile(path='C:\\Windows\\System32\\en-US\\KernelBase.dll.mui', fd=-1), popenfile(path='C:\\Users\\keylogger\\AppData\\Local\\Microsoft\\Edge\\User Data\\Default\\Nurturing\\campaign_history', fd=-1), popenfile(path='C:\\Users\\keylogger\\AppData\\Local\\Microsoft\\Edge\\User Data\\Default\\BrowsingTopicsSiteData', fd=-1)]",1.3320082082722713,32.0,1272,985,7468712,3210628,4.171875,1.859375,62350,0,109.10546875,44.2109375,benign
C:\Windows\System32\svchost.exe,,0.0,140,10720,1,svchost.exe,,0.08326541590502974,,0,0,0,0,0.109375,0.046875,28,0,6.8203125,1.53125,benign
C:\Users\keylogger\AppData\Local\Python\pythoncore-3.14-64\python.exe,"['C:\\Users\\keylogger\\AppData\\Local\\Python\\pythoncore-3.14-64\\python.exe', '.\\keylogger.py']",0.0,149,10736,3,python.exe,"[popenfile(path='C:\\Windows\\System32\\en-US\\KernelBase.dll.mui', fd=-1)]",0.25675887699466216,32.0,155,2255,1857121,121744,1.546875,1.75,53661,0,21.03125,14.2734375,keylogger
C:\Windows\System32\svchost.exe,,0.0,241,10816,4,svchost.exe,,0.13796497606715408,,1,0,6144,0,0.25,2.21875,663,0,11.30078125,3.2734375,benign
C:\Windows\System32\svchost.exe,,0.0,267,10820,4,svchost.exe,,0.10315182966928942,,1,1,116,160,0.046875,0.15625,52,0,8.44921875,2.78515625,benign
C:\Users\keylogger\AppData\Local\Python\pythoncore-3.14-64\python.exe,"['C:\\Users\\keylogger\\AppData\\Local\\Python\\pythoncore-3.14-64\\python.exe', '.\\keylogger.py']",0.0,149,10864,3,python.exe,"[popenfile(path='C:\\Windows\\System32\\en-US\\KernelBase.dll.mui', fd=-1)]",0.25618660609497124,32.0,155,2256,1857121,121791,1.609375,1.390625,27905,0,20.984375,14.2734375,keylogger
C:\Users\keylogger\AppData\Local\Programs\Microsoft VS Code\Code.exe,"['C:\\Users\\keylogger\\AppData\\Local\\Programs\\Microsoft VS Code\\Code.exe', 'c:\\Users\\keylogger\\.vscode\\extensions\\ms-python.vscode-pylance-2025.9.1\\dist\\server.bundle.js', '--cancellationReceive=file:def309054d5c2aa896bf91614afe2133451b730a3b', '--node-ipc', '--clientProcessId=6108']",0.0,294,10968,17,Code.exe,"[popenfile(path='C:\\Users\\keylogger\\AppData\\Local\\Programs\\Microsoft VS Code\\v8_context_snapshot.bin', fd=-1), popenfile(path='C:\\Users\\keylogger\\AppData\\Roaming\\Code\\logs\\20251112T120431\\window4\\exthost\\ms-python.python\\Python.log', fd=-1), popenfile(path='C:\\Windows\\System32\\en-US\\mswsock.dll.mui', fd=-1), popenfile(path='C:\\Users\\keylogger\\AppData\\Roaming\\Code\\logs\\20251112T120431\\window4\\exthost\\vscode.github-authentication\\GitHub Authentication.log', fd=-1), popenfile(path='C:\\Users\\keylogger\\AppData\\Roaming\\Code\\logs\\20251112T120431\\window4\\exthost\\vscode.git\\Git.log', fd=-1), popenfile(path='C:\\Users\\keylogger\\AppData\\Roaming\\Code\\logs\\20251112T120431\\window4\\exthost\\vscode.markdown-language-features\\Markdown.log', fd=-1), popenfile(path='C:\\Users\\keylogger\\AppData\\Roaming\\Code\\logs\\20251112T120431\\window4\\exthost\\extHostTelemetry.log', fd=-1), popenfile(path='C:\\Users\\keylogger\\AppData\\Roaming\\Code\\logs\\20251112T120431\\window4\\exthost\\exthost.log', fd=-1), popenfile(path='C:\\Users\\keylogger\\AppData\\Local\\Programs\\Microsoft VS Code\\icudtl.dat', fd=-1), popenfile(path='C:\\Users\\keylogger\\AppData\\Roaming\\Code\\logs\\20251112T120431\\window4\\exthost\\vscode.github\\GitHub.log', fd=-1), popenfile(path='C:\\Users\\keylogger\\AppData\\Roaming\\Code\\logs\\20251112T120431\\window4\\exthost\\ms-python.vscode-python-envs\\Python Environments.log', fd=-1), popenfile(path='C:\\Users\\keylogger\\AppData\\Roaming\\Code\\logs\\20251112T120431\\window4\\exthost\\ms-python.python\\Python Language Server.log', fd=-1)]",1.5496619071213869,32.0,20145,715,97083856,176263,35.3125,13.453125,91696,0,126.93359375,481.31640625,benign
C:\Users\keylogger\AppData\Local\Programs\Microsoft VS Code\Code.exe,"['C:\\Users\\keylogger\\AppData\\Local\\Programs\\Microsoft VS Code\\Code.exe', '--type=renderer', '--user-data-dir=C:\\Users\\keylogger\\AppData\\Roaming\\Code', '--standard-schemes=vscode-webview,vscode-file', '--enable-sandbox', '--secure-schemes=vscode-webview,vscode-file', '--cors-schemes=vscode-webview,vscode-file', '--fetch-schemes=vscode-webview,vscode-file', '--service-worker-schemes=vscode-webview', '--code-cache-schemes=vscode-webview,vscode-file', '--app-user-model-id=Microsoft.VisualStudioCode', '--app-path=C:\\Users\\keylogger\\AppData\\Local\\Programs\\Microsoft VS Code\\resources\\app', '--enable-sandbox', '--enable-blink-features=HighlightAPI', '--disable-gpu-compositing', '--disable-blink-features=FontMatchingCTMigration,StandardizedBrowserZoom,', '--video-capture-use-gpu-memory-buffer', '--lang=en-US', '--device-scale-factor=1', '--num-raster-threads=1', '--renderer-client-id=14', '--time-ticks-at-unix-epoch=-1762966986880537', '--launch-time-ticks=6100806544', '--field-trial-handle=1764,i,2992125270083613785,17152386301730894539,262144', '--enable-features=DocumentPolicyIncludeJSCallStacksInCrashReports,EarlyEstablishGpuChannel,EnableTransparentHwndEnlargement,EstablishGpuChannelAsync', '--disable-features=CalculateNativeWinOcclusion,FontationsLinuxSystemFonts,ScreenAIOCREnabled,SpareRendererForSitePerProcess,WinDelaySpellcheckServiceInit', '--variations-seed-version', '--mojo-platform-channel-handle=1660', '--vscode-window-config=vscode:1de22db8-f4ed-4254-a2b2-1539a74952b4', '/prefetch:1']",0.0,458,10996,14,Code.exe,"[popenfile(path='C:\\Windows\\Fonts\\msyhbd.ttc', fd=-1), popenfile(path='C:\\Windows\\System32\\en-US\\mswsock.dll.mui', fd=-1), popenfile(path='C:\\Windows\\Fonts\\seguiemj.ttf', fd=-1), popenfile(path='C:\\Windows\\Fonts\\consola.ttf', fd=-1), popenfile(path='C:\\Windows\\Fonts\\palai.ttf', fd=-1), popenfile(path='C:\\Users\\keylogger\\AppData\\Local\\Programs\\Microsoft VS Code\\resources.pak', fd=-1), popenfile(path='C:\\Windows\\Fonts\\palab.ttf', fd=-1), popenfile(path='C:\\Users\\keylogger\\AppData\\Local\\Temp\\705c71cd-3314-4bdf-b1dc-ffe981b60122.tmp', fd=-1), popenfile(path='C:\\Windows\\Fonts\\palabi.ttf', fd=-1), popenfile(path='C:\\Users\\keylogger\\AppData\\Local\\Programs\\Microsoft VS Code\\locales\\en-US.pak', fd=-1), popenfile(path='C:\\Windows\\Fonts\\arial.ttf', fd=-1), popenfile(path='C:\\Windows\\Fonts\\segoeuil.ttf', fd=-1), popenfile(path='C:\\Windows\\Fonts\\timesbi.ttf', fd=-1), popenfile(path='C:\\Windows\\Fonts\\segoeuii.ttf', fd=-1), popenfile(path='C:\\Users\\keylogger\\AppData\\Local\\Programs\\Microsoft VS Code\\chrome_100_percent.pak', fd=-1), popenfile(path='C:\\Windows\\Fonts\\seguisb.ttf', fd=-1), popenfile(path='C:\\Windows\\Fonts\\arialbi.ttf', fd=-1), popenfile(path='C:\\Windows\\Fonts\\timesbd.ttf', fd=-1), popenfile(path='C:\\Windows\\Fonts\\seguisli.ttf', fd=-1), popenfile(path='C:\\Windows\\Fonts\\arialbd.ttf', fd=-1), popenfile(path='C:\\Windows\\Fonts\\ariblk.ttf', fd=-1), popenfile(path='C:\\Windows\\Fonts\\consolab.ttf', fd=-1), popenfile(path='C:\\Windows\\Fonts\\msyhl.ttc', fd=-1), popenfile(path='C:\\Windows\\Fonts\\segoeuib.ttf', fd=-1), popenfile(path='C:\\Windows\\Fonts\\segoeuisl.ttf', fd=-1), popenfile(path='C:\\Windows\\Fonts\\tahoma.ttf', fd=-1), popenfile(path='C:\\Users\\keylogger\\AppData\\Local\\Programs\\Microsoft VS Code\\chrome_200_percent.pak', fd=-1), popenfile(path='C:\\Windows\\Fonts\\cour.ttf', fd=-1), popenfile(path='C:\\Windows\\Fonts\\msyh.ttc', fd=-1), popenfile(path='C:\\Windows\\Fonts\\l_10646.ttf', fd=-1), popenfile(path='C:\\Windows\\Fonts\\consolai.ttf', fd=-1), popenfile(path='C:\\Windows\\Fonts\\tahomabd.ttf', fd=-1), popenfile(path='C:\\Windows\\Fonts\\segoeui.ttf', fd=-1), popenfile(path='C:\\Windows\\Fonts\\micross.ttf', fd=-1), popenfile(path='C:\\Windows\\Fonts\\ariali.ttf', fd=-1), popenfile(path='C:\\Windows\\Fonts\\timesi.ttf', fd=-1), popenfile(path='C:\\Windows\\Fonts\\couri.ttf', fd=-1), popenfile(path='C:\\Windows\\Fonts\\pala.ttf', fd=-1), popenfile(path='C:\\Windows\\Fonts\\times.ttf', fd=-1), popenfile(path='C:\\Windows\\Fonts\\courbd.ttf', fd=-1), popenfile(path='C:\\Windows\\Fonts\\segoeuiz.ttf', fd=-1), popenfile(path='C:\\Windows\\Fonts\\seguisbi.ttf', fd=-1), popenfile(path='C:\\Windows\\Fonts\\seguili.ttf', fd=-1), popenfile(path='C:\\Users\\keylogger\\AppData\\Local\\Programs\\Microsoft VS Code\\v8_context_snapshot.bin', fd=-1), popenfile(path='C:\\Windows\\Fonts\\courbi.ttf', fd=-1), popenfile(path='C:\\Windows\\Fonts\\consolaz.ttf', fd=-1), popenfile(path='C:\\Windows\\Fonts\\seguibli.ttf', fd=-1), popenfile(path='C:\\Users\\keylogger\\AppData\\Local\\Programs\\Microsoft VS Code\\icudtl.dat', fd=-1), popenfile(path='C:\\Windows\\Fonts\\msgothic.ttc', fd=-1), popenfile(path='C:\\Windows\\Fonts\\seguibl.ttf', fd=-1)]",2.6481358990781194,32.0,243241,144243,550526658,574647912,233.640625,30.390625,1328204,0,216.91015625,377.2890625,benign
C:\Program Files (x86)\Microsoft\Edge\Application\msedge.exe,"['C:\\Program Files (x86)\\Microsoft\\Edge\\Application\\msedge.exe', '--type=crashpad-handler', '--user-data-dir=C:\\Users\\keylogger\\AppData\\Local\\Microsoft\\Edge\\User Data', '/prefetch:4', '--monitor-self-annotation=ptype=crashpad-handler', '--database=C:\\Users\\keylogger\\AppData\\Local\\Microsoft\\Edge\\User Data\\Crashpad', '--annotation=IsOfficialBuild=1', '--annotation=channel=', '--annotation=chromium-version=142.0.7444.60', '--annotation=exe=C:\\Program Files (x86)\\Microsoft\\Edge\\Application\\msedge.exe', '--annotation=plat=Win64', '--annotation=prod=Edge', '--annotation=ver=142.0.3595.53', '--initial-client-data=0x268,0x26c,0x270,0x264,0x278,0x7ffc6680db58,0x7ffc6680db64,0x7ffc6680db70']",0.0,142,11048,7,msedge.exe,[],0.09485390162377098,32.0,20,11,6267,132,0.0625,0.0625,200,0,7.76953125,2.015625,benign
C:\Program Files\WindowsApps\PythonSoftwareFoundation.PythonManager_25.0.240.0_x64__3847v3x7pw1km\python.exe,"['C:\\Users\\keylogger\\AppData\\Local\\Microsoft\\WindowsApps\\python.exe', '.\\keylogger.py']",0.0,158,11336,1,python.exe,"[popenfile(path='C:\\Windows\\System32\\en-US\\KernelBase.dll.mui', fd=-1), popenfile(path='C:\\Windows\\System32\\en-US\\winhttp.dll.mui', fd=-1)]",0.15313015490896362,32.0,64,0,7188508,0,0.0625,0.03125,83,0,12.54296875,4.4453125,benign
C:\Users\keylogger\AppData\Local\Programs\Microsoft VS Code\Code.exe,"['C:\\Users\\keylogger\\AppData\\Local\\Programs\\Microsoft VS Code\\Code.exe', 'c:\\Users\\keylogger\\AppData\\Local\\Programs\\Microsoft VS Code\\resources\\app\\extensions\\markdown-language-features\\dist\\serverWorkerMain', '--node-ipc', '--clientProcessId=6108']",0.0,183,11536,8,Code.exe,"[popenfile(path='C:\\Users\\keylogger\\AppData\\Local\\Programs\\Microsoft VS Code\\v8_context_snapshot.bin', fd=-1), popenfile(path='C:\\Users\\keylogger\\AppData\\Roaming\\Code\\logs\\20251112T120431\\window4\\exthost\\ms-python.python\\Python.log', fd=-1), popenfile(path='C:\\Windows\\System32\\en-US\\mswsock.dll.mui', fd=-1), popenfile(path='C:\\Users\\keylogger\\AppData\\Roaming\\Code\\logs\\20251112T120431\\window4\\exthost\\vscode.github-authentication\\GitHub Authentication.log', fd=-1), popenfile(path='C:\\Users\\keylogger\\AppData\\Roaming\\Code\\logs\\20251112T120431\\window4\\exthost\\vscode.git\\Git.log', fd=-1), popenfile(path='C:\\Users\\keylogger\\AppData\\Roaming\\Code\\logs\\20251112T120431\\window4\\exthost\\extHostTelemetry.log', fd=-1), popenfile(path='C:\\Users\\keylogger\\AppData\\Roaming\\Code\\logs\\20251112T120431\\window4\\exthost\\exthost.log', fd=-1), popenfile(path='C:\\Users\\keylogger\\AppData\\Local\\Programs\\Microsoft VS Code\\icudtl.dat', fd=-1), popenfile(path='C:\\Users\\keylogger\\AppData\\Roaming\\Code\\logs\\20251112T120431\\window4\\exthost\\vscode.github\\GitHub.log', fd=-1), popenfile(path='C:\\Users\\keylogger\\AppData\\Roaming\\Code\\logs\\20251112T120431\\window4\\exthost\\ms-python.vscode-python-envs\\Python Environments.log', fd=-1)]",0.07606434041725224,32.0,181,26,1255778,29814,0.5,0.25,17283,0,6.23046875,29.03125,benign
C:\Windows\System32\taskhostw.exe,['taskhostw.exe'],0.0,302,11584,4,taskhostw.exe,,0.2125509499935381,32.0,1,265,27754,9992,0.15625,0.359375,95,0,17.41015625,5.27734375,benign
C:\Windows\System32\conhost.exe,"['\\\\?\\C:\\Windows\\system32\\conhost.exe', '--headless', '--width', '67', '--height', '12', '--signal', '0x6e8', '--server', '0x724']",0.0,114,11764,5,conhost.exe,"[popenfile(path='C:\\Windows\\System32\\en-US\\Conhost.exe.mui', fd=-1)]",0.07396601378505219,32.0,242,567,7504,31894,0.15625,0.203125,9515,0,6.05859375,1.3046875,benign
C:\Users\keylogger\AppData\Local\Python\pythoncore-3.14-64\python.exe,"['C:\\Users\\keylogger\\AppData\\Local\\Python\\pythoncore-3.14-64\\python.exe', '.\\keylogger.py']",0.0,149,11900,3,python.exe,"[popenfile(path='C:\\Windows\\System32\\en-US\\KernelBase.dll.mui', fd=-1)]",0.25518513202051213,32.0,155,2262,1857121,122085,1.359375,1.421875,33430,0,20.90234375,14.203125,keylogger
C:\Windows\System32\cmd.exe,"['cmd', '/k', 'python', '.\\keylogger.py']",0.0,135,11924,1,cmd.exe,[],0.09332784589126186,32.0,0,0,0,0,0.0,0.015625,113,0,7.64453125,2.6796875,benign
C:\Program Files (x86)\Microsoft\Edge\Application\msedge.exe,"['C:\\Program Files (x86)\\Microsoft\\Edge\\Application\\msedge.exe', '--type=utility', '--utility-sub-type=storage.mojom.StorageService', '--lang=en-US', '--service-sandbox-type=service', '--no-pre-read-main-dll', '--startup-read-main-dll', '--metrics-shmem-handle=2676,i,7435672758716633305,4039674500196003371,524288', '--field-trial-handle=2496,i,12119130829938979695,14718084256979343283,262144', '--variations-seed-version', '--trace-process-track-uuid=3190708990060038890', '--mojo-platform-channel-handle=2836', '/prefetch:8']",0.0,188,12168,10,msedge.exe,"[popenfile(path='C:\\Program Files (x86)\\Microsoft\\Edge\\Application\\142.0.3595.53\\v8_context_snapshot.bin', fd=-1), popenfile(path='C:\\Users\\keylogger\\AppData\\Local\\Microsoft\\Edge\\User Data\\Default\\Local Storage\\leveldb\\000024.log', fd=-1), popenfile(path='C:\\Users\\keylogger\\AppData\\Local\\Microsoft\\Edge\\User Data\\Default\\Local Storage\\leveldb\\MANIFEST-000001', fd=-1), popenfile(path='C:\\Users\\keylogger\\AppData\\Local\\Microsoft\\Edge\\User Data\\Default\\Local Storage\\leveldb\\000023.ldb', fd=-1), popenfile(path='C:\\Users\\keylogger\\AppData\\Local\\Microsoft\\Edge\\User Data\\Default\\Local Storage\\leveldb\\000005.ldb', fd=-1), popenfile(path='C:\\Program Files (x86)\\Microsoft\\Edge\\Application\\142.0.3595.53\\msedge_100_percent.pak', fd=-1), popenfile(path='C:\\Users\\keylogger\\AppData\\Local\\Microsoft\\Edge\\User Data\\Default\\Local Storage\\leveldb\\LOG', fd=-1), popenfile(path='C:\\Program Files (x86)\\Microsoft\\Edge\\Application\\142.0.3595.53\\Locales\\en-US.pak', fd=-1), popenfile(path='C:\\Users\\keylogger\\AppData\\Local\\Microsoft\\Edge\\User Data\\Default\\Local Storage\\leveldb\\000021.ldb', fd=-1), popenfile(path='C:\\Program Files (x86)\\Microsoft\\Edge\\Application\\142.0.3595.53\\icudtl.dat', fd=-1), popenfile(path='C:\\Program Files (x86)\\Microsoft\\Edge\\Application\\142.0.3595.53\\msedge_200_percent.pak', fd=-1), popenfile(path='C:\\Program Files (x86)\\Microsoft\\Edge\\Application\\142.0.3595.53\\resources.pak', fd=-1), popenfile(path='C:\\Users\\keylogger\\AppData\\Local\\Microsoft\\Edge\\User Data\\Default\\Local Storage\\leveldb\\000019.ldb', fd=-1), popenfile(path='C:\\Users\\keylogger\\AppData\\Local\\Microsoft\\Edge\\User Data\\Default\\Local Storage\\leveldb\\000017.ldb', fd=-1)]",0.22776381807698853,32.0,96,79,135224,98946,0.109375,0.125,2418,0,18.65625,8.35546875,benign
C:\Users\keylogger\AppData\Local\Python\pythoncore-3.14-64\python.exe,"['C:\\Users\\keylogger\\AppData\\Local\\Python\\pythoncore-3.14-64\\python.exe', '.\\generate_data.py']",0.0,140,12340,4,python.exe,"[popenfile(path='C:\\Windows\\System32\\en-US\\KernelBase.dll.mui', fd=-1), popenfile(path='C:\\Windows\\System32\\en-US\\tzres.dll.mui', fd=-1)]",0.8367077445897748,32.0,931,0,13621148,0,1.6875,8.296875,33226,0,68.53515625,84.66015625,benign
C:\Windows\System32\svchost.exe,,0.0,218,12344,3,svchost.exe,,0.12771178911435832,,4,0,1384,0,0.125,0.09375,1502,0,10.4609375,2.80078125,benign
C:\Program Files\WindowsApps\PythonSoftwareFoundation.PythonManager_25.0.240.0_x64__3847v3x7pw1km\python.exe,"['python', '.\\keylogger.py']",0.0,161,12432,1,python.exe,"[popenfile(path='C:\\Windows\\System32\\en-US\\KernelBase.dll.mui', fd=-1), popenfile(path='C:\\Windows\\System32\\en-US\\winhttp.dll.mui', fd=-1)]",0.15465621064147275,32.0,64,0,7189089,0,0.109375,0.0,129,0,12.66796875,4.59765625,benign
C:\Windows\System32\SearchProtocolHost.exe,,0.0,363,12532,7,SearchProtocolHost.exe,,0.18012226567771897,,201,0,14170757,0,0.421875,0.5,9127,0,14.75390625,2.9375,benign
C:\Users\KEYLOG~1\AppData\Local\Temp\is-67TSU.tmp\CodeSetup-stable-ac4cbdf48759c7d8c3eb91ffe6bb04316e263c57.tmp,"['C:\\Users\\KEYLOG~1\\AppData\\Local\\Temp\\is-67TSU.tmp\\CodeSetup-stable-ac4cbdf48759c7d8c3eb91ffe6bb04316e263c57.tmp', '/SL5=$409D2,114487313,841216,C:\\Users\\KEYLOG~1\\AppData\\Local\\Temp\\vscode-stable-user-x64\\CodeSetup-stable-ac4cbdf48759c7d8c3eb91ffe6bb04316e263c57.exe', '/verysilent', '/log', '/update=C:\\Users\\KEYLOG~1\\AppData\\Local\\Temp\\vscode-stable-user-x64\\CodeSetup-stable-ac4cbdf48759c7d8c3eb91ffe6bb04316e263c57.flag', '/nocloseapplications', '/mergetasks=runcode,!desktopicon,!quicklaunchicon']",0.0,301,12560,1,CodeSetup-stable-ac4cbdf48759c7d8c3eb91ffe6bb04316e263c57.tmp,"[popenfile(path='C:\\Windows\\Fonts\\StaticCache.dat', fd=-1), popenfile(path='C:\\Windows\\System32\\en-US\\KernelBase.dll.mui', fd=-1), popenfile(path='C:\\Users\\KEYLOG~1\\AppData\\Local\\Temp\\Setup Log 2025-11-12 #001.txt', fd=-1), popenfile(path='C:\\Windows\\SysWOW64\\en-US\\user32.dll.mui', fd=-1), popenfile(path='C:\\Windows\\Registration\\R000000000006.clb', fd=-1), popenfile(path='C:\\Windows\\WinSxS\\x86_microsoft.windows.c..-controls.resources_6595b64144ccf1df_6.0.19041.1_en-us_130e63d987a738df\\comctl32.dll.mui', fd=-1), popenfile(path='C:\\Users\\KEYLOG~1\\AppData\\Local\\Temp\\vscode-stable-user-x64\\CodeSetup-stable-ac4cbdf48759c7d8c3eb91ffe6bb04316e263c57.exe', fd=-1), popenfile(path='C:\\Windows\\System32\\en-US\\netmsg.dll.mui', fd=-1)]",0.02751669242680536,32.0,2168,66238,117535845,459402560,14.796875,3.90625,53327,0,2.25390625,24.40625,benign
C:\Program Files (x86)\Microsoft\Edge\Application\msedge.exe,"['C:\\Program Files (x86)\\Microsoft\\Edge\\Application\\msedge.exe', '--type=utility', '--utility-sub-type=network.mojom.NetworkService', '--lang=en-US', '--service-sandbox-type=none', '--no-pre-read-main-dll', '--startup-read-main-dll', '--metrics-shmem-handle=2136,i,9650477556196168906,14716060152999355188,524288', '--field-trial-handle=2496,i,12119130829938979695,14718084256979343283,262144', '--variations-seed-version', '--trace-process-track-uuid=3190708989122997041', '--mojo-platform-channel-handle=2668', '/prefetch:3']",0.0,331,13132,17,msedge.exe,"[popenfile(path='C:\\Program Files (x86)\\Microsoft\\Edge\\Application\\142.0.3595.53\\icudtl.dat', fd=-1), popenfile(path='C:\\Program Files (x86)\\Microsoft\\Edge\\Application\\142.0.3595.53\\v8_context_snapshot.bin', fd=-1), popenfile(path='C:\\Program Files (x86)\\Microsoft\\Edge\\Application\\142.0.3595.53\\msedge_100_percent.pak', fd=-1), popenfile(path='C:\\Users\\keylogger\\AppData\\Local\\Microsoft\\Edge\\User Data\\Default\\Network\\Reporting and NEL-journal', fd=-1), popenfile(path='C:\\Users\\keylogger\\AppData\\Local\\Microsoft\\Edge\\User Data\\Default\\Network\\Cookies', fd=-1), popenfile(path='C:\\Users\\keylogger\\AppData\\Local\\Microsoft\\Edge\\User Data\\Default\\Cache\\Cache_Data\\data_2', fd=-1), popenfile(path='C:\\Users\\keylogger\\AppData\\Local\\Microsoft\\Edge\\User Data\\Default\\Cache\\Cache_Data\\index', fd=-1), popenfile(path='C:\\Users\\keylogger\\AppData\\Local\\Microsoft\\Edge\\User Data\\Default\\Cache\\Cache_Data\\data_1', fd=-1), popenfile(path='C:\\Program Files (x86)\\Microsoft\\Edge\\Application\\142.0.3595.53\\msedge_200_percent.pak', fd=-1), popenfile(path='C:\\Users\\keylogger\\AppData\\Local\\Microsoft\\Edge\\User Data\\Default\\Shared Dictionary\\db', fd=-1), popenfile(path='C:\\Users\\keylogger\\AppData\\Local\\Microsoft\\Edge\\User Data\\Default\\Cache\\No_Vary_Search\\journal.baj', fd=-1), popenfile(path='C:\\Program Files (x86)\\Microsoft\\Edge\\Application\\142.0.3595.53\\resources.pak', fd=-1), popenfile(path='C:\\Users\\keylogger\\AppData\\Local\\Microsoft\\Edge\\User Data\\Default\\Safe Browsing Network\\Safe Browsing Cookies', fd=-1), popenfile(path='C:\\Users\\keylogger\\AppData\\Local\\Microsoft\\Edge\\User Data\\Default\\Network\\Reporting and NEL', fd=-1), popenfile(path='C:\\Users\\keylogger\\AppData\\Local\\Microsoft\\Edge\\User Data\\Default\\Cache\\Cache_Data\\data_3', fd=-1), popenfile(path='C:\\Users\\keylogger\\AppData\\Local\\Microsoft\\Edge\\User Data\\Default\\Network\\Trust Tokens', fd=-1), popenfile(path='C:\\Users\\keylogger\\AppData\\Local\\Microsoft\\Edge\\User Data\\Default\\Cache\\Cache_Data\\data_0', fd=-1), popenfile(path='C:\\Program Files (x86)\\Microsoft\\Edge\\Application\\142.0.3595.53\\Locales\\en-US.pak', fd=-1), popenfile(path='C:\\Windows\\Registration\\R000000000006.clb', fd=-1), popenfile(path='C:\\Users\\keylogger\\AppData\\Local\\Microsoft\\Edge\\User Data\\Default\\Network\\Cookies-journal', fd=-1)]",0.39052719979741607,32.0,399,534,2162977,412263,0.515625,0.28125,5742,0,31.98828125,12.046875,benign
