memory_percent,pid,exe,name,nice,cpu_percent,cmdline,num_handles,num_threads,open_files,read_count,write_count,read_bytes,write_bytes,cpu_times_user,cpu_times_system,voluntary_ctx_switches,involuntary_ctx_switches,memory_rss,memory_vms,label
0.003434023349450985,4,,System,,0.0,[],3104,109,[],279,517,595916,39696892,0.0,107.171875,743673,0,0.140625,0.19140625,benign
0.7122736763986252,92,Registry,Registry,,0.0,,0,4,,643,748,10010624,41820160,0.0,3.15625,1618,0,29.16796875,8.203125,benign
0.019650244721858418,320,C:\Windows\System32\smss.exe,smss.exe,,0.0,,53,2,,22,13,16804,24724,0.0,0.421875,823,0,0.8046875,1.046875,benign
0.12228938705544899,424,C:\Windows\System32\svchost.exe,svchost.exe,,0.0,,120,3,,0,0,0,0,0.0,0.03125,65,0,5.0078125,1.26171875,benign
0.11456283451918427,436,C:\Windows\System32\csrss.exe,csrss.exe,,0.0,,474,10,,268,0,206109,0,0.296875,1.53125,8338,0,4.69140625,1.6484375,benign
0.14546904466424315,512,C:\Windows\System32\wininit.exe,wininit.exe,,0.0,,165,1,,2,0,9732,0,0.046875,0.453125,252,0,5.95703125,1.3203125,benign
1.3072182216910084,520,C:\Windows\System32\csrss.exe,csrss.exe,,0.0,,595,13,,49700,0,1560194,0,0.484375,6.125,466107,0,53.53125,2.4375,benign
0.23179657608794155,584,C:\Windows\System32\winlogon.exe,winlogon.exe,,0.0,,285,3,,3,0,9872,0,0.140625,0.625,715,0,9.4921875,3.54296875,benign
0.40197151096073486,600,C:\Windows\System32\svchost.exe,svchost.exe,32.0,0.0,"['C:\\Windows\\system32\\svchost.exe', '-k', 'UnistackSvcGroup', '-s', 'CDPUserSvc']",310,10,"[popenfile(path='C:\\Users\\keylogger\\AppData\\Local\\ConnectedDevicesPlatform\\L.keylogger\\ActivitiesCache.db', fd=-1), popenfile(path='C:\\Users\\keylogger\\AppData\\Local\\ConnectedDevicesPlatform\\L.keylogger\\ActivitiesCache.db-shm', fd=-1), popenfile(path='C:\\Windows\\Registration\\R000000000006.clb', fd=-1), popenfile(path='C:\\Windows\\System32\\en-US\\crypt32.dll.mui', fd=-1), popenfile(path='C:\\Windows\\System32\\en-US\\svchost.exe.mui', fd=-1), popenfile(path='C:\\Users\\keylogger\\AppData\\Local\\ConnectedDevicesPlatform\\L.keylogger\\ActivitiesCache.db-wal', fd=-1)]",925,2668,3743698,5643854,1.0,0.390625,571,0,16.4609375,5.1640625,benign
0.2090938661665711,652,C:\Windows\System32\services.exe,services.exe,,0.0,,624,5,,108,1,450676,160,0.953125,2.03125,849,0,8.5625,4.68359375,benign
0.350842718868909,660,C:\Windows\System32\lsass.exe,lsass.exe,,0.0,,1074,8,,164,120,33286,52845,1.078125,1.640625,11140,0,14.3671875,5.42578125,benign
2.0287446832256544,716,C:\Windows\System32\dwm.exe,dwm.exe,,0.0,,992,15,,2,0,109516,0,14.453125,11.8125,308050,0,83.078125,66.65625,benign
0.590079678880661,784,C:\Windows\System32\svchost.exe,svchost.exe,,0.0,,1313,11,,69,1,442368,65536,1.703125,3.34375,15125,0,24.1640625,9.1875,benign
0.07669318813773868,808,C:\Windows\System32\fontdrvhost.exe,fontdrvhost.exe,,0.0,,50,5,,0,0,0,0,0.0625,0.1875,1826,0,3.140625,1.44921875,benign
0.16378383586131506,816,C:\Windows\System32\fontdrvhost.exe,fontdrvhost.exe,,0.0,,50,5,,0,0,0,0,0.109375,0.390625,7123,0,6.70703125,3.265625,benign
0.1425119690022159,884,C:\Windows\System32\WUDFHost.exe,WUDFHost.exe,,0.0,,418,6,,1,0,0,0,0.09375,0.46875,764,0,5.8359375,2.09375,benign
0.2123371104410526,944,C:\Windows\System32\svchost.exe,svchost.exe,,0.0,,210,1,,0,0,0,0,0.09375,0.0625,38,0,8.6953125,2.046875,benign
0.32432442744814866,952,C:\Windows\System32\svchost.exe,svchost.exe,,0.0,,1141,12,,8,0,32768,0,4.296875,3.40625,3578,0,13.28125,6.95703125,benign
0.2336089773001518,1000,C:\Windows\System32\svchost.exe,svchost.exe,,0.0,,308,4,,0,0,0,0,0.125,0.125,824,0,9.56640625,2.44140625,benign
0.2760573214808653,1028,C:\Windows\System32\svchost.exe,svchost.exe,,0.0,,277,2,,0,0,0,0,0.078125,0.125,59,0,11.3046875,1.89453125,benign
7.444676452997283,1052,C:\Users\keylogger\AppData\Local\Programs\Microsoft VS Code\Code.exe,Code.exe,32.0,0.0,"['C:\\Users\\keylogger\\AppData\\Local\\Programs\\Microsoft VS Code\\Code.exe', '--type=renderer', '--user-data-dir=C:\\Users\\keylogger\\AppData\\Roaming\\Code', '--standard-schemes=vscode-webview,vscode-file', '--enable-sandbox', '--secure-schemes=vscode-webview,vscode-file', '--cors-schemes=vscode-webview,vscode-file', '--fetch-schemes=vscode-webview,vscode-file', '--service-worker-schemes=vscode-webview', '--code-cache-schemes=vscode-webview,vscode-file', '--app-user-model-id=Microsoft.VisualStudioCode', '--app-path=C:\\Users\\keylogger\\AppData\\Local\\Programs\\Microsoft VS Code\\resources\\app', '--enable-sandbox', '--enable-blink-features=HighlightAPI', '--disable-gpu-compositing', '--disable-blink-features=FontMatchingCTMigration,StandardizedBrowserZoom,', '--video-capture-use-gpu-memory-buffer', '--lang=en-US', '--device-scale-factor=1', '--num-raster-threads=1', '--renderer-client-id=6', '--time-ticks-at-unix-epoch=-1762966986880537', '--launch-time-ticks=115998659', '--field-trial-handle=1764,i,2992125270083613785,17152386301730894539,262144', '--enable-features=DocumentPolicyIncludeJSCallStacksInCrashReports,EarlyEstablishGpuChannel,EnableTransparentHwndEnlargement,EstablishGpuChannelAsync', '--disable-features=CalculateNativeWinOcclusion,FontationsLinuxSystemFonts,ScreenAIOCREnabled,SpareRendererForSitePerProcess,WinDelaySpellcheckServiceInit', '--variations-seed-version', '--mojo-platform-channel-handle=2872', '--vscode-window-config=vscode:2bd2a70a-6b84-4c67-b64d-6c987e06cdf1', '/prefetch:1']",482,16,"[popenfile(path='C:\\Windows\\Fonts\\seguisb.ttf', fd=-1), popenfile(path='C:\\Users\\keylogger\\AppData\\Local\\Programs\\Microsoft VS Code\\icudtl.dat', fd=-1), popenfile(path='C:\\Windows\\Fonts\\segoeuii.ttf', fd=-1), popenfile(path='C:\\Users\\keylogger\\AppData\\Local\\Programs\\Microsoft VS Code\\locales\\en-US.pak', fd=-1), popenfile(path='C:\\Users\\keylogger\\AppData\\Local\\Programs\\Microsoft VS Code\\chrome_200_percent.pak', fd=-1), popenfile(path='C:\\Windows\\Fonts\\consolaz.ttf', fd=-1), popenfile(path='C:\\Windows\\Fonts\\ariblk.ttf', fd=-1), popenfile(path='C:\\Windows\\Fonts\\micross.ttf', fd=-1), popenfile(path='C:\\Windows\\Fonts\\ariali.ttf', fd=-1), popenfile(path='C:\\Windows\\Fonts\\timesbd.ttf', fd=-1), popenfile(path='C:\\Windows\\Fonts\\courbi.ttf', fd=-1), popenfile(path='C:\\Windows\\System32\\en-US\\mswsock.dll.mui', fd=-1), popenfile(path='C:\\Windows\\Fonts\\msgothic.ttc', fd=-1), popenfile(path='C:\\Windows\\Fonts\\msyhbd.ttc', fd=-1), popenfile(path='C:\\Windows\\Fonts\\segoeuil.ttf', fd=-1), popenfile(path='C:\\Windows\\Fonts\\couri.ttf', fd=-1), popenfile(path='C:\\Windows\\Fonts\\tahomabd.ttf', fd=-1), popenfile(path='C:\\Windows\\Fonts\\cambria.ttc', fd=-1), popenfile(path='C:\\Windows\\Fonts\\arialbd.ttf', fd=-1), popenfile(path='C:\\Windows\\Fonts\\timesbi.ttf', fd=-1), popenfile(path='C:\\Windows\\Fonts\\seguisbi.ttf', fd=-1), popenfile(path='C:\\Windows\\Fonts\\palab.ttf', fd=-1), popenfile(path='C:\\Windows\\Fonts\\timesi.ttf', fd=-1), popenfile(path='C:\\Windows\\Fonts\\segoeuisl.ttf', fd=-1), popenfile(path='C:\\Windows\\Fonts\\consolai.ttf', fd=-1), popenfile(path='C:\\Windows\\Fonts\\pala.ttf', fd=-1), popenfile(path='C:\\Windows\\Fonts\\msyhl.ttc', fd=-1), popenfile(path='C:\\Windows\\Fonts\\segoeuiz.ttf', fd=-1), popenfile(path='C:\\Windows\\Fonts\\seguibli.ttf', fd=-1), popenfile(path='C:\\Windows\\Fonts\\cour.ttf', fd=-1), popenfile(path='C:\\Windows\\Fonts\\consolab.ttf', fd=-1), popenfile(path='C:\\Windows\\Fonts\\seguili.ttf', fd=-1), popenfile(path='C:\\Windows\\Fonts\\tahoma.ttf', fd=-1), popenfile(path='C:\\Users\\keylogger\\AppData\\Local\\Programs\\Microsoft VS Code\\chrome_100_percent.pak', fd=-1), popenfile(path='C:\\Users\\keylogger\\AppData\\Local\\Programs\\Microsoft VS Code\\resources.pak', fd=-1), popenfile(path='C:\\Windows\\Fonts\\arialbi.ttf', fd=-1), popenfile(path='C:\\Windows\\Fonts\\consola.ttf', fd=-1), popenfile(path='C:\\Windows\\Fonts\\arial.ttf', fd=-1), popenfile(path='C:\\Windows\\Fonts\\l_10646.ttf', fd=-1), popenfile(path='C:\\Windows\\Fonts\\palai.ttf', fd=-1), popenfile(path='C:\\Windows\\Fonts\\seguibl.ttf', fd=-1), popenfile(path='C:\\Windows\\Fonts\\msyh.ttc', fd=-1), popenfile(path='C:\\Windows\\Fonts\\times.ttf', fd=-1), popenfile(path='C:\\Windows\\Fonts\\palabi.ttf', fd=-1), popenfile(path='C:\\Users\\keylogger\\AppData\\Local\\Programs\\Microsoft VS Code\\v8_context_snapshot.bin', fd=-1), popenfile(path='C:\\Windows\\Fonts\\courbd.ttf', fd=-1), popenfile(path='C:\\Windows\\Fonts\\seguisli.ttf', fd=-1), popenfile(path='C:\\Users\\keylogger\\AppData\\Local\\Temp\\66db48c1-e697-4c4a-8576-02533ddf842d.tmp', fd=-1), popenfile(path='C:\\Windows\\Fonts\\segoeui.ttf', fd=-1), popenfile(path='C:\\Windows\\Fonts\\segoeuib.ttf', fd=-1)]",123111,114668,125894568,687220792,122.4375,19.265625,977902,0,304.86328125,258.93359375,benign
0.2013673136303064,1128,C:\Windows\System32\svchost.exe,svchost.exe,,0.0,,325,10,,0,0,0,0,0.046875,0.171875,57,0,8.24609375,2.5234375,benign
0.1754213594344545,1148,C:\Windows\System32\svchost.exe,svchost.exe,,0.0,,213,6,,1,0,0,0,0.015625,0.0625,48,0,7.18359375,1.8671875,benign
0.14756761448890762,1180,C:\Windows\System32\svchost.exe,svchost.exe,,0.0,,119,2,,0,0,0,0,0.03125,0.0625,51,0,6.04296875,1.42578125,benign
0.16759941736070505,1184,C:\Windows\System32\svchost.exe,svchost.exe,,0.0,,202,9,,1,0,0,0,0.03125,0.0625,236,0,6.86328125,2.02734375,benign
0.36476959134168246,1204,C:\Windows\System32\svchost.exe,svchost.exe,,0.0,,411,8,,2278,630,77211088,11052984,1.03125,1.84375,3023,0,14.9375,14.53515625,benign
0.24782201838537948,1348,C:\Windows\System32\svchost.exe,svchost.exe,,0.0,,231,2,,0,0,0,0,0.015625,0.0625,61,0,10.1484375,2.26953125,benign
0.37011140544082843,1396,C:\Program Files (x86)\Microsoft\EdgeWebView\Application\142.0.3595.69\msedgewebview2.exe,msedgewebview2.exe,32.0,0.0,"['C:\\Program Files (x86)\\Microsoft\\EdgeWebView\\Application\\142.0.3595.69\\msedgewebview2.exe', '--type=utility', '--utility-sub-type=storage.mojom.StorageService', '--lang=en-US', '--service-sandbox-type=service', '--noerrdialogs', '--user-data-dir=C:\\Users\\keylogger\\AppData\\Local\\Packages\\Microsoft.Windows.Search_cw5n1h2txyewy\\LocalState\\EBWebView', '--webview-exe-name=SearchApp.exe', '--webview-exe-version=10.0.19041.6282', '--embedded-browser-webview=1', '--startup-read-main-dll', '--metrics-shmem-handle=2068,i,12718384843917991063,9885248146723621101,524288', '--field-trial-handle=1936,i,2534396607517605442,16715881984632097342,262144', '--enable-features=ForceSWDCompWhenDCompFallbackRequired,LocalNetworkAccessForFencedFrameNavigationsWarningOnly,LocalNetworkAccessForNavigationsWarningOnly,LocalNetworkAccessForSubframeNavigationsWarningOnly,LocalNetworkAccessForWorkersWarningOnly,msAggressiveCacheTrimming,msCustomDataPartition,msEmbeddedBrowserVisualHosting,msWebView2NoTabForScreenShare,msWebViewAppLifeCycleWorkaround', '--disable-features=BackForwardCache,BackgroundTabLoadingFromPerformanceManager,CloseOmniboxPopupOnInactiveAreaClick,CollectAVProductsInfo,CollectCodeIntegrityInfo,DeferSpeculativeRFHCreation,EnableHangWatcher,FilterAdsOnAbusiveSites,GetWifiProtocol,LoginDetection,MediaFoundationCameraUsageMonitoring,PreconnectToSearch,PreloadingEagerHeuristics,SafetyHub,SegmentationPlatform,ServiceWorkerAutoPreload,SpareRendererForSitePerProcess,Ukm,WebPayments,msAITrackerClassification,msAbydosForWindowlessWV2,msAffirmVirtualCard,msAllowChromeWebstore,msAllowMSAPrtSSOForNonMSAProfile,msApplicationGuard,msAskBeforeClosingMultipleTabs,msAutoToggleAADPrtSSOForNonAADProfile,msAutofillEdgeServiceRequest,msAutofillEnableEdgeSuggestions,msAutomaticTabFreeze,msBrowserSettingsSupported,msCoarseGeolocationService,msDataProtection,msDesktopMode,msDesktopRewards,msDisableVariationsSeedFetchThrottling,msEEProactiveHistory,msETFOffstoreExtensionFileDataCollection,msETFPasswordTheftDNRActionSignals,msEdgeAdPlatformUI,msEdgeAddWebCapturetoCollections,msEdgeAutofillShowDeployedPassword,msEdgeCaptureSelectionInPDF,msEdgeCloudConfigService,msEdgeCloudConfigServiceV2,msEdgeCohorts,msEdgeCollectionsPrismExperiment1,msEdgeCollectionsPrismOverallMigration,msEdgeComposeNext,msEdgeEnableNurturingFramework,msEdgeEnclavePrefsBasic,msEdgeEnclavePrefsNotification,msEdgeFaviconService,msEdgeHJTelemetry,msEdgeHubAppSkype,msEdgeImageEditorUI,msEdgeLinkDoctor,msEdgeMouseGestureDefaultEnabled,msEdgeMouseGestureSupported,msEdgeNewDeviceFre,msEdgeOnRampFRE,msEdgeOnRampImport,msEdgePDFCMHighlightUX,msEdgePasswordIris,msEdgePasswordIrisSaveBubble,msEdgePasswordStrengthCheck,msEdgePinpointFramework,msEdgeProngPersonalization,msEdgeReadingView,msEdgeRose,msEdgeScreenshotUI,msEdgeSendTabToSelf,msEdgeSettingsImport,msEdgeSettingsImportV2,msEdgeShoppingPersistentStorage,msEdgeShoppingUI,msEdgeSmartFind,msEdgeSuperDragDefaultEnabled,msEdgeSuperDragDropSupported,msEdgeTranslate,msEdgeUpdatesMoreMenuPill,msEdgeWebCapture,msEdgeWebCaptureUniformExperience,msEdgeWebContentFilteringFeedback,msEdgeWorkSearchBanner,msEnableCustomJobMemoryLimitsOnXbox,msEnableMIPForPDF,msEnablePdfUpsell,msEnableThirdPartyScanning,msEnableWebSignInCta,msEnableWebToBrowserSignIn,msEndpointDlp,msEntityExtraction,msExtensionTelemetryFramework,msExternalTaskManager,msFileSystemAccessDirectoryIterationBlocklistCheck,msForceBrowserSignIn,msForeignSessionsPage,msGeolocationAccessService,msGeolocationOSLocationPermissionFallback,msGeolocationSQMService,msGeolocationService,msGrowthInfraLaunchSourceLogging,msGuidedSwitchAllowed,msHubPinPersist,msImplicitSignin,msIrm,msIrmv2,msKlarnaVirtualCard,msLlmConsumerDlpPurview,msLoadStatistics,msLogIsEdgePinnedToTaskbarOnLaunch,msMIPCrossTenantPdfViewSupport,msMdatpWebSiteDlp,msNotificationPermissionForPWA,msNumberOfSitesToPin,msNurturingGlobalSitePinningOnCloseModal,msNurturingSitePinningCITopSites,msNurturingSitePinningWithWindowsConsent,msOnHoverSearchInSidebar,msOpenOfficeDocumentsInWebViewer,msPageInteractionRestrictionRevoke,msPasswordBreachDetection,msPdfAnnotationsVisibility,msPdfDataRecovery,msPdfDigitalSignatureRead,msPdfFreeText,msPdfFreeTextForCJK,msPdfHighlightMode,msPdfInking,msPdfKeyphraseSupport,msPdfOOUI,msPdfPopupMarkerRenderer,msPdfShare,msPdfSharedLibrary,msPdfTextNote,msPdfTextNoteMoreMenu,msPdfThumbnailCache,msPdfUnderside,msPdfViewRestore,msPersonalizationUMA,msPriceComparison,msPrintInWebView2,msPromptDefaultHandlerForPDF,msReactiveSearch,msReadAloud,msReadAloudPdf,msRedirectToShoreline,msRevokeExtensions,msSaasDlp,msShoppingTrigger,msShorelineSearch,msShorelineSearchFindOnPageWebUI,msShowOfflineGameEntrance,msShowReadAloudIconInAddressBar,msShowUXForAADPrtSSOForNonAADProfile,msSitePinningWithoutUi,msSuspendMessageForNewSessionWhenHavingPendingNavigation,msSyncEdgeCollections,msTabResourceStats,msTokenizationAutofillInlineEnabled,msTouchMode,msTriggeringSignalGenerator,msUserUnderstanding,msVideoSuperResolutionUI,msWalletBuyNow,msWalletCheckout,msWalletDiagnosticDataLogger,msWalletHubEntry,msWalletHubIntlP3,msWalletPartialCard,msWalletPasswordCategorization,msWalletPasswordCategorizationPlatformExpansion,msWalletTokenizationCardMetadata,msWalletTokenizedAutofill,msWebAssist,msWebAssistHistorySearchService,msWebOOUI,msWindowsTaskManager,msWindowsUserActivities,msZipPayVirtualCard', '--variations-seed-version', '--trace-process-track-uuid=3190708990060038890', '--mojo-platform-channel-handle=2380', '/prefetch:8']",176,10,"[popenfile(path='C:\\Users\\keylogger\\AppData\\Local\\Packages\\Microsoft.Windows.Search_cw5n1h2txyewy\\LocalState\\EBWebView\\Default\\Session Storage\\MANIFEST-000001', fd=-1), popenfile(path='C:\\Program Files (x86)\\Microsoft\\EdgeWebView\\Application\\142.0.3595.69\\icudtl.dat', fd=-1), popenfile(path='C:\\Users\\keylogger\\AppData\\Local\\Packages\\Microsoft.Windows.Search_cw5n1h2txyewy\\LocalState\\EBWebView\\Default\\Local Storage\\leveldb\\000004.log', fd=-1), popenfile(path='C:\\Users\\keylogger\\AppData\\Local\\Packages\\Microsoft.Windows.Search_cw5n1h2txyewy\\LocalState\\EBWebView\\Default\\Local Storage\\leveldb\\000003.ldb', fd=-1), popenfile(path='C:\\Program Files (x86)\\Microsoft\\EdgeWebView\\Application\\142.0.3595.69\\resources.pak', fd=-1), popenfile(path='C:\\Program Files (x86)\\Microsoft\\EdgeWebView\\Application\\142.0.3595.69\\Locales\\en-US.pak', fd=-1), popenfile(path='C:\\Users\\keylogger\\AppData\\Local\\Packages\\Microsoft.Windows.Search_cw5n1h2txyewy\\LocalState\\EBWebView\\Default\\Session Storage\\000003.log', fd=-1), popenfile(path='C:\\Program Files (x86)\\Microsoft\\EdgeWebView\\Application\\142.0.3595.69\\v8_context_snapshot.bin', fd=-1), popenfile(path='C:\\Users\\keylogger\\AppData\\Local\\Packages\\Microsoft.Windows.Search_cw5n1h2txyewy\\LocalState\\EBWebView\\Default\\Session Storage\\LOG', fd=-1), popenfile(path='C:\\Users\\keylogger\\AppData\\Local\\Packages\\Microsoft.Windows.Search_cw5n1h2txyewy\\LocalState\\EBWebView\\Default\\Local Storage\\leveldb\\LOG', fd=-1), popenfile(path='C:\\Program Files (x86)\\Microsoft\\EdgeWebView\\Application\\142.0.3595.69\\msedge_100_percent.pak', fd=-1), popenfile(path='C:\\Users\\keylogger\\AppData\\Local\\Packages\\Microsoft.Windows.Search_cw5n1h2txyewy\\LocalState\\EBWebView\\Default\\Local Storage\\leveldb\\MANIFEST-000001', fd=-1), popenfile(path='C:\\Program Files (x86)\\Microsoft\\EdgeWebView\\Application\\142.0.3595.69\\msedge_200_percent.pak', fd=-1)]",94,83,1053677,176504,0.015625,0.171875,427,0,15.15625,8.6328125,benign
0.1427027480771854,1468,C:\Windows\System32\svchost.exe,svchost.exe,,0.0,,168,2,,0,0,0,0,0.046875,0.078125,6110,0,5.84375,1.42578125,benign
0.15205092275069088,1492,C:\Windows\System32\svchost.exe,svchost.exe,,0.0,,146,3,,0,0,0,0,0.03125,0.109375,43,0,6.2265625,3.6015625,benign
0.30553268856365295,1512,C:\Windows\System32\svchost.exe,svchost.exe,,0.0,,246,2,,132,0,2125824,0,0.03125,0.296875,78,0,12.51171875,3.1875,benign
0.1716057779350645,1544,C:\Windows\System32\svchost.exe,svchost.exe,,0.0,,439,4,,34,0,714,0,0.40625,0.25,145,0,7.02734375,2.87109375,benign
0.32785384033508436,1564,C:\Windows\System32\svchost.exe,svchost.exe,,0.0,,220,3,,3,406,233633,4249850,0.859375,14.53125,5715,0,13.42578125,2.640625,benign
0.14098573640245993,1604,C:\Windows\System32\svchost.exe,svchost.exe,,0.0,,247,3,,0,0,0,0,0.03125,0.046875,885,0,5.7734375,1.3046875,benign
1.654722306747951,1612,C:\Users\keylogger\AppData\Local\Python\pythoncore-3.14-64\python.exe,python.exe,32.0,0.0,"['C:\\Users\\keylogger\\AppData\\Local\\Python\\pythoncore-3.14-64\\python.exe', '.\\generate_data.py']",140,4,"[popenfile(path='C:\\Windows\\System32\\en-US\\KernelBase.dll.mui', fd=-1), popenfile(path='C:\\Windows\\System32\\en-US\\tzres.dll.mui', fd=-1)]",931,0,13620890,0,0.546875,0.671875,2744,0,67.76171875,83.8046875,benign
0.17265506284739676,1688,C:\Windows\System32\svchost.exe,svchost.exe,,0.0,,232,5,,0,0,0,0,0.15625,0.1875,403,0,7.0703125,2.01953125,benign
5.2175215318033485,1788,MemCompression,MemCompression,,0.0,,0,42,,0,0,0,0,0.0,16.15625,250847,0,213.66015625,0.76171875,benign
0.175993696659363,1812,C:\Windows\System32\svchost.exe,svchost.exe,,0.0,,170,2,,108,0,2172,0,0.015625,0.0625,210,0,7.20703125,1.70703125,benign
0.35666148065547876,1876,C:\Windows\System32\svchost.exe,svchost.exe,,0.0,,392,6,,1,212,6,4146684,0.515625,0.96875,2055,0,14.60546875,5.85546875,benign
0.1773291501841495,1892,C:\Windows\System32\svchost.exe,svchost.exe,,0.0,,181,2,,0,0,0,0,0.0625,0.203125,179,0,7.26171875,1.70703125,benign
5.018538956610161,1912,C:\Users\keylogger\AppData\Local\Programs\Microsoft VS Code\Code.exe,Code.exe,32.0,0.0,"['C:\\Users\\keylogger\\AppData\\Local\\Programs\\Microsoft VS Code\\Code.exe', 'c:\\Users\\keylogger\\.vscode\\extensions\\ms-python.vscode-pylance-2025.9.1\\dist\\server.bundle.js', '--cancellationReceive=file:6cbe83d93c37c5dac4b480830829090b89c54a4b5b', '--node-ipc', '--clientProcessId=8264']",255,15,"[popenfile(path='C:\\Windows\\System32\\en-US\\mswsock.dll.mui', fd=-1), popenfile(path='C:\\Users\\keylogger\\AppData\\Roaming\\Code\\logs\\20251112T120431\\window3\\exthost\\vscode.github\\GitHub.log', fd=-1), popenfile(path='C:\\Users\\keylogger\\AppData\\Roaming\\Code\\logs\\20251112T120431\\window3\\exthost\\extHostTelemetry.log', fd=-1), popenfile(path='C:\\Users\\keylogger\\AppData\\Local\\Programs\\Microsoft VS Code\\icudtl.dat', fd=-1), popenfile(path='C:\\Users\\keylogger\\AppData\\Roaming\\Code\\logs\\20251112T120431\\window3\\exthost\\ms-python.python\\Python.log', fd=-1), popenfile(path='C:\\Users\\keylogger\\AppData\\Roaming\\Code\\logs\\20251112T120431\\window3\\exthost\\ms-python.debugpy\\Python Debugger.log', fd=-1), popenfile(path='C:\\Users\\keylogger\\AppData\\Roaming\\Code\\logs\\20251112T120431\\window3\\exthost\\vscode.github-authentication\\GitHub Authentication.log', fd=-1), popenfile(path='C:\\Users\\keylogger\\AppData\\Local\\Programs\\Microsoft VS Code\\v8_context_snapshot.bin', fd=-1), popenfile(path='C:\\Users\\keylogger\\AppData\\Roaming\\Code\\logs\\20251112T120431\\window3\\exthost\\vscode.git\\Git.log', fd=-1), popenfile(path='C:\\Users\\keylogger\\AppData\\Roaming\\Code\\logs\\20251112T120431\\window3\\exthost\\ms-python.vscode-python-envs\\Python Environments.log', fd=-1), popenfile(path='C:\\Users\\keylogger\\AppData\\Roaming\\Code\\logs\\20251112T120431\\window3\\exthost\\exthost.log', fd=-1)]",10973,1413,63585167,356218,25.1875,6.875,54191,0,205.51171875,404.10546875,benign
0.16845792319806777,1928,C:\Windows\System32\svchost.exe,svchost.exe,,0.0,,153,7,,0,0,0,0,0.859375,0.40625,2255,0,6.8984375,2.01953125,benign
0.16197143464910482,1992,C:\Windows\System32\svchost.exe,svchost.exe,,0.0,,129,1,,0,0,0,0,0.0,0.015625,73,0,6.6328125,1.37890625,benign
0.25669324537146115,2044,C:\Windows\System32\svchost.exe,svchost.exe,,0.0,,394,5,,4,4,464,640,0.078125,0.21875,1464,0,10.51171875,3.87890625,benign
0.7419398225563824,2108,C:\Program Files (x86)\Microsoft\Edge\Application\msedge.exe,msedge.exe,32.0,0.0,"['C:\\Program Files (x86)\\Microsoft\\Edge\\Application\\msedge.exe', '--type=utility', '--utility-sub-type=network.mojom.NetworkService', '--lang=en-US', '--service-sandbox-type=none', '--no-pre-read-main-dll', '--startup-read-main-dll', '--metrics-shmem-handle=2172,i,6761912627276131789,10037849722519012199,524288', '--field-trial-handle=2452,i,10829191207590845271,14026617899616111352,262144', '--variations-seed-version', '--trace-process-track-uuid=3190708989122997041', '--mojo-platform-channel-handle=2484', '/prefetch:3']",329,17,"[popenfile(path='C:\\Users\\keylogger\\AppData\\Local\\Microsoft\\Edge\\User Data\\Default\\Cache\\No_Vary_Search\\journal.baj', fd=-1), popenfile(path='C:\\Users\\keylogger\\AppData\\Local\\Microsoft\\Edge\\User Data\\Default\\Network\\Reporting and NEL', fd=-1), popenfile(path='C:\\Program Files (x86)\\Microsoft\\Edge\\Application\\142.0.3595.53\\v8_context_snapshot.bin', fd=-1), popenfile(path='C:\\Users\\keylogger\\AppData\\Local\\Microsoft\\Edge\\User Data\\Default\\Network\\Trust Tokens', fd=-1), popenfile(path='C:\\Windows\\Registration\\R000000000006.clb', fd=-1), popenfile(path='C:\\Program Files (x86)\\Microsoft\\Edge\\Application\\142.0.3595.53\\Locales\\en-US.pak', fd=-1), popenfile(path='C:\\Users\\keylogger\\AppData\\Local\\Microsoft\\Edge\\User Data\\Default\\Cache\\Cache_Data\\data_1', fd=-1), popenfile(path='C:\\Users\\keylogger\\AppData\\Local\\Microsoft\\Edge\\User Data\\Default\\Cache\\Cache_Data\\index', fd=-1), popenfile(path='C:\\Users\\keylogger\\AppData\\Local\\Microsoft\\Edge\\User Data\\Default\\Safe Browsing Network\\Safe Browsing Cookies', fd=-1), popenfile(path='C:\\Users\\keylogger\\AppData\\Local\\Microsoft\\Edge\\User Data\\Default\\Cache\\Cache_Data\\data_3', fd=-1), popenfile(path='C:\\Program Files (x86)\\Microsoft\\Edge\\Application\\142.0.3595.53\\icudtl.dat', fd=-1), popenfile(path='C:\\Users\\keylogger\\AppData\\Local\\Microsoft\\Edge\\User Data\\Default\\Cache\\Cache_Data\\data_0', fd=-1), popenfile(path='C:\\Users\\keylogger\\AppData\\Local\\Microsoft\\Edge\\User Data\\Default\\Cache\\Cache_Data\\data_2', fd=-1), popenfile(path='C:\\Users\\keylogger\\AppData\\Local\\Microsoft\\Edge\\User Data\\Default\\Network\\Cookies', fd=-1), popenfile(path='C:\\Program Files (x86)\\Microsoft\\Edge\\Application\\142.0.3595.53\\resources.pak', fd=-1), popenfile(path='C:\\Users\\keylogger\\AppData\\Local\\Microsoft\\Edge\\User Data\\Default\\Shared Dictionary\\db', fd=-1), popenfile(path='C:\\Program Files (x86)\\Microsoft\\Edge\\Application\\142.0.3595.53\\msedge_200_percent.pak', fd=-1), popenfile(path='C:\\Program Files (x86)\\Microsoft\\Edge\\Application\\142.0.3595.53\\msedge_100_percent.pak', fd=-1)]",285,147,1725738,35744,0.046875,0.21875,2227,0,30.3828125,10.9140625,benign
0.22759943643861252,2128,C:\Windows\System32\svchost.exe,svchost.exe,,0.0,,567,6,,0,0,0,0,0.078125,0.1875,123,0,9.3203125,2.8203125,benign
2.6842615848208538,2176,C:\Program Files (x86)\Microsoft\Edge\Application\msedge.exe,msedge.exe,32.0,0.0,"['C:\\Program Files (x86)\\Microsoft\\Edge\\Application\\msedge.exe', '--no-startup-window']",1163,48,"[popenfile(path='C:\\Users\\keylogger\\AppData\\Local\\Microsoft\\Edge\\User Data\\Default\\Login Data For Account', fd=-1), popenfile(path='C:\\Users\\keylogger\\AppData\\Local\\Microsoft\\Edge\\User Data\\GrShaderCache\\data_2', fd=-1), popenfile(path='C:\\Users\\keylogger\\AppData\\Local\\Microsoft\\Edge\\User Data\\Default\\Platform Notifications\\MANIFEST-000001', fd=-1), popenfile(path='C:\\Users\\keylogger\\AppData\\Local\\Microsoft\\Edge\\User Data\\Default\\Service Worker\\Database\\LOCK', fd=-1), popenfile(path='C:\\Users\\keylogger\\AppData\\Local\\Microsoft\\Edge\\User Data\\ZxcvbnData\\3.1.0.0\\ranked_dicts', fd=-1), popenfile(path='C:\\Users\\keylogger\\AppData\\Local\\Microsoft\\Edge\\User Data\\ShaderCache\\data_1', fd=-1), popenfile(path='C:\\Program Files (x86)\\Microsoft\\Edge\\Application\\142.0.3595.53\\msedge_200_percent.pak', fd=-1), popenfile(path='C:\\Users\\keylogger\\AppData\\Local\\Microsoft\\Edge\\User Data\\GraphiteDawnCache\\data_3', fd=-1), popenfile(path='C:\\Users\\keylogger\\AppData\\Local\\Microsoft\\Edge\\User Data\\Default\\shared_proto_db\\MANIFEST-000001', fd=-1), popenfile(path='C:\\Users\\keylogger\\AppData\\Local\\Microsoft\\Edge\\User Data\\Default\\heavy_ad_intervention_opt_out.db', fd=-1), popenfile(path='C:\\Users\\keylogger\\AppData\\Local\\Microsoft\\Edge\\User Data\\Default\\Sync Data\\LevelDB\\MANIFEST-000001', fd=-1), popenfile(path='C:\\Users\\keylogger\\AppData\\Local\\Microsoft\\Edge\\User Data\\lockfile', fd=-1), popenfile(path='C:\\Users\\keylogger\\AppData\\Local\\Microsoft\\Edge\\User Data\\Default\\BrowsingTopicsSiteData', fd=-1), popenfile(path='C:\\Users\\keylogger\\AppData\\Local\\Microsoft\\Edge\\User Data\\BrowserMetrics\\BrowserMetrics-6914E026-880.pma', fd=-1), popenfile(path='C:\\Users\\keylogger\\AppData\\Local\\Microsoft\\Edge\\User Data\\Default\\ExtensionActivityComp', fd=-1), popenfile(path='C:\\Users\\keylogger\\AppData\\Local\\Microsoft\\Edge\\User Data\\Default\\SharedStorage', fd=-1), popenfile(path='C:\\Users\\keylogger\\AppData\\Local\\Microsoft\\Edge\\User Data\\Default\\shared_proto_db\\metadata\\000003.log', fd=-1), popenfile(path='C:\\Users\\keylogger\\AppData\\Local\\Microsoft\\Edge\\User Data\\Default\\EdgeHubAppUsage\\EdgeHubAppUsageSQLite.db', fd=-1), popenfile(path='C:\\Windows\\System32\\en-US\\kernel32.dll.mui', fd=-1), popenfile(path='C:\\Users\\keylogger\\AppData\\Local\\Microsoft\\Edge\\User Data\\Default\\SharedStorage-wal', fd=-1), popenfile(path='C:\\Users\\keylogger\\AppData\\Local\\Microsoft\\Edge\\User Data\\Subresource Filter\\Indexed Rules\\37\\10.34.0.81\\Ruleset Data', fd=-1), popenfile(path='C:\\Users\\keylogger\\AppData\\Local\\Microsoft\\Edge\\User Data\\Default\\Sync Data\\LevelDB\\LOCK', fd=-1), popenfile(path='C:\\Users\\keylogger\\AppData\\Local\\Microsoft\\Edge\\User Data\\Default\\Extension State\\000003.log', fd=-1), popenfile(path='C:\\Users\\keylogger\\AppData\\Local\\Microsoft\\Edge\\User Data\\Default\\Platform Notifications\\LOCK', fd=-1), popenfile(path='C:\\Users\\keylogger\\AppData\\Local\\Microsoft\\Edge\\User Data\\Default\\Vpn Tokens', fd=-1), popenfile(path='C:\\Users\\keylogger\\AppData\\Local\\Microsoft\\Edge\\User Data\\first_party_sets.db-journal', fd=-1), popenfile(path='C:\\Users\\keylogger\\AppData\\Local\\Microsoft\\Edge\\User Data\\Default\\Sync Data\\LevelDB\\000003.log', fd=-1), popenfile(path='C:\\Users\\keylogger\\AppData\\Local\\Microsoft\\Edge\\User Data\\Default\\Login Data', fd=-1), popenfile(path='C:\\Windows\\Registration\\R000000000006.clb', fd=-1), popenfile(path='C:\\Users\\keylogger\\AppData\\Local\\Microsoft\\Edge\\User Data\\Default\\Platform Notifications\\LOG', fd=-1), popenfile(path='C:\\Users\\keylogger\\AppData\\Local\\Microsoft\\Edge\\User Data\\Default\\Service Worker\\Database\\LOG', fd=-1), popenfile(path='C:\\Users\\keylogger\\AppData\\Local\\Microsoft\\Edge\\User Data\\GrShaderCache\\data_0', fd=-1), popenfile(path='C:\\Users\\keylogger\\AppData\\Local\\Microsoft\\Edge\\User Data\\Default\\Web Data', fd=-1), popenfile(path='C:\\Users\\keylogger\\AppData\\Local\\Microsoft\\Edge\\User Data\\Default\\Top Sites', fd=-1), popenfile(path='C:\\Users\\keylogger\\AppData\\Local\\Microsoft\\Edge\\User Data\\Default\\Platform Notifications\\000003.log', fd=-1), popenfile(path='C:\\Users\\keylogger\\AppData\\Local\\Microsoft\\Edge\\User Data\\Default\\shared_proto_db\\metadata\\MANIFEST-000001', fd=-1), popenfile(path='C:\\Users\\keylogger\\AppData\\Local\\Microsoft\\Edge\\User Data\\Default\\EdgeEDrop\\EdgeEDropSQLite.db', fd=-1), popenfile(path='C:\\Users\\keylogger\\AppData\\Local\\Microsoft\\Edge\\User Data\\ShaderCache\\data_2', fd=-1), popenfile(path='C:\\Program Files (x86)\\Microsoft\\Edge\\Application\\142.0.3595.53\\resources.pak', fd=-1), popenfile(path='C:\\Users\\keylogger\\AppData\\Local\\Microsoft\\Edge\\User Data\\Default\\Site Characteristics Database\\LOG', fd=-1), popenfile(path='C:\\Users\\keylogger\\AppData\\Local\\Microsoft\\Edge\\User Data\\GraphiteDawnCache\\data_0', fd=-1), popenfile(path='C:\\Users\\keylogger\\AppData\\Local\\Microsoft\\Edge\\User Data\\Default\\shared_proto_db\\LOCK', fd=-1), popenfile(path='C:\\Users\\keylogger\\AppData\\Local\\Microsoft\\Edge\\User Data\\ShaderCache\\index', fd=-1), popenfile(path='C:\\Users\\keylogger\\AppData\\Local\\Microsoft\\Edge\\User Data\\GraphiteDawnCache\\index', fd=-1), popenfile(path='C:\\Users\\keylogger\\AppData\\Local\\Microsoft\\Edge\\User Data\\Default\\Extension State\\MANIFEST-000001', fd=-1), popenfile(path='C:\\Users\\keylogger\\AppData\\Local\\Microsoft\\Edge\\User Data\\Default\\Favicons', fd=-1), popenfile(path='C:\\Users\\keylogger\\AppData\\Local\\Microsoft\\Edge\\User Data\\Default\\ExtensionActivityEdge', fd=-1), popenfile(path='C:\\Users\\keylogger\\AppData\\Local\\Microsoft\\Edge\\User Data\\Default\\Service Worker\\Database\\MANIFEST-000001', fd=-1), popenfile(path='C:\\Windows\\System32\\en-US\\Windows.Security.Authentication.Web.Core.dll.mui', fd=-1), popenfile(path='C:\\Users\\keylogger\\AppData\\Local\\Microsoft\\Edge\\User Data\\Default\\History', fd=-1), popenfile(path='C:\\Users\\keylogger\\AppData\\Local\\Microsoft\\Edge\\User Data\\Default\\EdgeJourneys\\EdgeJourneys.db-wal', fd=-1), popenfile(path='C:\\Users\\keylogger\\AppData\\Local\\Microsoft\\Edge\\User Data\\Default\\shared_proto_db\\LOG', fd=-1), popenfile(path='C:\\Users\\keylogger\\AppData\\Local\\Microsoft\\Edge\\User Data\\Default\\Nurturing\\campaign_history', fd=-1), popenfile(path='C:\\Windows\\System32\\en-US\\propsys.dll.mui', fd=-1), popenfile(path='C:\\Program Files (x86)\\Microsoft\\Edge\\Application\\142.0.3595.53\\Locales\\en-US.pak', fd=-1), popenfile(path='C:\\Users\\keylogger\\AppData\\Local\\Microsoft\\Edge\\User Data\\Default\\Local Storage\\leveldb\\LOCK', fd=-1), popenfile(path='C:\\Users\\keylogger\\AppData\\Local\\Microsoft\\Edge\\User Data\\Default\\EdgeJourneys\\EdgeJourneys.db', fd=-1), popenfile(path='C:\\Users\\keylogger\\AppData\\Local\\Microsoft\\Edge\\User Data\\GrShaderCache\\data_1', fd=-1), popenfile(path='C:\\Users\\keylogger\\AppData\\Local\\Microsoft\\Edge\\User Data\\Default\\Site Characteristics Database\\000003.log', fd=-1), popenfile(path='C:\\Program Files (x86)\\Microsoft\\Edge\\Application\\142.0.3595.53\\msedge_100_percent.pak', fd=-1), popenfile(path='C:\\Users\\keylogger\\AppData\\Local\\Microsoft\\Edge\\User Data\\GrShaderCache\\data_3', fd=-1), popenfile(path='C:\\Users\\keylogger\\AppData\\Local\\Microsoft\\Edge\\User Data\\GraphiteDawnCache\\data_1', fd=-1), popenfile(path='C:\\Users\\keylogger\\AppData\\Local\\Microsoft\\Edge\\User Data\\Default\\History-journal', fd=-1), popenfile(path='C:\\Users\\keylogger\\AppData\\Local\\Microsoft\\Edge\\User Data\\Default\\Site Characteristics Database\\MANIFEST-000001', fd=-1), popenfile(path='C:\\Users\\keylogger\\AppData\\Local\\Microsoft\\Edge\\User Data\\Nurturing\\campaign_history', fd=-1), popenfile(path='C:\\Users\\keylogger\\AppData\\Local\\Microsoft\\Edge\\User Data\\Default\\Site Characteristics Database\\LOCK', fd=-1), popenfile(path='C:\\Users\\keylogger\\AppData\\Local\\Microsoft\\Edge\\User Data\\Default\\Extension State\\LOG', fd=-1), popenfile(path='C:\\Users\\keylogger\\AppData\\Local\\Microsoft\\Edge\\User Data\\Default\\shared_proto_db\\metadata\\LOG', fd=-1), popenfile(path='C:\\Users\\keylogger\\AppData\\Local\\Microsoft\\Edge\\User Data\\GrShaderCache\\index', fd=-1), popenfile(path='C:\\Users\\keylogger\\AppData\\Local\\Microsoft\\Edge\\User Data\\Default\\shared_proto_db\\metadata\\LOCK', fd=-1), popenfile(path='C:\\Users\\keylogger\\AppData\\Local\\Microsoft\\Edge\\User Data\\ShaderCache\\data_3', fd=-1), popenfile(path='C:\\Program Files (x86)\\Microsoft\\Edge\\Application\\142.0.3595.53\\icudtl.dat', fd=-1), popenfile(path='C:\\Users\\keylogger\\AppData\\Local\\Microsoft\\Edge\\User Data\\GraphiteDawnCache\\data_2', fd=-1), popenfile(path='C:\\Users\\keylogger\\AppData\\Local\\Microsoft\\Edge\\User Data\\Safe Browsing\\ChromeExtMalware.store.32_13407429720145065', fd=-1), popenfile(path='C:\\Windows\\System32\\en-US\\KernelBase.dll.mui', fd=-1), popenfile(path='C:\\Users\\keylogger\\AppData\\Local\\Microsoft\\Edge\\User Data\\Default\\Extension State\\LOCK', fd=-1), popenfile(path='C:\\Users\\keylogger\\AppData\\Local\\Microsoft\\Edge\\User Data\\first_party_sets.db', fd=-1), popenfile(path='C:\\Users\\keylogger\\AppData\\Local\\Microsoft\\Edge\\User Data\\Default\\Sync Data\\LevelDB\\LOG', fd=-1), popenfile(path='C:\\Users\\keylogger\\AppData\\Local\\Microsoft\\Edge\\User Data\\Default\\ServerCertificate', fd=-1), popenfile(path='C:\\Users\\keylogger\\AppData\\Local\\Microsoft\\Edge\\User Data\\ShaderCache\\data_0', fd=-1), popenfile(path='C:\\Users\\keylogger\\AppData\\Local\\Microsoft\\Edge\\User Data\\Default\\WebAssistDatabase', fd=-1), popenfile(path='C:\\Users\\keylogger\\AppData\\Local\\Microsoft\\Edge\\User Data\\Default\\shared_proto_db\\000003.log', fd=-1), popenfile(path='C:\\Users\\keylogger\\AppData\\Local\\Microsoft\\Edge\\User Data\\Default\\Service Worker\\Database\\000003.log', fd=-1)]",994,721,7070294,936618,1.0625,1.09375,12827,0,109.921875,42.57421875,benign
0.21748814546522907,2196,C:\Windows\System32\svchost.exe,svchost.exe,,0.0,,240,7,,0,0,0,0,0.3125,0.421875,351,0,8.90625,2.515625,benign
0.28912568811627604,2228,C:\Windows\System32\svchost.exe,svchost.exe,,0.0,,331,9,,0,0,0,0,0.15625,0.140625,294,0,11.83984375,2.83984375,benign
0.1905882958945297,2324,C:\Windows\System32\svchost.exe,svchost.exe,,0.0,,282,11,,2,0,824,0,0.265625,0.484375,1242,0,7.8046875,2.9765625,benign
0.24982519867255917,2332,C:\Windows\System32\svchost.exe,svchost.exe,,0.0,,216,3,,0,0,0,0,0.046875,0.046875,261,0,10.23046875,2.3671875,benign
0.20480133697975741,2344,C:\Windows\System32\svchost.exe,svchost.exe,,0.0,,369,4,,0,0,0,0,0.0625,0.03125,305,0,8.38671875,2.1640625,benign
0.2950398394403305,2432,C:\Windows\System32\svchost.exe,svchost.exe,,0.0,,200,2,,0,0,0,0,0.0625,0.140625,545,0,12.08203125,2.21484375,benign
0.39510346426183285,2512,C:\Windows\System32\svchost.exe,svchost.exe,,0.0,,190,8,,3662,61,14879728,152152,5.015625,2.203125,546,0,16.1796875,8.1640625,benign
0.17408590590966802,2524,C:\Windows\System32\svchost.exe,svchost.exe,,0.0,,188,5,,0,0,0,0,0.203125,0.421875,189,0,7.12890625,2.05078125,benign
0.1686487022730373,2556,C:\Program Files\VMware\VMware Tools\VMware VGAuth\VGAuthService.exe,VGAuthService.exe,,0.0,,166,2,,30,22,32424,2280,0.0625,0.0625,368,0,6.90625,2.45703125,benign
0.3639110855043197,2616,C:\Windows\System32\notepad.exe,notepad.exe,32.0,0.0,['C:\\Windows\\system32\\notepad.exe'],244,1,"[popenfile(path='C:\\Windows\\SystemResources\\notepad.exe.mun', fd=-1), popenfile(path='C:\\Windows\\System32\\en-US\\notepad.exe.mui', fd=-1), popenfile(path='C:\\Windows\\Fonts\\StaticCache.dat', fd=-1), popenfile(path='C:\\Windows\\Registration\\R000000000006.clb', fd=-1)]",2,0,16441,0,0.265625,0.6875,16145,0,14.90234375,2.5625,benign
0.24066780307402322,2620,C:\Windows\System32\spoolsv.exe,spoolsv.exe,,0.0,,440,7,,2,2,232,320,0.03125,0.203125,512,0,9.85546875,5.09375,benign
0.822448592193511,2664,C:\Program Files (x86)\Microsoft\EdgeWebView\Application\142.0.3595.69\msedgewebview2.exe,msedgewebview2.exe,64.0,0.0,"['C:\\Program Files (x86)\\Microsoft\\EdgeWebView\\Application\\142.0.3595.69\\msedgewebview2.exe', '--type=renderer', '--noerrdialogs', '--user-data-dir=C:\\Users\\keylogger\\AppData\\Local\\Packages\\Microsoft.Windows.Search_cw5n1h2txyewy\\LocalState\\EBWebView', '--webview-exe-name=SearchApp.exe', '--webview-exe-version=10.0.19041.6282', '--embedded-browser-webview=1', '--dma-cps-flags=0', '--disable-gpu-compositing', '--video-capture-use-gpu-memory-buffer', '--lang=en-US', '--device-scale-factor=1', '--num-raster-threads=1', '--renderer-client-id=6', '--js-flags=--expose-gc --ms-user-locale=', '--time-ticks-at-unix-epoch=-1762966986880537', '--launch-time-ticks=518453526', '--skip-read-main-dll', '--metrics-shmem-handle=4500,i,948113611335452428,4741393019763837572,2097152', '--field-trial-handle=1936,i,2534396607517605442,16715881984632097342,262144', '--enable-features=ForceSWDCompWhenDCompFallbackRequired,LocalNetworkAccessForFencedFrameNavigationsWarningOnly,LocalNetworkAccessForNavigationsWarningOnly,LocalNetworkAccessForSubframeNavigationsWarningOnly,LocalNetworkAccessForWorkersWarningOnly,msAggressiveCacheTrimming,msCustomDataPartition,msEmbeddedBrowserVisualHosting,msWebView2NoTabForScreenShare,msWebViewAppLifeCycleWorkaround', '--disable-features=BackForwardCache,BackgroundTabLoadingFromPerformanceManager,CloseOmniboxPopupOnInactiveAreaClick,CollectAVProductsInfo,CollectCodeIntegrityInfo,DeferSpeculativeRFHCreation,EnableHangWatcher,FilterAdsOnAbusiveSites,GetWifiProtocol,LoginDetection,MediaFoundationCameraUsageMonitoring,PreconnectToSearch,PreloadingEagerHeuristics,SafetyHub,SegmentationPlatform,ServiceWorkerAutoPreload,SpareRendererForSitePerProcess,Ukm,WebPayments,msAITrackerClassification,msAbydosForWindowlessWV2,msAffirmVirtualCard,msAllowChromeWebstore,msAllowMSAPrtSSOForNonMSAProfile,msApplicationGuard,msAskBeforeClosingMultipleTabs,msAutoToggleAADPrtSSOForNonAADProfile,msAutofillEdgeServiceRequest,msAutofillEnableEdgeSuggestions,msAutomaticTabFreeze,msBrowserSettingsSupported,msCoarseGeolocationService,msDataProtection,msDesktopMode,msDesktopRewards,msDisableVariationsSeedFetchThrottling,msEEProactiveHistory,msETFOffstoreExtensionFileDataCollection,msETFPasswordTheftDNRActionSignals,msEdgeAdPlatformUI,msEdgeAddWebCapturetoCollections,msEdgeAutofillShowDeployedPassword,msEdgeCaptureSelectionInPDF,msEdgeCloudConfigService,msEdgeCloudConfigServiceV2,msEdgeCohorts,msEdgeCollectionsPrismExperiment1,msEdgeCollectionsPrismOverallMigration,msEdgeComposeNext,msEdgeEnableNurturingFramework,msEdgeEnclavePrefsBasic,msEdgeEnclavePrefsNotification,msEdgeFaviconService,msEdgeHJTelemetry,msEdgeHubAppSkype,msEdgeImageEditorUI,msEdgeLinkDoctor,msEdgeMouseGestureDefaultEnabled,msEdgeMouseGestureSupported,msEdgeNewDeviceFre,msEdgeOnRampFRE,msEdgeOnRampImport,msEdgePDFCMHighlightUX,msEdgePasswordIris,msEdgePasswordIrisSaveBubble,msEdgePasswordStrengthCheck,msEdgePinpointFramework,msEdgeProngPersonalization,msEdgeReadingView,msEdgeRose,msEdgeScreenshotUI,msEdgeSendTabToSelf,msEdgeSettingsImport,msEdgeSettingsImportV2,msEdgeShoppingPersistentStorage,msEdgeShoppingUI,msEdgeSmartFind,msEdgeSuperDragDefaultEnabled,msEdgeSuperDragDropSupported,msEdgeTranslate,msEdgeUpdatesMoreMenuPill,msEdgeWebCapture,msEdgeWebCaptureUniformExperience,msEdgeWebContentFilteringFeedback,msEdgeWorkSearchBanner,msEnableCustomJobMemoryLimitsOnXbox,msEnableMIPForPDF,msEnablePdfUpsell,msEnableThirdPartyScanning,msEnableWebSignInCta,msEnableWebToBrowserSignIn,msEndpointDlp,msEntityExtraction,msExtensionTelemetryFramework,msExternalTaskManager,msFileSystemAccessDirectoryIterationBlocklistCheck,msForceBrowserSignIn,msForeignSessionsPage,msGeolocationAccessService,msGeolocationOSLocationPermissionFallback,msGeolocationSQMService,msGeolocationService,msGrowthInfraLaunchSourceLogging,msGuidedSwitchAllowed,msHubPinPersist,msImplicitSignin,msIrm,msIrmv2,msKlarnaVirtualCard,msLlmConsumerDlpPurview,msLoadStatistics,msLogIsEdgePinnedToTaskbarOnLaunch,msMIPCrossTenantPdfViewSupport,msMdatpWebSiteDlp,msNotificationPermissionForPWA,msNumberOfSitesToPin,msNurturingGlobalSitePinningOnCloseModal,msNurturingSitePinningCITopSites,msNurturingSitePinningWithWindowsConsent,msOnHoverSearchInSidebar,msOpenOfficeDocumentsInWebViewer,msPageInteractionRestrictionRevoke,msPasswordBreachDetection,msPdfAnnotationsVisibility,msPdfDataRecovery,msPdfDigitalSignatureRead,msPdfFreeText,msPdfFreeTextForCJK,msPdfHighlightMode,msPdfInking,msPdfKeyphraseSupport,msPdfOOUI,msPdfPopupMarkerRenderer,msPdfShare,msPdfSharedLibrary,msPdfTextNote,msPdfTextNoteMoreMenu,msPdfThumbnailCache,msPdfUnderside,msPdfViewRestore,msPersonalizationUMA,msPriceComparison,msPrintInWebView2,msPromptDefaultHandlerForPDF,msReactiveSearch,msReadAloud,msReadAloudPdf,msRedirectToShoreline,msRevokeExtensions,msSaasDlp,msShoppingTrigger,msShorelineSearch,msShorelineSearchFindOnPageWebUI,msShowOfflineGameEntrance,msShowReadAloudIconInAddressBar,msShowUXForAADPrtSSOForNonAADProfile,msSitePinningWithoutUi,msSuspendMessageForNewSessionWhenHavingPendingNavigation,msSyncEdgeCollections,msTabResourceStats,msTokenizationAutofillInlineEnabled,msTouchMode,msTriggeringSignalGenerator,msUserUnderstanding,msVideoSuperResolutionUI,msWalletBuyNow,msWalletCheckout,msWalletDiagnosticDataLogger,msWalletHubEntry,msWalletHubIntlP3,msWalletPartialCard,msWalletPasswordCategorization,msWalletPasswordCategorizationPlatformExpansion,msWalletTokenizationCardMetadata,msWalletTokenizedAutofill,msWebAssist,msWebAssistHistorySearchService,msWebOOUI,msWindowsTaskManager,msWindowsUserActivities,msZipPayVirtualCard', '--variations-seed-version', '--trace-process-track-uuid=3190708991934122588', '--mojo-platform-channel-handle=4516', '/prefetch:1']",227,15,"[popenfile(path='C:\\Windows\\Fonts\\ariali.ttf', fd=-1), popenfile(path='C:\\Windows\\Fonts\\arialbi.ttf', fd=-1), popenfile(path='C:\\Windows\\Fonts\\arial.ttf', fd=-1), popenfile(path='C:\\Program Files (x86)\\Microsoft\\EdgeWebView\\Application\\142.0.3595.69\\icudtl.dat', fd=-1), popenfile(path='C:\\Windows\\Fonts\\timesi.ttf', fd=-1), popenfile(path='C:\\Windows\\Fonts\\times.ttf', fd=-1), popenfile(path='C:\\Program Files (x86)\\Microsoft\\EdgeWebView\\Application\\142.0.3595.69\\resources.pak', fd=-1), popenfile(path='C:\\Program Files (x86)\\Microsoft\\EdgeWebView\\Application\\142.0.3595.69\\Locales\\en-US.pak', fd=-1), popenfile(path='C:\\Program Files (x86)\\Microsoft\\EdgeWebView\\Application\\142.0.3595.69\\v8_context_snapshot.bin', fd=-1), popenfile(path='C:\\Users\\keylogger\\AppData\\Local\\Packages\\Microsoft.Windows.Search_cw5n1h2txyewy\\AC\\Temp\\b2478c88-bbbb-46c8-87aa-8f999a2f500f.tmp', fd=-1), popenfile(path='C:\\Windows\\Fonts\\timesbi.ttf', fd=-1), popenfile(path='C:\\Program Files (x86)\\Microsoft\\EdgeWebView\\Application\\142.0.3595.69\\msedge_100_percent.pak', fd=-1), popenfile(path='C:\\Windows\\Fonts\\arialbd.ttf', fd=-1), popenfile(path='C:\\Windows\\Fonts\\ariblk.ttf', fd=-1), popenfile(path='C:\\Windows\\Fonts\\timesbd.ttf', fd=-1), popenfile(path='C:\\Program Files (x86)\\Microsoft\\EdgeWebView\\Application\\142.0.3595.69\\msedge_200_percent.pak', fd=-1)]",68,151,89936,23824,0.140625,0.078125,668,0,33.6796875,23.60546875,benign
0.14890306801369413,2696,C:\Windows\System32\svchost.exe,svchost.exe,,0.0,,114,2,,1,0,3391,0,0.0,0.015625,45,0,6.09765625,1.27734375,benign
0.3124007352625549,2716,C:\Windows\System32\svchost.exe,svchost.exe,,0.0,,402,10,,1,2,116,32928,0.65625,0.59375,625,0,12.79296875,9.1015625,benign
0.17446746405960703,2748,C:\Windows\System32\svchost.exe,svchost.exe,,0.0,,188,5,,634,428,40848,67356,0.09375,0.046875,1706,0,7.14453125,1.94140625,benign
0.1498569633885416,2868,C:\Program Files (x86)\Microsoft\EdgeWebView\Application\142.0.3595.69\msedgewebview2.exe,msedgewebview2.exe,32.0,0.0,"['C:\\Program Files (x86)\\Microsoft\\EdgeWebView\\Application\\142.0.3595.69\\msedgewebview2.exe', '--type=crashpad-handler', '--user-data-dir=C:\\Users\\keylogger\\AppData\\Local\\Packages\\Microsoft.Windows.Search_cw5n1h2txyewy\\LocalState\\EBWebView', '/prefetch:4', '--monitor-self-annotation=ptype=crashpad-handler', '--database=C:\\Users\\keylogger\\AppData\\Local\\Packages\\Microsoft.Windows.Search_cw5n1h2txyewy\\LocalState\\EBWebView\\Crashpad', '--annotation=IsOfficialBuild=1', '--annotation=channel=', '--annotation=chromium-version=142.0.7444.135', '--annotation=exe=C:\\Program Files (x86)\\Microsoft\\EdgeWebView\\Application\\142.0.3595.69\\msedgewebview2.exe', '--annotation=plat=Win64', '--annotation=prod=Edge WebView2', '--annotation=ver=142.0.3595.69', '--initial-client-data=0x178,0x17c,0x180,0x154,0xf8,0x7ffc6b3adb58,0x7ffc6b3adb64,0x7ffc6b3adb70']",147,11,[],15,6,6160,72,0.015625,0.0,119,0,6.13671875,2.125,benign
0.36190790521714,2896,C:\Windows\System32\svchost.exe,svchost.exe,,0.0,,278,5,,0,0,0,0,0.375,0.5625,154,0,14.8203125,3.3125,benign
0.2920827637783033,2972,C:\Windows\System32\svchost.exe,svchost.exe,,0.0,,253,5,,241,60,9128880,303410,0.171875,0.296875,842,0,11.9609375,3.39453125,benign
0.6311925695365881,2980,C:\Windows\System32\svchost.exe,svchost.exe,,0.0,,517,10,,216,120,8435911,222659,3.203125,1.515625,19478,0,25.84765625,16.90234375,benign
0.46149458235121854,2992,C:\Windows\System32\svchost.exe,svchost.exe,,0.0,,341,13,,616,413,72586696,2684934,2.953125,9.0625,46205,0,18.8984375,16.99609375,benign
0.4181877323331422,3000,C:\Windows\System32\svchost.exe,svchost.exe,,0.0,,417,22,,6517,24,52838792,483632,3.375,2.09375,13393,0,17.125,9.71875,benign
0.870811087698279,3032,C:\Windows\System32\SearchIndexer.exe,SearchIndexer.exe,,0.0,,776,19,,2302,1314,9921122,24594160,6.34375,1.109375,21650,0,35.66015625,29.0546875,benign
0.4040700807853993,3048,C:\ProgramData\Microsoft\Windows Defender\Platform\4.18.25090.3009-0\MpDefenderCoreService.exe,MpDefenderCoreService.exe,,0.0,,418,9,,136,4,1341661,9504,0.09375,0.515625,419,0,16.546875,7.48828125,benign
0.20317971484251662,3068,C:\Windows\System32\svchost.exe,svchost.exe,,0.0,,213,7,,1092,729,71832,119868,0.21875,0.046875,2773,0,8.3203125,2.375,benign
0.14012723056509716,3088,C:\Windows\System32\vm3dservice.exe,vm3dservice.exe,,0.0,,128,3,,0,0,0,0,0.03125,0.03125,3853,0,5.73828125,1.5546875,benign
0.37287770202788617,3100,C:\Program Files\VMware\VMware Tools\vmtoolsd.exe,vmtoolsd.exe,,0.0,,308,12,,1177,606,16424,129880,0.40625,0.796875,53647,0,15.26953125,6.21875,benign
4.471003011447698,3108,C:\ProgramData\Microsoft\Windows Defender\Platform\4.18.25090.3009-0\MsMpEng.exe,MsMpEng.exe,,0.0,,841,24,,1478,467,209672560,1241214,51.359375,17.5625,151878,0,183.08984375,312.23828125,benign
0.3773610102896694,3120,C:\Windows\System32\svchost.exe,svchost.exe,,0.0,,231,2,,751,32,3085244,65920,0.125,0.0625,86,0,15.453125,2.96875,benign
0.2203498315897716,3128,C:\Windows\System32\svchost.exe,svchost.exe,,0.0,,371,5,,1,1,116,160,0.0625,0.03125,200,0,9.0234375,2.71875,benign
0.12944360236680522,3136,C:\Windows\System32\svchost.exe,svchost.exe,,0.0,,136,3,,1,0,512,0,0.015625,0.0,122,0,5.30078125,1.26953125,benign
0.5578380152108157,3164,C:\Windows\System32\smartscreen.exe,smartscreen.exe,32.0,0.0,"['C:\\Windows\\System32\\smartscreen.exe', '-Embedding']",383,11,"[popenfile(path='C:\\Windows\\Registration\\R000000000006.clb', fd=-1), popenfile(path='C:\\Windows\\System32\\en-US\\Windows.Web.Http.dll.mui', fd=-1), popenfile(path='C:\\Windows\\System32\\en-US\\smartscreen.exe.mui', fd=-1), popenfile(path='C:\\Windows\\System32\\en-US\\wininet.dll.mui', fd=-1), popenfile(path='C:\\Windows\\System32\\WinMetadata\\Windows.Foundation.winmd', fd=-1), popenfile(path='C:\\Windows\\System32\\en-US\\KernelBase.dll.mui', fd=-1), popenfile(path='C:\\Windows\\System32\\en-US\\netmsg.dll.mui', fd=-1)]",3,1,168,160,0.03125,0.0625,420,0,22.84375,7.90625,benign
1.8638161729145224,3220,C:\Windows\System32\WindowsPowerShell\v1.0\powershell.exe,powershell.exe,32.0,0.0,"['C:\\Windows\\System32\\WindowsPowerShell\\v1.0\\powershell.exe', '-noexit', '-command', 'try { . ""c:\\Users\\keylogger\\AppData\\Local\\Programs\\Microsoft VS Code\\resources\\app\\out\\vs\\workbench\\contrib\\terminal\\common\\scripts\\shellIntegration.ps1"" } catch {}']",630,9,"[popenfile(path='C:\\Program Files\\WindowsPowerShell\\Modules\\PSReadline\\2.0.0\\Microsoft.PowerShell.PSReadline.dll', fd=-1), popenfile(path='C:\\Windows\\Microsoft.NET\\assembly\\GAC_MSIL\\System.Xml\\v4.0_4.0.0.0__b77a5c561934e089\\System.XML.dll', fd=-1), popenfile(path='C:\\Windows\\Microsoft.NET\\assembly\\GAC_MSIL\\Microsoft.PowerShell.Commands.Utility\\v4.0_3.0.0.0__31bf3856ad364e35\\Microsoft.PowerShell.Commands.Utility.dll', fd=-1), popenfile(path='C:\\Windows\\Microsoft.NET\\assembly\\GAC_MSIL\\System.Windows.Forms\\v4.0_4.0.0.0__b77a5c561934e089\\System.Windows.Forms.dll', fd=-1), popenfile(path='C:\\Windows\\Microsoft.NET\\assembly\\GAC_MSIL\\System.Dynamic\\v4.0_4.0.0.0__b03f5f7f11d50a3a\\System.Dynamic.dll', fd=-1), popenfile(path='C:\\Windows\\System32\\en-US\\crypt32.dll.mui', fd=-1), popenfile(path='C:\\Windows\\Microsoft.NET\\assembly\\GAC_MSIL\\Microsoft.Management.Infrastructure\\v4.0_1.0.0.0__31bf3856ad364e35\\Microsoft.Management.Infrastructure.dll', fd=-1), popenfile(path='C:\\Windows\\Microsoft.NET\\assembly\\GAC_MSIL\\System.Numerics\\v4.0_4.0.0.0__b77a5c561934e089\\System.Numerics.dll', fd=-1), popenfile(path='C:\\Windows\\System32\\en-US\\winnlsres.dll.mui', fd=-1), popenfile(path='C:\\Windows\\Microsoft.NET\\assembly\\GAC_MSIL\\Microsoft.PowerShell.Commands.Management\\v4.0_3.0.0.0__31bf3856ad364e35\\Microsoft.PowerShell.Commands.Management.dll', fd=-1), popenfile(path='C:\\Windows\\System32\\WindowsPowerShell\\v1.0\\en-US\\powershell.exe.mui', fd=-1), popenfile(path='C:\\Windows\\Microsoft.NET\\assembly\\GAC_MSIL\\Microsoft.CSharp\\v4.0_4.0.0.0__b03f5f7f11d50a3a\\Microsoft.CSharp.dll', fd=-1), popenfile(path='C:\\Windows\\Microsoft.NET\\assembly\\GAC_MSIL\\Microsoft.PowerShell.ConsoleHost\\v4.0_3.0.0.0__31bf3856ad364e35\\Microsoft.PowerShell.ConsoleHost.dll', fd=-1), popenfile(path='C:\\Windows\\Microsoft.NET\\assembly\\GAC_MSIL\\Microsoft.PowerShell.Security\\v4.0_3.0.0.0__31bf3856ad364e35\\Microsoft.PowerShell.Security.dll', fd=-1), popenfile(path='C:\\Windows\\System32\\en-US\\KernelBase.dll.mui', fd=-1), popenfile(path='C:\\Windows\\Microsoft.NET\\assembly\\GAC_MSIL\\System.Management.Automation\\v4.0_3.0.0.0__31bf3856ad364e35\\System.Management.Automation.dll', fd=-1)]",189,65,584385,897,3.09375,0.84375,15131,0,76.32421875,57.64453125,benign
0.15806046361223008,3256,C:\Windows\System32\vm3dservice.exe,vm3dservice.exe,,0.0,,135,4,,0,0,0,0,0.03125,0.40625,13606,0,6.47265625,1.70703125,benign
0.12572341040489998,3264,C:\Windows\System32\svchost.exe,svchost.exe,,0.0,,114,2,,0,0,0,0,0.0,0.078125,56,0,5.1484375,1.26171875,benign
1.9067414647826595,3380,C:\Windows\System32\WindowsPowerShell\v1.0\powershell.exe,powershell.exe,32.0,0.0,"['C:\\Windows\\System32\\WindowsPowerShell\\v1.0\\powershell.exe', '-noexit', '-command', 'try { . ""c:\\Users\\keylogger\\AppData\\Local\\Programs\\Microsoft VS Code\\resources\\app\\out\\vs\\workbench\\contrib\\terminal\\common\\scripts\\shellIntegration.ps1"" } catch {}']",892,11,"[popenfile(path='C:\\Program Files\\WindowsPowerShell\\Modules\\PSReadline\\2.0.0\\Microsoft.PowerShell.PSReadline.dll', fd=-1), popenfile(path='C:\\Windows\\Microsoft.NET\\assembly\\GAC_MSIL\\System.Xml\\v4.0_4.0.0.0__b77a5c561934e089\\System.XML.dll', fd=-1), popenfile(path='C:\\Windows\\Microsoft.NET\\assembly\\GAC_MSIL\\System.Windows.Forms\\v4.0_4.0.0.0__b77a5c561934e089\\System.Windows.Forms.dll', fd=-1), popenfile(path='C:\\Windows\\Microsoft.NET\\assembly\\GAC_MSIL\\Microsoft.PowerShell.Commands.Utility\\v4.0_3.0.0.0__31bf3856ad364e35\\Microsoft.PowerShell.Commands.Utility.dll', fd=-1), popenfile(path='C:\\Windows\\Microsoft.NET\\assembly\\GAC_MSIL\\System.Dynamic\\v4.0_4.0.0.0__b03f5f7f11d50a3a\\System.Dynamic.dll', fd=-1), popenfile(path='C:\\Windows\\System32\\en-US\\crypt32.dll.mui', fd=-1), popenfile(path='C:\\Windows\\Microsoft.NET\\assembly\\GAC_MSIL\\Microsoft.Management.Infrastructure\\v4.0_1.0.0.0__31bf3856ad364e35\\Microsoft.Management.Infrastructure.dll', fd=-1), popenfile(path='C:\\Windows\\Microsoft.NET\\assembly\\GAC_MSIL\\System.Numerics\\v4.0_4.0.0.0__b77a5c561934e089\\System.Numerics.dll', fd=-1), popenfile(path='C:\\Windows\\System32\\en-US\\winnlsres.dll.mui', fd=-1), popenfile(path='C:\\Windows\\Microsoft.NET\\assembly\\GAC_MSIL\\Microsoft.PowerShell.Commands.Management\\v4.0_3.0.0.0__31bf3856ad364e35\\Microsoft.PowerShell.Commands.Management.dll', fd=-1), popenfile(path='C:\\Windows\\System32\\WindowsPowerShell\\v1.0\\en-US\\powershell.exe.mui', fd=-1), popenfile(path='C:\\Windows\\Microsoft.NET\\assembly\\GAC_MSIL\\Microsoft.CSharp\\v4.0_4.0.0.0__b03f5f7f11d50a3a\\Microsoft.CSharp.dll', fd=-1), popenfile(path='C:\\Windows\\Microsoft.NET\\assembly\\GAC_MSIL\\Microsoft.PowerShell.ConsoleHost\\v4.0_3.0.0.0__31bf3856ad364e35\\Microsoft.PowerShell.ConsoleHost.dll', fd=-1), popenfile(path='C:\\Windows\\Microsoft.NET\\assembly\\GAC_MSIL\\Microsoft.PowerShell.Security\\v4.0_3.0.0.0__31bf3856ad364e35\\Microsoft.PowerShell.Security.dll', fd=-1), popenfile(path='C:\\Windows\\System32\\en-US\\KernelBase.dll.mui', fd=-1), popenfile(path='C:\\Windows\\Microsoft.NET\\assembly\\GAC_MSIL\\System.Management.Automation\\v4.0_3.0.0.0__31bf3856ad364e35\\System.Management.Automation.dll', fd=-1)]",196,82,549499,1221,2.984375,0.984375,10660,0,78.08203125,59.484375,benign
0.45538965195219455,3428,C:\Program Files (x86)\Microsoft\Edge\Application\msedge.exe,msedge.exe,32.0,0.0,"['C:\\Program Files (x86)\\Microsoft\\Edge\\Application\\msedge.exe', '--type=utility', '--utility-sub-type=storage.mojom.StorageService', '--lang=en-US', '--service-sandbox-type=service', '--no-pre-read-main-dll', '--startup-read-main-dll', '--metrics-shmem-handle=2604,i,7091792120270447713,16336662820109256901,524288', '--field-trial-handle=2452,i,10829191207590845271,14026617899616111352,262144', '--variations-seed-version', '--trace-process-track-uuid=3190708990060038890', '--mojo-platform-channel-handle=2624', '/prefetch:8']",188,10,"[popenfile(path='C:\\Program Files (x86)\\Microsoft\\Edge\\Application\\142.0.3595.53\\v8_context_snapshot.bin', fd=-1), popenfile(path='C:\\Users\\keylogger\\AppData\\Local\\Microsoft\\Edge\\User Data\\Default\\Local Storage\\leveldb\\000024.log', fd=-1), popenfile(path='C:\\Program Files (x86)\\Microsoft\\Edge\\Application\\142.0.3595.53\\Locales\\en-US.pak', fd=-1), popenfile(path='C:\\Users\\keylogger\\AppData\\Local\\Microsoft\\Edge\\User Data\\Default\\Local Storage\\leveldb\\000017.ldb', fd=-1), popenfile(path='C:\\Users\\keylogger\\AppData\\Local\\Microsoft\\Edge\\User Data\\Default\\Local Storage\\leveldb\\MANIFEST-000001', fd=-1), popenfile(path='C:\\Users\\keylogger\\AppData\\Local\\Microsoft\\Edge\\User Data\\Default\\Local Storage\\leveldb\\000023.ldb', fd=-1), popenfile(path='C:\\Program Files (x86)\\Microsoft\\Edge\\Application\\142.0.3595.53\\icudtl.dat', fd=-1), popenfile(path='C:\\Users\\keylogger\\AppData\\Local\\Microsoft\\Edge\\User Data\\Default\\Local Storage\\leveldb\\000021.ldb', fd=-1), popenfile(path='C:\\Program Files (x86)\\Microsoft\\Edge\\Application\\142.0.3595.53\\resources.pak', fd=-1), popenfile(path='C:\\Users\\keylogger\\AppData\\Local\\Microsoft\\Edge\\User Data\\Default\\Local Storage\\leveldb\\000005.ldb', fd=-1), popenfile(path='C:\\Program Files (x86)\\Microsoft\\Edge\\Application\\142.0.3595.53\\msedge_200_percent.pak', fd=-1), popenfile(path='C:\\Program Files (x86)\\Microsoft\\Edge\\Application\\142.0.3595.53\\msedge_100_percent.pak', fd=-1), popenfile(path='C:\\Users\\keylogger\\AppData\\Local\\Microsoft\\Edge\\User Data\\Default\\Local Storage\\leveldb\\LOG', fd=-1), popenfile(path='C:\\Users\\keylogger\\AppData\\Local\\Microsoft\\Edge\\User Data\\Default\\Local Storage\\leveldb\\000019.ldb', fd=-1)]",71,56,103896,18191,0.015625,0.078125,578,0,18.6484375,8.3125,benign
0.18162167937096324,3744,C:\Windows\System32\svchost.exe,svchost.exe,,0.0,,206,5,,0,0,0,0,0.015625,0.046875,86,0,7.4375,1.86328125,benign
0.17294123145985102,3748,C:\Windows\System32\msdtc.exe,msdtc.exe,,0.0,,231,9,,1,3,116,319648,0.046875,0.0625,8028,0,7.08203125,2.79296875,benign
0.2456280590232302,3792,C:\Windows\System32\dllhost.exe,dllhost.exe,,0.0,,266,10,,4161,11,2096709,3945,0.21875,0.109375,6996,0,10.05859375,3.81640625,benign
0.24620039624813872,3872,C:\Windows\System32\dllhost.exe,dllhost.exe,,0.0,,213,4,,34,32,2736128,450560,0.046875,0.0625,206,0,10.08203125,3.1328125,benign
1.4497301906932243,3880,C:\Users\keylogger\AppData\Local\Programs\Microsoft VS Code\Code.exe,Code.exe,32.0,0.0,"['C:\\Users\\keylogger\\AppData\\Local\\Programs\\Microsoft VS Code\\Code.exe', '--type=utility', '--utility-sub-type=node.mojom.NodeService', '--lang=en-US', '--service-sandbox-type=none', '--user-data-dir=C:\\Users\\keylogger\\AppData\\Roaming\\Code', '--standard-schemes=vscode-webview,vscode-file', '--enable-sandbox', '--secure-schemes=vscode-webview,vscode-file', '--cors-schemes=vscode-webview,vscode-file', '--fetch-schemes=vscode-webview,vscode-file', '--service-worker-schemes=vscode-webview', '--code-cache-schemes=vscode-webview,vscode-file', '--field-trial-handle=1764,i,2992125270083613785,17152386301730894539,262144', '--enable-features=DocumentPolicyIncludeJSCallStacksInCrashReports,EarlyEstablishGpuChannel,EnableTransparentHwndEnlargement,EstablishGpuChannelAsync', '--disable-features=CalculateNativeWinOcclusion,FontationsLinuxSystemFonts,ScreenAIOCREnabled,SpareRendererForSitePerProcess,WinDelaySpellcheckServiceInit', '--variations-seed-version', '--mojo-platform-channel-handle=4384', '/prefetch:8']",319,24,"[popenfile(path='C:\\Users\\keylogger\\AppData\\Local\\Programs\\Microsoft VS Code\\chrome_100_percent.pak', fd=-1), popenfile(path='C:\\Windows\\System32\\en-US\\mswsock.dll.mui', fd=-1), popenfile(path='C:\\Users\\keylogger\\AppData\\Local\\Programs\\Microsoft VS Code\\resources.pak', fd=-1), popenfile(path='C:\\Users\\keylogger\\AppData\\Local\\Programs\\Microsoft VS Code\\icudtl.dat', fd=-1), popenfile(path='C:\\Windows\\Registration\\R000000000006.clb', fd=-1), popenfile(path='C:\\Users\\keylogger\\AppData\\Local\\Programs\\Microsoft VS Code\\v8_context_snapshot.bin', fd=-1), popenfile(path='C:\\Users\\keylogger\\AppData\\Local\\Programs\\Microsoft VS Code\\locales\\en-US.pak', fd=-1), popenfile(path='C:\\Users\\keylogger\\AppData\\Local\\Programs\\Microsoft VS Code\\chrome_200_percent.pak', fd=-1), popenfile(path='C:\\Windows\\System32\\en-US\\KernelBase.dll.mui', fd=-1)]",136,399,1226871,1635416,2.15625,1.515625,385718,0,59.3671875,83.05859375,benign
0.3936726211995616,4140,C:\Windows\System32\wbem\WmiPrvSE.exe,WmiPrvSE.exe,,0.0,,362,13,,1106,1104,978264,108000,2.28125,4.34375,36310,0,16.12109375,10.24609375,benign
0.4749445071365682,4244,C:\Windows\System32\ctfmon.exe,ctfmon.exe,128.0,0.0,['ctfmon.exe'],500,9,,13,0,32381,0,2.65625,6.109375,65928,0,19.44921875,4.4375,benign
3.100541526404301,4276,C:\Users\keylogger\AppData\Local\Programs\Microsoft VS Code\Code.exe,Code.exe,32.0,0.0,['C:\\Users\\keylogger\\AppData\\Local\\Programs\\Microsoft VS Code\\Code.exe'],1206,52,"[popenfile(path='C:\\Users\\keylogger\\AppData\\Roaming\\Code\\DawnWebGPUCache\\data_1', fd=-1), popenfile(path='C:\\Users\\keylogger\\AppData\\Roaming\\Code\\SharedStorage', fd=-1), popenfile(path='C:\\Users\\keylogger\\AppData\\Local\\Programs\\Microsoft VS Code\\icudtl.dat', fd=-1), popenfile(path='C:\\Windows\\WinSxS\\amd64_microsoft.windows.c..-controls.resources_6595b64144ccf1df_6.0.19041.1_en-us_cb612d02732b0fd9\\comctl32.dll.mui', fd=-1), popenfile(path='C:\\Windows\\Fonts\\msjh.ttc', fd=-1), popenfile(path='C:\\Windows\\System32\\en-US\\kernel32.dll.mui', fd=-1), popenfile(path='C:\\Users\\keylogger\\AppData\\Local\\Programs\\Microsoft VS Code\\locales\\en-US.pak', fd=-1), popenfile(path='C:\\Users\\keylogger\\AppData\\Roaming\\Code\\DawnGraphiteCache\\index', fd=-1), popenfile(path='C:\\Users\\keylogger\\AppData\\Local\\Programs\\Microsoft VS Code\\chrome_200_percent.pak', fd=-1), popenfile(path='C:\\Users\\keylogger\\AppData\\Roaming\\Code\\logs\\20251112T120431\\window3\\textModelChanges.log', fd=-1), popenfile(path='C:\\Users\\keylogger\\AppData\\Roaming\\Code\\logs\\20251112T120431\\window3\\network.log', fd=-1), popenfile(path='C:\\Windows\\SystemResources\\imageres.dll.mun', fd=-1), popenfile(path='C:\\Users\\keylogger\\AppData\\Roaming\\Code\\logs\\20251112T120431\\window3\\output_20251112T120514\\tasks.log', fd=-1), popenfile(path='C:\\Windows\\System32\\en-US\\shell32.dll.mui', fd=-1), popenfile(path='C:\\Users\\keylogger\\AppData\\Roaming\\Code\\logs\\20251112T120431\\window3\\renderer.log', fd=-1), popenfile(path='C:\\Windows\\System32\\en-US\\KernelBase.dll.mui', fd=-1), popenfile(path='C:\\Users\\keylogger\\AppData\\Roaming\\Code\\GPUCache\\data_1', fd=-1), popenfile(path='C:\\Users\\keylogger\\AppData\\Roaming\\Code\\logs\\20251112T120431\\network-shared.log', fd=-1), popenfile(path='C:\\Users\\keylogger\\AppData\\Roaming\\Code\\Session Storage\\LOG', fd=-1), popenfile(path='C:\\Windows\\System32\\en-US\\mswsock.dll.mui', fd=-1), popenfile(path='C:\\Users\\keylogger\\AppData\\Roaming\\Code\\Local Storage\\leveldb\\LOCK', fd=-1), popenfile(path='C:\\Users\\keylogger\\AppData\\Roaming\\Code\\User\\workspaceStorage\\6898a7638a8465fb798a31a4495e4bdc\\state.vscdb', fd=-1), popenfile(path='C:\\Windows\\Fonts\\msgothic.ttc', fd=-1), popenfile(path='C:\\Users\\keylogger\\AppData\\Roaming\\Code\\logs\\20251112T120431\\sharedprocess.log', fd=-1), popenfile(path='C:\\Users\\keylogger\\AppData\\Roaming\\Code\\GPUCache\\data_3', fd=-1), popenfile(path='C:\\Users\\keylogger\\AppData\\Roaming\\Code\\DawnWebGPUCache\\data_2', fd=-1), popenfile(path='C:\\Users\\keylogger\\AppData\\Roaming\\Code\\Local Storage\\leveldb\\LOG', fd=-1), popenfile(path='C:\\Users\\keylogger\\AppData\\Roaming\\Code\\logs\\20251112T120431\\window2\\renderer.log', fd=-1), popenfile(path='C:\\Users\\keylogger\\AppData\\Roaming\\Code\\logs\\20251112T120431\\window2\\textModelChanges.log', fd=-1), popenfile(path='C:\\Users\\keylogger\\AppData\\Roaming\\Code\\logs\\20251112T120431\\window2\\output_20251112T120514\\tasks.log', fd=-1), popenfile(path='C:\\Users\\keylogger\\AppData\\Roaming\\Code\\Local Storage\\leveldb\\MANIFEST-000001', fd=-1), popenfile(path='C:\\Users\\keylogger\\AppData\\Roaming\\Code\\logs\\20251112T120431\\telemetry.log', fd=-1), popenfile(path='C:\\Users\\keylogger\\AppData\\Roaming\\Code\\logs\\20251112T120431\\window2\\notebook.rendering.log', fd=-1), popenfile(path='C:\\Users\\keylogger\\AppData\\Roaming\\Code\\SharedStorage-wal', fd=-1), popenfile(path='C:\\Users\\keylogger\\AppData\\Roaming\\Code\\logs\\20251112T120431\\window3\\views.log', fd=-1), popenfile(path='C:\\Users\\keylogger\\AppData\\Roaming\\Code\\DawnWebGPUCache\\data_3', fd=-1), popenfile(path='C:\\Users\\keylogger\\AppData\\Roaming\\Code\\logs\\20251112T120431\\remoteTunnelService.log', fd=-1), popenfile(path='C:\\Users\\keylogger\\AppData\\Roaming\\Code\\DawnGraphiteCache\\data_0', fd=-1), popenfile(path='C:\\Users\\keylogger\\AppData\\Roaming\\Code\\DawnWebGPUCache\\data_0', fd=-1), popenfile(path='C:\\Windows\\System32\\en-US\\propsys.dll.mui', fd=-1), popenfile(path='C:\\Windows\\Registration\\R000000000006.clb', fd=-1), popenfile(path='C:\\Users\\keylogger\\AppData\\Roaming\\Code\\DawnGraphiteCache\\data_2', fd=-1), popenfile(path='C:\\Users\\keylogger\\AppData\\Roaming\\Code\\logs\\20251112T120431\\window2\\network.log', fd=-1), popenfile(path='C:\\Users\\keylogger\\AppData\\Roaming\\Code\\logs\\20251112T120431\\terminal.log', fd=-1), popenfile(path='C:\\Users\\keylogger\\AppData\\Roaming\\Code\\DIPS', fd=-1), popenfile(path='C:\\Users\\keylogger\\AppData\\Roaming\\Code\\logs\\20251112T120431\\window2\\mcpServer.ms-python.vscode-pylance\\pylance mcp server.log', fd=-1), popenfile(path='C:\\Users\\keylogger\\AppData\\Roaming\\Code\\logs\\20251112T120431\\editSessions.log', fd=-1), popenfile(path='C:\\Users\\keylogger\\AppData\\Roaming\\Code\\User\\workspaceStorage\\592ec4a55524509628ea7ca55375af1d\\state.vscdb', fd=-1), popenfile(path='C:\\Users\\keylogger\\AppData\\Roaming\\Code\\logs\\20251112T120431\\window3\\notebook.rendering.log', fd=-1), popenfile(path='C:\\Windows\\Fonts\\StaticCache.dat', fd=-1), popenfile(path='C:\\Users\\keylogger\\AppData\\Roaming\\Code\\Session Storage\\000003.log', fd=-1), popenfile(path='C:\\Windows\\Fonts\\simsun.ttc', fd=-1), popenfile(path='C:\\Windows\\System32\\en-US\\duser.dll.mui', fd=-1), popenfile(path='C:\\Users\\keylogger\\AppData\\Local\\Programs\\Microsoft VS Code\\chrome_100_percent.pak', fd=-1), popenfile(path='C:\\Users\\keylogger\\AppData\\Local\\Programs\\Microsoft VS Code\\resources.pak', fd=-1), popenfile(path='C:\\Users\\keylogger\\AppData\\Roaming\\Code\\Local Storage\\leveldb\\000003.log', fd=-1), popenfile(path='C:\\Windows\\Fonts\\YuGothR.ttc', fd=-1), popenfile(path='C:\\Users\\keylogger\\AppData\\Roaming\\Code\\GPUCache\\data_0', fd=-1), popenfile(path='C:\\Users\\keylogger\\AppData\\Roaming\\Code\\DawnWebGPUCache\\index', fd=-1), popenfile(path='C:\\Users\\keylogger\\AppData\\Roaming\\Code\\GPUCache\\index', fd=-1), popenfile(path='C:\\Users\\keylogger\\AppData\\Roaming\\Code\\DIPS-wal', fd=-1), popenfile(path='C:\\Users\\keylogger\\AppData\\Roaming\\Code\\DawnGraphiteCache\\data_1', fd=-1), popenfile(path='C:\\Windows\\Fonts\\msyh.ttc', fd=-1), popenfile(path='C:\\Users\\keylogger\\AppData\\Roaming\\Code\\Session Storage\\MANIFEST-000001', fd=-1), popenfile(path='C:\\Users\\keylogger\\AppData\\Roaming\\Code\\DawnGraphiteCache\\data_3', fd=-1), popenfile(path='C:\\Users\\keylogger\\AppData\\Local\\Programs\\Microsoft VS Code\\v8_context_snapshot.bin', fd=-1), popenfile(path='C:\\Users\\keylogger\\AppData\\Roaming\\Code\\User\\globalStorage\\state.vscdb', fd=-1), popenfile(path='C:\\Users\\keylogger\\AppData\\Roaming\\Code\\Session Storage\\LOCK', fd=-1), popenfile(path='C:\\Users\\keylogger\\AppData\\Roaming\\Code\\logs\\20251112T120431\\userDataSync.log', fd=-1), popenfile(path='C:\\Users\\keylogger\\AppData\\Roaming\\Code\\logs\\20251112T120431\\window2\\views.log', fd=-1), popenfile(path='C:\\Windows\\Fonts\\malgun.ttf', fd=-1), popenfile(path='C:\\Users\\keylogger\\AppData\\Roaming\\Code\\logs\\20251112T120431\\window3\\mcpServer.ms-python.vscode-pylance\\pylance mcp server.log', fd=-1), popenfile(path='C:\\Users\\keylogger\\AppData\\Roaming\\Code\\logs\\20251112T120431\\main.log', fd=-1), popenfile(path='C:\\Windows\\Fonts\\segoeui.ttf', fd=-1), popenfile(path='C:\\Windows\\System32\\en-US\\user32.dll.mui', fd=-1), popenfile(path='C:\\Users\\keylogger\\AppData\\Roaming\\Code\\GPUCache\\data_2', fd=-1)]",62828,40419,126398310,67693413,21.953125,20.96875,864316,0,126.96875,122.76953125,benign
0.22054061066474107,4324,C:\Windows\System32\SecurityHealthSystray.exe,SecurityHealthSystray.exe,32.0,0.0,['C:\\Windows\\System32\\SecurityHealthSystray.exe'],168,1,"[popenfile(path='C:\\Windows\\System32\\en-US\\securityhealthsso.dll.mui', fd=-1), popenfile(path='C:\\Windows\\Registration\\R000000000006.clb', fd=-1)]",1,0,8014,0,0.0,0.078125,633,0,9.03125,1.6875,benign
2.4148815309639207,4408,C:\Users\keylogger\AppData\Local\Programs\Microsoft VS Code\Code.exe,Code.exe,32.0,0.0,"['C:\\Users\\keylogger\\AppData\\Local\\Programs\\Microsoft VS Code\\Code.exe', '--type=utility', '--utility-sub-type=node.mojom.NodeService', '--lang=en-US', '--service-sandbox-type=none', '--user-data-dir=C:\\Users\\keylogger\\AppData\\Roaming\\Code', '--standard-schemes=vscode-webview,vscode-file', '--enable-sandbox', '--secure-schemes=vscode-webview,vscode-file', '--cors-schemes=vscode-webview,vscode-file', '--fetch-schemes=vscode-webview,vscode-file', '--service-worker-schemes=vscode-webview', '--code-cache-schemes=vscode-webview,vscode-file', '--field-trial-handle=1764,i,2992125270083613785,17152386301730894539,262144', '--enable-features=DocumentPolicyIncludeJSCallStacksInCrashReports,EarlyEstablishGpuChannel,EnableTransparentHwndEnlargement,EstablishGpuChannelAsync', '--disable-features=CalculateNativeWinOcclusion,FontationsLinuxSystemFonts,ScreenAIOCREnabled,SpareRendererForSitePerProcess,WinDelaySpellcheckServiceInit', '--variations-seed-version', '--mojo-platform-channel-handle=4436', '/prefetch:8']",429,34,"[popenfile(path='C:\\Users\\keylogger\\AppData\\Local\\Programs\\Microsoft VS Code\\chrome_100_percent.pak', fd=-1), popenfile(path='C:\\Windows\\System32\\en-US\\mswsock.dll.mui', fd=-1), popenfile(path='C:\\Users\\keylogger\\AppData\\Local\\Programs\\Microsoft VS Code\\resources.pak', fd=-1), popenfile(path='C:\\Users\\keylogger\\AppData\\Local\\Programs\\Microsoft VS Code\\icudtl.dat', fd=-1), popenfile(path='C:\\Windows\\Registration\\R000000000006.clb', fd=-1), popenfile(path='C:\\Users\\keylogger\\AppData\\Local\\Programs\\Microsoft VS Code\\v8_context_snapshot.bin', fd=-1), popenfile(path='C:\\Users\\keylogger\\AppData\\Local\\Programs\\Microsoft VS Code\\locales\\en-US.pak', fd=-1), popenfile(path='C:\\Users\\keylogger\\AppData\\Local\\Programs\\Microsoft VS Code\\chrome_200_percent.pak', fd=-1), popenfile(path='C:\\Users\\keylogger\\AppData\\Roaming\\Code\\logs\\20251112T120431\\ptyhost.log', fd=-1), popenfile(path='C:\\Windows\\System32\\en-US\\KernelBase.dll.mui', fd=-1)]",2709,5972,2208051,23183294,4.609375,3.140625,432088,0,98.890625,139.5,benign
0.24677273347304718,4492,C:\Windows\System32\AggregatorHost.exe,AggregatorHost.exe,,0.0,,175,5,,2,0,90,0,0.15625,0.140625,495,0,10.10546875,2.17578125,benign
0.19335459248158743,4536,C:\Program Files (x86)\Microsoft\Edge\Application\msedge.exe,msedge.exe,32.0,0.0,"['C:\\Program Files (x86)\\Microsoft\\Edge\\Application\\msedge.exe', '--type=crashpad-handler', '--user-data-dir=C:\\Users\\keylogger\\AppData\\Local\\Microsoft\\Edge\\User Data', '/prefetch:4', '--monitor-self-annotation=ptype=crashpad-handler', '--database=C:\\Users\\keylogger\\AppData\\Local\\Microsoft\\Edge\\User Data\\Crashpad', '--annotation=IsOfficialBuild=1', '--annotation=channel=', '--annotation=chromium-version=142.0.7444.60', '--annotation=exe=C:\\Program Files (x86)\\Microsoft\\Edge\\Application\\msedge.exe', '--annotation=plat=Win64', '--annotation=prod=Edge', '--annotation=ver=142.0.3595.53', '--initial-client-data=0x268,0x26c,0x270,0x264,0x2a4,0x7ffc6680db58,0x7ffc6680db64,0x7ffc6680db70']",142,7,[],20,11,6340,132,0.015625,0.015625,131,0,7.91796875,1.99609375,benign
0.16454695216119306,4688,C:\Windows\System32\svchost.exe,svchost.exe,,0.0,,212,5,,0,0,0,0,0.015625,0.078125,75,0,6.73828125,1.828125,benign
0.1529094285880536,4704,C:\Windows\System32\conhost.exe,conhost.exe,32.0,0.0,"['\\\\?\\C:\\Windows\\system32\\conhost.exe', '--headless', '--width', '215', '--height', '12', '--signal', '0x494', '--server', '0x4b4']",114,5,"[popenfile(path='C:\\Windows\\System32\\en-US\\Conhost.exe.mui', fd=-1)]",42,90,70,5236,0.25,1.03125,112036,0,6.26171875,1.26953125,benign
0.5772974808577046,4900,C:\Windows\System32\sihost.exe,sihost.exe,32.0,0.0,['sihost.exe'],504,8,"[popenfile(path='C:\\Windows\\System32\\en-US\\KernelBase.dll.mui', fd=-1), popenfile(path='C:\\Windows\\Registration\\R000000000006.clb', fd=-1)]",58,0,237568,0,0.734375,0.921875,4370,0,23.640625,5.2578125,benign
0.6821305825534444,4924,C:\Windows\System32\svchost.exe,svchost.exe,32.0,0.0,"['C:\\Windows\\system32\\svchost.exe', '-k', 'UnistackSvcGroup', '-s', 'WpnUserService']",424,2,"[popenfile(path='C:\\Users\\keylogger\\AppData\\Local\\Microsoft\\Windows\\Notifications\\wpndatabase.db-shm', fd=-1), popenfile(path='C:\\Windows\\Registration\\R000000000006.clb', fd=-1), popenfile(path='C:\\Windows\\System32\\en-US\\svchost.exe.mui', fd=-1), popenfile(path='C:\\Users\\keylogger\\AppData\\Local\\Microsoft\\Windows\\Notifications\\wpndatabase.db-wal', fd=-1), popenfile(path='C:\\Users\\keylogger\\AppData\\Local\\Microsoft\\Windows\\Notifications\\wpndatabase.db', fd=-1), popenfile(path='C:\\Windows\\System32\\en-US\\KernelBase.dll.mui', fd=-1), popenfile(path='C:\\Users\\keylogger\\AppData\\Local\\Microsoft\\Windows\\Notifications\\WPNPRMRY.tmp', fd=-1)]",274,640,1118228,1318400,1.109375,0.484375,441,0,27.93359375,7.68359375,benign
0.1826709642832955,4980,C:\Windows\System32\svchost.exe,svchost.exe,,0.0,,176,3,,264,0,5392,0,0.015625,0.078125,115,0,7.48046875,1.765625,benign
0.15357715535044686,5072,C:\Windows\System32\conhost.exe,conhost.exe,32.0,0.0,"['\\\\?\\C:\\Windows\\system32\\conhost.exe', '--headless', '--width', '215', '--height', '12', '--signal', '0x610', '--server', '0x438']",112,5,"[popenfile(path='C:\\Windows\\System32\\en-US\\Conhost.exe.mui', fd=-1)]",48,56,104,3015,0.0,0.03125,963,0,6.2890625,1.296875,benign
0.08098571732455241,5084,C:\Program Files (x86)\Microsoft\EdgeUpdate\MicrosoftEdgeUpdate.exe,MicrosoftEdgeUpdate.exe,,0.0,,214,4,,1,37,92,3888,0.03125,0.171875,731,0,3.31640625,1.98046875,benign
0.2909380893284863,5092,C:\Program Files\WindowsApps\PythonSoftwareFoundation.PythonManager_25.0.240.0_x64__3847v3x7pw1km\python.exe,python.exe,32.0,0.0,"['C:\\Users\\keylogger\\AppData\\Local\\Microsoft\\WindowsApps\\python.exe', '.\\generate_data.py']",158,3,"[popenfile(path='C:\\Windows\\System32\\en-US\\KernelBase.dll.mui', fd=-1), popenfile(path='C:\\Windows\\System32\\en-US\\winhttp.dll.mui', fd=-1)]",64,0,7188075,0,0.0625,0.03125,88,0,11.9140625,4.58984375,benign
0.3968204759365583,5116,C:\Windows\System32\taskhostw.exe,taskhostw.exe,32.0,0.0,"['taskhostw.exe', '{222A245B-E637-4AE9-A93F-A59CA119A75E}']",312,9,"[popenfile(path='C:\\Windows\\System32\\en-US\\winmm.dll.mui', fd=-1), popenfile(path='C:\\Windows\\System32\\en-US\\taskhostw.exe.mui', fd=-1), popenfile(path='C:\\Windows\\System32\\en-US\\MMDevAPI.dll.mui', fd=-1), popenfile(path='C:\\Windows\\System32\\en-US\\ESENT.dll.mui', fd=-1), popenfile(path='C:\\Windows\\Registration\\R000000000006.clb', fd=-1), popenfile(path='C:\\Users\\keylogger\\AppData\\Local\\Microsoft\\Windows\\WebCache\\WebCacheV01.jfm', fd=-1), popenfile(path='C:\\Users\\keylogger\\AppData\\Local\\Microsoft\\Windows\\WebCacheLock.dat', fd=-1), popenfile(path='C:\\Users\\keylogger\\AppData\\Local\\Microsoft\\Windows\\WebCache\\WebCacheV01.dat', fd=-1), popenfile(path='C:\\Windows\\System32\\en-US\\wdmaud.drv.mui', fd=-1), popenfile(path='C:\\Users\\keylogger\\AppData\\Local\\Microsoft\\Windows\\WebCache\\V01.log', fd=-1), popenfile(path='C:\\Windows\\System32\\en-US\\MsCtfMonitor.dll.mui', fd=-1)]",127,249,6783608,5120000,1.390625,1.328125,2251,0,16.25,6.6484375,benign
0.32699533449772167,5136,C:\Windows\System32\svchost.exe,svchost.exe,,0.0,,324,9,,11,6,4857,7435,0.078125,0.203125,1064,0,13.390625,4.19140625,benign
3.4725607225948245,5200,C:\Windows\explorer.exe,explorer.exe,32.0,0.0,['C:\\Windows\\Explorer.EXE'],2614,75,"[popenfile(path='C:\\Users\\keylogger\\AppData\\Local\\Microsoft\\Windows\\Explorer\\iconcache_32.db', fd=-1), popenfile(path='C:\\Windows\\SystemResources\\stobject.dll.mun', fd=-1), popenfile(path='C:\\Windows\\System32\\en-US\\pnidui.dll.mui', fd=-1), popenfile(path='C:\\Users\\keylogger\\AppData\\Local\\Microsoft\\Windows\\Explorer\\iconcache_16.db', fd=-1), popenfile(path='C:\\Windows\\System32\\en-US\\KernelBase.dll.mui', fd=-1), popenfile(path='C:\\Windows\\System32\\en-US\\sndvolsso.dll.mui', fd=-1), popenfile(path='C:\\Windows\\System32\\en-US\\imapi2.dll.mui', fd=-1), popenfile(path='C:\\Windows\\System32\\en-US\\shell32.dll.mui', fd=-1), popenfile(path='C:\\Windows\\System32\\en-US\\UIRibbon.dll.mui', fd=-1), popenfile(path='C:\\Windows\\System32\\en-US\\ieframe.dll.mui', fd=-1), popenfile(path='C:\\Users\\keylogger\\AppData\\Local\\Microsoft\\Windows\\Explorer\\thumbcache_48.db', fd=-1), popenfile(path='C:\\Windows\\System32\\en-US\\Windows.Security.Authentication.Web.Core.dll.mui', fd=-1), popenfile(path='C:\\Users\\keylogger\\AppData\\Local\\Microsoft\\Windows\\Explorer\\thumbcache_16.db', fd=-1), popenfile(path='C:\\Windows\\System32\\en-US\\combase.dll.mui', fd=-1), popenfile(path='C:\\Windows\\System32\\en-US\\crypt32.dll.mui', fd=-1), popenfile(path='C:\\Windows\\System32\\en-US\\dui70.dll.mui', fd=-1), popenfile(path='C:\\Windows\\System32\\en-US\\winnlsres.dll.mui', fd=-1), popenfile(path='C:\\Windows\\System32\\en-US\\twinui.pcshell.dll.mui', fd=-1), popenfile(path='C:\\Windows\\System32\\en-US\\wdmaud.drv.mui', fd=-1), popenfile(path='C:\\Windows\\SystemResources\\SndVolSSO.dll.mun', fd=-1), popenfile(path='C:\\Users\\keylogger\\AppData\\Local\\Microsoft\\Windows\\Explorer\\ThumbCacheToDelete\\thm8CE4.tmp', fd=-1), popenfile(path='C:\\Windows\\System32\\en-US\\bthprops.cpl.mui', fd=-1), popenfile(path='C:\\Windows\\System32\\en-US\\winmm.dll.mui', fd=-1), popenfile(path='C:\\Windows\\System32\\en-US\\stobject.dll.mui', fd=-1), popenfile(path='C:\\Users\\keylogger\\AppData\\Local\\Microsoft\\Windows\\Explorer\\iconcache_48.db', fd=-1), popenfile(path='C:\\Windows\\System32\\en-US\\explorerframe.dll.mui', fd=-1), popenfile(path='C:\\Windows\\System32\\en-US\\propsys.dll.mui', fd=-1), popenfile(path='C:\\Users\\keylogger\\AppData\\Local\\Microsoft\\Windows\\Explorer\\thumbcache_256.db', fd=-1), popenfile(path='C:\\Windows\\Registration\\R000000000006.clb', fd=-1), popenfile(path='C:\\Windows\\System32\\en-US\\hcproviders.dll.mui', fd=-1), popenfile(path='C:\\Users\\keylogger\\AppData\\Local\\Microsoft\\Windows\\Explorer\\iconcache_256.db', fd=-1), popenfile(path='C:\\Windows\\System32\\en-US\\InputSwitch.dll.mui', fd=-1), popenfile(path='C:\\Windows\\en-US\\explorer.exe.mui', fd=-1), popenfile(path='C:\\Windows\\System32\\en-US\\oleaccrc.dll.mui', fd=-1), popenfile(path='C:\\Windows\\Fonts\\StaticCache.dat', fd=-1), popenfile(path='C:\\Windows\\Fonts\\segoeui.ttf', fd=-1), popenfile(path='C:\\Windows\\System32\\en-US\\MMDevAPI.dll.mui', fd=-1), popenfile(path='C:\\Windows\\SystemResources\\shell32.dll.mun', fd=-1), popenfile(path='C:\\Users\\keylogger\\AppData\\Local\\Microsoft\\Windows\\Explorer\\iconcache_idx.db', fd=-1), popenfile(path='C:\\Users\\keylogger\\AppData\\Local\\Microsoft\\Windows\\Explorer\\thumbcache_32.db', fd=-1), popenfile(path='C:\\Windows\\SystemResources\\ExplorerFrame.dll.mun', fd=-1), popenfile(path='C:\\Users\\keylogger\\AppData\\Local\\Microsoft\\GameDVR\\KnownGameList.bin', fd=-1), popenfile(path='C:\\Windows\\System32\\en-US\\ActionCenter.dll.mui', fd=-1), popenfile(path='C:\\Windows\\System32\\en-US\\dsreg.dll.mui', fd=-1), popenfile(path='C:\\Users\\keylogger\\AppData\\Local\\Microsoft\\Windows\\Explorer\\thumbcache_idx.db', fd=-1), popenfile(path='C:\\Windows\\System32\\en-US\\user32.dll.mui', fd=-1), popenfile(path='C:\\Windows\\System32\\en-US\\wscui.cpl.mui', fd=-1), popenfile(path='C:\\Windows\\System32\\en-US\\windows.storage.dll.mui', fd=-1), popenfile(path='C:\\Windows\\System32\\en-US\\ApplicationFrame.dll.mui', fd=-1)]",11909,316,4055367,576538,21.578125,31.59375,361870,0,142.203125,87.0,benign
0.20728146495436087,5296,C:\ProgramData\Microsoft\Windows Defender\Platform\4.18.25090.3009-0\NisSrv.exe,NisSrv.exe,,0.0,,203,3,,0,0,0,0,0.03125,0.1875,523,0,8.48828125,3.91796875,benign
0.36696355070383174,5304,C:\Windows\System32\SecurityHealthService.exe,SecurityHealthService.exe,,0.0,,398,6,,1,1,15673,4096,0.1875,0.296875,2094,0,15.02734375,4.609375,benign
0.6235614065378081,5484,C:\Program Files (x86)\Microsoft\Edge\Application\msedge.exe,msedge.exe,32768.0,0.0,"['C:\\Program Files (x86)\\Microsoft\\Edge\\Application\\msedge.exe', '--type=gpu-process', '--no-pre-read-main-dll', '--gpu-preferences=SAAAAAAAAADgAAAEAAAAAAAAAAAAAGAAAQAAAAAAAAAAAAAAAAAAAAIAAAAAAAAAAAAAAAAAAAAQAAAAAAAAABAAAAAAAAAACAAAAAAAAAAIAAAAAAAAAA==', '--startup-read-main-dll', '--metrics-shmem-handle=2036,i,5642898270301541739,2171836096454402623,262144', '--field-trial-handle=2452,i,10829191207590845271,14026617899616111352,262144', '--variations-seed-version', '--trace-process-track-uuid=3190708988185955192', '--mojo-platform-channel-handle=2448', '/prefetch:2']",261,16,"[popenfile(path='C:\\Program Files (x86)\\Microsoft\\Edge\\Application\\142.0.3595.53\\icudtl.dat', fd=-1)]",76,32,56537,73800,0.125,0.125,529,0,25.53515625,10.94921875,benign
1.8415904106805758,5512,C:\Program Files (x86)\Microsoft\EdgeWebView\Application\142.0.3595.69\msedgewebview2.exe,msedgewebview2.exe,32.0,0.0,"['C:\\Program Files (x86)\\Microsoft\\EdgeWebView\\Application\\142.0.3595.69\\msedgewebview2.exe', '--embedded-browser-webview=1', '--webview-exe-name=SearchApp.exe', '--webview-exe-version=10.0.19041.6282', '--user-data-dir=C:\\Users\\keylogger\\AppData\\Local\\Packages\\Microsoft.Windows.Search_cw5n1h2txyewy\\LocalState\\EBWebView', '--noerrdialogs', '--enable-features=msEmbeddedBrowserVisualHosting', '--lang=en-US', '--mojo-named-platform-channel-pipe=6116.7920.1792496325640338354']",1153,57,"[popenfile(path='C:\\Users\\keylogger\\AppData\\Local\\Packages\\Microsoft.Windows.Search_cw5n1h2txyewy\\LocalState\\EBWebView\\Default\\Network Action Predictor-journal', fd=-1), popenfile(path='C:\\Users\\keylogger\\AppData\\Local\\Packages\\Microsoft.Windows.Search_cw5n1h2txyewy\\LocalState\\EBWebView\\GrShaderCache\\index', fd=-1), popenfile(path='C:\\Users\\keylogger\\AppData\\Local\\Packages\\Microsoft.Windows.Search_cw5n1h2txyewy\\LocalState\\EBWebView\\Default\\SharedStorage-wal', fd=-1), popenfile(path='C:\\Users\\keylogger\\AppData\\Local\\Packages\\Microsoft.Windows.Search_cw5n1h2txyewy\\LocalState\\EBWebView\\Default\\Top Sites-journal', fd=-1), popenfile(path='C:\\Users\\keylogger\\AppData\\Local\\Packages\\Microsoft.Windows.Search_cw5n1h2txyewy\\LocalState\\EBWebView\\Default\\EdgeJourneys\\EdgeJourneys.db-wal', fd=-1), popenfile(path='C:\\Users\\keylogger\\AppData\\Local\\Packages\\Microsoft.Windows.Search_cw5n1h2txyewy\\LocalState\\EBWebView\\ShaderCache\\data_2', fd=-1), popenfile(path='C:\\Users\\keylogger\\AppData\\Local\\Packages\\Microsoft.Windows.Search_cw5n1h2txyewy\\LocalState\\EBWebView\\Default\\ExtensionActivityComp', fd=-1), popenfile(path='C:\\Users\\keylogger\\AppData\\Local\\Packages\\Microsoft.Windows.Search_cw5n1h2txyewy\\LocalState\\EBWebView\\ShaderCache\\data_1', fd=-1), popenfile(path='C:\\Users\\keylogger\\AppData\\Local\\Packages\\Microsoft.Windows.Search_cw5n1h2txyewy\\LocalState\\EBWebView\\Default\\shared_proto_db\\MANIFEST-000001', fd=-1), popenfile(path='C:\\Users\\keylogger\\AppData\\Local\\Packages\\Microsoft.Windows.Search_cw5n1h2txyewy\\LocalState\\EBWebView\\Default\\Vpn Tokens', fd=-1), popenfile(path='C:\\Users\\keylogger\\AppData\\Local\\Packages\\Microsoft.Windows.Search_cw5n1h2txyewy\\LocalState\\EBWebView\\Default\\BrowsingTopicsSiteData-journal', fd=-1), popenfile(path='C:\\Users\\keylogger\\AppData\\Local\\Packages\\Microsoft.Windows.Search_cw5n1h2txyewy\\LocalState\\EBWebView\\Default\\heavy_ad_intervention_opt_out.db-journal', fd=-1), popenfile(path='C:\\Users\\keylogger\\AppData\\Local\\Packages\\Microsoft.Windows.Search_cw5n1h2txyewy\\LocalState\\EBWebView\\Default\\ExtensionActivityEdge-journal', fd=-1), popenfile(path='C:\\Users\\keylogger\\AppData\\Local\\Packages\\Microsoft.Windows.Search_cw5n1h2txyewy\\LocalState\\EBWebView\\Default\\DawnWebGPUCache\\data_3', fd=-1), popenfile(path='C:\\Users\\keylogger\\AppData\\Local\\Packages\\Microsoft.Windows.Search_cw5n1h2txyewy\\LocalState\\EBWebView\\Default\\DawnWebGPUCache\\data_0', fd=-1), popenfile(path='C:\\Users\\keylogger\\AppData\\Local\\Packages\\Microsoft.Windows.Search_cw5n1h2txyewy\\LocalState\\EBWebView\\Default\\GPUCache\\index', fd=-1), popenfile(path='C:\\Users\\keylogger\\AppData\\Local\\Packages\\Microsoft.Windows.Search_cw5n1h2txyewy\\LocalState\\EBWebView\\GrShaderCache\\data_1', fd=-1), popenfile(path='C:\\Users\\keylogger\\AppData\\Local\\Packages\\Microsoft.Windows.Search_cw5n1h2txyewy\\LocalState\\EBWebView\\Default\\DawnGraphiteCache\\data_0', fd=-1), popenfile(path='C:\\Users\\keylogger\\AppData\\Local\\Packages\\Microsoft.Windows.Search_cw5n1h2txyewy\\LocalState\\EBWebView\\Default\\Extension State\\000003.log', fd=-1), popenfile(path='C:\\Users\\keylogger\\AppData\\Local\\Packages\\Microsoft.Windows.Search_cw5n1h2txyewy\\LocalState\\EBWebView\\GrShaderCache\\data_0', fd=-1), popenfile(path='C:\\Users\\keylogger\\AppData\\Local\\Packages\\Microsoft.Windows.Search_cw5n1h2txyewy\\LocalState\\EBWebView\\lockfile', fd=-1), popenfile(path='C:\\Users\\keylogger\\AppData\\Local\\Packages\\Microsoft.Windows.Search_cw5n1h2txyewy\\LocalState\\EBWebView\\Default\\ExtensionActivityEdge', fd=-1), popenfile(path='C:\\Users\\keylogger\\AppData\\Local\\Packages\\Microsoft.Windows.Search_cw5n1h2txyewy\\LocalState\\EBWebView\\Default\\DawnWebGPUCache\\index', fd=-1), popenfile(path='C:\\Users\\keylogger\\AppData\\Local\\Packages\\Microsoft.Windows.Search_cw5n1h2txyewy\\LocalState\\EBWebView\\Default\\Site Characteristics Database\\LOG', fd=-1), popenfile(path='C:\\Users\\keylogger\\AppData\\Local\\Packages\\Microsoft.Windows.Search_cw5n1h2txyewy\\LocalState\\EBWebView\\GraphiteDawnCache\\data_0', fd=-1), popenfile(path='C:\\Windows\\Fonts\\segoeui.ttf', fd=-1), popenfile(path='C:\\Users\\keylogger\\AppData\\Local\\Packages\\Microsoft.Windows.Search_cw5n1h2txyewy\\LocalState\\EBWebView\\Default\\DawnWebGPUCache\\data_2', fd=-1), popenfile(path='C:\\Users\\keylogger\\AppData\\Local\\Packages\\Microsoft.Windows.Search_cw5n1h2txyewy\\LocalState\\EBWebView\\Default\\BrowsingTopicsSiteData', fd=-1), popenfile(path='C:\\Windows\\Fonts\\seguisb.ttf', fd=-1), popenfile(path='C:\\Users\\keylogger\\AppData\\Local\\Packages\\Microsoft.Windows.Search_cw5n1h2txyewy\\LocalState\\EBWebView\\ShaderCache\\data_0', fd=-1), popenfile(path='C:\\Windows\\System32\\en-US\\kernel32.dll.mui', fd=-1), popenfile(path='C:\\Users\\keylogger\\AppData\\Local\\Packages\\Microsoft.Windows.Search_cw5n1h2txyewy\\LocalState\\EBWebView\\Default\\Sync Data\\LevelDB\\LOG', fd=-1), popenfile(path='C:\\Users\\keylogger\\AppData\\Local\\Packages\\Microsoft.Windows.Search_cw5n1h2txyewy\\LocalState\\EBWebView\\ShaderCache\\data_3', fd=-1), popenfile(path='C:\\Users\\keylogger\\AppData\\Local\\Packages\\Microsoft.Windows.Search_cw5n1h2txyewy\\LocalState\\EBWebView\\GraphiteDawnCache\\data_1', fd=-1), popenfile(path='C:\\Users\\keylogger\\AppData\\Local\\Packages\\Microsoft.Windows.Search_cw5n1h2txyewy\\LocalState\\EBWebView\\Default\\shared_proto_db\\LOG', fd=-1), popenfile(path='C:\\Users\\keylogger\\AppData\\Local\\Packages\\Microsoft.Windows.Search_cw5n1h2txyewy\\LocalState\\EBWebView\\Default\\Session Storage\\LOCK', fd=-1), popenfile(path='C:\\Users\\keylogger\\AppData\\Local\\Packages\\Microsoft.Windows.Search_cw5n1h2txyewy\\LocalState\\EBWebView\\Default\\DawnGraphiteCache\\data_3', fd=-1), popenfile(path='C:\\Users\\keylogger\\AppData\\Local\\Packages\\Microsoft.Windows.Search_cw5n1h2txyewy\\LocalState\\EBWebView\\Default\\Login Data', fd=-1), popenfile(path='C:\\Users\\keylogger\\AppData\\Local\\Packages\\Microsoft.Windows.Search_cw5n1h2txyewy\\LocalState\\EBWebView\\Default\\Login Data For Account', fd=-1), popenfile(path='C:\\Users\\keylogger\\AppData\\Local\\Packages\\Microsoft.Windows.Search_cw5n1h2txyewy\\LocalState\\EBWebView\\Default\\Sync Data\\LevelDB\\000003.log', fd=-1), popenfile(path='C:\\Users\\keylogger\\AppData\\Local\\Packages\\Microsoft.Windows.Search_cw5n1h2txyewy\\LocalState\\EBWebView\\Default\\shared_proto_db\\metadata\\000003.log', fd=-1), popenfile(path='C:\\Users\\keylogger\\AppData\\Local\\Packages\\Microsoft.Windows.Search_cw5n1h2txyewy\\LocalState\\EBWebView\\Default\\SharedStorage', fd=-1), popenfile(path='C:\\Users\\keylogger\\AppData\\Local\\Packages\\Microsoft.Windows.Search_cw5n1h2txyewy\\LocalState\\EBWebView\\Default\\DawnGraphiteCache\\data_2', fd=-1), popenfile(path='C:\\Users\\keylogger\\AppData\\Local\\Packages\\Microsoft.Windows.Search_cw5n1h2txyewy\\LocalState\\EBWebView\\Default\\GPUCache\\data_3', fd=-1), popenfile(path='C:\\Users\\keylogger\\AppData\\Local\\Packages\\Microsoft.Windows.Search_cw5n1h2txyewy\\LocalState\\EBWebView\\Default\\DIPS', fd=-1), popenfile(path='C:\\Program Files (x86)\\Microsoft\\EdgeWebView\\Application\\142.0.3595.69\\icudtl.dat', fd=-1), popenfile(path='C:\\Users\\keylogger\\AppData\\Local\\Packages\\Microsoft.Windows.Search_cw5n1h2txyewy\\LocalState\\EBWebView\\Default\\DawnGraphiteCache\\index', fd=-1), popenfile(path='C:\\Users\\keylogger\\AppData\\Local\\Packages\\Microsoft.Windows.Search_cw5n1h2txyewy\\LocalState\\EBWebView\\GraphiteDawnCache\\data_3', fd=-1), popenfile(path='C:\\Users\\keylogger\\AppData\\Local\\Packages\\Microsoft.Windows.Search_cw5n1h2txyewy\\LocalState\\EBWebView\\Default\\Sync Data\\LevelDB\\MANIFEST-000001', fd=-1), popenfile(path='C:\\Windows\\System32\\en-US\\user32.dll.mui', fd=-1), popenfile(path='C:\\Windows\\Fonts\\segoeuib.ttf', fd=-1), popenfile(path='C:\\Users\\keylogger\\AppData\\Local\\Packages\\Microsoft.Windows.Search_cw5n1h2txyewy\\LocalState\\EBWebView\\GraphiteDawnCache\\index', fd=-1), popenfile(path='C:\\Users\\keylogger\\AppData\\Local\\Packages\\Microsoft.Windows.Search_cw5n1h2txyewy\\LocalState\\EBWebView\\Default\\Favicons', fd=-1), popenfile(path='C:\\Users\\keylogger\\AppData\\Local\\Packages\\Microsoft.Windows.Search_cw5n1h2txyewy\\LocalState\\EBWebView\\Default\\shared_proto_db\\LOCK', fd=-1), popenfile(path='C:\\Windows\\System32\\en-US\\Windows.Security.Authentication.Web.Core.dll.mui', fd=-1), popenfile(path='C:\\Users\\keylogger\\AppData\\Local\\Packages\\Microsoft.Windows.Search_cw5n1h2txyewy\\LocalState\\EBWebView\\ShaderCache\\index', fd=-1), popenfile(path='C:\\Users\\keylogger\\AppData\\Local\\Packages\\Microsoft.Windows.Search_cw5n1h2txyewy\\LocalState\\EBWebView\\Default\\Site Characteristics Database\\000003.log', fd=-1), popenfile(path='C:\\Users\\keylogger\\AppData\\Local\\Packages\\Microsoft.Windows.Search_cw5n1h2txyewy\\LocalState\\EBWebView\\Default\\Extension State\\LOG', fd=-1), popenfile(path='C:\\Users\\keylogger\\AppData\\Local\\Packages\\Microsoft.Windows.Search_cw5n1h2txyewy\\LocalState\\EBWebView\\Default\\Extension State\\LOCK', fd=-1), popenfile(path='C:\\Users\\keylogger\\AppData\\Local\\Packages\\Microsoft.Windows.Search_cw5n1h2txyewy\\LocalState\\EBWebView\\Default\\Local Storage\\leveldb\\LOCK', fd=-1), popenfile(path='C:\\Users\\keylogger\\AppData\\Local\\Packages\\Microsoft.Windows.Search_cw5n1h2txyewy\\LocalState\\EBWebView\\Default\\Network Action Predictor', fd=-1), popenfile(path='C:\\Users\\keylogger\\AppData\\Local\\Packages\\Microsoft.Windows.Search_cw5n1h2txyewy\\LocalState\\EBWebView\\Default\\Site Characteristics Database\\LOCK', fd=-1), popenfile(path='C:\\Program Files (x86)\\Microsoft\\EdgeWebView\\Application\\142.0.3595.69\\msedge_100_percent.pak', fd=-1), popenfile(path='C:\\Program Files (x86)\\Microsoft\\EdgeWebView\\Application\\142.0.3595.69\\msedge_200_percent.pak', fd=-1), popenfile(path='C:\\Users\\keylogger\\AppData\\Local\\Packages\\Microsoft.Windows.Search_cw5n1h2txyewy\\LocalState\\EBWebView\\GrShaderCache\\data_2', fd=-1), popenfile(path='C:\\Users\\keylogger\\AppData\\Local\\Packages\\Microsoft.Windows.Search_cw5n1h2txyewy\\LocalState\\EBWebView\\Default\\DawnWebGPUCache\\data_1', fd=-1), popenfile(path='C:\\Users\\keylogger\\AppData\\Local\\Packages\\Microsoft.Windows.Search_cw5n1h2txyewy\\LocalState\\EBWebView\\Default\\shared_proto_db\\000003.log', fd=-1), popenfile(path='C:\\Users\\keylogger\\AppData\\Local\\Packages\\Microsoft.Windows.Search_cw5n1h2txyewy\\LocalState\\EBWebView\\Default\\DawnGraphiteCache\\data_1', fd=-1), popenfile(path='C:\\Users\\keylogger\\AppData\\Local\\Packages\\Microsoft.Windows.Search_cw5n1h2txyewy\\LocalState\\EBWebView\\Default\\EdgeJourneys\\EdgeJourneys.db', fd=-1), popenfile(path='C:\\Users\\keylogger\\AppData\\Local\\Packages\\Microsoft.Windows.Search_cw5n1h2txyewy\\LocalState\\EBWebView\\Default\\Sync Data\\LevelDB\\LOCK', fd=-1), popenfile(path='C:\\Users\\keylogger\\AppData\\Local\\Packages\\Microsoft.Windows.Search_cw5n1h2txyewy\\LocalState\\EBWebView\\Default\\GPUCache\\data_1', fd=-1), popenfile(path='C:\\Users\\keylogger\\AppData\\Local\\Packages\\Microsoft.Windows.Search_cw5n1h2txyewy\\LocalState\\EBWebView\\GrShaderCache\\data_3', fd=-1), popenfile(path='C:\\Users\\keylogger\\AppData\\Local\\Packages\\Microsoft.Windows.Search_cw5n1h2txyewy\\LocalState\\EBWebView\\Default\\heavy_ad_intervention_opt_out.db', fd=-1), popenfile(path='C:\\Users\\keylogger\\AppData\\Local\\Packages\\Microsoft.Windows.Search_cw5n1h2txyewy\\LocalState\\EBWebView\\Default\\shared_proto_db\\metadata\\LOG', fd=-1), popenfile(path='C:\\Users\\keylogger\\AppData\\Local\\Packages\\Microsoft.Windows.Search_cw5n1h2txyewy\\LocalState\\EBWebView\\Default\\Top Sites', fd=-1), popenfile(path='C:\\Program Files (x86)\\Microsoft\\EdgeWebView\\Application\\142.0.3595.69\\Locales\\en-US.pak', fd=-1), popenfile(path='C:\\Users\\keylogger\\AppData\\Local\\Packages\\Microsoft.Windows.Search_cw5n1h2txyewy\\LocalState\\EBWebView\\Default\\ServerCertificate', fd=-1), popenfile(path='C:\\Windows\\System32\\en-US\\KernelBase.dll.mui', fd=-1), popenfile(path='C:\\Users\\keylogger\\AppData\\Local\\Packages\\Microsoft.Windows.Search_cw5n1h2txyewy\\LocalState\\EBWebView\\Default\\Extension State\\MANIFEST-000001', fd=-1), popenfile(path='C:\\Users\\keylogger\\AppData\\Local\\Packages\\Microsoft.Windows.Search_cw5n1h2txyewy\\LocalState\\EBWebView\\Default\\GPUCache\\data_2', fd=-1), popenfile(path='C:\\Program Files (x86)\\Microsoft\\EdgeWebView\\Application\\142.0.3595.69\\resources.pak', fd=-1), popenfile(path='C:\\Users\\keylogger\\AppData\\Local\\Packages\\Microsoft.Windows.Search_cw5n1h2txyewy\\LocalState\\EBWebView\\BrowserMetrics\\BrowserMetrics-6914BFBA-1588.pma', fd=-1), popenfile(path='C:\\Users\\keylogger\\AppData\\Local\\Packages\\Microsoft.Windows.Search_cw5n1h2txyewy\\LocalState\\EBWebView\\Default\\GPUCache\\data_0', fd=-1), popenfile(path='C:\\Users\\keylogger\\AppData\\Local\\Packages\\Microsoft.Windows.Search_cw5n1h2txyewy\\LocalState\\EBWebView\\Default\\Site Characteristics Database\\MANIFEST-000001', fd=-1), popenfile(path='C:\\Users\\keylogger\\AppData\\Local\\Packages\\Microsoft.Windows.Search_cw5n1h2txyewy\\LocalState\\EBWebView\\Default\\DIPS-wal', fd=-1), popenfile(path='C:\\Users\\keylogger\\AppData\\Local\\Packages\\Microsoft.Windows.Search_cw5n1h2txyewy\\LocalState\\EBWebView\\Default\\History', fd=-1), popenfile(path='C:\\Users\\keylogger\\AppData\\Local\\Packages\\Microsoft.Windows.Search_cw5n1h2txyewy\\LocalState\\EBWebView\\GraphiteDawnCache\\data_2', fd=-1), popenfile(path='C:\\Users\\keylogger\\AppData\\Local\\Packages\\Microsoft.Windows.Search_cw5n1h2txyewy\\LocalState\\EBWebView\\Default\\Web Data', fd=-1), popenfile(path='C:\\Users\\keylogger\\AppData\\Local\\Packages\\Microsoft.Windows.Search_cw5n1h2txyewy\\LocalState\\EBWebView\\Default\\shared_proto_db\\metadata\\MANIFEST-000001', fd=-1), popenfile(path='C:\\Users\\keylogger\\AppData\\Local\\Packages\\Microsoft.Windows.Search_cw5n1h2txyewy\\LocalState\\EBWebView\\Default\\shared_proto_db\\metadata\\LOCK', fd=-1)]",1410,1015,7218783,832294,0.609375,1.015625,9010,0,75.4140625,35.15234375,benign
1.2130687481935607,5632,C:\Windows\SystemApps\Microsoft.Windows.StartMenuExperienceHost_cw5n1h2txyewy\StartMenuExperienceHost.exe,StartMenuExperienceHost.exe,32.0,0.0,"['C:\\Windows\\SystemApps\\Microsoft.Windows.StartMenuExperienceHost_cw5n1h2txyewy\\StartMenuExperienceHost.exe', '-ServerName:App.AppXywbrabmsek0gm3tkwpr5kwzbs55tkqay.mca']",601,8,"[popenfile(path='C:\\Windows\\System32\\en-US\\Windows.Globalization.dll.mui', fd=-1), popenfile(path='C:\\Windows\\Fonts\\segmdl2.ttf', fd=-1), popenfile(path='C:\\Users\\keylogger\\AppData\\Local\\Packages\\Microsoft.Windows.StartMenuExperienceHost_cw5n1h2txyewy\\TempState\\TileCache_100_3_PNGEncoded_Header.bin', fd=-1), popenfile(path='C:\\Windows\\SystemResources\\Windows.UI.ShellCommon\\StartUI\\Assets\\Fonts\\BitMDL2.ttf', fd=-1), popenfile(path='C:\\Windows\\System32\\en-US\\windows.ui.xaml.dll.mui', fd=-1), popenfile(path='C:\\Users\\keylogger\\AppData\\Local\\Packages\\Microsoft.Windows.StartMenuExperienceHost_cw5n1h2txyewy\\TempState\\TileCache_100_3_PNGEncoded_Data.bin', fd=-1), popenfile(path='C:\\Windows\\Fonts\\segoeui.ttf', fd=-1), popenfile(path='C:\\Windows\\System32\\en-US\\KernelBase.dll.mui', fd=-1), popenfile(path='C:\\Windows\\System32\\en-US\\windows.storage.dll.mui', fd=-1), popenfile(path='C:\\Windows\\Fonts\\segoeuib.ttf', fd=-1)]",94,182,235043,41316,1.0625,0.734375,3189,0,49.67578125,21.61328125,benign
0.2193005466774393,5916,C:\Windows\System32\svchost.exe,svchost.exe,,0.0,,249,8,,0,0,0,0,0.046875,0.109375,539,0,8.98046875,4.0234375,benign
0.4316376571184919,5940,C:\Windows\System32\notepad.exe,notepad.exe,32.0,0.0,"['C:\\Windows\\system32\\NOTEPAD.EXE', 'C:\\Users\\keylogger\\AppData\\Roaming\\.syslog\\keylogger.pid']",310,3,"[popenfile(path='C:\\Windows\\SystemResources\\notepad.exe.mun', fd=-1), popenfile(path='C:\\Windows\\System32\\en-US\\notepad.exe.mui', fd=-1), popenfile(path='C:\\Windows\\Fonts\\StaticCache.dat', fd=-1), popenfile(path='C:\\Windows\\Registration\\R000000000006.clb', fd=-1)]",14,0,4936,0,0.046875,0.140625,3773,0,17.67578125,3.25,benign
0.4634977626383983,6060,C:\Windows\System32\svchost.exe,svchost.exe,32.0,0.0,"['C:\\Windows\\system32\\svchost.exe', '-k', 'ClipboardSvcGroup', '-p', '-s', 'cbdhsvc']",284,5,"[popenfile(path='C:\\Windows\\System32\\en-US\\windows.applicationmodel.datatransfer.dll.mui', fd=-1), popenfile(path='C:\\Windows\\Registration\\R000000000006.clb', fd=-1), popenfile(path='C:\\Windows\\System32\\en-US\\ole32.dll.mui', fd=-1), popenfile(path='C:\\Windows\\System32\\en-US\\svchost.exe.mui', fd=-1), popenfile(path='C:\\Windows\\System32\\en-US\\KernelBase.dll.mui', fd=-1)]",0,0,0,0,0.234375,0.21875,8949,0,18.98046875,3.41015625,benign
1.198760317570848,6116,C:\Windows\SystemApps\Microsoft.Windows.Search_cw5n1h2txyewy\SearchApp.exe,SearchApp.exe,32.0,0.0,"['C:\\Windows\\SystemApps\\Microsoft.Windows.Search_cw5n1h2txyewy\\SearchApp.exe', '-ServerName:ShellFeedsUI.AppX88fpyyrd21w8wqe62wzsjh5agex7tf1e.mca']",700,17,"[popenfile(path='C:\\Windows\\Fonts\\segoeui.ttf', fd=-1), popenfile(path='C:\\Program Files (x86)\\Microsoft\\EdgeWebView\\Application\\142.0.3595.69\\icudtl.dat', fd=-1), popenfile(path='C:\\Windows\\System32\\en-US\\KernelBase.dll.mui', fd=-1), popenfile(path='C:\\Windows\\System32\\en-US\\windows.storage.dll.mui', fd=-1)]",96,76,66938,11256,0.25,0.703125,2744,0,49.08984375,16.078125,benign
0.14785378310136188,6268,C:\Program Files\Microsoft Update Health Tools\uhssvc.exe,uhssvc.exe,,0.0,,123,3,,1,1,3690,65536,0.0,0.015625,766,0,6.0546875,1.33984375,benign
0.5225438863414583,6308,C:\Windows\System32\svchost.exe,svchost.exe,32.0,0.0,"['C:\\Windows\\System32\\svchost.exe', '-k', 'UnistackSvcGroup']",645,3,"[popenfile(path='C:\\Users\\keylogger\\AppData\\Local\\Comms\\UnistoreDB\\tmp.edb', fd=-1), popenfile(path='C:\\Windows\\System32\\en-US\\ESENT.dll.mui', fd=-1), popenfile(path='C:\\Windows\\Registration\\R000000000006.clb', fd=-1), popenfile(path='C:\\Users\\keylogger\\AppData\\Local\\Comms\\UnistoreDB\\store.vol', fd=-1), popenfile(path='C:\\Users\\keylogger\\AppData\\Local\\Comms\\UnistoreDB\\store.jfm', fd=-1), popenfile(path='C:\\Users\\keylogger\\AppData\\Local\\Comms\\UnistoreDB\\USS.jtx', fd=-1), popenfile(path='C:\\Windows\\System32\\en-US\\svchost.exe.mui', fd=-1), popenfile(path='C:\\Users\\keylogger\\AppData\\Local\\Comms\\UnistoreDB\\USStmp.jtx', fd=-1)]",310,428,25859872,16176928,1.75,1.125,1332,0,21.3984375,6.03515625,benign
0.6185057610511164,6388,C:\Windows\System32\RuntimeBroker.exe,RuntimeBroker.exe,32.0,0.0,"['C:\\Windows\\System32\\RuntimeBroker.exe', '-Embedding']",337,2,"[popenfile(path='C:\\Windows\\System32\\en-US\\Windows.Security.Authentication.Web.Core.dll.mui', fd=-1), popenfile(path='C:\\Windows\\System32\\en-US\\propsys.dll.mui', fd=-1), popenfile(path='C:\\Windows\\Registration\\R000000000006.clb', fd=-1), popenfile(path='C:\\Windows\\System32\\en-US\\ShutdownUX.dll.mui', fd=-1), popenfile(path='C:\\Windows\\System32\\en-US\\KernelBase.dll.mui', fd=-1), popenfile(path='C:\\Windows\\System32\\en-US\\windows.storage.dll.mui', fd=-1)]",15,0,28784,0,0.203125,0.171875,140,0,25.328125,4.16015625,benign
0.42972986636879695,6500,C:\Windows\System32\notepad.exe,notepad.exe,32.0,0.0,"['C:\\Windows\\system32\\NOTEPAD.EXE', 'C:\\Users\\keylogger\\AppData\\Roaming\\.syslog\\keylogger.pid']",316,6,"[popenfile(path='C:\\Windows\\SystemResources\\notepad.exe.mun', fd=-1), popenfile(path='C:\\Windows\\System32\\en-US\\notepad.exe.mui', fd=-1), popenfile(path='C:\\Windows\\Fonts\\StaticCache.dat', fd=-1), popenfile(path='C:\\Windows\\Registration\\R000000000006.clb', fd=-1)]",14,0,4936,0,0.046875,0.109375,888,0,17.59765625,3.515625,benign
2.031129421662773,6552,C:\Windows\SystemApps\Microsoft.Windows.Search_cw5n1h2txyewy\SearchApp.exe,SearchApp.exe,32.0,0.0,"['C:\\Windows\\SystemApps\\Microsoft.Windows.Search_cw5n1h2txyewy\\SearchApp.exe', '-ServerName:CortanaUI.AppX8z9r6jm96hw4bsbneegw0kyxx296wr9t.mca']",1464,43,"[popenfile(path='C:\\Windows\\Fonts\\seguisb.ttf', fd=-1), popenfile(path='C:\\Windows\\Fonts\\georgiai.ttf', fd=-1), popenfile(path='C:\\Windows\\Fonts\\seguiemj.ttf', fd=-1), popenfile(path='C:\\Windows\\System32\\WinMetadata\\Windows.UI.winmd', fd=-1), popenfile(path='C:\\Windows\\System32\\WinMetadata\\Windows.Security.winmd', fd=-1), popenfile(path='C:\\Windows\\System32\\en-US\\wininet.dll.mui', fd=-1), popenfile(path='C:\\Users\\keylogger\\AppData\\Local\\Packages\\Microsoft.Windows.Search_cw5n1h2txyewy\\LocalState\\AppIconCache\\100\\PythonSoftwareFoundation_PythonManager_3847v3x7pw1km!Py_Manager_Exe', fd=-1), popenfile(path='C:\\Users\\keylogger\\AppData\\Local\\Packages\\Microsoft.Windows.Search_cw5n1h2txyewy\\LocalState\\AppIconCache\\100\\Microsoft_Windows_ControlPanel', fd=-1), popenfile(path='C:\\Windows\\System32\\en-US\\KernelBase.dll.mui', fd=-1), popenfile(path='C:\\Windows\\System32\\en-US\\netmsg.dll.mui', fd=-1), popenfile(path='C:\\Users\\keylogger\\AppData\\Local\\Packages\\Microsoft.Windows.Search_cw5n1h2txyewy\\LocalState\\AppIconCache\\100\\Microsoft_WindowsStore_8wekyb3d8bbwe!App', fd=-1), popenfile(path='C:\\Windows\\System32\\en-US\\shell32.dll.mui', fd=-1), popenfile(path='C:\\Windows\\System32\\en-US\\d2d1.dll.mui', fd=-1), popenfile(path='C:\\Users\\keylogger\\AppData\\Local\\Packages\\Microsoft.Windows.Search_cw5n1h2txyewy\\LocalState\\AppIconCache\\100\\Microsoft_Getstarted_8wekyb3d8bbwe!App', fd=-1), popenfile(path='C:\\Windows\\Fonts\\georgia.ttf', fd=-1), popenfile(path='C:\\Users\\keylogger\\AppData\\Local\\Packages\\Microsoft.Windows.Search_cw5n1h2txyewy\\LocalState\\AppIconCache\\100\\Microsoft_VisualStudioCode', fd=-1), popenfile(path='C:\\Windows\\System32\\WinMetadata\\Windows.Web.winmd', fd=-1), popenfile(path='C:\\Windows\\System32\\en-US\\edgehtml.dll.mui', fd=-1), popenfile(path='C:\\Windows\\System32\\en-US\\crypt32.dll.mui', fd=-1), popenfile(path='C:\\Users\\keylogger\\AppData\\Local\\Packages\\Microsoft.Windows.Search_cw5n1h2txyewy\\LocalState\\AppIconCache\\100\\Microsoft_Windows_Explorer', fd=-1), popenfile(path='C:\\Windows\\SystemResources\\edgehtml.dll.mun', fd=-1), popenfile(path='C:\\Windows\\SystemApps\\Microsoft.Windows.Search_cw5n1h2txyewy\\Cortana.Internal.Search.winmd', fd=-1), popenfile(path='C:\\Users\\keylogger\\AppData\\Local\\Packages\\Microsoft.Windows.Search_cw5n1h2txyewy\\LocalState\\AppIconCache\\100\\{1AC14E77-02E7-4E5D-B744-2EB1AE5198B7}_cmd_exe', fd=-1), popenfile(path='C:\\Windows\\SystemApps\\Microsoft.Windows.Search_cw5n1h2txyewy\\Cortana.Search.winmd', fd=-1), popenfile(path='C:\\Windows\\SystemResources\\Chakra.dll.mun', fd=-1), popenfile(path='C:\\Users\\keylogger\\AppData\\Local\\Packages\\Microsoft.Windows.Search_cw5n1h2txyewy\\LocalState\\AppIconCache\\100\\{1AC14E77-02E7-4E5D-B744-2EB1AE5198B7}_mspaint_exe', fd=-1), popenfile(path='C:\\Users\\keylogger\\AppData\\Local\\Packages\\Microsoft.Windows.Search_cw5n1h2txyewy\\LocalState\\AppIconCache\\100\\MSEdge', fd=-1), popenfile(path='C:\\Users\\keylogger\\AppData\\Local\\Packages\\Microsoft.Windows.Search_cw5n1h2txyewy\\LocalState\\AppIconCache\\100\\Microsoft_Windows_Computer', fd=-1), popenfile(path='C:\\Windows\\System32\\WinMetadata\\Windows.Storage.winmd', fd=-1), popenfile(path='C:\\Users\\keylogger\\AppData\\Local\\Packages\\Microsoft.Windows.Search_cw5n1h2txyewy\\LocalState\\AppIconCache\\100\\{1AC14E77-02E7-4E5D-B744-2EB1AE5198B7}_notepad_exe', fd=-1), popenfile(path='C:\\Users\\keylogger\\AppData\\Local\\Packages\\Microsoft.Windows.Search_cw5n1h2txyewy\\LocalState\\AppIconCache\\100\\C__Users_keylogger_AppData_Local_Python_pythoncore-3_14-64_python_exe', fd=-1), popenfile(path='C:\\Windows\\System32\\WinMetadata\\Windows.System.winmd', fd=-1), popenfile(path='C:\\Windows\\System32\\WinMetadata\\Windows.Foundation.winmd', fd=-1), popenfile(path='C:\\Users\\keylogger\\AppData\\Local\\Packages\\Microsoft.Windows.Search_cw5n1h2txyewy\\LocalState\\AppIconCache\\100\\Microsoft_Windows_Shell_RunDialog', fd=-1), popenfile(path='C:\\Windows\\System32\\WinMetadata\\Windows.ApplicationModel.winmd', fd=-1), popenfile(path='C:\\Users\\keylogger\\AppData\\Local\\Packages\\Microsoft.Windows.Search_cw5n1h2txyewy\\LocalState\\AppIconCache\\100\\Microsoft_AutoGenerated_{923DD477-5846-686B-A659-0FCCD73851A8}', fd=-1), popenfile(path='C:\\Windows\\Fonts\\simsun.ttc', fd=-1), popenfile(path='C:\\Users\\keylogger\\AppData\\Local\\Packages\\Microsoft.Windows.Search_cw5n1h2txyewy\\LocalState\\AppIconCache\\100\\windows_immersivecontrolpanel_cw5n1h2txyewy!microsoft_windows_immersivecontrolpanel', fd=-1), popenfile(path='C:\\Windows\\System32\\en-US\\StartTileData.dll.mui', fd=-1), popenfile(path='C:\\Windows\\Fonts\\seguisym.ttf', fd=-1), popenfile(path='C:\\Windows\\Fonts\\times.ttf', fd=-1), popenfile(path='C:\\Windows\\Fonts\\georgiab.ttf', fd=-1), popenfile(path='C:\\Users\\keylogger\\AppData\\Local\\Packages\\Microsoft.Windows.Search_cw5n1h2txyewy\\LocalState\\AppIconCache\\100\\{1AC14E77-02E7-4E5D-B744-2EB1AE5198B7}_SnippingTool_exe', fd=-1), popenfile(path='C:\\Users\\keylogger\\AppData\\Local\\Packages\\Microsoft.Windows.Search_cw5n1h2txyewy\\LocalState\\AppIconCache\\100\\Microsoft_AutoGenerated_{C1C6F8AC-40A3-0F5C-146F-65A9DC70BBB4}', fd=-1), popenfile(path='C:\\Windows\\Fonts\\segoeui.ttf', fd=-1), popenfile(path='C:\\Windows\\System32\\en-US\\dnsapi.dll.mui', fd=-1), popenfile(path='C:\\Windows\\System32\\en-US\\windows.storage.dll.mui', fd=-1), popenfile(path='C:\\Windows\\Fonts\\segoeuib.ttf', fd=-1)]",8419,4226,38331706,19990760,13.59375,8.015625,37955,0,83.17578125,154.63671875,benign
1.1318922517940386,6620,C:\Windows\System32\RuntimeBroker.exe,RuntimeBroker.exe,32.0,0.0,"['C:\\Windows\\System32\\RuntimeBroker.exe', '-Embedding']",758,12,"[popenfile(path='C:\\Windows\\System32\\en-US\\twext.dll.mui', fd=-1), popenfile(path='C:\\Users\\keylogger\\AppData\\Local\\Microsoft\\Windows\\Explorer\\iconcache_32.db', fd=-1), popenfile(path='C:\\Windows\\SystemResources\\imageres.dll.mun', fd=-1), popenfile(path='C:\\Windows\\System32\\en-US\\ntshrui.dll.mui', fd=-1), popenfile(path='C:\\Users\\keylogger\\AppData\\Local\\Microsoft\\Windows\\Explorer\\iconcache_16.db', fd=-1), popenfile(path='C:\\Windows\\System32\\en-US\\KernelBase.dll.mui', fd=-1), popenfile(path='C:\\Users\\keylogger\\AppData\\Local\\Microsoft\\Windows\\Explorer\\thumbcache_wide.db', fd=-1), popenfile(path='C:\\Windows\\System32\\en-US\\shell32.dll.mui', fd=-1), popenfile(path='C:\\Users\\keylogger\\AppData\\Local\\Microsoft\\Windows\\Explorer\\thumbcache_16.db', fd=-1), popenfile(path='C:\\Windows\\System32\\en-US\\Windows.Security.Authentication.Web.Core.dll.mui', fd=-1), popenfile(path='C:\\Users\\keylogger\\AppData\\Local\\Microsoft\\Windows\\Explorer\\thumbcache_48.db', fd=-1), popenfile(path='C:\\Windows\\System32\\en-US\\AppResolver.dll.mui', fd=-1), popenfile(path='C:\\Windows\\System32\\en-US\\combase.dll.mui', fd=-1), popenfile(path='C:\\Windows\\System32\\en-US\\crypt32.dll.mui', fd=-1), popenfile(path='C:\\Users\\keylogger\\AppData\\Local\\Microsoft\\Windows\\Explorer\\thumbcache_1920.db', fd=-1), popenfile(path='C:\\Users\\keylogger\\AppData\\Local\\Microsoft\\Windows\\Explorer\\thumbcache_exif.db', fd=-1), popenfile(path='C:\\Users\\keylogger\\AppData\\Local\\Microsoft\\Windows\\Explorer\\thumbcache_custom_stream.db', fd=-1), popenfile(path='C:\\Windows\\System32\\en-US\\propsys.dll.mui', fd=-1), popenfile(path='C:\\Users\\keylogger\\AppData\\Local\\Microsoft\\Windows\\Explorer\\thumbcache_256.db', fd=-1), popenfile(path='C:\\Windows\\Registration\\R000000000006.clb', fd=-1), popenfile(path='C:\\Users\\keylogger\\AppData\\Local\\Microsoft\\Windows\\Explorer\\thumbcache_1280.db', fd=-1), popenfile(path='C:\\Users\\keylogger\\AppData\\Local\\Microsoft\\Windows\\Explorer\\thumbcache_768.db', fd=-1), popenfile(path='C:\\Windows\\System32\\en-US\\mpr.dll.mui', fd=-1), popenfile(path='C:\\Users\\keylogger\\AppData\\Local\\Microsoft\\Windows\\Explorer\\thumbcache_sr.db', fd=-1), popenfile(path='C:\\Windows\\System32\\en-US\\StartTileData.dll.mui', fd=-1), popenfile(path='C:\\Users\\keylogger\\AppData\\Local\\Microsoft\\Windows\\Explorer\\iconcache_idx.db', fd=-1), popenfile(path='C:\\Users\\keylogger\\AppData\\Local\\Microsoft\\Windows\\Explorer\\thumbcache_wide_alternate.db', fd=-1), popenfile(path='C:\\Users\\keylogger\\AppData\\Local\\Microsoft\\Windows\\Explorer\\thumbcache_32.db', fd=-1), popenfile(path='C:\\Users\\keylogger\\AppData\\Local\\Microsoft\\Windows\\Explorer\\thumbcache_2560.db', fd=-1), popenfile(path='C:\\Users\\keylogger\\AppData\\Local\\Microsoft\\Windows\\Explorer\\thumbcache_96.db', fd=-1), popenfile(path='C:\\Users\\keylogger\\AppData\\Local\\Microsoft\\Windows\\Explorer\\thumbcache_idx.db', fd=-1), popenfile(path='C:\\Users\\keylogger\\AppData\\Local\\Microsoft\\Windows\\Explorer\\iconcache_256.db', fd=-1), popenfile(path='C:\\Windows\\System32\\en-US\\windows.storage.dll.mui', fd=-1)]",699,20,713206,8160,1.609375,1.484375,8044,0,46.3515625,15.81640625,benign
0.1419396317773074,6720,C:\Users\keylogger\.vscode\extensions\ms-python.vscode-python-envs-1.10.0-win32-x64\python-env-tools\bin\pet.exe,pet.exe,32.0,0.0,"['c:\\Users\\keylogger\\.vscode\\extensions\\ms-python.vscode-python-envs-1.10.0-win32-x64\\python-env-tools\\bin\\pet.exe', 'server']",61,1,"[popenfile(path='C:\\Windows\\System32\\en-US\\KernelBase.dll.mui', fd=-1)]",25,1871,4069,241807,0.5625,2.03125,71,0,5.8125,1.54296875,benign
0.5986647372542885,6728,C:\Program Files (x86)\Microsoft\EdgeWebView\Application\142.0.3595.69\msedgewebview2.exe,msedgewebview2.exe,32.0,0.0,"['C:\\Program Files (x86)\\Microsoft\\EdgeWebView\\Application\\142.0.3595.69\\msedgewebview2.exe', '--type=utility', '--utility-sub-type=network.mojom.NetworkService', '--lang=en-US', '--service-sandbox-type=none', '--noerrdialogs', '--user-data-dir=C:\\Users\\keylogger\\AppData\\Local\\Packages\\Microsoft.Windows.Search_cw5n1h2txyewy\\LocalState\\EBWebView', '--webview-exe-name=SearchApp.exe', '--webview-exe-version=10.0.19041.6282', '--embedded-browser-webview=1', '--startup-read-main-dll', '--metrics-shmem-handle=2200,i,2252865742113748090,11968586031112061283,524288', '--field-trial-handle=1936,i,2534396607517605442,16715881984632097342,262144', '--enable-features=ForceSWDCompWhenDCompFallbackRequired,LocalNetworkAccessForFencedFrameNavigationsWarningOnly,LocalNetworkAccessForNavigationsWarningOnly,LocalNetworkAccessForSubframeNavigationsWarningOnly,LocalNetworkAccessForWorkersWarningOnly,msAggressiveCacheTrimming,msCustomDataPartition,msEmbeddedBrowserVisualHosting,msWebView2NoTabForScreenShare,msWebViewAppLifeCycleWorkaround', '--disable-features=BackForwardCache,BackgroundTabLoadingFromPerformanceManager,CloseOmniboxPopupOnInactiveAreaClick,CollectAVProductsInfo,CollectCodeIntegrityInfo,DeferSpeculativeRFHCreation,EnableHangWatcher,FilterAdsOnAbusiveSites,GetWifiProtocol,LoginDetection,MediaFoundationCameraUsageMonitoring,PreconnectToSearch,PreloadingEagerHeuristics,SafetyHub,SegmentationPlatform,ServiceWorkerAutoPreload,SpareRendererForSitePerProcess,Ukm,WebPayments,msAITrackerClassification,msAbydosForWindowlessWV2,msAffirmVirtualCard,msAllowChromeWebstore,msAllowMSAPrtSSOForNonMSAProfile,msApplicationGuard,msAskBeforeClosingMultipleTabs,msAutoToggleAADPrtSSOForNonAADProfile,msAutofillEdgeServiceRequest,msAutofillEnableEdgeSuggestions,msAutomaticTabFreeze,msBrowserSettingsSupported,msCoarseGeolocationService,msDataProtection,msDesktopMode,msDesktopRewards,msDisableVariationsSeedFetchThrottling,msEEProactiveHistory,msETFOffstoreExtensionFileDataCollection,msETFPasswordTheftDNRActionSignals,msEdgeAdPlatformUI,msEdgeAddWebCapturetoCollections,msEdgeAutofillShowDeployedPassword,msEdgeCaptureSelectionInPDF,msEdgeCloudConfigService,msEdgeCloudConfigServiceV2,msEdgeCohorts,msEdgeCollectionsPrismExperiment1,msEdgeCollectionsPrismOverallMigration,msEdgeComposeNext,msEdgeEnableNurturingFramework,msEdgeEnclavePrefsBasic,msEdgeEnclavePrefsNotification,msEdgeFaviconService,msEdgeHJTelemetry,msEdgeHubAppSkype,msEdgeImageEditorUI,msEdgeLinkDoctor,msEdgeMouseGestureDefaultEnabled,msEdgeMouseGestureSupported,msEdgeNewDeviceFre,msEdgeOnRampFRE,msEdgeOnRampImport,msEdgePDFCMHighlightUX,msEdgePasswordIris,msEdgePasswordIrisSaveBubble,msEdgePasswordStrengthCheck,msEdgePinpointFramework,msEdgeProngPersonalization,msEdgeReadingView,msEdgeRose,msEdgeScreenshotUI,msEdgeSendTabToSelf,msEdgeSettingsImport,msEdgeSettingsImportV2,msEdgeShoppingPersistentStorage,msEdgeShoppingUI,msEdgeSmartFind,msEdgeSuperDragDefaultEnabled,msEdgeSuperDragDropSupported,msEdgeTranslate,msEdgeUpdatesMoreMenuPill,msEdgeWebCapture,msEdgeWebCaptureUniformExperience,msEdgeWebContentFilteringFeedback,msEdgeWorkSearchBanner,msEnableCustomJobMemoryLimitsOnXbox,msEnableMIPForPDF,msEnablePdfUpsell,msEnableThirdPartyScanning,msEnableWebSignInCta,msEnableWebToBrowserSignIn,msEndpointDlp,msEntityExtraction,msExtensionTelemetryFramework,msExternalTaskManager,msFileSystemAccessDirectoryIterationBlocklistCheck,msForceBrowserSignIn,msForeignSessionsPage,msGeolocationAccessService,msGeolocationOSLocationPermissionFallback,msGeolocationSQMService,msGeolocationService,msGrowthInfraLaunchSourceLogging,msGuidedSwitchAllowed,msHubPinPersist,msImplicitSignin,msIrm,msIrmv2,msKlarnaVirtualCard,msLlmConsumerDlpPurview,msLoadStatistics,msLogIsEdgePinnedToTaskbarOnLaunch,msMIPCrossTenantPdfViewSupport,msMdatpWebSiteDlp,msNotificationPermissionForPWA,msNumberOfSitesToPin,msNurturingGlobalSitePinningOnCloseModal,msNurturingSitePinningCITopSites,msNurturingSitePinningWithWindowsConsent,msOnHoverSearchInSidebar,msOpenOfficeDocumentsInWebViewer,msPageInteractionRestrictionRevoke,msPasswordBreachDetection,msPdfAnnotationsVisibility,msPdfDataRecovery,msPdfDigitalSignatureRead,msPdfFreeText,msPdfFreeTextForCJK,msPdfHighlightMode,msPdfInking,msPdfKeyphraseSupport,msPdfOOUI,msPdfPopupMarkerRenderer,msPdfShare,msPdfSharedLibrary,msPdfTextNote,msPdfTextNoteMoreMenu,msPdfThumbnailCache,msPdfUnderside,msPdfViewRestore,msPersonalizationUMA,msPriceComparison,msPrintInWebView2,msPromptDefaultHandlerForPDF,msReactiveSearch,msReadAloud,msReadAloudPdf,msRedirectToShoreline,msRevokeExtensions,msSaasDlp,msShoppingTrigger,msShorelineSearch,msShorelineSearchFindOnPageWebUI,msShowOfflineGameEntrance,msShowReadAloudIconInAddressBar,msShowUXForAADPrtSSOForNonAADProfile,msSitePinningWithoutUi,msSuspendMessageForNewSessionWhenHavingPendingNavigation,msSyncEdgeCollections,msTabResourceStats,msTokenizationAutofillInlineEnabled,msTouchMode,msTriggeringSignalGenerator,msUserUnderstanding,msVideoSuperResolutionUI,msWalletBuyNow,msWalletCheckout,msWalletDiagnosticDataLogger,msWalletHubEntry,msWalletHubIntlP3,msWalletPartialCard,msWalletPasswordCategorization,msWalletPasswordCategorizationPlatformExpansion,msWalletTokenizationCardMetadata,msWalletTokenizedAutofill,msWebAssist,msWebAssistHistorySearchService,msWebOOUI,msWindowsTaskManager,msWindowsUserActivities,msZipPayVirtualCard', '--variations-seed-version', '--trace-process-track-uuid=3190708989122997041', '--mojo-platform-channel-handle=2204', '/prefetch:3']",351,22,"[popenfile(path='C:\\Users\\keylogger\\AppData\\Local\\Packages\\Microsoft.Windows.Search_cw5n1h2txyewy\\LocalState\\EBWebView\\Default\\Safe Browsing Network\\Safe Browsing Cookies', fd=-1), popenfile(path='C:\\Users\\keylogger\\AppData\\Local\\Packages\\Microsoft.Windows.Search_cw5n1h2txyewy\\LocalState\\EBWebView\\Default\\Network\\Trust Tokens', fd=-1), popenfile(path='C:\\Users\\keylogger\\AppData\\Local\\Packages\\Microsoft.Windows.Search_cw5n1h2txyewy\\LocalState\\EBWebView\\Default\\Network\\Cookies', fd=-1), popenfile(path='C:\\Users\\keylogger\\AppData\\Local\\Packages\\Microsoft.Windows.Search_cw5n1h2txyewy\\LocalState\\EBWebView\\Default\\Cache\\Cache_Data\\data_0', fd=-1), popenfile(path='C:\\Program Files (x86)\\Microsoft\\EdgeWebView\\Application\\142.0.3595.69\\icudtl.dat', fd=-1), popenfile(path='C:\\Users\\keylogger\\AppData\\Local\\Packages\\Microsoft.Windows.Search_cw5n1h2txyewy\\LocalState\\EBWebView\\Default\\Cache\\Cache_Data\\index', fd=-1), popenfile(path='C:\\Program Files (x86)\\Microsoft\\EdgeWebView\\Application\\142.0.3595.69\\resources.pak', fd=-1), popenfile(path='C:\\Program Files (x86)\\Microsoft\\EdgeWebView\\Application\\142.0.3595.69\\Locales\\en-US.pak', fd=-1), popenfile(path='C:\\Users\\keylogger\\AppData\\Local\\Packages\\Microsoft.Windows.Search_cw5n1h2txyewy\\LocalState\\EBWebView\\Default\\Network\\Reporting and NEL', fd=-1), popenfile(path='C:\\Program Files (x86)\\Microsoft\\EdgeWebView\\Application\\142.0.3595.69\\v8_context_snapshot.bin', fd=-1), popenfile(path='C:\\Users\\keylogger\\AppData\\Local\\Packages\\Microsoft.Windows.Search_cw5n1h2txyewy\\LocalState\\EBWebView\\Default\\Cache\\Cache_Data\\data_1', fd=-1), popenfile(path='C:\\Users\\keylogger\\AppData\\Local\\Packages\\Microsoft.Windows.Search_cw5n1h2txyewy\\LocalState\\EBWebView\\Default\\Cache\\Cache_Data\\data_2', fd=-1), popenfile(path='C:\\Program Files (x86)\\Microsoft\\EdgeWebView\\Application\\142.0.3595.69\\msedge_100_percent.pak', fd=-1), popenfile(path='C:\\Users\\keylogger\\AppData\\Local\\Packages\\Microsoft.Windows.Search_cw5n1h2txyewy\\LocalState\\EBWebView\\Default\\Network\\Cookies-journal', fd=-1), popenfile(path='C:\\Users\\keylogger\\AppData\\Local\\Packages\\Microsoft.Windows.Search_cw5n1h2txyewy\\LocalState\\EBWebView\\Default\\Shared Dictionary\\db', fd=-1), popenfile(path='C:\\Users\\keylogger\\AppData\\Local\\Packages\\Microsoft.Windows.Search_cw5n1h2txyewy\\LocalState\\EBWebView\\Default\\Cache\\Cache_Data\\data_3', fd=-1), popenfile(path='C:\\Users\\keylogger\\AppData\\Local\\Packages\\Microsoft.Windows.Search_cw5n1h2txyewy\\LocalState\\EBWebView\\Default\\Cache\\No_Vary_Search\\journal.baj', fd=-1), popenfile(path='C:\\Program Files (x86)\\Microsoft\\EdgeWebView\\Application\\142.0.3595.69\\msedge_200_percent.pak', fd=-1)]",236,195,1497890,74291,0.09375,0.15625,1290,0,24.515625,11.3671875,benign
0.641494639584941,6900,C:\Users\keylogger\AppData\Local\Python\pythoncore-3.14-64\python.exe,python.exe,32.0,0.0,"['C:\\Users\\keylogger\\AppData\\Local\\Python\\pythoncore-3.14-64\\python.exe', '.\\run_keylogger.py']",125,5,"[popenfile(path='C:\\Windows\\System32\\en-US\\KernelBase.dll.mui', fd=-1)]",265,68,2593677,12283,0.234375,0.09375,1498,0,26.26953125,17.37109375,keylogger
0.1317329512664392,6936,C:\Windows\System32\conhost.exe,conhost.exe,32.0,0.0,"['\\??\\C:\\Windows\\system32\\conhost.exe', '0x4']",111,2,"[popenfile(path='C:\\Windows\\System32\\en-US\\Conhost.exe.mui', fd=-1)]",0,0,0,0,0.03125,0.015625,411,0,5.39453125,6.1640625,benign
0.27901439714289256,6952,C:\Windows\System32\svchost.exe,svchost.exe,,0.0,,220,3,,3,0,6464,0,0.953125,1.5625,112,0,11.42578125,2.65625,benign
0.5156758396425564,7072,C:\Windows\System32\RuntimeBroker.exe,RuntimeBroker.exe,32.0,0.0,"['C:\\Windows\\System32\\RuntimeBroker.exe', '-Embedding']",319,3,"[popenfile(path='C:\\Windows\\System32\\en-US\\propsys.dll.mui', fd=-1), popenfile(path='C:\\Windows\\Registration\\R000000000006.clb', fd=-1), popenfile(path='C:\\Windows\\System32\\en-US\\Windows.Storage.Search.dll.mui', fd=-1), popenfile(path='C:\\Windows\\System32\\en-US\\windows.storage.dll.mui', fd=-1), popenfile(path='C:\\Windows\\System32\\en-US\\shell32.dll.mui', fd=-1)]",798,8,312748,128,0.515625,0.71875,225,0,21.1171875,6.7265625,benign
0.8296028075048673,7212,C:\Program Files\VMware\VMware Tools\vmtoolsd.exe,vmtoolsd.exe,32.0,0.0,"['C:\\Program Files\\VMware\\VMware Tools\\vmtoolsd.exe', '-n', 'vmusr']",451,7,"[popenfile(path='C:\\Windows\\Temp\\vmware-vmusr-keylogger.log', fd=-1), popenfile(path='C:\\Windows\\Registration\\R000000000006.clb', fd=-1), popenfile(path='C:\\Windows\\System32\\en-US\\msxml6r.dll.mui', fd=-1), popenfile(path='C:\\Windows\\System32\\en-US\\crypt32.dll.mui', fd=-1), popenfile(path='C:\\Windows\\System32\\en-US\\KernelBase.dll.mui', fd=-1), popenfile(path='C:\\Windows\\System32\\en-US\\shell32.dll.mui', fd=-1)]",1486,153,5853388,13970,7.78125,2.796875,83963,0,33.97265625,17.79296875,benign
0.6901433037021634,7240,C:\Users\keylogger\AppData\Local\Programs\Microsoft VS Code\Code.exe,Code.exe,32.0,0.0,"['C:\\Users\\keylogger\\AppData\\Local\\Programs\\Microsoft VS Code\\Code.exe', '--type=crashpad-handler', '--user-data-dir=C:\\Users\\keylogger\\AppData\\Roaming\\Code', '/prefetch:4', '--no-rate-limit', '--monitor-self-annotation=ptype=crashpad-handler', '--database=C:\\Users\\keylogger\\AppData\\Roaming\\Code\\Crashpad', '--url=appcenter://code?aid=a4e3233c-699c-46ec-b4f4-9c2a77254662&uid=627f84cc-401f-4f65-94fa-5c8e364bc821&iid=627f84cc-401f-4f65-94fa-5c8e364bc821&sid=627f84cc-401f-4f65-94fa-5c8e364bc821', '--annotation=_companyName=Microsoft', '--annotation=_productName=VSCode', '--annotation=_version=1.105.1', '--annotation=plat=Win64', '--annotation=prod=Electron', '--annotation=ver=37.6.0', '--initial-client-data=0x458,0x45c,0x460,0x438,0x464,0x7ff6d29b6ce4,0x7ff6d29b6cf0,0x7ff6d29b6d00']",252,7,"[popenfile(path='C:\\Windows\\System32\\en-US\\mswsock.dll.mui', fd=-1)]",18,17,5241,204,0.046875,0.03125,705,0,28.26171875,10.4375,benign
0.18515109225789897,7268,C:\Windows\System32\SearchFilterHost.exe,SearchFilterHost.exe,,0.0,,156,7,,0,0,0,0,0.015625,0.015625,95,0,7.58203125,1.671875,benign
3.483148961255632,7368,C:\Users\keylogger\AppData\Local\Programs\Microsoft VS Code\Code.exe,Code.exe,32768.0,0.0,"['C:\\Users\\keylogger\\AppData\\Local\\Programs\\Microsoft VS Code\\Code.exe', '--type=gpu-process', '--user-data-dir=C:\\Users\\keylogger\\AppData\\Roaming\\Code', '--gpu-preferences=UAAAAAAAAADgAAAEAAAAAAAAAAAAAAAAAABgAAEAAAAAAAAAAAAAAAAAAAACAAAAAAAAAAAAAAAAAAAAAAAAABAAAAAAAAAAEAAAAAAAAAAIAAAAAAAAAAgAAAAAAAAA', '--field-trial-handle=1764,i,2992125270083613785,17152386301730894539,262144', '--enable-features=DocumentPolicyIncludeJSCallStacksInCrashReports,EarlyEstablishGpuChannel,EnableTransparentHwndEnlargement,EstablishGpuChannelAsync', '--disable-features=CalculateNativeWinOcclusion,FontationsLinuxSystemFonts,ScreenAIOCREnabled,SpareRendererForSitePerProcess,WinDelaySpellcheckServiceInit', '--variations-seed-version', '--mojo-platform-channel-handle=1760', '/prefetch:2']",341,16,"[popenfile(path='C:\\Windows\\System32\\en-US\\mswsock.dll.mui', fd=-1), popenfile(path='C:\\Users\\keylogger\\AppData\\Local\\Programs\\Microsoft VS Code\\icudtl.dat', fd=-1)]",115952,105372,1066718232,12135656,41.59375,92.640625,975705,0,142.63671875,146.328125,benign
0.9973930039405418,7400,C:\Users\keylogger\AppData\Local\Programs\Microsoft VS Code\Code.exe,Code.exe,32.0,0.0,"['C:\\Users\\keylogger\\AppData\\Local\\Programs\\Microsoft VS Code\\Code.exe', '--type=utility', '--utility-sub-type=network.mojom.NetworkService', '--lang=en-US', '--service-sandbox-type=none', '--user-data-dir=C:\\Users\\keylogger\\AppData\\Roaming\\Code', '--standard-schemes=vscode-webview,vscode-file', '--enable-sandbox', '--secure-schemes=vscode-webview,vscode-file', '--cors-schemes=vscode-webview,vscode-file', '--fetch-schemes=vscode-webview,vscode-file', '--service-worker-schemes=vscode-webview', '--code-cache-schemes=vscode-webview,vscode-file', '--field-trial-handle=1764,i,2992125270083613785,17152386301730894539,262144', '--enable-features=DocumentPolicyIncludeJSCallStacksInCrashReports,EarlyEstablishGpuChannel,EnableTransparentHwndEnlargement,EstablishGpuChannelAsync', '--disable-features=CalculateNativeWinOcclusion,FontationsLinuxSystemFonts,ScreenAIOCREnabled,SpareRendererForSitePerProcess,WinDelaySpellcheckServiceInit', '--variations-seed-version', '--mojo-platform-channel-handle=2012', '/prefetch:3']",330,14,"[popenfile(path='C:\\Users\\keylogger\\AppData\\Local\\Programs\\Microsoft VS Code\\chrome_100_percent.pak', fd=-1), popenfile(path='C:\\Windows\\System32\\en-US\\mswsock.dll.mui', fd=-1), popenfile(path='C:\\Users\\keylogger\\AppData\\Local\\Programs\\Microsoft VS Code\\resources.pak', fd=-1), popenfile(path='C:\\Users\\keylogger\\AppData\\Roaming\\Code\\Network\\Trust Tokens', fd=-1), popenfile(path='C:\\Users\\keylogger\\AppData\\Local\\Programs\\Microsoft VS Code\\icudtl.dat', fd=-1), popenfile(path='C:\\Windows\\Registration\\R000000000006.clb', fd=-1), popenfile(path='C:\\Users\\keylogger\\AppData\\Roaming\\Code\\Network\\Cookies', fd=-1), popenfile(path='C:\\Users\\keylogger\\AppData\\Roaming\\Code\\Cache\\Cache_Data\\data_0', fd=-1), popenfile(path='C:\\Users\\keylogger\\AppData\\Roaming\\Code\\Cache\\Cache_Data\\data_1', fd=-1), popenfile(path='C:\\Users\\keylogger\\AppData\\Local\\Programs\\Microsoft VS Code\\v8_context_snapshot.bin', fd=-1), popenfile(path='C:\\Users\\keylogger\\AppData\\Local\\Programs\\Microsoft VS Code\\locales\\en-US.pak', fd=-1), popenfile(path='C:\\Users\\keylogger\\AppData\\Roaming\\Code\\Cache\\Cache_Data\\index', fd=-1), popenfile(path='C:\\Users\\keylogger\\AppData\\Local\\Programs\\Microsoft VS Code\\chrome_200_percent.pak', fd=-1), popenfile(path='C:\\Users\\keylogger\\AppData\\Roaming\\Code\\Cache\\Cache_Data\\data_3', fd=-1), popenfile(path='C:\\Users\\keylogger\\AppData\\Roaming\\Code\\Shared Dictionary\\db', fd=-1), popenfile(path='C:\\Users\\keylogger\\AppData\\Roaming\\Code\\Cache\\Cache_Data\\data_2', fd=-1)]",668,1223,3020046,709428,0.40625,0.421875,15695,0,40.84375,12.80078125,benign
0.9153580017036571,7616,C:\Windows\SystemApps\MicrosoftWindows.Client.CBS_cw5n1h2txyewy\TextInputHost.exe,TextInputHost.exe,32.0,0.0,"['C:\\Windows\\SystemApps\\MicrosoftWindows.Client.CBS_cw5n1h2txyewy\\TextInputHost.exe', '-ServerName:InputApp.AppXk0k6mrh4r2q0ct33a9wgbez0x7v9cz5y.mca']",530,9,"[popenfile(path='C:\\Windows\\Fonts\\segoeui.ttf', fd=-1), popenfile(path='C:\\Windows\\System32\\en-US\\KernelBase.dll.mui', fd=-1), popenfile(path='C:\\Windows\\System32\\WinMetadata\\Windows.UI.winmd', fd=-1), popenfile(path='C:\\Windows\\Registration\\R000000000006.clb', fd=-1)]",2,0,27638,0,0.71875,0.828125,16517,0,37.484375,12.39453125,benign
5.924071835952889,7680,C:\Users\keylogger\AppData\Local\Programs\Microsoft VS Code\Code.exe,Code.exe,32.0,0.0,"['C:\\Users\\keylogger\\AppData\\Local\\Programs\\Microsoft VS Code\\Code.exe', '--type=renderer', '--user-data-dir=C:\\Users\\keylogger\\AppData\\Roaming\\Code', '--standard-schemes=vscode-webview,vscode-file', '--enable-sandbox', '--secure-schemes=vscode-webview,vscode-file', '--cors-schemes=vscode-webview,vscode-file', '--fetch-schemes=vscode-webview,vscode-file', '--service-worker-schemes=vscode-webview', '--code-cache-schemes=vscode-webview,vscode-file', '--app-user-model-id=Microsoft.VisualStudioCode', '--app-path=C:\\Users\\keylogger\\AppData\\Local\\Programs\\Microsoft VS Code\\resources\\app', '--enable-sandbox', '--enable-blink-features=HighlightAPI', '--disable-blink-features=FontMatchingCTMigration,StandardizedBrowserZoom,', '--video-capture-use-gpu-memory-buffer', '--lang=en-US', '--device-scale-factor=1', '--num-raster-threads=1', '--renderer-client-id=5', '--time-ticks-at-unix-epoch=-1762966986880537', '--launch-time-ticks=86627857', '--field-trial-handle=1764,i,2992125270083613785,17152386301730894539,262144', '--enable-features=DocumentPolicyIncludeJSCallStacksInCrashReports,EarlyEstablishGpuChannel,EnableTransparentHwndEnlargement,EstablishGpuChannelAsync', '--disable-features=CalculateNativeWinOcclusion,FontationsLinuxSystemFonts,ScreenAIOCREnabled,SpareRendererForSitePerProcess,WinDelaySpellcheckServiceInit', '--variations-seed-version', '--mojo-platform-channel-handle=3340', '--vscode-window-config=vscode:09292eed-df22-4e25-bd20-6dbfc3ae358c', '/prefetch:1']",454,15,"[popenfile(path='C:\\Windows\\Fonts\\seguisb.ttf', fd=-1), popenfile(path='C:\\Users\\keylogger\\AppData\\Local\\Programs\\Microsoft VS Code\\icudtl.dat', fd=-1), popenfile(path='C:\\Windows\\Fonts\\segoeuii.ttf', fd=-1), popenfile(path='C:\\Users\\keylogger\\AppData\\Local\\Programs\\Microsoft VS Code\\locales\\en-US.pak', fd=-1), popenfile(path='C:\\Users\\keylogger\\AppData\\Local\\Programs\\Microsoft VS Code\\chrome_200_percent.pak', fd=-1), popenfile(path='C:\\Windows\\Fonts\\consolaz.ttf', fd=-1), popenfile(path='C:\\Windows\\Fonts\\ariblk.ttf', fd=-1), popenfile(path='C:\\Windows\\Fonts\\micross.ttf', fd=-1), popenfile(path='C:\\Windows\\Fonts\\ariali.ttf', fd=-1), popenfile(path='C:\\Windows\\Fonts\\timesbd.ttf', fd=-1), popenfile(path='C:\\Windows\\Fonts\\courbi.ttf', fd=-1), popenfile(path='C:\\Windows\\System32\\en-US\\mswsock.dll.mui', fd=-1), popenfile(path='C:\\Windows\\Fonts\\msgothic.ttc', fd=-1), popenfile(path='C:\\Windows\\Fonts\\msyhbd.ttc', fd=-1), popenfile(path='C:\\Windows\\Fonts\\segoeuil.ttf', fd=-1), popenfile(path='C:\\Windows\\Fonts\\couri.ttf', fd=-1), popenfile(path='C:\\Windows\\Fonts\\tahomabd.ttf', fd=-1), popenfile(path='C:\\Windows\\Fonts\\cambria.ttc', fd=-1), popenfile(path='C:\\Windows\\Fonts\\arialbd.ttf', fd=-1), popenfile(path='C:\\Windows\\Fonts\\timesbi.ttf', fd=-1), popenfile(path='C:\\Windows\\Fonts\\seguisbi.ttf', fd=-1), popenfile(path='C:\\Windows\\Fonts\\palab.ttf', fd=-1), popenfile(path='C:\\Windows\\Fonts\\timesi.ttf', fd=-1), popenfile(path='C:\\Windows\\Fonts\\segoeuisl.ttf', fd=-1), popenfile(path='C:\\Windows\\Fonts\\consolai.ttf', fd=-1), popenfile(path='C:\\Windows\\Fonts\\pala.ttf', fd=-1), popenfile(path='C:\\Windows\\Fonts\\msyhl.ttc', fd=-1), popenfile(path='C:\\Windows\\Fonts\\segoeuiz.ttf', fd=-1), popenfile(path='C:\\Windows\\Fonts\\seguibli.ttf', fd=-1), popenfile(path='C:\\Windows\\Fonts\\cour.ttf', fd=-1), popenfile(path='C:\\Windows\\Fonts\\consolab.ttf', fd=-1), popenfile(path='C:\\Windows\\Fonts\\seguili.ttf', fd=-1), popenfile(path='C:\\Windows\\Fonts\\tahoma.ttf', fd=-1), popenfile(path='C:\\Users\\keylogger\\AppData\\Local\\Programs\\Microsoft VS Code\\chrome_100_percent.pak', fd=-1), popenfile(path='C:\\Users\\keylogger\\AppData\\Local\\Programs\\Microsoft VS Code\\resources.pak', fd=-1), popenfile(path='C:\\Windows\\Fonts\\arialbi.ttf', fd=-1), popenfile(path='C:\\Windows\\Fonts\\consola.ttf', fd=-1), popenfile(path='C:\\Windows\\Fonts\\arial.ttf', fd=-1), popenfile(path='C:\\Windows\\Fonts\\l_10646.ttf', fd=-1), popenfile(path='C:\\Windows\\Fonts\\palai.ttf', fd=-1), popenfile(path='C:\\Windows\\Fonts\\seguibl.ttf', fd=-1), popenfile(path='C:\\Windows\\Fonts\\msyh.ttc', fd=-1), popenfile(path='C:\\Windows\\Fonts\\times.ttf', fd=-1), popenfile(path='C:\\Windows\\Fonts\\palabi.ttf', fd=-1), popenfile(path='C:\\Users\\keylogger\\AppData\\Local\\Programs\\Microsoft VS Code\\v8_context_snapshot.bin', fd=-1), popenfile(path='C:\\Users\\keylogger\\AppData\\Local\\Temp\\856250fd-ba81-43c2-b944-17ef54f34b31.tmp', fd=-1), popenfile(path='C:\\Windows\\Fonts\\courbd.ttf', fd=-1), popenfile(path='C:\\Windows\\Fonts\\seguisli.ttf', fd=-1), popenfile(path='C:\\Windows\\Fonts\\segoeui.ttf', fd=-1), popenfile(path='C:\\Windows\\Fonts\\segoeuib.ttf', fd=-1)]",52188,43234,61365333,394771074,44.859375,8.046875,404875,0,242.59375,217.9375,benign
1.16184456656425,7744,C:\Users\keylogger\AppData\Local\Microsoft\OneDrive\OneDrive.exe,OneDrive.exe,32.0,0.0,"['C:\\Users\\keylogger\\AppData\\Local\\Microsoft\\OneDrive\\OneDrive.exe', '/background']",603,19,"[popenfile(path='C:\\Windows\\SystemResources\\ieframe.dll.mun', fd=-1), popenfile(path='C:\\Windows\\System32\\en-US\\Windows.Security.Authentication.Web.Core.dll.mui', fd=-1), popenfile(path='C:\\Windows\\SysWOW64\\en-US\\urlmon.dll.mui', fd=-1), popenfile(path='C:\\Windows\\System32\\en-US\\propsys.dll.mui', fd=-1), popenfile(path='C:\\Windows\\Registration\\R000000000006.clb', fd=-1), popenfile(path='C:\\Windows\\SysWOW64\\ieframe.dll', fd=-1), popenfile(path='C:\\Users\\keylogger\\AppData\\Local\\Microsoft\\OneDrive\\21.220.1024.0005\\en\\FileSync.LocalizedResources.dll.mui', fd=-1), popenfile(path='C:\\Users\\keylogger\\AppData\\Local\\Microsoft\\OneDrive\\setup\\logs\\Update_2025-11-12_170450_7744-7748.log', fd=-1), popenfile(path='C:\\Windows\\System32\\en-US\\KernelBase.dll.mui', fd=-1), popenfile(path='C:\\Users\\keylogger\\AppData\\Local\\Microsoft\\OneDrive\\logs\\Personal\\SyncEngine-2025-11-12.1704.7744.1.aodl', fd=-1), popenfile(path='C:\\Windows\\System32\\en-US\\ieframe.dll.mui', fd=-1)]",211,2474,814695,495527,0.578125,1.421875,19537,0,47.578125,15.640625,benign
0.20508750559221164,7780,C:\Windows\System32\SearchProtocolHost.exe,SearchProtocolHost.exe,64.0,0.0,"['C:\\Windows\\system32\\SearchProtocolHost.exe', 'Global\\UsGthrFltPipeMssGthrPipe_S-1-5-21-955952474-2636377941-3284758559-100016_', 'Global\\UsGthrCtrlFltPipeMssGthrPipe_S-1-5-21-955952474-2636377941-3284758559-100016', '1', '-2147483646', 'Software\\Microsoft\\Windows Search', 'Mozilla/4.0 (compatible; MSIE 6.0; Windows NT; MS Search 4.0 Robot)', 'C:\\ProgramData\\Microsoft\\Search\\Data\\Temp\\usgthrsvc', 'DownLevelDaemon', '1']",274,8,"[popenfile(path='C:\\Windows\\Registration\\R000000000006.clb', fd=-1)]",0,0,0,0,0.015625,0.03125,139,0,8.3984375,1.87109375,benign
0.2806360192801333,7944,C:\Windows\System32\svchost.exe,svchost.exe,,0.0,,165,5,,63,0,250341,0,0.03125,0.015625,79,0,11.4921875,3.390625,benign
0.37841029520200165,8020,C:\Windows\System32\svchost.exe,svchost.exe,,0.0,,304,7,,5,2,100851,8192,0.140625,0.234375,82,0,15.49609375,4.48828125,benign
1.0035933238770505,8028,C:\Windows\System32\WindowsPowerShell\v1.0\powershell.exe,powershell.exe,32.0,0.0,"['C:\\Windows\\System32\\WindowsPowerShell\\v1.0\\powershell.exe', '-noexit', '-command', 'try { . ""c:\\Users\\keylogger\\AppData\\Local\\Programs\\Microsoft VS Code\\resources\\app\\out\\vs\\workbench\\contrib\\terminal\\common\\scripts\\shellIntegration.ps1"" } catch {}']",487,9,"[popenfile(path='C:\\Windows\\Microsoft.NET\\assembly\\GAC_MSIL\\System.Management\\v4.0_4.0.0.0__b03f5f7f11d50a3a\\System.Management.dll', fd=-1), popenfile(path='C:\\Windows\\Microsoft.NET\\assembly\\GAC_MSIL\\Microsoft.Management.Infrastructure\\v4.0_1.0.0.0__31bf3856ad364e35\\Microsoft.Management.Infrastructure.dll', fd=-1), popenfile(path='C:\\Windows\\Microsoft.NET\\assembly\\GAC_64\\System.Transactions\\v4.0_4.0.0.0__b77a5c561934e089\\System.Transactions.dll', fd=-1), popenfile(path='C:\\Windows\\System32\\WindowsPowerShell\\v1.0\\en-US\\powershell.exe.mui', fd=-1), popenfile(path='C:\\Windows\\Microsoft.NET\\assembly\\GAC_MSIL\\System\\v4.0_4.0.0.0__b77a5c561934e089\\System.dll', fd=-1), popenfile(path='C:\\Windows\\Microsoft.NET\\assembly\\GAC_64\\System.Data\\v4.0_4.0.0.0__b77a5c561934e089\\System.Data.dll', fd=-1), popenfile(path='C:\\Windows\\Microsoft.NET\\assembly\\GAC_MSIL\\Microsoft.PowerShell.Security\\v4.0_3.0.0.0__31bf3856ad364e35\\Microsoft.PowerShell.Security.dll', fd=-1), popenfile(path='C:\\Windows\\System32\\en-US\\KernelBase.dll.mui', fd=-1), popenfile(path='C:\\Windows\\Microsoft.NET\\assembly\\GAC_MSIL\\System.Management.Automation\\v4.0_3.0.0.0__31bf3856ad364e35\\System.Management.Automation.dll', fd=-1), popenfile(path='C:\\Program Files\\WindowsPowerShell\\Modules\\PSReadline\\2.0.0\\Microsoft.PowerShell.PSReadline.dll', fd=-1), popenfile(path='C:\\Windows\\Microsoft.NET\\assembly\\GAC_MSIL\\Microsoft.PowerShell.Commands.Utility\\v4.0_3.0.0.0__31bf3856ad364e35\\Microsoft.PowerShell.Commands.Utility.dll', fd=-1), popenfile(path='C:\\Windows\\System32\\en-US\\crypt32.dll.mui', fd=-1), popenfile(path='C:\\Windows\\Microsoft.NET\\assembly\\GAC_MSIL\\System.Numerics\\v4.0_4.0.0.0__b77a5c561934e089\\System.Numerics.dll', fd=-1), popenfile(path='C:\\Windows\\System32\\en-US\\winnlsres.dll.mui', fd=-1), popenfile(path='C:\\Windows\\Microsoft.NET\\assembly\\GAC_MSIL\\System.Configuration\\v4.0_4.0.0.0__b03f5f7f11d50a3a\\System.Configuration.dll', fd=-1), popenfile(path='C:\\Windows\\Microsoft.NET\\assembly\\GAC_MSIL\\System.Core\\v4.0_4.0.0.0__b77a5c561934e089\\System.Core.dll', fd=-1), popenfile(path='C:\\Windows\\Microsoft.NET\\assembly\\GAC_MSIL\\Microsoft.CSharp\\v4.0_4.0.0.0__b03f5f7f11d50a3a\\Microsoft.CSharp.dll', fd=-1), popenfile(path='C:\\Windows\\Microsoft.NET\\assembly\\GAC_MSIL\\Microsoft.PowerShell.ConsoleHost\\v4.0_3.0.0.0__31bf3856ad364e35\\Microsoft.PowerShell.ConsoleHost.dll', fd=-1), popenfile(path='C:\\Windows\\Microsoft.NET\\assembly\\GAC_MSIL\\System.Configuration.Install\\v4.0_4.0.0.0__b03f5f7f11d50a3a\\System.Configuration.Install.dll', fd=-1), popenfile(path='C:\\Windows\\Microsoft.NET\\assembly\\GAC_MSIL\\System.Xml\\v4.0_4.0.0.0__b77a5c561934e089\\System.XML.dll', fd=-1), popenfile(path='C:\\Windows\\Microsoft.NET\\assembly\\GAC_MSIL\\System.DirectoryServices\\v4.0_4.0.0.0__b03f5f7f11d50a3a\\System.DirectoryServices.dll', fd=-1)]",176,2,503627,120,5.203125,1.453125,30897,0,41.09765625,50.296875,benign
0.29761535695241875,8132,C:\Windows\System32\dllhost.exe,dllhost.exe,32.0,0.0,"['C:\\Windows\\system32\\DllHost.exe', '/Processid:{973D20D7-562D-44B9-B70B-5A0F49CCDF3F}']",260,5,"[popenfile(path='C:\\Users\\keylogger\\AppData\\Local\\Packages\\Microsoft.Windows.Search_cw5n1h2txyewy\\AppData\\CacheStorage\\CacheStorage.jfm', fd=-1), popenfile(path='C:\\Windows\\System32\\en-US\\ESENT.dll.mui', fd=-1), popenfile(path='C:\\Users\\keylogger\\AppData\\Local\\Microsoft\\Internet Explorer\\CacheStorage\\edb.log', fd=-1), popenfile(path='C:\\Windows\\Registration\\R000000000006.clb', fd=-1), popenfile(path='C:\\Users\\keylogger\\AppData\\Local\\Packages\\Microsoft.Windows.Search_cw5n1h2txyewy\\AppData\\CacheStorage\\CacheStorage.edb', fd=-1)]",96,160,6290966,3862528,0.09375,0.203125,625,0,12.1875,3.11328125,benign
1.4340863065457254,8220,C:\Windows\System32\Taskmgr.exe,Taskmgr.exe,32.0,0.0,"['C:\\Windows\\system32\\taskmgr.exe', '/7']",786,20,,666,3,1147337,168,28.40625,42.859375,520174,0,58.7265625,31.0078125,benign
3.9623859975790134,8264,C:\Users\keylogger\AppData\Local\Programs\Microsoft VS Code\Code.exe,Code.exe,32.0,0.0,"['C:\\Users\\keylogger\\AppData\\Local\\Programs\\Microsoft VS Code\\Code.exe', '--type=utility', '--utility-sub-type=node.mojom.NodeService', '--lang=en-US', '--service-sandbox-type=none', '--dns-result-order=ipv4first', '--experimental-network-inspection', '--inspect-port=0', '--user-data-dir=C:\\Users\\keylogger\\AppData\\Roaming\\Code', '--standard-schemes=vscode-webview,vscode-file', '--enable-sandbox', '--secure-schemes=vscode-webview,vscode-file', '--cors-schemes=vscode-webview,vscode-file', '--fetch-schemes=vscode-webview,vscode-file', '--service-worker-schemes=vscode-webview', '--code-cache-schemes=vscode-webview,vscode-file', '--field-trial-handle=1764,i,2992125270083613785,17152386301730894539,262144', '--enable-features=DocumentPolicyIncludeJSCallStacksInCrashReports,EarlyEstablishGpuChannel,EnableTransparentHwndEnlargement,EstablishGpuChannelAsync', '--disable-features=CalculateNativeWinOcclusion,FontationsLinuxSystemFonts,ScreenAIOCREnabled,SpareRendererForSitePerProcess,WinDelaySpellcheckServiceInit', '--variations-seed-version', '--mojo-platform-channel-handle=4580', '/prefetch:8']",398,23,"[popenfile(path='C:\\Users\\keylogger\\AppData\\Local\\Programs\\Microsoft VS Code\\chrome_100_percent.pak', fd=-1), popenfile(path='C:\\Windows\\System32\\en-US\\mswsock.dll.mui', fd=-1), popenfile(path='C:\\Users\\keylogger\\AppData\\Local\\Programs\\Microsoft VS Code\\resources.pak', fd=-1), popenfile(path='C:\\Users\\keylogger\\AppData\\Roaming\\Code\\logs\\20251112T120431\\window3\\exthost\\vscode.github\\GitHub.log', fd=-1), popenfile(path='C:\\Users\\keylogger\\AppData\\Local\\Programs\\Microsoft VS Code\\icudtl.dat', fd=-1), popenfile(path='C:\\Windows\\Registration\\R000000000006.clb', fd=-1), popenfile(path='C:\\Users\\keylogger\\AppData\\Roaming\\Code\\logs\\20251112T120431\\window3\\exthost\\extHostTelemetry.log', fd=-1), popenfile(path='C:\\Users\\keylogger\\AppData\\Roaming\\Code\\logs\\20251112T120431\\window3\\exthost\\ms-python.debugpy\\Python Debugger.log', fd=-1), popenfile(path='C:\\Users\\keylogger\\AppData\\Roaming\\Code\\logs\\20251112T120431\\window3\\exthost\\vscode.github-authentication\\GitHub Authentication.log', fd=-1), popenfile(path='C:\\Users\\keylogger\\AppData\\Roaming\\Code\\logs\\20251112T120431\\window3\\exthost\\ms-python.python\\Python.log', fd=-1), popenfile(path='C:\\Users\\keylogger\\AppData\\Local\\Programs\\Microsoft VS Code\\v8_context_snapshot.bin', fd=-1), popenfile(path='C:\\Users\\keylogger\\AppData\\Roaming\\Code\\logs\\20251112T120431\\window3\\exthost\\vscode.git\\Git.log', fd=-1), popenfile(path='C:\\Users\\keylogger\\AppData\\Local\\Programs\\Microsoft VS Code\\locales\\en-US.pak', fd=-1), popenfile(path='C:\\Users\\keylogger\\AppData\\Local\\Programs\\Microsoft VS Code\\chrome_200_percent.pak', fd=-1), popenfile(path='C:\\Users\\keylogger\\AppData\\Roaming\\Code\\logs\\20251112T120431\\window3\\exthost\\ms-python.vscode-python-envs\\Python Environments.log', fd=-1), popenfile(path='C:\\Users\\keylogger\\AppData\\Roaming\\Code\\logs\\20251112T120431\\window3\\exthost\\ms-python.python\\Python Language Server.log', fd=-1), popenfile(path='C:\\Windows\\System32\\en-US\\KernelBase.dll.mui', fd=-1), popenfile(path='C:\\Users\\keylogger\\AppData\\Roaming\\Code\\logs\\20251112T120431\\window3\\exthost\\exthost.log', fd=-1)]",19758,19131,27475734,77883634,13.6875,4.6875,995752,0,162.26171875,179.8984375,benign
3.2878865780243487,8300,C:\Users\keylogger\AppData\Local\Programs\Microsoft VS Code\Code.exe,Code.exe,32.0,0.0,"['C:\\Users\\keylogger\\AppData\\Local\\Programs\\Microsoft VS Code\\Code.exe', '--type=utility', '--utility-sub-type=node.mojom.NodeService', '--lang=en-US', '--service-sandbox-type=none', '--dns-result-order=ipv4first', '--experimental-network-inspection', '--inspect-port=0', '--user-data-dir=C:\\Users\\keylogger\\AppData\\Roaming\\Code', '--standard-schemes=vscode-webview,vscode-file', '--enable-sandbox', '--secure-schemes=vscode-webview,vscode-file', '--cors-schemes=vscode-webview,vscode-file', '--fetch-schemes=vscode-webview,vscode-file', '--service-worker-schemes=vscode-webview', '--code-cache-schemes=vscode-webview,vscode-file', '--field-trial-handle=1764,i,2992125270083613785,17152386301730894539,262144', '--enable-features=DocumentPolicyIncludeJSCallStacksInCrashReports,EarlyEstablishGpuChannel,EnableTransparentHwndEnlargement,EstablishGpuChannelAsync', '--disable-features=CalculateNativeWinOcclusion,FontationsLinuxSystemFonts,ScreenAIOCREnabled,SpareRendererForSitePerProcess,WinDelaySpellcheckServiceInit', '--variations-seed-version', '--mojo-platform-channel-handle=4660', '/prefetch:8']",398,23,"[popenfile(path='C:\\Users\\keylogger\\AppData\\Local\\Programs\\Microsoft VS Code\\chrome_100_percent.pak', fd=-1), popenfile(path='C:\\Windows\\System32\\en-US\\mswsock.dll.mui', fd=-1), popenfile(path='C:\\Users\\keylogger\\AppData\\Local\\Programs\\Microsoft VS Code\\resources.pak', fd=-1), popenfile(path='C:\\Users\\keylogger\\AppData\\Roaming\\Code\\logs\\20251112T120431\\window2\\exthost\\ms-python.vscode-python-envs\\Python Environments.log', fd=-1), popenfile(path='C:\\Users\\keylogger\\AppData\\Local\\Programs\\Microsoft VS Code\\icudtl.dat', fd=-1), popenfile(path='C:\\Windows\\Registration\\R000000000006.clb', fd=-1), popenfile(path='C:\\Users\\keylogger\\AppData\\Roaming\\Code\\logs\\20251112T120431\\window2\\exthost\\vscode.github-authentication\\GitHub Authentication.log', fd=-1), popenfile(path='C:\\Users\\keylogger\\AppData\\Roaming\\Code\\logs\\20251112T120431\\window2\\exthost\\ms-python.python\\Python Language Server.log', fd=-1), popenfile(path='C:\\Users\\keylogger\\AppData\\Roaming\\Code\\logs\\20251112T120431\\window2\\exthost\\vscode.git\\Git.log', fd=-1), popenfile(path='C:\\Users\\keylogger\\AppData\\Local\\Programs\\Microsoft VS Code\\v8_context_snapshot.bin', fd=-1), popenfile(path='C:\\Users\\keylogger\\AppData\\Local\\Programs\\Microsoft VS Code\\locales\\en-US.pak', fd=-1), popenfile(path='C:\\Users\\keylogger\\AppData\\Local\\Programs\\Microsoft VS Code\\chrome_200_percent.pak', fd=-1), popenfile(path='C:\\Users\\keylogger\\AppData\\Roaming\\Code\\logs\\20251112T120431\\window2\\exthost\\exthost.log', fd=-1), popenfile(path='C:\\Users\\keylogger\\AppData\\Roaming\\Code\\logs\\20251112T120431\\window2\\exthost\\extHostTelemetry.log', fd=-1), popenfile(path='C:\\Users\\keylogger\\AppData\\Roaming\\Code\\logs\\20251112T120431\\window2\\exthost\\ms-python.python\\Python.log', fd=-1), popenfile(path='C:\\Users\\keylogger\\AppData\\Roaming\\Code\\logs\\20251112T120431\\window2\\exthost\\ms-python.debugpy\\Python Debugger.log', fd=-1), popenfile(path='C:\\Windows\\System32\\en-US\\KernelBase.dll.mui', fd=-1), popenfile(path='C:\\Users\\keylogger\\AppData\\Roaming\\Code\\logs\\20251112T120431\\window2\\exthost\\vscode.github\\GitHub.log', fd=-1)]",8388,5904,26166305,23885033,7.984375,1.90625,169631,0,134.640625,176.01171875,benign
0.8713834249231875,8304,C:\Program Files (x86)\Microsoft\EdgeWebView\Application\142.0.3595.69\msedgewebview2.exe,msedgewebview2.exe,32768.0,0.0,"['C:\\Program Files (x86)\\Microsoft\\EdgeWebView\\Application\\142.0.3595.69\\msedgewebview2.exe', '--type=gpu-process', '--noerrdialogs', '--user-data-dir=C:\\Users\\keylogger\\AppData\\Local\\Packages\\Microsoft.Windows.Search_cw5n1h2txyewy\\LocalState\\EBWebView', '--webview-exe-name=SearchApp.exe', '--webview-exe-version=10.0.19041.6282', '--embedded-browser-webview=1', '--no-pre-read-main-dll', '--gpu-preferences=SAAAAAAAAADgAAAEAAAAAAAAAAAAAGAAAQAAAAAAAAAAAAAAAAAAAAIAAAAAAAAAAAAAAAAAAAAQAAAAAAAAABAAAAAAAAAACAAAAAAAAAAIAAAAAAAAAA==', '--startup-read-main-dll', '--metrics-shmem-handle=1768,i,12067501877085310358,17352978525325419801,262144', '--field-trial-handle=1936,i,2534396607517605442,16715881984632097342,262144', '--enable-features=ForceSWDCompWhenDCompFallbackRequired,LocalNetworkAccessForFencedFrameNavigationsWarningOnly,LocalNetworkAccessForNavigationsWarningOnly,LocalNetworkAccessForSubframeNavigationsWarningOnly,LocalNetworkAccessForWorkersWarningOnly,msAggressiveCacheTrimming,msCustomDataPartition,msEmbeddedBrowserVisualHosting,msWebView2NoTabForScreenShare,msWebViewAppLifeCycleWorkaround', '--disable-features=BackForwardCache,BackgroundTabLoadingFromPerformanceManager,CloseOmniboxPopupOnInactiveAreaClick,CollectAVProductsInfo,CollectCodeIntegrityInfo,DeferSpeculativeRFHCreation,EnableHangWatcher,FilterAdsOnAbusiveSites,GetWifiProtocol,LoginDetection,MediaFoundationCameraUsageMonitoring,PreconnectToSearch,PreloadingEagerHeuristics,SafetyHub,SegmentationPlatform,ServiceWorkerAutoPreload,SpareRendererForSitePerProcess,Ukm,WebPayments,msAITrackerClassification,msAbydosForWindowlessWV2,msAffirmVirtualCard,msAllowChromeWebstore,msAllowMSAPrtSSOForNonMSAProfile,msApplicationGuard,msAskBeforeClosingMultipleTabs,msAutoToggleAADPrtSSOForNonAADProfile,msAutofillEdgeServiceRequest,msAutofillEnableEdgeSuggestions,msAutomaticTabFreeze,msBrowserSettingsSupported,msCoarseGeolocationService,msDataProtection,msDesktopMode,msDesktopRewards,msDisableVariationsSeedFetchThrottling,msEEProactiveHistory,msETFOffstoreExtensionFileDataCollection,msETFPasswordTheftDNRActionSignals,msEdgeAdPlatformUI,msEdgeAddWebCapturetoCollections,msEdgeAutofillShowDeployedPassword,msEdgeCaptureSelectionInPDF,msEdgeCloudConfigService,msEdgeCloudConfigServiceV2,msEdgeCohorts,msEdgeCollectionsPrismExperiment1,msEdgeCollectionsPrismOverallMigration,msEdgeComposeNext,msEdgeEnableNurturingFramework,msEdgeEnclavePrefsBasic,msEdgeEnclavePrefsNotification,msEdgeFaviconService,msEdgeHJTelemetry,msEdgeHubAppSkype,msEdgeImageEditorUI,msEdgeLinkDoctor,msEdgeMouseGestureDefaultEnabled,msEdgeMouseGestureSupported,msEdgeNewDeviceFre,msEdgeOnRampFRE,msEdgeOnRampImport,msEdgePDFCMHighlightUX,msEdgePasswordIris,msEdgePasswordIrisSaveBubble,msEdgePasswordStrengthCheck,msEdgePinpointFramework,msEdgeProngPersonalization,msEdgeReadingView,msEdgeRose,msEdgeScreenshotUI,msEdgeSendTabToSelf,msEdgeSettingsImport,msEdgeSettingsImportV2,msEdgeShoppingPersistentStorage,msEdgeShoppingUI,msEdgeSmartFind,msEdgeSuperDragDefaultEnabled,msEdgeSuperDragDropSupported,msEdgeTranslate,msEdgeUpdatesMoreMenuPill,msEdgeWebCapture,msEdgeWebCaptureUniformExperience,msEdgeWebContentFilteringFeedback,msEdgeWorkSearchBanner,msEnableCustomJobMemoryLimitsOnXbox,msEnableMIPForPDF,msEnablePdfUpsell,msEnableThirdPartyScanning,msEnableWebSignInCta,msEnableWebToBrowserSignIn,msEndpointDlp,msEntityExtraction,msExtensionTelemetryFramework,msExternalTaskManager,msFileSystemAccessDirectoryIterationBlocklistCheck,msForceBrowserSignIn,msForeignSessionsPage,msGeolocationAccessService,msGeolocationOSLocationPermissionFallback,msGeolocationSQMService,msGeolocationService,msGrowthInfraLaunchSourceLogging,msGuidedSwitchAllowed,msHubPinPersist,msImplicitSignin,msIrm,msIrmv2,msKlarnaVirtualCard,msLlmConsumerDlpPurview,msLoadStatistics,msLogIsEdgePinnedToTaskbarOnLaunch,msMIPCrossTenantPdfViewSupport,msMdatpWebSiteDlp,msNotificationPermissionForPWA,msNumberOfSitesToPin,msNurturingGlobalSitePinningOnCloseModal,msNurturingSitePinningCITopSites,msNurturingSitePinningWithWindowsConsent,msOnHoverSearchInSidebar,msOpenOfficeDocumentsInWebViewer,msPageInteractionRestrictionRevoke,msPasswordBreachDetection,msPdfAnnotationsVisibility,msPdfDataRecovery,msPdfDigitalSignatureRead,msPdfFreeText,msPdfFreeTextForCJK,msPdfHighlightMode,msPdfInking,msPdfKeyphraseSupport,msPdfOOUI,msPdfPopupMarkerRenderer,msPdfShare,msPdfSharedLibrary,msPdfTextNote,msPdfTextNoteMoreMenu,msPdfThumbnailCache,msPdfUnderside,msPdfViewRestore,msPersonalizationUMA,msPriceComparison,msPrintInWebView2,msPromptDefaultHandlerForPDF,msReactiveSearch,msReadAloud,msReadAloudPdf,msRedirectToShoreline,msRevokeExtensions,msSaasDlp,msShoppingTrigger,msShorelineSearch,msShorelineSearchFindOnPageWebUI,msShowOfflineGameEntrance,msShowReadAloudIconInAddressBar,msShowUXForAADPrtSSOForNonAADProfile,msSitePinningWithoutUi,msSuspendMessageForNewSessionWhenHavingPendingNavigation,msSyncEdgeCollections,msTabResourceStats,msTokenizationAutofillInlineEnabled,msTouchMode,msTriggeringSignalGenerator,msUserUnderstanding,msVideoSuperResolutionUI,msWalletBuyNow,msWalletCheckout,msWalletDiagnosticDataLogger,msWalletHubEntry,msWalletHubIntlP3,msWalletPartialCard,msWalletPasswordCategorization,msWalletPasswordCategorizationPlatformExpansion,msWalletTokenizationCardMetadata,msWalletTokenizedAutofill,msWebAssist,msWebAssistHistorySearchService,msWebOOUI,msWindowsTaskManager,msWindowsUserActivities,msZipPayVirtualCard', '--variations-seed-version', '--trace-process-track-uuid=3190708988185955192', '--mojo-platform-channel-handle=1932', '/prefetch:2']",335,21,"[popenfile(path='C:\\Program Files (x86)\\Microsoft\\EdgeWebView\\Application\\142.0.3595.69\\icudtl.dat', fd=-1)]",201,143,82514,92192,0.078125,0.234375,1468,0,35.68359375,16.25,benign
0.44146277947942114,8344,C:\Windows\System32\svchost.exe,svchost.exe,,0.0,,273,4,,151,381,355655,16066,0.109375,0.21875,137,0,18.078125,4.8515625,benign
0.291796595165849,8348,C:\Program Files\WindowsApps\PythonSoftwareFoundation.PythonManager_25.0.240.0_x64__3847v3x7pw1km\python.exe,python.exe,32.0,0.0,"['C:\\Users\\keylogger\\AppData\\Local\\Microsoft\\WindowsApps\\python.exe', '.\\run_keylogger.py']",157,3,"[popenfile(path='C:\\Windows\\System32\\en-US\\KernelBase.dll.mui', fd=-1), popenfile(path='C:\\Windows\\System32\\en-US\\winhttp.dll.mui', fd=-1)]",64,0,7186141,0,0.0625,0.015625,171,0,11.94921875,4.6796875,benign
1.0172340277373697,8360,C:\Windows\System32\WindowsPowerShell\v1.0\powershell.exe,powershell.exe,32.0,0.0,"['C:\\Windows\\System32\\WindowsPowerShell\\v1.0\\powershell.exe', '-noexit', '-command', 'try { . ""c:\\Users\\keylogger\\AppData\\Local\\Programs\\Microsoft VS Code\\resources\\app\\out\\vs\\workbench\\contrib\\terminal\\common\\scripts\\shellIntegration.ps1"" } catch {}']",492,9,"[popenfile(path='C:\\Windows\\Microsoft.NET\\assembly\\GAC_MSIL\\System.Management\\v4.0_4.0.0.0__b03f5f7f11d50a3a\\System.Management.dll', fd=-1), popenfile(path='C:\\Windows\\Microsoft.NET\\assembly\\GAC_MSIL\\Microsoft.Management.Infrastructure\\v4.0_1.0.0.0__31bf3856ad364e35\\Microsoft.Management.Infrastructure.dll', fd=-1), popenfile(path='C:\\Windows\\Microsoft.NET\\assembly\\GAC_64\\System.Transactions\\v4.0_4.0.0.0__b77a5c561934e089\\System.Transactions.dll', fd=-1), popenfile(path='C:\\Windows\\System32\\WindowsPowerShell\\v1.0\\en-US\\powershell.exe.mui', fd=-1), popenfile(path='C:\\Windows\\Microsoft.NET\\assembly\\GAC_MSIL\\System\\v4.0_4.0.0.0__b77a5c561934e089\\System.dll', fd=-1), popenfile(path='C:\\Windows\\Microsoft.NET\\assembly\\GAC_64\\System.Data\\v4.0_4.0.0.0__b77a5c561934e089\\System.Data.dll', fd=-1), popenfile(path='C:\\Windows\\Microsoft.NET\\assembly\\GAC_MSIL\\Microsoft.PowerShell.Security\\v4.0_3.0.0.0__31bf3856ad364e35\\Microsoft.PowerShell.Security.dll', fd=-1), popenfile(path='C:\\Windows\\System32\\en-US\\KernelBase.dll.mui', fd=-1), popenfile(path='C:\\Windows\\Microsoft.NET\\assembly\\GAC_MSIL\\System.Management.Automation\\v4.0_3.0.0.0__31bf3856ad364e35\\System.Management.Automation.dll', fd=-1), popenfile(path='C:\\Program Files\\WindowsPowerShell\\Modules\\PSReadline\\2.0.0\\Microsoft.PowerShell.PSReadline.dll', fd=-1), popenfile(path='C:\\Windows\\Microsoft.NET\\assembly\\GAC_MSIL\\Microsoft.PowerShell.Commands.Utility\\v4.0_3.0.0.0__31bf3856ad364e35\\Microsoft.PowerShell.Commands.Utility.dll', fd=-1), popenfile(path='C:\\Windows\\System32\\en-US\\crypt32.dll.mui', fd=-1), popenfile(path='C:\\Windows\\Microsoft.NET\\assembly\\GAC_MSIL\\System.Numerics\\v4.0_4.0.0.0__b77a5c561934e089\\System.Numerics.dll', fd=-1), popenfile(path='C:\\Windows\\System32\\en-US\\winnlsres.dll.mui', fd=-1), popenfile(path='C:\\Windows\\Microsoft.NET\\assembly\\GAC_MSIL\\System.Configuration\\v4.0_4.0.0.0__b03f5f7f11d50a3a\\System.Configuration.dll', fd=-1), popenfile(path='C:\\Windows\\Microsoft.NET\\assembly\\GAC_MSIL\\System.Core\\v4.0_4.0.0.0__b77a5c561934e089\\System.Core.dll', fd=-1), popenfile(path='C:\\Windows\\Microsoft.NET\\assembly\\GAC_MSIL\\Microsoft.CSharp\\v4.0_4.0.0.0__b03f5f7f11d50a3a\\Microsoft.CSharp.dll', fd=-1), popenfile(path='C:\\Windows\\Microsoft.NET\\assembly\\GAC_MSIL\\Microsoft.PowerShell.ConsoleHost\\v4.0_3.0.0.0__31bf3856ad364e35\\Microsoft.PowerShell.ConsoleHost.dll', fd=-1), popenfile(path='C:\\Windows\\Microsoft.NET\\assembly\\GAC_MSIL\\System.Configuration.Install\\v4.0_4.0.0.0__b03f5f7f11d50a3a\\System.Configuration.Install.dll', fd=-1), popenfile(path='C:\\Windows\\Microsoft.NET\\assembly\\GAC_MSIL\\System.Xml\\v4.0_4.0.0.0__b77a5c561934e089\\System.XML.dll', fd=-1), popenfile(path='C:\\Windows\\Microsoft.NET\\assembly\\GAC_MSIL\\System.DirectoryServices\\v4.0_4.0.0.0__b03f5f7f11d50a3a\\System.DirectoryServices.dll', fd=-1)]",176,2,503627,120,5.296875,1.359375,30362,0,41.65625,50.40625,benign
0.3472179164444885,8720,C:\Windows\System32\svchost.exe,svchost.exe,,0.0,,276,9,,71,3,392976,32968,0.5,1.1875,6539,0,14.21875,3.70703125,benign
0.4347855118554887,8888,C:\Windows\System32\notepad.exe,notepad.exe,32.0,0.0,"['C:\\Windows\\system32\\NOTEPAD.EXE', 'C:\\Users\\keylogger\\AppData\\Roaming\\.syslog\\keylogger.pid']",310,2,"[popenfile(path='C:\\Windows\\SystemResources\\notepad.exe.mun', fd=-1), popenfile(path='C:\\Windows\\System32\\en-US\\notepad.exe.mui', fd=-1), popenfile(path='C:\\Windows\\Fonts\\StaticCache.dat', fd=-1), popenfile(path='C:\\Windows\\Registration\\R000000000006.clb', fd=-1)]",15,0,16874,0,0.109375,0.125,4814,0,17.8046875,3.171875,benign
1.4451514928939564,8896,C:\Users\keylogger\AppData\Local\Programs\Microsoft VS Code\Code.exe,Code.exe,32.0,0.0,"['C:\\Users\\keylogger\\AppData\\Local\\Programs\\Microsoft VS Code\\Code.exe', '--type=utility', '--utility-sub-type=node.mojom.NodeService', '--lang=en-US', '--service-sandbox-type=none', '--user-data-dir=C:\\Users\\keylogger\\AppData\\Roaming\\Code', '--standard-schemes=vscode-webview,vscode-file', '--enable-sandbox', '--secure-schemes=vscode-webview,vscode-file', '--cors-schemes=vscode-webview,vscode-file', '--fetch-schemes=vscode-webview,vscode-file', '--service-worker-schemes=vscode-webview', '--code-cache-schemes=vscode-webview,vscode-file', '--field-trial-handle=1764,i,2992125270083613785,17152386301730894539,262144', '--enable-features=DocumentPolicyIncludeJSCallStacksInCrashReports,EarlyEstablishGpuChannel,EnableTransparentHwndEnlargement,EstablishGpuChannelAsync', '--disable-features=CalculateNativeWinOcclusion,FontationsLinuxSystemFonts,ScreenAIOCREnabled,SpareRendererForSitePerProcess,WinDelaySpellcheckServiceInit', '--variations-seed-version', '--mojo-platform-channel-handle=4460', '/prefetch:8']",319,24,"[popenfile(path='C:\\Users\\keylogger\\AppData\\Local\\Programs\\Microsoft VS Code\\chrome_100_percent.pak', fd=-1), popenfile(path='C:\\Windows\\System32\\en-US\\mswsock.dll.mui', fd=-1), popenfile(path='C:\\Users\\keylogger\\AppData\\Local\\Programs\\Microsoft VS Code\\resources.pak', fd=-1), popenfile(path='C:\\Users\\keylogger\\AppData\\Local\\Programs\\Microsoft VS Code\\icudtl.dat', fd=-1), popenfile(path='C:\\Windows\\Registration\\R000000000006.clb', fd=-1), popenfile(path='C:\\Users\\keylogger\\AppData\\Local\\Programs\\Microsoft VS Code\\v8_context_snapshot.bin', fd=-1), popenfile(path='C:\\Users\\keylogger\\AppData\\Local\\Programs\\Microsoft VS Code\\locales\\en-US.pak', fd=-1), popenfile(path='C:\\Users\\keylogger\\AppData\\Local\\Programs\\Microsoft VS Code\\chrome_200_percent.pak', fd=-1), popenfile(path='C:\\Windows\\System32\\en-US\\KernelBase.dll.mui', fd=-1)]",132,118,1226759,413384,1.34375,0.921875,245219,0,59.1796875,82.30078125,benign
1.5737365894233988,8932,C:\Users\keylogger\AppData\Local\Programs\Microsoft VS Code\Code.exe,Code.exe,32.0,0.0,"['C:\\Users\\keylogger\\AppData\\Local\\Programs\\Microsoft VS Code\\Code.exe', '--type=utility', '--utility-sub-type=node.mojom.NodeService', '--lang=en-US', '--service-sandbox-type=none', '--user-data-dir=C:\\Users\\keylogger\\AppData\\Roaming\\Code', '--standard-schemes=vscode-webview,vscode-file', '--enable-sandbox', '--secure-schemes=vscode-webview,vscode-file', '--cors-schemes=vscode-webview,vscode-file', '--fetch-schemes=vscode-webview,vscode-file', '--service-worker-schemes=vscode-webview', '--code-cache-schemes=vscode-webview,vscode-file', '--field-trial-handle=1764,i,2992125270083613785,17152386301730894539,262144', '--enable-features=DocumentPolicyIncludeJSCallStacksInCrashReports,EarlyEstablishGpuChannel,EnableTransparentHwndEnlargement,EstablishGpuChannelAsync', '--disable-features=CalculateNativeWinOcclusion,FontationsLinuxSystemFonts,ScreenAIOCREnabled,SpareRendererForSitePerProcess,WinDelaySpellcheckServiceInit', '--variations-seed-version', '--mojo-platform-channel-handle=4352', '/prefetch:8']",342,22,"[popenfile(path='C:\\Users\\keylogger\\AppData\\Local\\Programs\\Microsoft VS Code\\chrome_100_percent.pak', fd=-1), popenfile(path='C:\\Windows\\System32\\en-US\\mswsock.dll.mui', fd=-1), popenfile(path='C:\\Users\\keylogger\\AppData\\Local\\Programs\\Microsoft VS Code\\resources.pak', fd=-1), popenfile(path='C:\\Users\\keylogger\\AppData\\Local\\Programs\\Microsoft VS Code\\icudtl.dat', fd=-1), popenfile(path='C:\\Windows\\Registration\\R000000000006.clb', fd=-1), popenfile(path='C:\\Users\\keylogger\\AppData\\Local\\Programs\\Microsoft VS Code\\v8_context_snapshot.bin', fd=-1), popenfile(path='C:\\Users\\keylogger\\AppData\\Local\\Programs\\Microsoft VS Code\\locales\\en-US.pak', fd=-1), popenfile(path='C:\\Users\\keylogger\\AppData\\Local\\Programs\\Microsoft VS Code\\chrome_200_percent.pak', fd=-1)]",3681,1695,43110097,8048260,5.84375,2.625,315452,0,64.4453125,83.890625,benign
0.3359619510212881,9092,C:\Windows\System32\SearchProtocolHost.exe,SearchProtocolHost.exe,,0.0,,352,9,,2,0,456,0,0.046875,0.015625,314,0,13.7578125,2.453125,benign
0.28903029857879126,9192,C:\Windows\System32\svchost.exe,svchost.exe,,0.0,,223,5,,31,0,132154,0,0.109375,0.203125,122,0,11.8359375,2.640625,benign
0.14031800964006666,9372,C:\Windows\System32\conhost.exe,conhost.exe,32.0,0.0,"['\\\\?\\C:\\Windows\\system32\\conhost.exe', '--headless', '--width', '80', '--height', '30', '--signal', '0x5ec', '--server', '0x5e8']",109,5,"[popenfile(path='C:\\Windows\\System32\\en-US\\Conhost.exe.mui', fd=-1)]",2,2,0,129,0.0,0.015625,437,0,5.74609375,1.265625,benign
0.1515739750632671,9392,C:\Windows\System32\conhost.exe,conhost.exe,32.0,0.0,"['\\\\?\\C:\\Windows\\system32\\conhost.exe', '--headless', '--width', '195', '--height', '12', '--signal', '0x4c4', '--server', '0x4b0']",114,5,"[popenfile(path='C:\\Windows\\System32\\en-US\\Conhost.exe.mui', fd=-1)]",140,223,188,11900,0.046875,0.09375,4435,0,6.20703125,1.30859375,benign
0.4319238257309461,9456,C:\Windows\System32\notepad.exe,notepad.exe,32.0,0.0,"['C:\\Windows\\system32\\NOTEPAD.EXE', 'C:\\Users\\keylogger\\AppData\\Roaming\\.syslog\\keylogger.pid']",311,1,"[popenfile(path='C:\\Windows\\SystemResources\\notepad.exe.mun', fd=-1), popenfile(path='C:\\Windows\\System32\\en-US\\notepad.exe.mui', fd=-1), popenfile(path='C:\\Windows\\Fonts\\StaticCache.dat', fd=-1), popenfile(path='C:\\Windows\\Registration\\R000000000006.clb', fd=-1)]",14,0,4936,0,0.078125,0.109375,3103,0,17.6875,3.0703125,benign
1.305882768166222,9556,C:\Windows\System32\WindowsPowerShell\v1.0\powershell.exe,powershell.exe,32.0,0.0,"['C:\\Windows\\System32\\WindowsPowerShell\\v1.0\\powershell.exe', '-noexit', '-command', 'try { . ""c:\\Users\\keylogger\\AppData\\Local\\Programs\\Microsoft VS Code\\resources\\app\\out\\vs\\workbench\\contrib\\terminal\\common\\scripts\\shellIntegration.ps1"" } catch {}']",1051,11,"[popenfile(path='C:\\Windows\\Microsoft.NET\\assembly\\GAC_MSIL\\System.Management\\v4.0_4.0.0.0__b03f5f7f11d50a3a\\System.Management.dll', fd=-1), popenfile(path='C:\\Windows\\Microsoft.NET\\assembly\\GAC_MSIL\\Microsoft.Management.Infrastructure\\v4.0_1.0.0.0__31bf3856ad364e35\\Microsoft.Management.Infrastructure.dll', fd=-1), popenfile(path='C:\\Windows\\Microsoft.NET\\assembly\\GAC_64\\System.Transactions\\v4.0_4.0.0.0__b77a5c561934e089\\System.Transactions.dll', fd=-1), popenfile(path='C:\\Windows\\System32\\WindowsPowerShell\\v1.0\\en-US\\powershell.exe.mui', fd=-1), popenfile(path='C:\\Windows\\Microsoft.NET\\assembly\\GAC_MSIL\\System\\v4.0_4.0.0.0__b77a5c561934e089\\System.dll', fd=-1), popenfile(path='C:\\Windows\\Microsoft.NET\\assembly\\GAC_64\\System.Data\\v4.0_4.0.0.0__b77a5c561934e089\\System.Data.dll', fd=-1), popenfile(path='C:\\Windows\\Microsoft.NET\\assembly\\GAC_MSIL\\Microsoft.PowerShell.Security\\v4.0_3.0.0.0__31bf3856ad364e35\\Microsoft.PowerShell.Security.dll', fd=-1), popenfile(path='C:\\Windows\\System32\\en-US\\KernelBase.dll.mui', fd=-1), popenfile(path='C:\\Windows\\Microsoft.NET\\assembly\\GAC_MSIL\\System.Management.Automation\\v4.0_3.0.0.0__31bf3856ad364e35\\System.Management.Automation.dll', fd=-1), popenfile(path='C:\\Program Files\\WindowsPowerShell\\Modules\\PSReadline\\2.0.0\\Microsoft.PowerShell.PSReadline.dll', fd=-1), popenfile(path='C:\\Windows\\Microsoft.NET\\assembly\\GAC_MSIL\\Microsoft.PowerShell.Commands.Utility\\v4.0_3.0.0.0__31bf3856ad364e35\\Microsoft.PowerShell.Commands.Utility.dll', fd=-1), popenfile(path='C:\\Windows\\System32\\en-US\\crypt32.dll.mui', fd=-1), popenfile(path='C:\\Windows\\Microsoft.NET\\assembly\\GAC_MSIL\\System.Numerics\\v4.0_4.0.0.0__b77a5c561934e089\\System.Numerics.dll', fd=-1), popenfile(path='C:\\Windows\\System32\\en-US\\winnlsres.dll.mui', fd=-1), popenfile(path='C:\\Windows\\Microsoft.NET\\assembly\\GAC_MSIL\\System.Configuration\\v4.0_4.0.0.0__b03f5f7f11d50a3a\\System.Configuration.dll', fd=-1), popenfile(path='C:\\Windows\\Microsoft.NET\\assembly\\GAC_MSIL\\System.ServiceProcess\\v4.0_4.0.0.0__b03f5f7f11d50a3a\\System.ServiceProcess.dll', fd=-1), popenfile(path='C:\\Windows\\Microsoft.NET\\assembly\\GAC_MSIL\\System.Core\\v4.0_4.0.0.0__b77a5c561934e089\\System.Core.dll', fd=-1), popenfile(path='C:\\Windows\\Microsoft.NET\\assembly\\GAC_MSIL\\Microsoft.PowerShell.Commands.Management\\v4.0_3.0.0.0__31bf3856ad364e35\\Microsoft.PowerShell.Commands.Management.dll', fd=-1), popenfile(path='C:\\Windows\\Microsoft.NET\\assembly\\GAC_MSIL\\Microsoft.CSharp\\v4.0_4.0.0.0__b03f5f7f11d50a3a\\Microsoft.CSharp.dll', fd=-1), popenfile(path='C:\\Windows\\Microsoft.NET\\assembly\\GAC_MSIL\\Microsoft.PowerShell.ConsoleHost\\v4.0_3.0.0.0__31bf3856ad364e35\\Microsoft.PowerShell.ConsoleHost.dll', fd=-1), popenfile(path='C:\\Windows\\Microsoft.NET\\assembly\\GAC_MSIL\\System.Configuration.Install\\v4.0_4.0.0.0__b03f5f7f11d50a3a\\System.Configuration.Install.dll', fd=-1), popenfile(path='C:\\Windows\\Microsoft.NET\\assembly\\GAC_MSIL\\System.Xml\\v4.0_4.0.0.0__b77a5c561934e089\\System.XML.dll', fd=-1), popenfile(path='C:\\Windows\\Microsoft.NET\\assembly\\GAC_MSIL\\System.Windows.Forms\\v4.0_4.0.0.0__b77a5c561934e089\\System.Windows.Forms.dll', fd=-1), popenfile(path='C:\\Windows\\Microsoft.NET\\assembly\\GAC_MSIL\\System.DirectoryServices\\v4.0_4.0.0.0__b03f5f7f11d50a3a\\System.DirectoryServices.dll', fd=-1), popenfile(path='C:\\Windows\\Microsoft.NET\\assembly\\GAC_MSIL\\System.Dynamic\\v4.0_4.0.0.0__b03f5f7f11d50a3a\\System.Dynamic.dll', fd=-1)]",206,122,537932,1847,6.578125,1.78125,15720,0,53.4765625,55.46875,benign
0.237710727411996,9612,C:\Windows\System32\svchost.exe,svchost.exe,,0.0,,226,8,,1,0,5606,0,0.078125,0.0625,130,0,9.734375,2.95703125,benign
3.3941505227823603,9812,C:\Users\keylogger\AppData\Local\Programs\Microsoft VS Code\Code.exe,Code.exe,32.0,0.0,"['C:\\Users\\keylogger\\AppData\\Local\\Programs\\Microsoft VS Code\\Code.exe', 'c:\\Users\\keylogger\\.vscode\\extensions\\ms-python.vscode-pylance-2025.9.1\\dist\\server.bundle.js', '--cancellationReceive=file:41fd3127e53427596114da14bbc3c90afb656f8388', '--node-ipc', '--clientProcessId=8300']",255,15,"[popenfile(path='C:\\Windows\\System32\\en-US\\mswsock.dll.mui', fd=-1), popenfile(path='C:\\Users\\keylogger\\AppData\\Roaming\\Code\\logs\\20251112T120431\\window2\\exthost\\ms-python.vscode-python-envs\\Python Environments.log', fd=-1), popenfile(path='C:\\Users\\keylogger\\AppData\\Local\\Programs\\Microsoft VS Code\\icudtl.dat', fd=-1), popenfile(path='C:\\Users\\keylogger\\AppData\\Roaming\\Code\\logs\\20251112T120431\\window2\\exthost\\vscode.github-authentication\\GitHub Authentication.log', fd=-1), popenfile(path='C:\\Users\\keylogger\\AppData\\Roaming\\Code\\logs\\20251112T120431\\window2\\exthost\\vscode.git\\Git.log', fd=-1), popenfile(path='C:\\Users\\keylogger\\AppData\\Local\\Programs\\Microsoft VS Code\\v8_context_snapshot.bin', fd=-1), popenfile(path='C:\\Users\\keylogger\\AppData\\Roaming\\Code\\logs\\20251112T120431\\window2\\exthost\\exthost.log', fd=-1), popenfile(path='C:\\Users\\keylogger\\AppData\\Roaming\\Code\\logs\\20251112T120431\\window2\\exthost\\extHostTelemetry.log', fd=-1), popenfile(path='C:\\Users\\keylogger\\AppData\\Roaming\\Code\\logs\\20251112T120431\\window2\\exthost\\ms-python.python\\Python.log', fd=-1), popenfile(path='C:\\Users\\keylogger\\AppData\\Roaming\\Code\\logs\\20251112T120431\\window2\\exthost\\ms-python.debugpy\\Python Debugger.log', fd=-1), popenfile(path='C:\\Users\\keylogger\\AppData\\Roaming\\Code\\logs\\20251112T120431\\window2\\exthost\\vscode.github\\GitHub.log', fd=-1)]",8350,265,62349879,230006,15.1875,4.921875,58565,0,138.9921875,364.984375,benign
0.4301114245187359,9824,C:\Windows\System32\notepad.exe,notepad.exe,32.0,0.0,"['C:\\Windows\\system32\\NOTEPAD.EXE', 'C:\\Users\\keylogger\\AppData\\Roaming\\.syslog\\keylogger.pid']",311,1,"[popenfile(path='C:\\Windows\\SystemResources\\notepad.exe.mun', fd=-1), popenfile(path='C:\\Windows\\System32\\en-US\\notepad.exe.mui', fd=-1), popenfile(path='C:\\Windows\\Fonts\\StaticCache.dat', fd=-1), popenfile(path='C:\\Windows\\Registration\\R000000000006.clb', fd=-1)]",14,0,4936,0,0.046875,0.109375,3255,0,17.61328125,3.0859375,benign
0.17923694093384449,9840,C:\Windows\System32\svchost.exe,svchost.exe,,0.0,,176,3,,2,2,208,276,0.03125,0.0,33,0,7.33984375,1.60546875,benign
0.12276633474287274,10116,C:\Users\keylogger\.vscode\extensions\ms-python.vscode-python-envs-1.10.0-win32-x64\python-env-tools\bin\pet.exe,pet.exe,32.0,0.0,"['c:\\Users\\keylogger\\.vscode\\extensions\\ms-python.vscode-python-envs-1.10.0-win32-x64\\python-env-tools\\bin\\pet.exe', 'server']",61,1,"[popenfile(path='C:\\Windows\\System32\\en-US\\KernelBase.dll.mui', fd=-1)]",24,1650,11902,212186,0.265625,1.71875,115,0,5.02734375,1.578125,benign
0.12915743375435096,10136,C:\Windows\System32\conhost.exe,conhost.exe,32.0,0.0,"['\\??\\C:\\Windows\\system32\\conhost.exe', '0x4']",111,2,"[popenfile(path='C:\\Windows\\System32\\en-US\\Conhost.exe.mui', fd=-1)]",0,0,0,0,0.015625,0.0625,360,0,5.2890625,6.17578125,benign
0.1419396317773074,10204,C:\Windows\System32\conhost.exe,conhost.exe,32.0,0.0,"['\\\\?\\C:\\Windows\\system32\\conhost.exe', '--headless', '--width', '80', '--height', '30', '--signal', '0x660', '--server', '0x65c']",109,5,"[popenfile(path='C:\\Windows\\System32\\en-US\\Conhost.exe.mui', fd=-1)]",2,2,0,125,0.078125,0.015625,393,0,5.8125,1.26171875,benign
