open_files,exe,num_handles,name,pid,cpu_percent,num_threads,cmdline,nice,memory_percent,read_count,write_count,read_bytes,write_bytes,cpu_times_user,cpu_times_system,voluntary_ctx_switches,involuntary_ctx_switches,memory_rss,memory_vms,label
[],,3134,System,4,0.0,109,[],,0.003434023349450985,279,524,595916,40045052,0.0,113.5,870815,0,0.140625,0.19140625,benign
,Registry,0,Registry,92,0.0,4,,,0.6160256330765129,643,1365,10010624,48443392,0.0,3.28125,2459,0,25.2265625,3.29296875,benign
,C:\Windows\System32\smss.exe,53,smss.exe,320,0.0,2,,,0.022130372696461908,22,13,16804,24724,0.0,0.421875,827,0,0.90625,1.046875,benign
,C:\Windows\System32\svchost.exe,120,svchost.exe,424,0.0,3,,,0.12228938705544899,0,0,0,0,0.0,0.03125,65,0,5.0078125,1.26171875,benign
,C:\Windows\System32\csrss.exe,471,csrss.exe,436,0.0,10,,,0.11427666590673002,268,0,206109,0,0.296875,1.53125,8809,0,4.6796875,1.6484375,benign
,C:\Windows\System32\wininit.exe,165,wininit.exe,512,0.0,1,,,0.14432437021442615,2,0,9732,0,0.046875,0.453125,252,0,5.91015625,1.3203125,benign
,C:\Windows\System32\csrss.exe,622,csrss.exe,520,0.0,14,,,1.2245154926917305,67990,0,2026949,0,0.515625,7.8125,575140,0,50.14453125,2.85546875,benign
,C:\Windows\System32\winlogon.exe,285,winlogon.exe,584,0.0,3,,,0.22931644811333804,3,0,9872,0,0.140625,0.625,715,0,9.390625,3.54296875,benign
"[popenfile(path='C:\\Windows\\System32\\en-US\\svchost.exe.mui', fd=-1), popenfile(path='C:\\Users\\keylogger\\AppData\\Local\\ConnectedDevicesPlatform\\L.keylogger\\ActivitiesCache.db-wal', fd=-1), popenfile(path='C:\\Users\\keylogger\\AppData\\Local\\ConnectedDevicesPlatform\\L.keylogger\\ActivitiesCache.db-shm', fd=-1), popenfile(path='C:\\Windows\\System32\\en-US\\crypt32.dll.mui', fd=-1), popenfile(path='C:\\Users\\keylogger\\AppData\\Local\\ConnectedDevicesPlatform\\L.keylogger\\ActivitiesCache.db', fd=-1), popenfile(path='C:\\Windows\\Registration\\R000000000006.clb', fd=-1)]",C:\Windows\System32\svchost.exe,310,svchost.exe,600,0.0,10,"['C:\\Windows\\system32\\svchost.exe', '-k', 'UnistackSvcGroup', '-s', 'CDPUserSvc']",32.0,0.407599493672335,925,3578,3743698,7518454,1.265625,0.515625,1924,0,16.69140625,5.40234375,benign
,C:\Windows\System32\services.exe,616,services.exe,652,0.0,6,,,0.2075676335668151,108,1,450676,160,0.953125,2.03125,951,0,8.5,4.73828125,benign
,C:\Windows\System32\lsass.exe,1052,lsass.exe,660,0.0,8,,,0.3495072653441225,164,122,33286,52845,1.09375,1.6875,13801,0,14.3125,5.4453125,benign
,C:\Windows\System32\dwm.exe,991,dwm.exe,716,0.0,15,,,1.491701587186514,2,0,109516,0,17.734375,14.40625,386586,0,61.0859375,67.609375,benign
,C:\Windows\System32\svchost.exe,1309,svchost.exe,784,0.0,12,,,0.5831162426442743,69,1,442368,65536,1.828125,3.515625,14397,0,23.87890625,9.24609375,benign
,C:\Windows\System32\fontdrvhost.exe,50,fontdrvhost.exe,808,0.0,5,,,0.0711605949636232,0,0,0,0,0.0625,0.1875,1826,0,2.9140625,1.44921875,benign
,C:\Windows\System32\fontdrvhost.exe,50,fontdrvhost.exe,816,0.0,5,,,0.13011132912919846,0,0,0,0,0.140625,0.40625,7798,0,5.328125,3.265625,benign
,C:\Windows\System32\WUDFHost.exe,418,WUDFHost.exe,884,0.0,6,,,0.14203502131479215,1,0,0,0,0.09375,0.46875,764,0,5.81640625,2.09375,benign
,C:\Windows\System32\svchost.exe,210,svchost.exe,944,0.0,1,,,0.2123371104410526,0,0,0,0,0.09375,0.0625,38,0,8.6953125,2.046875,benign
,C:\Windows\System32\svchost.exe,1126,svchost.exe,952,0.0,10,,,0.32012728779881966,8,0,32768,0,4.65625,3.53125,5207,0,13.109375,6.8828125,benign
,C:\Windows\System32\svchost.exe,307,svchost.exe,1000,0.0,4,,,0.23151040747548726,0,0,0,0,0.125,0.125,972,0,9.48046875,2.44140625,benign
,C:\Windows\System32\svchost.exe,277,svchost.exe,1028,0.0,1,,,0.27357719350626186,0,0,0,0,0.078125,0.125,55,0,11.203125,1.8125,benign
"[popenfile(path='C:\\Users\\keylogger\\AppData\\Local\\Programs\\Microsoft VS Code\\icudtl.dat', fd=-1), popenfile(path='C:\\Windows\\Fonts\\arialbi.ttf', fd=-1), popenfile(path='C:\\Windows\\Fonts\\pala.ttf', fd=-1), popenfile(path='C:\\Windows\\Fonts\\courbd.ttf', fd=-1), popenfile(path='C:\\Users\\keylogger\\AppData\\Local\\Programs\\Microsoft VS Code\\chrome_200_percent.pak', fd=-1), popenfile(path='C:\\Windows\\Fonts\\segoeuisl.ttf', fd=-1), popenfile(path='C:\\Windows\\Fonts\\seguibli.ttf', fd=-1), popenfile(path='C:\\Windows\\Fonts\\timesbd.ttf', fd=-1), popenfile(path='C:\\Windows\\Fonts\\courbi.ttf', fd=-1), popenfile(path='C:\\Windows\\Fonts\\msyhl.ttc', fd=-1), popenfile(path='C:\\Windows\\Fonts\\tahoma.ttf', fd=-1), popenfile(path='C:\\Windows\\Fonts\\seguisbi.ttf', fd=-1), popenfile(path='C:\\Windows\\Fonts\\ariali.ttf', fd=-1), popenfile(path='C:\\Windows\\Fonts\\seguili.ttf', fd=-1), popenfile(path='C:\\Users\\keylogger\\AppData\\Local\\Programs\\Microsoft VS Code\\locales\\en-US.pak', fd=-1), popenfile(path='C:\\Windows\\Fonts\\timesbi.ttf', fd=-1), popenfile(path='C:\\Windows\\Fonts\\arialbd.ttf', fd=-1), popenfile(path='C:\\Windows\\Fonts\\consolab.ttf', fd=-1), popenfile(path='C:\\Windows\\Fonts\\msyhbd.ttc', fd=-1), popenfile(path='C:\\Windows\\Fonts\\palabi.ttf', fd=-1), popenfile(path='C:\\Users\\keylogger\\AppData\\Local\\Programs\\Microsoft VS Code\\chrome_100_percent.pak', fd=-1), popenfile(path='C:\\Windows\\Fonts\\seguibl.ttf', fd=-1), popenfile(path='C:\\Users\\keylogger\\AppData\\Local\\Temp\\66db48c1-e697-4c4a-8576-02533ddf842d.tmp', fd=-1), popenfile(path='C:\\Windows\\Fonts\\segoeui.ttf', fd=-1), popenfile(path='C:\\Users\\keylogger\\AppData\\Local\\Programs\\Microsoft VS Code\\v8_context_snapshot.bin', fd=-1), popenfile(path='C:\\Windows\\Fonts\\consolai.ttf', fd=-1), popenfile(path='C:\\Windows\\Fonts\\timesi.ttf', fd=-1), popenfile(path='C:\\Windows\\Fonts\\cambria.ttc', fd=-1), popenfile(path='C:\\Windows\\Fonts\\arial.ttf', fd=-1), popenfile(path='C:\\Windows\\Fonts\\tahomabd.ttf', fd=-1), popenfile(path='C:\\Users\\keylogger\\AppData\\Local\\Programs\\Microsoft VS Code\\resources.pak', fd=-1), popenfile(path='C:\\Windows\\Fonts\\ariblk.ttf', fd=-1), popenfile(path='C:\\Windows\\Fonts\\palai.ttf', fd=-1), popenfile(path='C:\\Windows\\Fonts\\cour.ttf', fd=-1), popenfile(path='C:\\Windows\\Fonts\\l_10646.ttf', fd=-1), popenfile(path='C:\\Windows\\Fonts\\couri.ttf', fd=-1), popenfile(path='C:\\Windows\\Fonts\\micross.ttf', fd=-1), popenfile(path='C:\\Windows\\Fonts\\segoeuib.ttf', fd=-1), popenfile(path='C:\\Windows\\Fonts\\segoeuil.ttf', fd=-1), popenfile(path='C:\\Windows\\Fonts\\msyh.ttc', fd=-1), popenfile(path='C:\\Windows\\Fonts\\msgothic.ttc', fd=-1), popenfile(path='C:\\Windows\\Fonts\\segoeuiz.ttf', fd=-1), popenfile(path='C:\\Windows\\System32\\en-US\\mswsock.dll.mui', fd=-1), popenfile(path='C:\\Windows\\Fonts\\times.ttf', fd=-1), popenfile(path='C:\\Windows\\Fonts\\consolaz.ttf', fd=-1), popenfile(path='C:\\Windows\\Fonts\\palab.ttf', fd=-1), popenfile(path='C:\\Windows\\Fonts\\consola.ttf', fd=-1), popenfile(path='C:\\Windows\\Fonts\\segoeuii.ttf', fd=-1), popenfile(path='C:\\Windows\\Fonts\\seguisb.ttf', fd=-1), popenfile(path='C:\\Windows\\Fonts\\seguisli.ttf', fd=-1)]",C:\Users\keylogger\AppData\Local\Programs\Microsoft VS Code\Code.exe,478,Code.exe,1052,0.0,15,"['C:\\Users\\keylogger\\AppData\\Local\\Programs\\Microsoft VS Code\\Code.exe', '--type=renderer', '--user-data-dir=C:\\Users\\keylogger\\AppData\\Roaming\\Code', '--standard-schemes=vscode-webview,vscode-file', '--enable-sandbox', '--secure-schemes=vscode-webview,vscode-file', '--cors-schemes=vscode-webview,vscode-file', '--fetch-schemes=vscode-webview,vscode-file', '--service-worker-schemes=vscode-webview', '--code-cache-schemes=vscode-webview,vscode-file', '--app-user-model-id=Microsoft.VisualStudioCode', '--app-path=C:\\Users\\keylogger\\AppData\\Local\\Programs\\Microsoft VS Code\\resources\\app', '--enable-sandbox', '--enable-blink-features=HighlightAPI', '--disable-gpu-compositing', '--disable-blink-features=FontMatchingCTMigration,StandardizedBrowserZoom,', '--video-capture-use-gpu-memory-buffer', '--lang=en-US', '--device-scale-factor=1', '--num-raster-threads=1', '--renderer-client-id=6', '--time-ticks-at-unix-epoch=-1762966986880537', '--launch-time-ticks=115998659', '--field-trial-handle=1764,i,2992125270083613785,17152386301730894539,262144', '--enable-features=DocumentPolicyIncludeJSCallStacksInCrashReports,EarlyEstablishGpuChannel,EnableTransparentHwndEnlargement,EstablishGpuChannelAsync', '--disable-features=CalculateNativeWinOcclusion,FontationsLinuxSystemFonts,ScreenAIOCREnabled,SpareRendererForSitePerProcess,WinDelaySpellcheckServiceInit', '--variations-seed-version', '--mojo-platform-channel-handle=2872', '--vscode-window-config=vscode:2bd2a70a-6b84-4c67-b64d-6c987e06cdf1', '/prefetch:1']",32.0,7.882991377739707,148257,136855,162512464,796258008,148.875,22.6875,1154164,0,322.8125,270.58203125,benign
,C:\Windows\System32\svchost.exe,325,svchost.exe,1128,0.0,10,,,0.19030212728207543,0,0,0,0,0.046875,0.171875,57,0,7.79296875,2.5234375,benign
,C:\Windows\System32\svchost.exe,213,svchost.exe,1148,0.0,6,,,0.17513519082200027,1,0,0,0,0.015625,0.0625,48,0,7.171875,1.8671875,benign
"[popenfile(path='C:\\Windows\\System32\\en-US\\KernelBase.dll.mui', fd=-1), popenfile(path='C:\\Windows\\System32\\en-US\\winhttp.dll.mui', fd=-1)]",C:\Program Files\WindowsApps\PythonSoftwareFoundation.PythonManager_25.0.240.0_x64__3847v3x7pw1km\python.exe,161,python.exe,1156,0.0,1,"['python', '.\\keylogger.py']",32.0,0.3124961248000397,64,0,7189089,0,0.03125,0.046875,184,0,12.796875,4.50390625,benign
,C:\Windows\System32\svchost.exe,119,svchost.exe,1180,0.0,2,,,0.1470906668014839,0,0,0,0,0.03125,0.0625,51,0,6.0234375,1.42578125,benign
,C:\Windows\System32\svchost.exe,202,svchost.exe,1184,0.0,9,,,0.1661685742984338,1,0,0,0,0.03125,0.0625,236,0,6.8046875,2.02734375,benign
,C:\Windows\System32\svchost.exe,409,svchost.exe,1204,0.0,7,,,0.3539905736059058,2396,652,77422416,11442792,1.0625,1.953125,3441,0,14.49609375,14.19921875,benign
,C:\Windows\System32\svchost.exe,231,svchost.exe,1348,0.0,2,,,0.2475358497729252,0,0,0,0,0.015625,0.0625,61,0,10.13671875,2.26953125,benign
"[popenfile(path='C:\\Program Files (x86)\\Microsoft\\EdgeWebView\\Application\\142.0.3595.69\\resources.pak', fd=-1), popenfile(path='C:\\Program Files (x86)\\Microsoft\\EdgeWebView\\Application\\142.0.3595.69\\msedge_100_percent.pak', fd=-1), popenfile(path='C:\\Users\\keylogger\\AppData\\Local\\Packages\\Microsoft.Windows.Search_cw5n1h2txyewy\\LocalState\\EBWebView\\Default\\Local Storage\\leveldb\\000003.ldb', fd=-1), popenfile(path='C:\\Users\\keylogger\\AppData\\Local\\Packages\\Microsoft.Windows.Search_cw5n1h2txyewy\\LocalState\\EBWebView\\Default\\Session Storage\\LOG', fd=-1), popenfile(path='C:\\Users\\keylogger\\AppData\\Local\\Packages\\Microsoft.Windows.Search_cw5n1h2txyewy\\LocalState\\EBWebView\\Default\\Local Storage\\leveldb\\000004.log', fd=-1), popenfile(path='C:\\Program Files (x86)\\Microsoft\\EdgeWebView\\Application\\142.0.3595.69\\icudtl.dat', fd=-1), popenfile(path='C:\\Program Files (x86)\\Microsoft\\EdgeWebView\\Application\\142.0.3595.69\\msedge_200_percent.pak', fd=-1), popenfile(path='C:\\Users\\keylogger\\AppData\\Local\\Packages\\Microsoft.Windows.Search_cw5n1h2txyewy\\LocalState\\EBWebView\\Default\\Local Storage\\leveldb\\LOG', fd=-1), popenfile(path='C:\\Users\\keylogger\\AppData\\Local\\Packages\\Microsoft.Windows.Search_cw5n1h2txyewy\\LocalState\\EBWebView\\Default\\Session Storage\\MANIFEST-000001', fd=-1), popenfile(path='C:\\Program Files (x86)\\Microsoft\\EdgeWebView\\Application\\142.0.3595.69\\v8_context_snapshot.bin', fd=-1), popenfile(path='C:\\Users\\keylogger\\AppData\\Local\\Packages\\Microsoft.Windows.Search_cw5n1h2txyewy\\LocalState\\EBWebView\\Default\\Session Storage\\000003.log', fd=-1), popenfile(path='C:\\Program Files (x86)\\Microsoft\\EdgeWebView\\Application\\142.0.3595.69\\Locales\\en-US.pak', fd=-1), popenfile(path='C:\\Users\\keylogger\\AppData\\Local\\Packages\\Microsoft.Windows.Search_cw5n1h2txyewy\\LocalState\\EBWebView\\Default\\Local Storage\\leveldb\\MANIFEST-000001', fd=-1)]",C:\Program Files (x86)\Microsoft\EdgeWebView\Application\142.0.3595.69\msedgewebview2.exe,176,msedgewebview2.exe,1396,0.0,10,"['C:\\Program Files (x86)\\Microsoft\\EdgeWebView\\Application\\142.0.3595.69\\msedgewebview2.exe', '--type=utility', '--utility-sub-type=storage.mojom.StorageService', '--lang=en-US', '--service-sandbox-type=service', '--noerrdialogs', '--user-data-dir=C:\\Users\\keylogger\\AppData\\Local\\Packages\\Microsoft.Windows.Search_cw5n1h2txyewy\\LocalState\\EBWebView', '--webview-exe-name=SearchApp.exe', '--webview-exe-version=10.0.19041.6282', '--embedded-browser-webview=1', '--startup-read-main-dll', '--metrics-shmem-handle=2068,i,12718384843917991063,9885248146723621101,524288', '--field-trial-handle=1936,i,2534396607517605442,16715881984632097342,262144', '--enable-features=ForceSWDCompWhenDCompFallbackRequired,LocalNetworkAccessForFencedFrameNavigationsWarningOnly,LocalNetworkAccessForNavigationsWarningOnly,LocalNetworkAccessForSubframeNavigationsWarningOnly,LocalNetworkAccessForWorkersWarningOnly,msAggressiveCacheTrimming,msCustomDataPartition,msEmbeddedBrowserVisualHosting,msWebView2NoTabForScreenShare,msWebViewAppLifeCycleWorkaround', '--disable-features=BackForwardCache,BackgroundTabLoadingFromPerformanceManager,CloseOmniboxPopupOnInactiveAreaClick,CollectAVProductsInfo,CollectCodeIntegrityInfo,DeferSpeculativeRFHCreation,EnableHangWatcher,FilterAdsOnAbusiveSites,GetWifiProtocol,LoginDetection,MediaFoundationCameraUsageMonitoring,PreconnectToSearch,PreloadingEagerHeuristics,SafetyHub,SegmentationPlatform,ServiceWorkerAutoPreload,SpareRendererForSitePerProcess,Ukm,WebPayments,msAITrackerClassification,msAbydosForWindowlessWV2,msAffirmVirtualCard,msAllowChromeWebstore,msAllowMSAPrtSSOForNonMSAProfile,msApplicationGuard,msAskBeforeClosingMultipleTabs,msAutoToggleAADPrtSSOForNonAADProfile,msAutofillEdgeServiceRequest,msAutofillEnableEdgeSuggestions,msAutomaticTabFreeze,msBrowserSettingsSupported,msCoarseGeolocationService,msDataProtection,msDesktopMode,msDesktopRewards,msDisableVariationsSeedFetchThrottling,msEEProactiveHistory,msETFOffstoreExtensionFileDataCollection,msETFPasswordTheftDNRActionSignals,msEdgeAdPlatformUI,msEdgeAddWebCapturetoCollections,msEdgeAutofillShowDeployedPassword,msEdgeCaptureSelectionInPDF,msEdgeCloudConfigService,msEdgeCloudConfigServiceV2,msEdgeCohorts,msEdgeCollectionsPrismExperiment1,msEdgeCollectionsPrismOverallMigration,msEdgeComposeNext,msEdgeEnableNurturingFramework,msEdgeEnclavePrefsBasic,msEdgeEnclavePrefsNotification,msEdgeFaviconService,msEdgeHJTelemetry,msEdgeHubAppSkype,msEdgeImageEditorUI,msEdgeLinkDoctor,msEdgeMouseGestureDefaultEnabled,msEdgeMouseGestureSupported,msEdgeNewDeviceFre,msEdgeOnRampFRE,msEdgeOnRampImport,msEdgePDFCMHighlightUX,msEdgePasswordIris,msEdgePasswordIrisSaveBubble,msEdgePasswordStrengthCheck,msEdgePinpointFramework,msEdgeProngPersonalization,msEdgeReadingView,msEdgeRose,msEdgeScreenshotUI,msEdgeSendTabToSelf,msEdgeSettingsImport,msEdgeSettingsImportV2,msEdgeShoppingPersistentStorage,msEdgeShoppingUI,msEdgeSmartFind,msEdgeSuperDragDefaultEnabled,msEdgeSuperDragDropSupported,msEdgeTranslate,msEdgeUpdatesMoreMenuPill,msEdgeWebCapture,msEdgeWebCaptureUniformExperience,msEdgeWebContentFilteringFeedback,msEdgeWorkSearchBanner,msEnableCustomJobMemoryLimitsOnXbox,msEnableMIPForPDF,msEnablePdfUpsell,msEnableThirdPartyScanning,msEnableWebSignInCta,msEnableWebToBrowserSignIn,msEndpointDlp,msEntityExtraction,msExtensionTelemetryFramework,msExternalTaskManager,msFileSystemAccessDirectoryIterationBlocklistCheck,msForceBrowserSignIn,msForeignSessionsPage,msGeolocationAccessService,msGeolocationOSLocationPermissionFallback,msGeolocationSQMService,msGeolocationService,msGrowthInfraLaunchSourceLogging,msGuidedSwitchAllowed,msHubPinPersist,msImplicitSignin,msIrm,msIrmv2,msKlarnaVirtualCard,msLlmConsumerDlpPurview,msLoadStatistics,msLogIsEdgePinnedToTaskbarOnLaunch,msMIPCrossTenantPdfViewSupport,msMdatpWebSiteDlp,msNotificationPermissionForPWA,msNumberOfSitesToPin,msNurturingGlobalSitePinningOnCloseModal,msNurturingSitePinningCITopSites,msNurturingSitePinningWithWindowsConsent,msOnHoverSearchInSidebar,msOpenOfficeDocumentsInWebViewer,msPageInteractionRestrictionRevoke,msPasswordBreachDetection,msPdfAnnotationsVisibility,msPdfDataRecovery,msPdfDigitalSignatureRead,msPdfFreeText,msPdfFreeTextForCJK,msPdfHighlightMode,msPdfInking,msPdfKeyphraseSupport,msPdfOOUI,msPdfPopupMarkerRenderer,msPdfShare,msPdfSharedLibrary,msPdfTextNote,msPdfTextNoteMoreMenu,msPdfThumbnailCache,msPdfUnderside,msPdfViewRestore,msPersonalizationUMA,msPriceComparison,msPrintInWebView2,msPromptDefaultHandlerForPDF,msReactiveSearch,msReadAloud,msReadAloudPdf,msRedirectToShoreline,msRevokeExtensions,msSaasDlp,msShoppingTrigger,msShorelineSearch,msShorelineSearchFindOnPageWebUI,msShowOfflineGameEntrance,msShowReadAloudIconInAddressBar,msShowUXForAADPrtSSOForNonAADProfile,msSitePinningWithoutUi,msSuspendMessageForNewSessionWhenHavingPendingNavigation,msSyncEdgeCollections,msTabResourceStats,msTokenizationAutofillInlineEnabled,msTouchMode,msTriggeringSignalGenerator,msUserUnderstanding,msVideoSuperResolutionUI,msWalletBuyNow,msWalletCheckout,msWalletDiagnosticDataLogger,msWalletHubEntry,msWalletHubIntlP3,msWalletPartialCard,msWalletPasswordCategorization,msWalletPasswordCategorizationPlatformExpansion,msWalletTokenizationCardMetadata,msWalletTokenizedAutofill,msWebAssist,msWebAssistHistorySearchService,msWebOOUI,msWindowsTaskManager,msWindowsUserActivities,msZipPayVirtualCard', '--variations-seed-version', '--trace-process-track-uuid=3190708990060038890', '--mojo-platform-channel-handle=2380', '/prefetch:8']",32.0,0.37011140544082843,94,83,1053677,176504,0.015625,0.171875,427,0,15.15625,8.6328125,benign
,C:\Windows\System32\svchost.exe,167,svchost.exe,1468,0.0,2,,,0.1423211899272464,0,0,0,0,0.046875,0.09375,7106,0,5.828125,1.42578125,benign
,C:\Windows\System32\svchost.exe,142,svchost.exe,1492,0.0,1,,,0.1510016378383586,0,0,0,0,0.03125,0.109375,25,0,6.18359375,3.49609375,benign
,C:\Windows\System32\svchost.exe,246,svchost.exe,1512,0.0,2,,,0.30553268856365295,132,0,2125824,0,0.03125,0.296875,78,0,12.51171875,3.1875,benign
,C:\Windows\System32\svchost.exe,439,svchost.exe,1544,0.0,4,,,0.17179655701003405,34,0,714,0,0.40625,0.25,153,0,7.03515625,2.87109375,benign
,C:\Windows\System32\svchost.exe,226,svchost.exe,1564,0.0,3,,,0.32823539848502337,3,419,233633,4345502,0.875,15.1875,6260,0,13.44140625,2.6640625,benign
,C:\Windows\System32\svchost.exe,251,svchost.exe,1604,0.0,3,,,0.14089034686497515,0,0,0,0,0.03125,0.046875,954,0,5.76953125,1.30859375,benign
,C:\Windows\System32\svchost.exe,230,svchost.exe,1688,0.0,4,,,0.17217811515997303,0,0,0,0,0.15625,0.1875,406,0,7.05078125,1.9375,benign
,MemCompression,0,MemCompression,1788,0.0,42,,,6.006679175414682,0,0,0,0,0.0,16.859375,263244,0,245.9765625,0.8203125,benign
,C:\Windows\System32\svchost.exe,170,svchost.exe,1812,0.0,2,,,0.1758029175843935,108,0,2172,0,0.015625,0.0625,217,0,7.19921875,1.70703125,benign
,C:\Windows\System32\svchost.exe,392,svchost.exe,1876,0.0,5,,,0.3409222069704951,1,212,6,4146684,0.515625,1.0,2054,0,13.9609375,5.80859375,benign
,C:\Windows\System32\svchost.exe,181,svchost.exe,1892,0.0,2,,,0.1773291501841495,0,0,0,0,0.0625,0.203125,179,0,7.26171875,1.70703125,benign
"[popenfile(path='C:\\Users\\keylogger\\AppData\\Local\\Programs\\Microsoft VS Code\\icudtl.dat', fd=-1), popenfile(path='C:\\Users\\keylogger\\AppData\\Roaming\\Code\\logs\\20251112T120431\\window3\\exthost\\vscode.github-authentication\\GitHub Authentication.log', fd=-1), popenfile(path='C:\\Users\\keylogger\\AppData\\Local\\Programs\\Microsoft VS Code\\v8_context_snapshot.bin', fd=-1), popenfile(path='C:\\Windows\\System32\\en-US\\mswsock.dll.mui', fd=-1), popenfile(path='C:\\Users\\keylogger\\AppData\\Roaming\\Code\\logs\\20251112T120431\\window3\\exthost\\vscode.git\\Git.log', fd=-1), popenfile(path='C:\\Users\\keylogger\\AppData\\Roaming\\Code\\logs\\20251112T120431\\window3\\exthost\\vscode.github\\GitHub.log', fd=-1), popenfile(path='C:\\Users\\keylogger\\AppData\\Roaming\\Code\\logs\\20251112T120431\\window3\\exthost\\ms-python.vscode-python-envs\\Python Environments.log', fd=-1), popenfile(path='C:\\Users\\keylogger\\AppData\\Roaming\\Code\\logs\\20251112T120431\\window3\\exthost\\extHostTelemetry.log', fd=-1), popenfile(path='C:\\Users\\keylogger\\AppData\\Roaming\\Code\\logs\\20251112T120431\\window3\\exthost\\ms-python.python\\Python.log', fd=-1), popenfile(path='C:\\Users\\keylogger\\AppData\\Roaming\\Code\\logs\\20251112T120431\\window3\\exthost\\exthost.log', fd=-1), popenfile(path='C:\\Users\\keylogger\\AppData\\Roaming\\Code\\logs\\20251112T120431\\window3\\exthost\\ms-python.debugpy\\Python Debugger.log', fd=-1)]",C:\Users\keylogger\AppData\Local\Programs\Microsoft VS Code\Code.exe,255,Code.exe,1912,0.0,15,"['C:\\Users\\keylogger\\AppData\\Local\\Programs\\Microsoft VS Code\\Code.exe', 'c:\\Users\\keylogger\\.vscode\\extensions\\ms-python.vscode-pylance-2025.9.1\\dist\\server.bundle.js', '--cancellationReceive=file:6cbe83d93c37c5dac4b480830829090b89c54a4b5b', '--node-ipc', '--clientProcessId=8264']",32.0,5.283435702205311,12673,2158,64141625,541419,31.0625,7.78125,66748,0,216.359375,415.859375,benign
,C:\Windows\System32\svchost.exe,153,svchost.exe,1928,0.0,4,,,0.16721785921076604,0,0,0,0,0.859375,0.40625,2236,0,6.84765625,1.86328125,benign
,C:\Windows\System32\svchost.exe,129,svchost.exe,1992,0.0,1,,,0.16197143464910482,0,0,0,0,0.0,0.015625,73,0,6.6328125,1.37890625,benign
,C:\Windows\System32\svchost.exe,394,svchost.exe,2044,0.0,5,,,0.2569794139839154,5,5,580,800,0.09375,0.234375,1611,0,10.5234375,3.890625,benign
"[popenfile(path='C:\\Program Files (x86)\\Microsoft\\Edge\\Application\\142.0.3595.53\\v8_context_snapshot.bin', fd=-1), popenfile(path='C:\\Program Files (x86)\\Microsoft\\Edge\\Application\\142.0.3595.53\\msedge_200_percent.pak', fd=-1), popenfile(path='C:\\Program Files (x86)\\Microsoft\\Edge\\Application\\142.0.3595.53\\resources.pak', fd=-1), popenfile(path='C:\\Users\\keylogger\\AppData\\Local\\Microsoft\\Edge\\User Data\\Default\\Network\\Trust Tokens', fd=-1), popenfile(path='C:\\Users\\keylogger\\AppData\\Local\\Microsoft\\Edge\\User Data\\Default\\Cache\\No_Vary_Search\\journal.baj', fd=-1), popenfile(path='C:\\Users\\keylogger\\AppData\\Local\\Microsoft\\Edge\\User Data\\Default\\Network\\Cookies', fd=-1), popenfile(path='C:\\Users\\keylogger\\AppData\\Local\\Microsoft\\Edge\\User Data\\Default\\Shared Dictionary\\db', fd=-1), popenfile(path='C:\\Program Files (x86)\\Microsoft\\Edge\\Application\\142.0.3595.53\\msedge_100_percent.pak', fd=-1), popenfile(path='C:\\Users\\keylogger\\AppData\\Local\\Microsoft\\Edge\\User Data\\Default\\Cache\\Cache_Data\\data_1', fd=-1), popenfile(path='C:\\Users\\keylogger\\AppData\\Local\\Microsoft\\Edge\\User Data\\Default\\Cache\\Cache_Data\\data_0', fd=-1), popenfile(path='C:\\Users\\keylogger\\AppData\\Local\\Microsoft\\Edge\\User Data\\Default\\Cache\\Cache_Data\\index', fd=-1), popenfile(path='C:\\Users\\keylogger\\AppData\\Local\\Microsoft\\Edge\\User Data\\Default\\Safe Browsing Network\\Safe Browsing Cookies', fd=-1), popenfile(path='C:\\Windows\\Registration\\R000000000006.clb', fd=-1), popenfile(path='C:\\Users\\keylogger\\AppData\\Local\\Microsoft\\Edge\\User Data\\Default\\Network\\Reporting and NEL', fd=-1), popenfile(path='C:\\Program Files (x86)\\Microsoft\\Edge\\Application\\142.0.3595.53\\icudtl.dat', fd=-1), popenfile(path='C:\\Users\\keylogger\\AppData\\Local\\Microsoft\\Edge\\User Data\\Default\\Cache\\Cache_Data\\data_2', fd=-1), popenfile(path='C:\\Program Files (x86)\\Microsoft\\Edge\\Application\\142.0.3595.53\\Locales\\en-US.pak', fd=-1), popenfile(path='C:\\Users\\keylogger\\AppData\\Local\\Microsoft\\Edge\\User Data\\Default\\Cache\\Cache_Data\\data_3', fd=-1)]",C:\Program Files (x86)\Microsoft\Edge\Application\msedge.exe,329,msedge.exe,2108,0.0,17,"['C:\\Program Files (x86)\\Microsoft\\Edge\\Application\\msedge.exe', '--type=utility', '--utility-sub-type=network.mojom.NetworkService', '--lang=en-US', '--service-sandbox-type=none', '--no-pre-read-main-dll', '--startup-read-main-dll', '--metrics-shmem-handle=2172,i,6761912627276131789,10037849722519012199,524288', '--field-trial-handle=2452,i,10829191207590845271,14026617899616111352,262144', '--variations-seed-version', '--trace-process-track-uuid=3190708989122997041', '--mojo-platform-channel-handle=2484', '/prefetch:3']",32.0,0.7420352120938671,315,149,1729218,36152,0.0625,0.21875,2788,0,30.38671875,10.91015625,benign
,C:\Windows\System32\svchost.exe,567,svchost.exe,2128,0.0,6,,,0.22702709921370406,0,0,0,0,0.078125,0.1875,182,0,9.296875,2.82421875,benign
"[popenfile(path='C:\\Users\\keylogger\\AppData\\Local\\Microsoft\\Edge\\User Data\\ShaderCache\\data_3', fd=-1), popenfile(path='C:\\Users\\keylogger\\AppData\\Local\\Microsoft\\Edge\\User Data\\Default\\Extension State\\MANIFEST-000001', fd=-1), popenfile(path='C:\\Program Files (x86)\\Microsoft\\Edge\\Application\\142.0.3595.53\\icudtl.dat', fd=-1), popenfile(path='C:\\Users\\keylogger\\AppData\\Local\\Microsoft\\Edge\\User Data\\GrShaderCache\\data_2', fd=-1), popenfile(path='C:\\Users\\keylogger\\AppData\\Local\\Microsoft\\Edge\\User Data\\Default\\EdgeEDrop\\EdgeEDropSQLite.db', fd=-1), popenfile(path='C:\\Users\\keylogger\\AppData\\Local\\Microsoft\\Edge\\User Data\\Default\\Sync Data\\LevelDB\\MANIFEST-000001', fd=-1), popenfile(path='C:\\Users\\keylogger\\AppData\\Local\\Microsoft\\Edge\\User Data\\Default\\Service Worker\\Database\\MANIFEST-000001', fd=-1), popenfile(path='C:\\Users\\keylogger\\AppData\\Local\\Microsoft\\Edge\\User Data\\Default\\Platform Notifications\\000003.log', fd=-1), popenfile(path='C:\\Users\\keylogger\\AppData\\Local\\Microsoft\\Edge\\User Data\\Default\\Nurturing\\campaign_history', fd=-1), popenfile(path='C:\\Users\\keylogger\\AppData\\Local\\Microsoft\\Edge\\User Data\\Default\\shared_proto_db\\metadata\\000003.log', fd=-1), popenfile(path='C:\\Users\\keylogger\\AppData\\Local\\Microsoft\\Edge\\User Data\\Default\\Platform Notifications\\MANIFEST-000001', fd=-1), popenfile(path='C:\\Windows\\System32\\en-US\\propsys.dll.mui', fd=-1), popenfile(path='C:\\Users\\keylogger\\AppData\\Local\\Microsoft\\Edge\\User Data\\GraphiteDawnCache\\data_3', fd=-1), popenfile(path='C:\\Users\\keylogger\\AppData\\Local\\Microsoft\\Edge\\User Data\\Default\\Web Data', fd=-1), popenfile(path='C:\\Users\\keylogger\\AppData\\Local\\Microsoft\\Edge\\User Data\\GrShaderCache\\data_3', fd=-1), popenfile(path='C:\\Users\\keylogger\\AppData\\Local\\Microsoft\\Edge\\User Data\\Default\\Site Characteristics Database\\000003.log', fd=-1), popenfile(path='C:\\Users\\keylogger\\AppData\\Local\\Microsoft\\Edge\\User Data\\Default\\Sync Data\\LevelDB\\LOG', fd=-1), popenfile(path='C:\\Users\\keylogger\\AppData\\Local\\Microsoft\\Edge\\User Data\\Default\\History', fd=-1), popenfile(path='C:\\Users\\keylogger\\AppData\\Local\\Microsoft\\Edge\\User Data\\Default\\Service Worker\\Database\\LOG', fd=-1), popenfile(path='C:\\Users\\keylogger\\AppData\\Local\\Microsoft\\Edge\\User Data\\Default\\shared_proto_db\\metadata\\LOCK', fd=-1), popenfile(path='C:\\Users\\keylogger\\AppData\\Local\\Microsoft\\Edge\\User Data\\Default\\Platform Notifications\\LOCK', fd=-1), popenfile(path='C:\\Users\\keylogger\\AppData\\Local\\Microsoft\\Edge\\User Data\\Default\\BrowsingTopicsSiteData', fd=-1), popenfile(path='C:\\Users\\keylogger\\AppData\\Local\\Microsoft\\Edge\\User Data\\GrShaderCache\\data_1', fd=-1), popenfile(path='C:\\Users\\keylogger\\AppData\\Local\\Microsoft\\Edge\\User Data\\Default\\Site Characteristics Database\\LOCK', fd=-1), popenfile(path='C:\\Users\\keylogger\\AppData\\Local\\Microsoft\\Edge\\User Data\\Default\\Vpn Tokens', fd=-1), popenfile(path='C:\\Users\\keylogger\\AppData\\Local\\Microsoft\\Edge\\User Data\\Default\\Extension State\\LOCK', fd=-1), popenfile(path='C:\\Users\\keylogger\\AppData\\Local\\Microsoft\\Edge\\User Data\\ShaderCache\\data_1', fd=-1), popenfile(path='C:\\Users\\keylogger\\AppData\\Local\\Microsoft\\Edge\\User Data\\Default\\Sync Data\\LevelDB\\000003.log', fd=-1), popenfile(path='C:\\Users\\keylogger\\AppData\\Local\\Microsoft\\Edge\\User Data\\Default\\shared_proto_db\\MANIFEST-000001', fd=-1), popenfile(path='C:\\Users\\keylogger\\AppData\\Local\\Microsoft\\Edge\\User Data\\Default\\Login Data For Account', fd=-1), popenfile(path='C:\\Users\\keylogger\\AppData\\Local\\Microsoft\\Edge\\User Data\\GrShaderCache\\index', fd=-1), popenfile(path='C:\\Users\\keylogger\\AppData\\Local\\Microsoft\\Edge\\User Data\\Default\\Extension State\\LOG', fd=-1), popenfile(path='C:\\Users\\keylogger\\AppData\\Local\\Microsoft\\Edge\\User Data\\GrShaderCache\\data_0', fd=-1), popenfile(path='C:\\Windows\\System32\\en-US\\Windows.Security.Authentication.Web.Core.dll.mui', fd=-1), popenfile(path='C:\\Users\\keylogger\\AppData\\Local\\Microsoft\\Edge\\User Data\\Default\\ExtensionActivityEdge', fd=-1), popenfile(path='C:\\Users\\keylogger\\AppData\\Local\\Microsoft\\Edge\\User Data\\Default\\SharedStorage-wal', fd=-1), popenfile(path='C:\\Users\\keylogger\\AppData\\Local\\Microsoft\\Edge\\User Data\\GraphiteDawnCache\\index', fd=-1), popenfile(path='C:\\Windows\\Registration\\R000000000006.clb', fd=-1), popenfile(path='C:\\Users\\keylogger\\AppData\\Local\\Microsoft\\Edge\\User Data\\Default\\shared_proto_db\\000003.log', fd=-1), popenfile(path='C:\\Users\\keylogger\\AppData\\Local\\Microsoft\\Edge\\User Data\\Safe Browsing\\ChromeExtMalware.store.32_13407429720145065', fd=-1), popenfile(path='C:\\Users\\keylogger\\AppData\\Local\\Microsoft\\Edge\\User Data\\first_party_sets.db', fd=-1), popenfile(path='C:\\Users\\keylogger\\AppData\\Local\\Microsoft\\Edge\\User Data\\ShaderCache\\index', fd=-1), popenfile(path='C:\\Users\\keylogger\\AppData\\Local\\Microsoft\\Edge\\User Data\\Nurturing\\campaign_history', fd=-1), popenfile(path='C:\\Users\\keylogger\\AppData\\Local\\Microsoft\\Edge\\User Data\\Default\\shared_proto_db\\metadata\\MANIFEST-000001', fd=-1), popenfile(path='C:\\Users\\keylogger\\AppData\\Local\\Microsoft\\Edge\\User Data\\first_party_sets.db-journal', fd=-1), popenfile(path='C:\\Users\\keylogger\\AppData\\Local\\Microsoft\\Edge\\User Data\\Default\\Site Characteristics Database\\MANIFEST-000001', fd=-1), popenfile(path='C:\\Users\\keylogger\\AppData\\Local\\Microsoft\\Edge\\User Data\\ShaderCache\\data_2', fd=-1), popenfile(path='C:\\Users\\keylogger\\AppData\\Local\\Microsoft\\Edge\\User Data\\BrowserMetrics\\BrowserMetrics-6914E026-880.pma', fd=-1), popenfile(path='C:\\Users\\keylogger\\AppData\\Local\\Microsoft\\Edge\\User Data\\Default\\SharedStorage', fd=-1), popenfile(path='C:\\Program Files (x86)\\Microsoft\\Edge\\Application\\142.0.3595.53\\Locales\\en-US.pak', fd=-1), popenfile(path='C:\\Users\\keylogger\\AppData\\Local\\Microsoft\\Edge\\User Data\\ZxcvbnData\\3.1.0.0\\ranked_dicts', fd=-1), popenfile(path='C:\\Users\\keylogger\\AppData\\Local\\Microsoft\\Edge\\User Data\\Subresource Filter\\Indexed Rules\\37\\10.34.0.81\\Ruleset Data', fd=-1), popenfile(path='C:\\Windows\\System32\\en-US\\kernel32.dll.mui', fd=-1), popenfile(path='C:\\Users\\keylogger\\AppData\\Local\\Microsoft\\Edge\\User Data\\Default\\shared_proto_db\\metadata\\LOG', fd=-1), popenfile(path='C:\\Users\\keylogger\\AppData\\Local\\Microsoft\\Edge\\User Data\\GraphiteDawnCache\\data_1', fd=-1), popenfile(path='C:\\Users\\keylogger\\AppData\\Local\\Microsoft\\Edge\\User Data\\Default\\History-journal', fd=-1), popenfile(path='C:\\Users\\keylogger\\AppData\\Local\\Microsoft\\Edge\\User Data\\Default\\Local Storage\\leveldb\\LOCK', fd=-1), popenfile(path='C:\\Users\\keylogger\\AppData\\Local\\Microsoft\\Edge\\User Data\\GraphiteDawnCache\\data_2', fd=-1), popenfile(path='C:\\Users\\keylogger\\AppData\\Local\\Microsoft\\Edge\\User Data\\Default\\Service Worker\\Database\\LOCK', fd=-1), popenfile(path='C:\\Users\\keylogger\\AppData\\Local\\Microsoft\\Edge\\User Data\\Default\\Site Characteristics Database\\LOG', fd=-1), popenfile(path='C:\\Users\\keylogger\\AppData\\Local\\Microsoft\\Edge\\User Data\\Default\\EdgeJourneys\\EdgeJourneys.db', fd=-1), popenfile(path='C:\\Users\\keylogger\\AppData\\Local\\Microsoft\\Edge\\User Data\\ShaderCache\\data_0', fd=-1), popenfile(path='C:\\Windows\\System32\\en-US\\KernelBase.dll.mui', fd=-1), popenfile(path='C:\\Users\\keylogger\\AppData\\Local\\Microsoft\\Edge\\User Data\\Default\\shared_proto_db\\LOCK', fd=-1), popenfile(path='C:\\Users\\keylogger\\AppData\\Local\\Microsoft\\Edge\\User Data\\Default\\Top Sites', fd=-1), popenfile(path='C:\\Users\\keylogger\\AppData\\Local\\Microsoft\\Edge\\User Data\\Default\\Platform Notifications\\LOG', fd=-1), popenfile(path='C:\\Users\\keylogger\\AppData\\Local\\Microsoft\\Edge\\User Data\\Default\\Login Data', fd=-1), popenfile(path='C:\\Users\\keylogger\\AppData\\Local\\Microsoft\\Edge\\User Data\\Default\\EdgeJourneys\\EdgeJourneys.db-wal', fd=-1), popenfile(path='C:\\Users\\keylogger\\AppData\\Local\\Microsoft\\Edge\\User Data\\Default\\shared_proto_db\\LOG', fd=-1), popenfile(path='C:\\Users\\keylogger\\AppData\\Local\\Microsoft\\Edge\\User Data\\GraphiteDawnCache\\data_0', fd=-1), popenfile(path='C:\\Users\\keylogger\\AppData\\Local\\Microsoft\\Edge\\User Data\\lockfile', fd=-1), popenfile(path='C:\\Users\\keylogger\\AppData\\Local\\Microsoft\\Edge\\User Data\\Default\\EdgeHubAppUsage\\EdgeHubAppUsageSQLite.db', fd=-1), popenfile(path='C:\\Users\\keylogger\\AppData\\Local\\Microsoft\\Edge\\User Data\\Default\\ExtensionActivityComp', fd=-1), popenfile(path='C:\\Program Files (x86)\\Microsoft\\Edge\\Application\\142.0.3595.53\\msedge_100_percent.pak', fd=-1), popenfile(path='C:\\Users\\keylogger\\AppData\\Local\\Microsoft\\Edge\\User Data\\Default\\ServerCertificate', fd=-1), popenfile(path='C:\\Users\\keylogger\\AppData\\Local\\Microsoft\\Edge\\User Data\\Default\\Service Worker\\Database\\000003.log', fd=-1), popenfile(path='C:\\Users\\keylogger\\AppData\\Local\\Microsoft\\Edge\\User Data\\Default\\Sync Data\\LevelDB\\LOCK', fd=-1), popenfile(path='C:\\Program Files (x86)\\Microsoft\\Edge\\Application\\142.0.3595.53\\resources.pak', fd=-1), popenfile(path='C:\\Program Files (x86)\\Microsoft\\Edge\\Application\\142.0.3595.53\\msedge_200_percent.pak', fd=-1), popenfile(path='C:\\Users\\keylogger\\AppData\\Local\\Microsoft\\Edge\\User Data\\Default\\Extension State\\000003.log', fd=-1), popenfile(path='C:\\Users\\keylogger\\AppData\\Local\\Microsoft\\Edge\\User Data\\Default\\WebAssistDatabase', fd=-1), popenfile(path='C:\\Users\\keylogger\\AppData\\Local\\Microsoft\\Edge\\User Data\\Default\\Favicons', fd=-1), popenfile(path='C:\\Users\\keylogger\\AppData\\Local\\Microsoft\\Edge\\User Data\\Default\\heavy_ad_intervention_opt_out.db', fd=-1)]",C:\Program Files (x86)\Microsoft\Edge\Application\msedge.exe,1163,msedge.exe,2176,0.0,48,"['C:\\Program Files (x86)\\Microsoft\\Edge\\Application\\msedge.exe', '--no-startup-window']",32.0,2.6842615848208538,995,781,7070406,944010,1.09375,1.109375,16369,0,109.921875,42.5703125,benign
,C:\Windows\System32\svchost.exe,238,svchost.exe,2196,0.0,6,,,0.2171065873152901,0,0,0,0,0.34375,0.5,858,0,8.890625,2.46484375,benign
,C:\Windows\System32\svchost.exe,337,svchost.exe,2228,0.0,9,,,0.28922107765376076,0,0,0,0,0.171875,0.15625,404,0,11.84375,2.8671875,benign
,C:\Windows\System32\svchost.exe,283,svchost.exe,2324,0.0,10,,,0.1896344005196822,2,0,824,0,0.296875,0.53125,1429,0,7.765625,2.89453125,benign
,C:\Windows\System32\svchost.exe,216,svchost.exe,2332,0.0,3,,,0.24953903006010494,0,0,0,0,0.046875,0.046875,269,0,10.21875,2.3671875,benign
,C:\Windows\System32\svchost.exe,369,svchost.exe,2344,0.0,4,,,0.2013673136303064,0,0,0,0,0.0625,0.03125,313,0,8.24609375,2.1640625,benign
,C:\Windows\System32\svchost.exe,200,svchost.exe,2432,0.0,2,,,0.28664556014167253,0,0,0,0,0.0625,0.140625,545,0,11.73828125,2.21484375,benign
,C:\Windows\System32\svchost.exe,181,svchost.exe,2512,0.0,6,,,0.3814627604015136,3738,61,15187028,152152,5.140625,2.21875,863,0,15.62109375,7.6171875,benign
,C:\Windows\System32\svchost.exe,175,svchost.exe,2524,0.0,2,,,0.17208272562248828,0,0,0,0,0.203125,0.421875,152,0,7.046875,1.79296875,benign
,C:\Program Files\VMware\VMware Tools\VMware VGAuth\VGAuthService.exe,166,VGAuthService.exe,2556,0.0,2,,,0.16759941736070505,30,22,32424,2280,0.0625,0.0625,368,0,6.86328125,2.45703125,benign
"[popenfile(path='C:\\Windows\\Fonts\\StaticCache.dat', fd=-1), popenfile(path='C:\\Windows\\Registration\\R000000000006.clb', fd=-1), popenfile(path='C:\\Windows\\SystemResources\\notepad.exe.mun', fd=-1), popenfile(path='C:\\Windows\\System32\\en-US\\notepad.exe.mui', fd=-1)]",C:\Windows\System32\notepad.exe,244,notepad.exe,2616,0.0,1,['C:\\Windows\\system32\\notepad.exe'],32.0,0.3590462190925975,2,0,16441,0,0.484375,1.390625,23321,0,14.703125,2.5625,benign
,C:\Windows\System32\spoolsv.exe,440,spoolsv.exe,2620,0.0,7,,,0.24066780307402322,2,2,232,320,0.03125,0.203125,512,0,9.85546875,5.09375,benign
"[popenfile(path='C:\\Windows\\Fonts\\arialbi.ttf', fd=-1), popenfile(path='C:\\Program Files (x86)\\Microsoft\\EdgeWebView\\Application\\142.0.3595.69\\resources.pak', fd=-1), popenfile(path='C:\\Windows\\Fonts\\timesbi.ttf', fd=-1), popenfile(path='C:\\Windows\\Fonts\\arialbd.ttf', fd=-1), popenfile(path='C:\\Program Files (x86)\\Microsoft\\EdgeWebView\\Application\\142.0.3595.69\\msedge_100_percent.pak', fd=-1), popenfile(path='C:\\Windows\\Fonts\\times.ttf', fd=-1), popenfile(path='C:\\Windows\\Fonts\\timesi.ttf', fd=-1), popenfile(path='C:\\Program Files (x86)\\Microsoft\\EdgeWebView\\Application\\142.0.3595.69\\icudtl.dat', fd=-1), popenfile(path='C:\\Windows\\Fonts\\timesbd.ttf', fd=-1), popenfile(path='C:\\Windows\\Fonts\\arial.ttf', fd=-1), popenfile(path='C:\\Program Files (x86)\\Microsoft\\EdgeWebView\\Application\\142.0.3595.69\\msedge_200_percent.pak', fd=-1), popenfile(path='C:\\Users\\keylogger\\AppData\\Local\\Packages\\Microsoft.Windows.Search_cw5n1h2txyewy\\AC\\Temp\\b2478c88-bbbb-46c8-87aa-8f999a2f500f.tmp', fd=-1), popenfile(path='C:\\Windows\\Fonts\\ariblk.ttf', fd=-1), popenfile(path='C:\\Windows\\Fonts\\ariali.ttf', fd=-1), popenfile(path='C:\\Program Files (x86)\\Microsoft\\EdgeWebView\\Application\\142.0.3595.69\\v8_context_snapshot.bin', fd=-1), popenfile(path='C:\\Program Files (x86)\\Microsoft\\EdgeWebView\\Application\\142.0.3595.69\\Locales\\en-US.pak', fd=-1)]",C:\Program Files (x86)\Microsoft\EdgeWebView\Application\142.0.3595.69\msedgewebview2.exe,227,msedgewebview2.exe,2664,0.0,15,"['C:\\Program Files (x86)\\Microsoft\\EdgeWebView\\Application\\142.0.3595.69\\msedgewebview2.exe', '--type=renderer', '--noerrdialogs', '--user-data-dir=C:\\Users\\keylogger\\AppData\\Local\\Packages\\Microsoft.Windows.Search_cw5n1h2txyewy\\LocalState\\EBWebView', '--webview-exe-name=SearchApp.exe', '--webview-exe-version=10.0.19041.6282', '--embedded-browser-webview=1', '--dma-cps-flags=0', '--disable-gpu-compositing', '--video-capture-use-gpu-memory-buffer', '--lang=en-US', '--device-scale-factor=1', '--num-raster-threads=1', '--renderer-client-id=6', '--js-flags=--expose-gc --ms-user-locale=', '--time-ticks-at-unix-epoch=-1762966986880537', '--launch-time-ticks=518453526', '--skip-read-main-dll', '--metrics-shmem-handle=4500,i,948113611335452428,4741393019763837572,2097152', '--field-trial-handle=1936,i,2534396607517605442,16715881984632097342,262144', '--enable-features=ForceSWDCompWhenDCompFallbackRequired,LocalNetworkAccessForFencedFrameNavigationsWarningOnly,LocalNetworkAccessForNavigationsWarningOnly,LocalNetworkAccessForSubframeNavigationsWarningOnly,LocalNetworkAccessForWorkersWarningOnly,msAggressiveCacheTrimming,msCustomDataPartition,msEmbeddedBrowserVisualHosting,msWebView2NoTabForScreenShare,msWebViewAppLifeCycleWorkaround', '--disable-features=BackForwardCache,BackgroundTabLoadingFromPerformanceManager,CloseOmniboxPopupOnInactiveAreaClick,CollectAVProductsInfo,CollectCodeIntegrityInfo,DeferSpeculativeRFHCreation,EnableHangWatcher,FilterAdsOnAbusiveSites,GetWifiProtocol,LoginDetection,MediaFoundationCameraUsageMonitoring,PreconnectToSearch,PreloadingEagerHeuristics,SafetyHub,SegmentationPlatform,ServiceWorkerAutoPreload,SpareRendererForSitePerProcess,Ukm,WebPayments,msAITrackerClassification,msAbydosForWindowlessWV2,msAffirmVirtualCard,msAllowChromeWebstore,msAllowMSAPrtSSOForNonMSAProfile,msApplicationGuard,msAskBeforeClosingMultipleTabs,msAutoToggleAADPrtSSOForNonAADProfile,msAutofillEdgeServiceRequest,msAutofillEnableEdgeSuggestions,msAutomaticTabFreeze,msBrowserSettingsSupported,msCoarseGeolocationService,msDataProtection,msDesktopMode,msDesktopRewards,msDisableVariationsSeedFetchThrottling,msEEProactiveHistory,msETFOffstoreExtensionFileDataCollection,msETFPasswordTheftDNRActionSignals,msEdgeAdPlatformUI,msEdgeAddWebCapturetoCollections,msEdgeAutofillShowDeployedPassword,msEdgeCaptureSelectionInPDF,msEdgeCloudConfigService,msEdgeCloudConfigServiceV2,msEdgeCohorts,msEdgeCollectionsPrismExperiment1,msEdgeCollectionsPrismOverallMigration,msEdgeComposeNext,msEdgeEnableNurturingFramework,msEdgeEnclavePrefsBasic,msEdgeEnclavePrefsNotification,msEdgeFaviconService,msEdgeHJTelemetry,msEdgeHubAppSkype,msEdgeImageEditorUI,msEdgeLinkDoctor,msEdgeMouseGestureDefaultEnabled,msEdgeMouseGestureSupported,msEdgeNewDeviceFre,msEdgeOnRampFRE,msEdgeOnRampImport,msEdgePDFCMHighlightUX,msEdgePasswordIris,msEdgePasswordIrisSaveBubble,msEdgePasswordStrengthCheck,msEdgePinpointFramework,msEdgeProngPersonalization,msEdgeReadingView,msEdgeRose,msEdgeScreenshotUI,msEdgeSendTabToSelf,msEdgeSettingsImport,msEdgeSettingsImportV2,msEdgeShoppingPersistentStorage,msEdgeShoppingUI,msEdgeSmartFind,msEdgeSuperDragDefaultEnabled,msEdgeSuperDragDropSupported,msEdgeTranslate,msEdgeUpdatesMoreMenuPill,msEdgeWebCapture,msEdgeWebCaptureUniformExperience,msEdgeWebContentFilteringFeedback,msEdgeWorkSearchBanner,msEnableCustomJobMemoryLimitsOnXbox,msEnableMIPForPDF,msEnablePdfUpsell,msEnableThirdPartyScanning,msEnableWebSignInCta,msEnableWebToBrowserSignIn,msEndpointDlp,msEntityExtraction,msExtensionTelemetryFramework,msExternalTaskManager,msFileSystemAccessDirectoryIterationBlocklistCheck,msForceBrowserSignIn,msForeignSessionsPage,msGeolocationAccessService,msGeolocationOSLocationPermissionFallback,msGeolocationSQMService,msGeolocationService,msGrowthInfraLaunchSourceLogging,msGuidedSwitchAllowed,msHubPinPersist,msImplicitSignin,msIrm,msIrmv2,msKlarnaVirtualCard,msLlmConsumerDlpPurview,msLoadStatistics,msLogIsEdgePinnedToTaskbarOnLaunch,msMIPCrossTenantPdfViewSupport,msMdatpWebSiteDlp,msNotificationPermissionForPWA,msNumberOfSitesToPin,msNurturingGlobalSitePinningOnCloseModal,msNurturingSitePinningCITopSites,msNurturingSitePinningWithWindowsConsent,msOnHoverSearchInSidebar,msOpenOfficeDocumentsInWebViewer,msPageInteractionRestrictionRevoke,msPasswordBreachDetection,msPdfAnnotationsVisibility,msPdfDataRecovery,msPdfDigitalSignatureRead,msPdfFreeText,msPdfFreeTextForCJK,msPdfHighlightMode,msPdfInking,msPdfKeyphraseSupport,msPdfOOUI,msPdfPopupMarkerRenderer,msPdfShare,msPdfSharedLibrary,msPdfTextNote,msPdfTextNoteMoreMenu,msPdfThumbnailCache,msPdfUnderside,msPdfViewRestore,msPersonalizationUMA,msPriceComparison,msPrintInWebView2,msPromptDefaultHandlerForPDF,msReactiveSearch,msReadAloud,msReadAloudPdf,msRedirectToShoreline,msRevokeExtensions,msSaasDlp,msShoppingTrigger,msShorelineSearch,msShorelineSearchFindOnPageWebUI,msShowOfflineGameEntrance,msShowReadAloudIconInAddressBar,msShowUXForAADPrtSSOForNonAADProfile,msSitePinningWithoutUi,msSuspendMessageForNewSessionWhenHavingPendingNavigation,msSyncEdgeCollections,msTabResourceStats,msTokenizationAutofillInlineEnabled,msTouchMode,msTriggeringSignalGenerator,msUserUnderstanding,msVideoSuperResolutionUI,msWalletBuyNow,msWalletCheckout,msWalletDiagnosticDataLogger,msWalletHubEntry,msWalletHubIntlP3,msWalletPartialCard,msWalletPasswordCategorization,msWalletPasswordCategorizationPlatformExpansion,msWalletTokenizationCardMetadata,msWalletTokenizedAutofill,msWebAssist,msWebAssistHistorySearchService,msWebOOUI,msWindowsTaskManager,msWindowsUserActivities,msZipPayVirtualCard', '--variations-seed-version', '--trace-process-track-uuid=3190708991934122588', '--mojo-platform-channel-handle=4516', '/prefetch:1']",64.0,0.822448592193511,68,151,89936,23824,0.140625,0.078125,668,0,33.6796875,23.60546875,benign
,C:\Windows\System32\svchost.exe,114,svchost.exe,2696,0.0,2,,,0.14861689940123987,1,0,3391,0,0.0,0.015625,45,0,6.0859375,1.27734375,benign
,C:\Windows\System32\svchost.exe,404,svchost.exe,2716,0.0,11,,,0.31163761896267694,1,2,116,32928,0.65625,0.59375,673,0,12.76171875,9.12890625,benign
,C:\Windows\System32\svchost.exe,186,svchost.exe,2748,0.0,5,,,0.17446746405960703,710,479,45796,75660,0.09375,0.0625,1916,0,7.14453125,1.94140625,benign
[],C:\Program Files (x86)\Microsoft\EdgeWebView\Application\142.0.3595.69\msedgewebview2.exe,147,msedgewebview2.exe,2868,0.0,11,"['C:\\Program Files (x86)\\Microsoft\\EdgeWebView\\Application\\142.0.3595.69\\msedgewebview2.exe', '--type=crashpad-handler', '--user-data-dir=C:\\Users\\keylogger\\AppData\\Local\\Packages\\Microsoft.Windows.Search_cw5n1h2txyewy\\LocalState\\EBWebView', '/prefetch:4', '--monitor-self-annotation=ptype=crashpad-handler', '--database=C:\\Users\\keylogger\\AppData\\Local\\Packages\\Microsoft.Windows.Search_cw5n1h2txyewy\\LocalState\\EBWebView\\Crashpad', '--annotation=IsOfficialBuild=1', '--annotation=channel=', '--annotation=chromium-version=142.0.7444.135', '--annotation=exe=C:\\Program Files (x86)\\Microsoft\\EdgeWebView\\Application\\142.0.3595.69\\msedgewebview2.exe', '--annotation=plat=Win64', '--annotation=prod=Edge WebView2', '--annotation=ver=142.0.3595.69', '--initial-client-data=0x178,0x17c,0x180,0x154,0xf8,0x7ffc6b3adb58,0x7ffc6b3adb64,0x7ffc6b3adb70']",32.0,0.1498569633885416,15,6,6160,72,0.015625,0.0,119,0,6.13671875,2.125,benign
,C:\Windows\System32\svchost.exe,267,svchost.exe,2896,0.0,4,,,0.36057245169235347,0,0,0,0,0.375,0.5625,88,0,14.765625,3.2578125,benign
,C:\Windows\System32\svchost.exe,253,svchost.exe,2972,0.0,5,,,0.29103347886597103,241,60,9128880,303410,0.171875,0.296875,856,0,11.91796875,3.39453125,benign
,C:\Windows\System32\svchost.exe,517,svchost.exe,2980,0.0,10,,,0.6266138717373201,216,128,8435911,239139,3.21875,1.53125,21721,0,25.66015625,16.8984375,benign
,C:\Windows\System32\svchost.exe,346,svchost.exe,2992,0.0,14,,,0.5145311651927393,699,844,73311688,4618246,3.421875,10.296875,55197,0,21.0703125,16.3984375,benign
,C:\Windows\System32\svchost.exe,415,svchost.exe,3000,0.0,22,,,0.361144788917262,6517,24,52838792,483632,3.640625,2.296875,11747,0,14.7890625,10.02734375,benign
,C:\Windows\System32\SearchIndexer.exe,748,SearchIndexer.exe,3032,0.0,16,,,0.8650877154491942,2660,1345,9933450,25249520,7.078125,1.1875,23663,0,35.42578125,28.1015625,benign
,C:\ProgramData\Microsoft\Windows Defender\Platform\4.18.25090.3009-0\MpDefenderCoreService.exe,421,MpDefenderCoreService.exe,3048,0.0,9,,,0.410651958871847,136,4,1341661,9504,0.09375,0.515625,428,0,16.81640625,8.0390625,benign
,C:\Windows\System32\svchost.exe,213,svchost.exe,3068,0.0,6,,,0.2025119880801234,1230,821,80848,134496,0.234375,0.0625,3085,0,8.29296875,2.33203125,benign
,C:\Windows\System32\vm3dservice.exe,128,vm3dservice.exe,3088,0.0,3,,,0.13917333519024966,0,0,0,0,0.03125,0.03125,4344,0,5.69921875,1.5546875,benign
,C:\Program Files\VMware\VMware Tools\vmtoolsd.exe,310,vmtoolsd.exe,3100,0.0,12,,,0.36696355070383174,1321,678,17748,146649,0.40625,0.90625,60869,0,15.02734375,6.21484375,benign
,C:\ProgramData\Microsoft\Windows Defender\Platform\4.18.25090.3009-0\MsMpEng.exe,868,MsMpEng.exe,3108,0.0,25,,,4.081432140359981,1524,467,213039282,1241214,54.5625,18.3125,182684,0,167.13671875,312.859375,benign
,C:\Windows\System32\svchost.exe,231,svchost.exe,3120,0.0,2,,,0.3696344577534047,751,32,3085244,65920,0.125,0.0625,86,0,15.13671875,2.96875,benign
,C:\Windows\System32\svchost.exe,371,svchost.exe,3128,0.0,5,,,0.22864872135094477,1,1,116,160,0.0625,0.03125,208,0,9.36328125,2.71875,benign
,C:\Windows\System32\svchost.exe,136,svchost.exe,3136,0.0,3,,,0.12839431745447297,1,0,512,0,0.015625,0.0,131,0,5.2578125,1.26953125,benign
"[popenfile(path='C:\\Program Files\\WindowsPowerShell\\Modules\\PSReadline\\2.0.0\\Microsoft.PowerShell.PSReadline.dll', fd=-1), popenfile(path='C:\\Windows\\Microsoft.NET\\assembly\\GAC_MSIL\\System.Management.Automation\\v4.0_3.0.0.0__31bf3856ad364e35\\System.Management.Automation.dll', fd=-1), popenfile(path='C:\\Windows\\System32\\WindowsPowerShell\\v1.0\\en-US\\powershell.exe.mui', fd=-1), popenfile(path='C:\\Windows\\Microsoft.NET\\assembly\\GAC_MSIL\\Microsoft.PowerShell.Commands.Utility\\v4.0_3.0.0.0__31bf3856ad364e35\\Microsoft.PowerShell.Commands.Utility.dll', fd=-1), popenfile(path='C:\\Windows\\Microsoft.NET\\assembly\\GAC_MSIL\\System.Xml\\v4.0_4.0.0.0__b77a5c561934e089\\System.XML.dll', fd=-1), popenfile(path='C:\\Windows\\Microsoft.NET\\assembly\\GAC_MSIL\\System.Numerics\\v4.0_4.0.0.0__b77a5c561934e089\\System.Numerics.dll', fd=-1), popenfile(path='C:\\Windows\\Microsoft.NET\\assembly\\GAC_MSIL\\System.Dynamic\\v4.0_4.0.0.0__b03f5f7f11d50a3a\\System.Dynamic.dll', fd=-1), popenfile(path='C:\\Windows\\Microsoft.NET\\assembly\\GAC_MSIL\\Microsoft.PowerShell.Commands.Management\\v4.0_3.0.0.0__31bf3856ad364e35\\Microsoft.PowerShell.Commands.Management.dll', fd=-1), popenfile(path='C:\\Windows\\Microsoft.NET\\assembly\\GAC_MSIL\\Microsoft.PowerShell.ConsoleHost\\v4.0_3.0.0.0__31bf3856ad364e35\\Microsoft.PowerShell.ConsoleHost.dll', fd=-1), popenfile(path='C:\\Windows\\System32\\en-US\\winnlsres.dll.mui', fd=-1), popenfile(path='C:\\Windows\\Microsoft.NET\\assembly\\GAC_MSIL\\Microsoft.CSharp\\v4.0_4.0.0.0__b03f5f7f11d50a3a\\Microsoft.CSharp.dll', fd=-1), popenfile(path='C:\\Windows\\Microsoft.NET\\assembly\\GAC_MSIL\\Microsoft.Management.Infrastructure\\v4.0_1.0.0.0__31bf3856ad364e35\\Microsoft.Management.Infrastructure.dll', fd=-1), popenfile(path='C:\\Windows\\System32\\en-US\\KernelBase.dll.mui', fd=-1), popenfile(path='C:\\Windows\\Microsoft.NET\\assembly\\GAC_MSIL\\System.Windows.Forms\\v4.0_4.0.0.0__b77a5c561934e089\\System.Windows.Forms.dll', fd=-1), popenfile(path='C:\\Windows\\System32\\en-US\\crypt32.dll.mui', fd=-1), popenfile(path='C:\\Windows\\Microsoft.NET\\assembly\\GAC_MSIL\\Microsoft.PowerShell.Security\\v4.0_3.0.0.0__31bf3856ad364e35\\Microsoft.PowerShell.Security.dll', fd=-1)]",C:\Windows\System32\WindowsPowerShell\v1.0\powershell.exe,604,powershell.exe,3220,0.0,9,"['C:\\Windows\\System32\\WindowsPowerShell\\v1.0\\powershell.exe', '-noexit', '-command', 'try { . ""c:\\Users\\keylogger\\AppData\\Local\\Programs\\Microsoft VS Code\\resources\\app\\out\\vs\\workbench\\contrib\\terminal\\common\\scripts\\shellIntegration.ps1"" } catch {}']",32.0,1.4847381509501274,193,130,584876,1851,3.125,0.859375,19671,0,60.80078125,58.47265625,benign
,C:\Windows\System32\vm3dservice.exe,135,vm3dservice.exe,3256,0.0,4,,,0.15548494610014185,0,0,0,0,0.046875,0.4375,15510,0,6.3671875,1.70703125,benign
,C:\Windows\System32\svchost.exe,114,svchost.exe,3264,0.0,2,,,0.12572341040489998,0,0,0,0,0.0,0.078125,56,0,5.1484375,1.26171875,benign
"[popenfile(path='C:\\Program Files\\WindowsPowerShell\\Modules\\PSReadline\\2.0.0\\Microsoft.PowerShell.PSReadline.dll', fd=-1), popenfile(path='C:\\Windows\\Microsoft.NET\\assembly\\GAC_MSIL\\System.Management.Automation\\v4.0_3.0.0.0__31bf3856ad364e35\\System.Management.Automation.dll', fd=-1), popenfile(path='C:\\Windows\\System32\\WindowsPowerShell\\v1.0\\en-US\\powershell.exe.mui', fd=-1), popenfile(path='C:\\Windows\\Microsoft.NET\\assembly\\GAC_MSIL\\Microsoft.PowerShell.Commands.Utility\\v4.0_3.0.0.0__31bf3856ad364e35\\Microsoft.PowerShell.Commands.Utility.dll', fd=-1), popenfile(path='C:\\Windows\\Microsoft.NET\\assembly\\GAC_MSIL\\System.Xml\\v4.0_4.0.0.0__b77a5c561934e089\\System.XML.dll', fd=-1), popenfile(path='C:\\Windows\\Microsoft.NET\\assembly\\GAC_MSIL\\System.Numerics\\v4.0_4.0.0.0__b77a5c561934e089\\System.Numerics.dll', fd=-1), popenfile(path='C:\\Windows\\Microsoft.NET\\assembly\\GAC_MSIL\\System.Dynamic\\v4.0_4.0.0.0__b03f5f7f11d50a3a\\System.Dynamic.dll', fd=-1), popenfile(path='C:\\Windows\\Microsoft.NET\\assembly\\GAC_MSIL\\Microsoft.CSharp\\v4.0_4.0.0.0__b03f5f7f11d50a3a\\Microsoft.CSharp.dll', fd=-1), popenfile(path='C:\\Windows\\Microsoft.NET\\assembly\\GAC_MSIL\\Microsoft.PowerShell.ConsoleHost\\v4.0_3.0.0.0__31bf3856ad364e35\\Microsoft.PowerShell.ConsoleHost.dll', fd=-1), popenfile(path='C:\\Windows\\System32\\en-US\\winnlsres.dll.mui', fd=-1), popenfile(path='C:\\Windows\\Microsoft.NET\\assembly\\GAC_MSIL\\Microsoft.PowerShell.Commands.Management\\v4.0_3.0.0.0__31bf3856ad364e35\\Microsoft.PowerShell.Commands.Management.dll', fd=-1), popenfile(path='C:\\Windows\\Microsoft.NET\\assembly\\GAC_MSIL\\Microsoft.Management.Infrastructure\\v4.0_1.0.0.0__31bf3856ad364e35\\Microsoft.Management.Infrastructure.dll', fd=-1), popenfile(path='C:\\Windows\\System32\\en-US\\KernelBase.dll.mui', fd=-1), popenfile(path='C:\\Windows\\Microsoft.NET\\assembly\\GAC_MSIL\\System.Windows.Forms\\v4.0_4.0.0.0__b77a5c561934e089\\System.Windows.Forms.dll', fd=-1), popenfile(path='C:\\Windows\\System32\\en-US\\crypt32.dll.mui', fd=-1), popenfile(path='C:\\Windows\\Microsoft.NET\\assembly\\GAC_MSIL\\Microsoft.PowerShell.Security\\v4.0_3.0.0.0__31bf3856ad364e35\\Microsoft.PowerShell.Security.dll', fd=-1)]",C:\Windows\System32\WindowsPowerShell\v1.0\powershell.exe,964,powershell.exe,3380,0.0,11,"['C:\\Windows\\System32\\WindowsPowerShell\\v1.0\\powershell.exe', '-noexit', '-command', 'try { . ""c:\\Users\\keylogger\\AppData\\Local\\Programs\\Microsoft VS Code\\resources\\app\\out\\vs\\workbench\\contrib\\terminal\\common\\scripts\\shellIntegration.ps1"" } catch {}']",32.0,1.921049895405372,200,94,549564,1409,2.984375,0.984375,14444,0,78.66796875,60.046875,benign
"[popenfile(path='C:\\Program Files (x86)\\Microsoft\\Edge\\Application\\142.0.3595.53\\v8_context_snapshot.bin', fd=-1), popenfile(path='C:\\Program Files (x86)\\Microsoft\\Edge\\Application\\142.0.3595.53\\msedge_200_percent.pak', fd=-1), popenfile(path='C:\\Program Files (x86)\\Microsoft\\Edge\\Application\\142.0.3595.53\\resources.pak', fd=-1), popenfile(path='C:\\Users\\keylogger\\AppData\\Local\\Microsoft\\Edge\\User Data\\Default\\Local Storage\\leveldb\\000017.ldb', fd=-1), popenfile(path='C:\\Users\\keylogger\\AppData\\Local\\Microsoft\\Edge\\User Data\\Default\\Local Storage\\leveldb\\000021.ldb', fd=-1), popenfile(path='C:\\Program Files (x86)\\Microsoft\\Edge\\Application\\142.0.3595.53\\msedge_100_percent.pak', fd=-1), popenfile(path='C:\\Users\\keylogger\\AppData\\Local\\Microsoft\\Edge\\User Data\\Default\\Local Storage\\leveldb\\000019.ldb', fd=-1), popenfile(path='C:\\Users\\keylogger\\AppData\\Local\\Microsoft\\Edge\\User Data\\Default\\Local Storage\\leveldb\\000023.ldb', fd=-1), popenfile(path='C:\\Users\\keylogger\\AppData\\Local\\Microsoft\\Edge\\User Data\\Default\\Local Storage\\leveldb\\000005.ldb', fd=-1), popenfile(path='C:\\Users\\keylogger\\AppData\\Local\\Microsoft\\Edge\\User Data\\Default\\Local Storage\\leveldb\\MANIFEST-000001', fd=-1), popenfile(path='C:\\Program Files (x86)\\Microsoft\\Edge\\Application\\142.0.3595.53\\icudtl.dat', fd=-1), popenfile(path='C:\\Users\\keylogger\\AppData\\Local\\Microsoft\\Edge\\User Data\\Default\\Local Storage\\leveldb\\000024.log', fd=-1), popenfile(path='C:\\Users\\keylogger\\AppData\\Local\\Microsoft\\Edge\\User Data\\Default\\Local Storage\\leveldb\\LOG', fd=-1), popenfile(path='C:\\Program Files (x86)\\Microsoft\\Edge\\Application\\142.0.3595.53\\Locales\\en-US.pak', fd=-1)]",C:\Program Files (x86)\Microsoft\Edge\Application\msedge.exe,188,msedge.exe,3428,0.0,10,"['C:\\Program Files (x86)\\Microsoft\\Edge\\Application\\msedge.exe', '--type=utility', '--utility-sub-type=storage.mojom.StorageService', '--lang=en-US', '--service-sandbox-type=service', '--no-pre-read-main-dll', '--startup-read-main-dll', '--metrics-shmem-handle=2604,i,7091792120270447713,16336662820109256901,524288', '--field-trial-handle=2452,i,10829191207590845271,14026617899616111352,262144', '--variations-seed-version', '--trace-process-track-uuid=3190708990060038890', '--mojo-platform-channel-handle=2624', '/prefetch:8']",32.0,0.45538965195219455,71,56,103896,18191,0.015625,0.078125,664,0,18.6484375,8.3125,benign
,C:\Windows\System32\svchost.exe,206,svchost.exe,3744,0.0,5,,,0.18162167937096324,0,0,0,0,0.015625,0.046875,86,0,7.4375,1.86328125,benign
,C:\Windows\System32\msdtc.exe,231,msdtc.exe,3748,0.0,9,,,0.17189194654751877,1,3,116,319648,0.046875,0.0625,8028,0,7.0390625,2.79296875,benign
,C:\Windows\System32\dllhost.exe,266,dllhost.exe,3792,0.0,10,,,0.2398092972366605,4161,11,2096709,3945,0.21875,0.109375,7038,0,9.8203125,3.81640625,benign
,C:\Windows\System32\dllhost.exe,213,dllhost.exe,3872,0.0,4,,,0.24553266948574548,34,32,2736128,450560,0.046875,0.0625,207,0,10.0546875,3.1328125,benign
"[popenfile(path='C:\\Users\\keylogger\\AppData\\Local\\Programs\\Microsoft VS Code\\icudtl.dat', fd=-1), popenfile(path='C:\\Users\\keylogger\\AppData\\Local\\Programs\\Microsoft VS Code\\locales\\en-US.pak', fd=-1), popenfile(path='C:\\Users\\keylogger\\AppData\\Local\\Programs\\Microsoft VS Code\\v8_context_snapshot.bin', fd=-1), popenfile(path='C:\\Windows\\System32\\en-US\\mswsock.dll.mui', fd=-1), popenfile(path='C:\\Users\\keylogger\\AppData\\Local\\Programs\\Microsoft VS Code\\chrome_200_percent.pak', fd=-1), popenfile(path='C:\\Users\\keylogger\\AppData\\Local\\Programs\\Microsoft VS Code\\resources.pak', fd=-1), popenfile(path='C:\\Users\\keylogger\\AppData\\Local\\Programs\\Microsoft VS Code\\chrome_100_percent.pak', fd=-1), popenfile(path='C:\\Windows\\System32\\en-US\\KernelBase.dll.mui', fd=-1), popenfile(path='C:\\Windows\\Registration\\R000000000006.clb', fd=-1)]",C:\Users\keylogger\AppData\Local\Programs\Microsoft VS Code\Code.exe,319,Code.exe,3880,0.0,24,"['C:\\Users\\keylogger\\AppData\\Local\\Programs\\Microsoft VS Code\\Code.exe', '--type=utility', '--utility-sub-type=node.mojom.NodeService', '--lang=en-US', '--service-sandbox-type=none', '--user-data-dir=C:\\Users\\keylogger\\AppData\\Roaming\\Code', '--standard-schemes=vscode-webview,vscode-file', '--enable-sandbox', '--secure-schemes=vscode-webview,vscode-file', '--cors-schemes=vscode-webview,vscode-file', '--fetch-schemes=vscode-webview,vscode-file', '--service-worker-schemes=vscode-webview', '--code-cache-schemes=vscode-webview,vscode-file', '--field-trial-handle=1764,i,2992125270083613785,17152386301730894539,262144', '--enable-features=DocumentPolicyIncludeJSCallStacksInCrashReports,EarlyEstablishGpuChannel,EnableTransparentHwndEnlargement,EstablishGpuChannelAsync', '--disable-features=CalculateNativeWinOcclusion,FontationsLinuxSystemFonts,ScreenAIOCREnabled,SpareRendererForSitePerProcess,WinDelaySpellcheckServiceInit', '--variations-seed-version', '--mojo-platform-channel-handle=4384', '/prefetch:8']",32.0,1.446105388268804,136,689,1226871,2900976,2.765625,1.921875,504170,0,59.21875,83.05859375,benign
,C:\Windows\System32\wbem\WmiPrvSE.exe,362,WmiPrvSE.exe,4140,0.0,13,,,0.39157405137489715,1244,1242,1000712,121524,2.5625,4.9375,42186,0,16.03515625,10.6640625,benign
"[popenfile(path='C:\\Windows\\System32\\en-US\\KernelBase.dll.mui', fd=-1)]",C:\Users\keylogger\AppData\Local\Python\pythoncore-3.14-64\python.exe,151,python.exe,4188,0.0,5,"['C:\\Users\\keylogger\\AppData\\Local\\Python\\pythoncore-3.14-64\\python.exe', '.\\keylogger.py']",32.0,0.5193960316044616,155,24,1857121,1892,0.171875,0.09375,1674,0,21.26953125,13.93359375,keylogger
,C:\Windows\System32\ctfmon.exe,496,ctfmon.exe,4244,0.0,9,['ctfmon.exe'],128.0,0.4714150942496325,13,0,32381,0,3.4375,8.09375,83417,0,19.3046875,4.453125,benign
"[popenfile(path='C:\\Users\\keylogger\\AppData\\Local\\Programs\\Microsoft VS Code\\icudtl.dat', fd=-1), popenfile(path='C:\\Users\\keylogger\\AppData\\Roaming\\Code\\DawnGraphiteCache\\data_2', fd=-1), popenfile(path='C:\\Users\\keylogger\\AppData\\Roaming\\Code\\logs\\20251112T120431\\window3\\output_20251112T120514\\tasks.log', fd=-1), popenfile(path='C:\\Users\\keylogger\\AppData\\Roaming\\Code\\DawnGraphiteCache\\data_3', fd=-1), popenfile(path='C:\\Users\\keylogger\\AppData\\Roaming\\Code\\Session Storage\\LOG', fd=-1), popenfile(path='C:\\Users\\keylogger\\AppData\\Roaming\\Code\\SharedStorage-wal', fd=-1), popenfile(path='C:\\Users\\keylogger\\AppData\\Local\\Programs\\Microsoft VS Code\\chrome_200_percent.pak', fd=-1), popenfile(path='C:\\Users\\keylogger\\AppData\\Roaming\\Code\\DawnWebGPUCache\\data_3', fd=-1), popenfile(path='C:\\Users\\keylogger\\AppData\\Roaming\\Code\\Local Storage\\leveldb\\MANIFEST-000001', fd=-1), popenfile(path='C:\\Users\\keylogger\\AppData\\Roaming\\Code\\logs\\20251112T120431\\window2\\renderer.log', fd=-1), popenfile(path='C:\\Users\\keylogger\\AppData\\Roaming\\Code\\User\\workspaceStorage\\6898a7638a8465fb798a31a4495e4bdc\\state.vscdb', fd=-1), popenfile(path='C:\\Users\\keylogger\\AppData\\Roaming\\Code\\User\\workspaceStorage\\592ec4a55524509628ea7ca55375af1d\\state.vscdb', fd=-1), popenfile(path='C:\\Windows\\WinSxS\\amd64_microsoft.windows.c..-controls.resources_6595b64144ccf1df_6.0.19041.1_en-us_cb612d02732b0fd9\\comctl32.dll.mui', fd=-1), popenfile(path='C:\\Users\\keylogger\\AppData\\Roaming\\Code\\DIPS', fd=-1), popenfile(path='C:\\Users\\keylogger\\AppData\\Roaming\\Code\\GPUCache\\data_1', fd=-1), popenfile(path='C:\\Users\\keylogger\\AppData\\Roaming\\Code\\logs\\20251112T120431\\remoteTunnelService.log', fd=-1), popenfile(path='C:\\Users\\keylogger\\AppData\\Roaming\\Code\\logs\\20251112T120431\\sharedprocess.log', fd=-1), popenfile(path='C:\\Users\\keylogger\\AppData\\Roaming\\Code\\logs\\20251112T120431\\window2\\network.log', fd=-1), popenfile(path='C:\\Users\\keylogger\\AppData\\Roaming\\Code\\logs\\20251112T120431\\editSessions.log', fd=-1), popenfile(path='C:\\Windows\\System32\\en-US\\kernel32.dll.mui', fd=-1), popenfile(path='C:\\Users\\keylogger\\AppData\\Local\\Programs\\Microsoft VS Code\\locales\\en-US.pak', fd=-1), popenfile(path='C:\\Users\\keylogger\\AppData\\Roaming\\Code\\logs\\20251112T120431\\window3\\renderer.log', fd=-1), popenfile(path='C:\\Users\\keylogger\\AppData\\Roaming\\Code\\DawnWebGPUCache\\data_1', fd=-1), popenfile(path='C:\\Users\\keylogger\\AppData\\Roaming\\Code\\logs\\20251112T120431\\window2\\mcpServer.ms-python.vscode-pylance\\pylance mcp server.log', fd=-1), popenfile(path='C:\\Users\\keylogger\\AppData\\Roaming\\Code\\logs\\20251112T120431\\terminal.log', fd=-1), popenfile(path='C:\\Users\\keylogger\\AppData\\Roaming\\Code\\logs\\20251112T120431\\window2\\views.log', fd=-1), popenfile(path='C:\\Users\\keylogger\\AppData\\Roaming\\Code\\logs\\20251112T120431\\network-shared.log', fd=-1), popenfile(path='C:\\Users\\keylogger\\AppData\\Roaming\\Code\\logs\\20251112T120431\\window2\\output_20251112T120514\\tasks.log', fd=-1), popenfile(path='C:\\Users\\keylogger\\AppData\\Roaming\\Code\\Local Storage\\leveldb\\LOCK', fd=-1), popenfile(path='C:\\Users\\keylogger\\AppData\\Roaming\\Code\\logs\\20251112T120431\\window3\\network.log', fd=-1), popenfile(path='C:\\Users\\keylogger\\AppData\\Roaming\\Code\\GPUCache\\data_0', fd=-1), popenfile(path='C:\\Users\\keylogger\\AppData\\Roaming\\Code\\logs\\20251112T120431\\telemetry.log', fd=-1), popenfile(path='C:\\Users\\keylogger\\AppData\\Local\\Programs\\Microsoft VS Code\\chrome_100_percent.pak', fd=-1), popenfile(path='C:\\Users\\keylogger\\AppData\\Roaming\\Code\\DawnWebGPUCache\\index', fd=-1), popenfile(path='C:\\Users\\keylogger\\AppData\\Roaming\\Code\\logs\\20251112T120431\\window2\\textModelChanges.log', fd=-1), popenfile(path='C:\\Windows\\System32\\en-US\\propsys.dll.mui', fd=-1), popenfile(path='C:\\Windows\\Fonts\\msjh.ttc', fd=-1), popenfile(path='C:\\Windows\\Fonts\\segoeui.ttf', fd=-1), popenfile(path='C:\\Users\\keylogger\\AppData\\Local\\Programs\\Microsoft VS Code\\v8_context_snapshot.bin', fd=-1), popenfile(path='C:\\Users\\keylogger\\AppData\\Roaming\\Code\\GPUCache\\data_3', fd=-1), popenfile(path='C:\\Windows\\Fonts\\YuGothR.ttc', fd=-1), popenfile(path='C:\\Users\\keylogger\\AppData\\Roaming\\Code\\DawnGraphiteCache\\data_1', fd=-1), popenfile(path='C:\\Users\\keylogger\\AppData\\Roaming\\Code\\DIPS-wal', fd=-1), popenfile(path='C:\\Users\\keylogger\\AppData\\Roaming\\Code\\DawnGraphiteCache\\index', fd=-1), popenfile(path='C:\\Users\\keylogger\\AppData\\Roaming\\Code\\DawnGraphiteCache\\data_0', fd=-1), popenfile(path='C:\\Users\\keylogger\\AppData\\Roaming\\Code\\Local Storage\\leveldb\\LOG', fd=-1), popenfile(path='C:\\Users\\keylogger\\AppData\\Roaming\\Code\\logs\\20251112T120431\\userDataSync.log', fd=-1), popenfile(path='C:\\Users\\keylogger\\AppData\\Roaming\\Code\\logs\\20251112T120431\\window3\\textModelChanges.log', fd=-1), popenfile(path='C:\\Users\\keylogger\\AppData\\Local\\Programs\\Microsoft VS Code\\resources.pak', fd=-1), popenfile(path='C:\\Users\\keylogger\\AppData\\Roaming\\Code\\Session Storage\\000003.log', fd=-1), popenfile(path='C:\\Users\\keylogger\\AppData\\Roaming\\Code\\Local Storage\\leveldb\\000003.log', fd=-1), popenfile(path='C:\\Windows\\Fonts\\simsun.ttc', fd=-1), popenfile(path='C:\\Windows\\System32\\en-US\\KernelBase.dll.mui', fd=-1), popenfile(path='C:\\Users\\keylogger\\AppData\\Roaming\\Code\\GPUCache\\index', fd=-1), popenfile(path='C:\\Users\\keylogger\\AppData\\Roaming\\Code\\logs\\20251112T120431\\window2\\notebook.rendering.log', fd=-1), popenfile(path='C:\\Windows\\Registration\\R000000000006.clb', fd=-1), popenfile(path='C:\\Users\\keylogger\\AppData\\Roaming\\Code\\logs\\20251112T120431\\window3\\views.log', fd=-1), popenfile(path='C:\\Windows\\Fonts\\msgothic.ttc', fd=-1), popenfile(path='C:\\Windows\\Fonts\\msyh.ttc', fd=-1), popenfile(path='C:\\Users\\keylogger\\AppData\\Roaming\\Code\\GPUCache\\data_2', fd=-1), popenfile(path='C:\\Windows\\System32\\en-US\\mswsock.dll.mui', fd=-1), popenfile(path='C:\\Users\\keylogger\\AppData\\Roaming\\Code\\SharedStorage', fd=-1), popenfile(path='C:\\Users\\keylogger\\AppData\\Roaming\\Code\\Session Storage\\LOCK', fd=-1), popenfile(path='C:\\Windows\\System32\\en-US\\shell32.dll.mui', fd=-1), popenfile(path='C:\\Windows\\Fonts\\malgun.ttf', fd=-1), popenfile(path='C:\\Users\\keylogger\\AppData\\Roaming\\Code\\Session Storage\\MANIFEST-000001', fd=-1), popenfile(path='C:\\Windows\\System32\\en-US\\duser.dll.mui', fd=-1), popenfile(path='C:\\Users\\keylogger\\AppData\\Roaming\\Code\\logs\\20251112T120431\\window3\\mcpServer.ms-python.vscode-pylance\\pylance mcp server.log', fd=-1), popenfile(path='C:\\Windows\\SystemResources\\imageres.dll.mun', fd=-1), popenfile(path='C:\\Users\\keylogger\\AppData\\Roaming\\Code\\DawnWebGPUCache\\data_2', fd=-1), popenfile(path='C:\\Windows\\System32\\en-US\\user32.dll.mui', fd=-1), popenfile(path='C:\\Users\\keylogger\\AppData\\Roaming\\Code\\DawnWebGPUCache\\data_0', fd=-1), popenfile(path='C:\\Users\\keylogger\\AppData\\Roaming\\Code\\User\\globalStorage\\state.vscdb', fd=-1), popenfile(path='C:\\Users\\keylogger\\AppData\\Roaming\\Code\\logs\\20251112T120431\\main.log', fd=-1), popenfile(path='C:\\Users\\keylogger\\AppData\\Roaming\\Code\\logs\\20251112T120431\\window3\\notebook.rendering.log', fd=-1), popenfile(path='C:\\Windows\\Fonts\\StaticCache.dat', fd=-1)]",C:\Users\keylogger\AppData\Local\Programs\Microsoft VS Code\Code.exe,1208,Code.exe,4276,0.0,52,['C:\\Users\\keylogger\\AppData\\Local\\Programs\\Microsoft VS Code\\Code.exe'],32.0,3.259555885391378,74897,48794,132079684,81765248,25.96875,24.9375,1023590,0,133.48046875,124.0703125,benign
"[popenfile(path='C:\\Windows\\System32\\en-US\\securityhealthsso.dll.mui', fd=-1), popenfile(path='C:\\Windows\\Registration\\R000000000006.clb', fd=-1)]",C:\Windows\System32\SecurityHealthSystray.exe,168,SecurityHealthSystray.exe,4324,0.0,1,['C:\\Windows\\System32\\SecurityHealthSystray.exe'],32.0,0.2202544420522868,1,0,8014,0,0.0,0.078125,633,0,9.01953125,1.6875,benign
"[popenfile(path='C:\\Users\\keylogger\\AppData\\Local\\Programs\\Microsoft VS Code\\icudtl.dat', fd=-1), popenfile(path='C:\\Users\\keylogger\\AppData\\Local\\Programs\\Microsoft VS Code\\locales\\en-US.pak', fd=-1), popenfile(path='C:\\Users\\keylogger\\AppData\\Local\\Programs\\Microsoft VS Code\\v8_context_snapshot.bin', fd=-1), popenfile(path='C:\\Windows\\System32\\en-US\\mswsock.dll.mui', fd=-1), popenfile(path='C:\\Users\\keylogger\\AppData\\Roaming\\Code\\logs\\20251112T120431\\ptyhost.log', fd=-1), popenfile(path='C:\\Users\\keylogger\\AppData\\Local\\Programs\\Microsoft VS Code\\chrome_200_percent.pak', fd=-1), popenfile(path='C:\\Users\\keylogger\\AppData\\Local\\Programs\\Microsoft VS Code\\resources.pak', fd=-1), popenfile(path='C:\\Users\\keylogger\\AppData\\Local\\Programs\\Microsoft VS Code\\chrome_100_percent.pak', fd=-1), popenfile(path='C:\\Windows\\System32\\en-US\\KernelBase.dll.mui', fd=-1), popenfile(path='C:\\Windows\\Registration\\R000000000006.clb', fd=-1)]",C:\Users\keylogger\AppData\Local\Programs\Microsoft VS Code\Code.exe,429,Code.exe,4408,0.0,34,"['C:\\Users\\keylogger\\AppData\\Local\\Programs\\Microsoft VS Code\\Code.exe', '--type=utility', '--utility-sub-type=node.mojom.NodeService', '--lang=en-US', '--service-sandbox-type=none', '--user-data-dir=C:\\Users\\keylogger\\AppData\\Roaming\\Code', '--standard-schemes=vscode-webview,vscode-file', '--enable-sandbox', '--secure-schemes=vscode-webview,vscode-file', '--cors-schemes=vscode-webview,vscode-file', '--fetch-schemes=vscode-webview,vscode-file', '--service-worker-schemes=vscode-webview', '--code-cache-schemes=vscode-webview,vscode-file', '--field-trial-handle=1764,i,2992125270083613785,17152386301730894539,262144', '--enable-features=DocumentPolicyIncludeJSCallStacksInCrashReports,EarlyEstablishGpuChannel,EnableTransparentHwndEnlargement,EstablishGpuChannelAsync', '--disable-features=CalculateNativeWinOcclusion,FontationsLinuxSystemFonts,ScreenAIOCREnabled,SpareRendererForSitePerProcess,WinDelaySpellcheckServiceInit', '--variations-seed-version', '--mojo-platform-channel-handle=4436', '/prefetch:8']",32.0,2.307472911756093,3173,6956,2240129,26961049,5.0625,3.90625,514536,0,94.4921875,140.26171875,benign
,C:\Windows\System32\AggregatorHost.exe,177,AggregatorHost.exe,4492,0.0,4,,,0.25259149525961694,192,0,96967340,0,0.46875,0.484375,2168,0,10.34375,2.23046875,benign
[],C:\Program Files (x86)\Microsoft\Edge\Application\msedge.exe,142,msedge.exe,4536,0.0,7,"['C:\\Program Files (x86)\\Microsoft\\Edge\\Application\\msedge.exe', '--type=crashpad-handler', '--user-data-dir=C:\\Users\\keylogger\\AppData\\Local\\Microsoft\\Edge\\User Data', '/prefetch:4', '--monitor-self-annotation=ptype=crashpad-handler', '--database=C:\\Users\\keylogger\\AppData\\Local\\Microsoft\\Edge\\User Data\\Crashpad', '--annotation=IsOfficialBuild=1', '--annotation=channel=', '--annotation=chromium-version=142.0.7444.60', '--annotation=exe=C:\\Program Files (x86)\\Microsoft\\Edge\\Application\\msedge.exe', '--annotation=plat=Win64', '--annotation=prod=Edge', '--annotation=ver=142.0.3595.53', '--initial-client-data=0x268,0x26c,0x270,0x264,0x2a4,0x7ffc6680db58,0x7ffc6680db64,0x7ffc6680db70']",32.0,0.19335459248158743,20,11,6340,132,0.015625,0.015625,131,0,7.91796875,1.99609375,benign
"[popenfile(path='C:\\Windows\\System32\\en-US\\Conhost.exe.mui', fd=-1), popenfile(path='C:\\Windows\\Fonts\\StaticCache.dat', fd=-1), popenfile(path='C:\\Windows\\Registration\\R000000000006.clb', fd=-1), popenfile(path='C:\\Windows\\System32\\en-US\\user32.dll.mui', fd=-1)]",C:\Windows\System32\conhost.exe,200,conhost.exe,4552,0.0,5,"['\\??\\C:\\Windows\\system32\\conhost.exe', '0x4']",32.0,0.3928141153621989,2,0,6837,0,0.046875,0.015625,907,0,16.0859375,6.88671875,benign
,C:\Windows\System32\svchost.exe,212,svchost.exe,4688,0.0,5,,,0.16454695216119306,0,0,0,0,0.015625,0.078125,92,0,6.73828125,1.828125,benign
"[popenfile(path='C:\\Windows\\System32\\en-US\\Conhost.exe.mui', fd=-1)]",C:\Windows\System32\conhost.exe,114,conhost.exe,4704,0.0,5,"['\\\\?\\C:\\Windows\\system32\\conhost.exe', '--headless', '--width', '215', '--height', '12', '--signal', '0x494', '--server', '0x4b4']",32.0,0.1529094285880536,46,109,78,7920,0.359375,1.34375,155703,0,6.26171875,1.26953125,benign
"[popenfile(path='C:\\Windows\\System32\\en-US\\KernelBase.dll.mui', fd=-1), popenfile(path='C:\\Windows\\Registration\\R000000000006.clb', fd=-1)]",C:\Windows\System32\sihost.exe,502,sihost.exe,4900,0.0,8,['sihost.exe'],32.0,0.5707156027712568,58,0,237568,0,0.734375,0.953125,4926,0,23.37109375,5.2578125,benign
"[popenfile(path='C:\\Windows\\System32\\en-US\\svchost.exe.mui', fd=-1), popenfile(path='C:\\Users\\keylogger\\AppData\\Local\\Microsoft\\Windows\\Notifications\\wpndatabase.db-shm', fd=-1), popenfile(path='C:\\Users\\keylogger\\AppData\\Local\\Microsoft\\Windows\\Notifications\\wpndatabase.db-wal', fd=-1), popenfile(path='C:\\Users\\keylogger\\AppData\\Local\\Microsoft\\Windows\\Notifications\\WPNPRMRY.tmp', fd=-1), popenfile(path='C:\\Windows\\System32\\en-US\\KernelBase.dll.mui', fd=-1), popenfile(path='C:\\Users\\keylogger\\AppData\\Local\\Microsoft\\Windows\\Notifications\\wpndatabase.db', fd=-1), popenfile(path='C:\\Windows\\Registration\\R000000000006.clb', fd=-1)]",C:\Windows\System32\svchost.exe,424,svchost.exe,4924,0.0,2,"['C:\\Windows\\system32\\svchost.exe', '-k', 'UnistackSvcGroup', '-s', 'WpnUserService']",32.0,0.6801274022662647,274,640,1118228,1318400,1.109375,0.484375,441,0,27.8515625,7.68359375,benign
,C:\Windows\System32\svchost.exe,176,svchost.exe,4980,0.0,3,,,0.1826709642832955,264,0,5392,0,0.015625,0.078125,115,0,7.48046875,1.765625,benign
"[popenfile(path='C:\\Windows\\System32\\en-US\\Conhost.exe.mui', fd=-1)]",C:\Windows\System32\conhost.exe,112,conhost.exe,5072,0.0,5,"['\\\\?\\C:\\Windows\\system32\\conhost.exe', '--headless', '--width', '215', '--height', '12', '--signal', '0x610', '--server', '0x438']",32.0,0.15367254488793158,67,118,157,4963,0.0,0.03125,1896,0,6.29296875,1.30078125,benign
,C:\Program Files (x86)\Microsoft\EdgeUpdate\MicrosoftEdgeUpdate.exe,214,MicrosoftEdgeUpdate.exe,5084,0.0,4,,,0.08069954871209815,1,37,92,3888,0.03125,0.171875,731,0,3.3046875,1.98046875,benign
"[popenfile(path='C:\\Users\\keylogger\\AppData\\Local\\Microsoft\\Windows\\WebCache\\WebCacheV01.jfm', fd=-1), popenfile(path='C:\\Windows\\System32\\en-US\\wdmaud.drv.mui', fd=-1), popenfile(path='C:\\Users\\keylogger\\AppData\\Local\\Microsoft\\Windows\\WebCacheLock.dat', fd=-1), popenfile(path='C:\\Windows\\System32\\en-US\\winmm.dll.mui', fd=-1), popenfile(path='C:\\Windows\\System32\\en-US\\ESENT.dll.mui', fd=-1), popenfile(path='C:\\Users\\keylogger\\AppData\\Local\\Microsoft\\Windows\\WebCache\\WebCacheV01.dat', fd=-1), popenfile(path='C:\\Windows\\System32\\en-US\\MsCtfMonitor.dll.mui', fd=-1), popenfile(path='C:\\Windows\\System32\\en-US\\taskhostw.exe.mui', fd=-1), popenfile(path='C:\\Windows\\Registration\\R000000000006.clb', fd=-1), popenfile(path='C:\\Windows\\System32\\en-US\\MMDevAPI.dll.mui', fd=-1), popenfile(path='C:\\Users\\keylogger\\AppData\\Local\\Microsoft\\Windows\\WebCache\\V01.log', fd=-1)]",C:\Windows\System32\taskhostw.exe,307,taskhostw.exe,5116,0.0,8,"['taskhostw.exe', '{222A245B-E637-4AE9-A93F-A59CA119A75E}']",32.0,0.39109710368747336,127,253,6783608,5197824,1.6875,1.546875,2591,0,16.015625,6.59765625,benign
,C:\Windows\System32\svchost.exe,324,svchost.exe,5136,0.0,8,,,0.32604143912287414,11,6,4857,7435,0.078125,0.203125,1197,0,13.3515625,4.140625,benign
"[popenfile(path='C:\\Users\\keylogger\\AppData\\Local\\Microsoft\\GameDVR\\KnownGameList.bin', fd=-1), popenfile(path='C:\\Users\\keylogger\\AppData\\Local\\Microsoft\\Windows\\Explorer\\iconcache_16.db', fd=-1), popenfile(path='C:\\Users\\keylogger\\AppData\\Local\\Microsoft\\Windows\\Explorer\\ThumbCacheToDelete\\thm8CE4.tmp', fd=-1), popenfile(path='C:\\Windows\\SystemResources\\stobject.dll.mun', fd=-1), popenfile(path='C:\\Windows\\System32\\en-US\\UIRibbon.dll.mui', fd=-1), popenfile(path='C:\\Windows\\SystemResources\\ExplorerFrame.dll.mun', fd=-1), popenfile(path='C:\\Users\\keylogger\\AppData\\Local\\Microsoft\\Windows\\Explorer\\thumbcache_16.db', fd=-1), popenfile(path='C:\\Windows\\System32\\en-US\\wdmaud.drv.mui', fd=-1), popenfile(path='C:\\Users\\keylogger\\AppData\\Local\\Microsoft\\Windows\\Explorer\\iconcache_idx.db', fd=-1), popenfile(path='C:\\Windows\\System32\\en-US\\stobject.dll.mui', fd=-1), popenfile(path='C:\\Users\\keylogger\\AppData\\Local\\Microsoft\\Windows\\Explorer\\thumbcache_32.db', fd=-1), popenfile(path='C:\\Windows\\System32\\en-US\\sndvolsso.dll.mui', fd=-1), popenfile(path='C:\\Users\\keylogger\\AppData\\Local\\Microsoft\\Windows\\Explorer\\thumbcache_256.db', fd=-1), popenfile(path='C:\\Windows\\System32\\en-US\\dui70.dll.mui', fd=-1), popenfile(path='C:\\Windows\\System32\\en-US\\imapi2.dll.mui', fd=-1), popenfile(path='C:\\Users\\keylogger\\AppData\\Local\\Microsoft\\Windows\\Explorer\\thumbcache_48.db', fd=-1), popenfile(path='C:\\Windows\\System32\\en-US\\combase.dll.mui', fd=-1), popenfile(path='C:\\Windows\\System32\\en-US\\oleaccrc.dll.mui', fd=-1), popenfile(path='C:\\Windows\\System32\\en-US\\ieframe.dll.mui', fd=-1), popenfile(path='C:\\Windows\\SystemResources\\shell32.dll.mun', fd=-1), popenfile(path='C:\\Windows\\System32\\en-US\\Windows.Security.Authentication.Web.Core.dll.mui', fd=-1), popenfile(path='C:\\Users\\keylogger\\AppData\\Local\\Microsoft\\Windows\\Explorer\\iconcache_48.db', fd=-1), popenfile(path='C:\\Windows\\System32\\en-US\\propsys.dll.mui', fd=-1), popenfile(path='C:\\Windows\\System32\\en-US\\MMDevAPI.dll.mui', fd=-1), popenfile(path='C:\\Windows\\System32\\en-US\\wscui.cpl.mui', fd=-1), popenfile(path='C:\\Windows\\System32\\en-US\\dsreg.dll.mui', fd=-1), popenfile(path='C:\\Windows\\Fonts\\segoeui.ttf', fd=-1), popenfile(path='C:\\Users\\keylogger\\AppData\\Local\\Microsoft\\Windows\\Explorer\\iconcache_32.db', fd=-1), popenfile(path='C:\\Users\\keylogger\\AppData\\Local\\Microsoft\\Windows\\Explorer\\thumbcache_idx.db', fd=-1), popenfile(path='C:\\Windows\\System32\\en-US\\winmm.dll.mui', fd=-1), popenfile(path='C:\\Windows\\System32\\en-US\\winnlsres.dll.mui', fd=-1), popenfile(path='C:\\Windows\\System32\\en-US\\InputSwitch.dll.mui', fd=-1), popenfile(path='C:\\Windows\\System32\\en-US\\pnidui.dll.mui', fd=-1), popenfile(path='C:\\Windows\\System32\\en-US\\KernelBase.dll.mui', fd=-1), popenfile(path='C:\\Windows\\Registration\\R000000000006.clb', fd=-1), popenfile(path='C:\\Windows\\System32\\en-US\\ApplicationFrame.dll.mui', fd=-1), popenfile(path='C:\\Windows\\System32\\en-US\\crypt32.dll.mui', fd=-1), popenfile(path='C:\\Windows\\System32\\en-US\\explorerframe.dll.mui', fd=-1), popenfile(path='C:\\Windows\\System32\\en-US\\windows.storage.dll.mui', fd=-1), popenfile(path='C:\\Windows\\System32\\en-US\\shell32.dll.mui', fd=-1), popenfile(path='C:\\Windows\\SystemResources\\SndVolSSO.dll.mun', fd=-1), popenfile(path='C:\\Windows\\en-US\\explorer.exe.mui', fd=-1), popenfile(path='C:\\Windows\\System32\\en-US\\bthprops.cpl.mui', fd=-1), popenfile(path='C:\\Windows\\System32\\en-US\\hcproviders.dll.mui', fd=-1), popenfile(path='C:\\Windows\\System32\\en-US\\user32.dll.mui', fd=-1), popenfile(path='C:\\Windows\\System32\\en-US\\twinui.pcshell.dll.mui', fd=-1), popenfile(path='C:\\Windows\\System32\\en-US\\ActionCenter.dll.mui', fd=-1), popenfile(path='C:\\Users\\keylogger\\AppData\\Local\\Microsoft\\Windows\\Explorer\\iconcache_256.db', fd=-1), popenfile(path='C:\\Windows\\Fonts\\StaticCache.dat', fd=-1)]",C:\Windows\explorer.exe,2513,explorer.exe,5200,0.0,70,['C:\\Windows\\Explorer.EXE'],32.0,3.35236990536404,14292,340,4326396,586707,24.25,35.21875,430764,0,137.28125,86.078125,benign
,C:\ProgramData\Microsoft\Windows Defender\Platform\4.18.25090.3009-0\NisSrv.exe,203,NisSrv.exe,5296,0.0,3,,,0.20565984281712013,0,0,0,0,0.03125,0.1875,576,0,8.421875,3.91796875,benign
,C:\Windows\System32\SecurityHealthService.exe,398,SecurityHealthService.exe,5304,0.0,6,,,0.36610504486646894,1,1,15673,4096,0.1875,0.296875,2095,0,14.9921875,4.609375,benign
"[popenfile(path='C:\\Program Files (x86)\\Microsoft\\Edge\\Application\\142.0.3595.53\\icudtl.dat', fd=-1)]",C:\Program Files (x86)\Microsoft\Edge\Application\msedge.exe,261,msedge.exe,5484,0.0,16,"['C:\\Program Files (x86)\\Microsoft\\Edge\\Application\\msedge.exe', '--type=gpu-process', '--no-pre-read-main-dll', '--gpu-preferences=SAAAAAAAAADgAAAEAAAAAAAAAAAAAGAAAQAAAAAAAAAAAAAAAAAAAAIAAAAAAAAAAAAAAAAAAAAQAAAAAAAAABAAAAAAAAAACAAAAAAAAAAIAAAAAAAAAA==', '--startup-read-main-dll', '--metrics-shmem-handle=2036,i,5642898270301541739,2171836096454402623,262144', '--field-trial-handle=2452,i,10829191207590845271,14026617899616111352,262144', '--variations-seed-version', '--trace-process-track-uuid=3190708988185955192', '--mojo-platform-channel-handle=2448', '/prefetch:2']",32768.0,0.6235614065378081,103,32,59561,73800,0.125,0.125,624,0,25.53515625,10.94921875,benign
"[popenfile(path='C:\\Program Files (x86)\\Microsoft\\EdgeWebView\\Application\\142.0.3595.69\\resources.pak', fd=-1), popenfile(path='C:\\Users\\keylogger\\AppData\\Local\\Packages\\Microsoft.Windows.Search_cw5n1h2txyewy\\LocalState\\EBWebView\\Default\\Network Action Predictor', fd=-1), popenfile(path='C:\\Users\\keylogger\\AppData\\Local\\Packages\\Microsoft.Windows.Search_cw5n1h2txyewy\\LocalState\\EBWebView\\GraphiteDawnCache\\data_1', fd=-1), popenfile(path='C:\\Users\\keylogger\\AppData\\Local\\Packages\\Microsoft.Windows.Search_cw5n1h2txyewy\\LocalState\\EBWebView\\Default\\shared_proto_db\\metadata\\MANIFEST-000001', fd=-1), popenfile(path='C:\\Users\\keylogger\\AppData\\Local\\Packages\\Microsoft.Windows.Search_cw5n1h2txyewy\\LocalState\\EBWebView\\Default\\Favicons', fd=-1), popenfile(path='C:\\Users\\keylogger\\AppData\\Local\\Packages\\Microsoft.Windows.Search_cw5n1h2txyewy\\LocalState\\EBWebView\\Default\\ServerCertificate', fd=-1), popenfile(path='C:\\Users\\keylogger\\AppData\\Local\\Packages\\Microsoft.Windows.Search_cw5n1h2txyewy\\LocalState\\EBWebView\\ShaderCache\\data_3', fd=-1), popenfile(path='C:\\Users\\keylogger\\AppData\\Local\\Packages\\Microsoft.Windows.Search_cw5n1h2txyewy\\LocalState\\EBWebView\\GrShaderCache\\index', fd=-1), popenfile(path='C:\\Users\\keylogger\\AppData\\Local\\Packages\\Microsoft.Windows.Search_cw5n1h2txyewy\\LocalState\\EBWebView\\Default\\Session Storage\\LOCK', fd=-1), popenfile(path='C:\\Users\\keylogger\\AppData\\Local\\Packages\\Microsoft.Windows.Search_cw5n1h2txyewy\\LocalState\\EBWebView\\Default\\DIPS-wal', fd=-1), popenfile(path='C:\\Users\\keylogger\\AppData\\Local\\Packages\\Microsoft.Windows.Search_cw5n1h2txyewy\\LocalState\\EBWebView\\GrShaderCache\\data_1', fd=-1), popenfile(path='C:\\Program Files (x86)\\Microsoft\\EdgeWebView\\Application\\142.0.3595.69\\Locales\\en-US.pak', fd=-1), popenfile(path='C:\\Users\\keylogger\\AppData\\Local\\Packages\\Microsoft.Windows.Search_cw5n1h2txyewy\\LocalState\\EBWebView\\GrShaderCache\\data_2', fd=-1), popenfile(path='C:\\Users\\keylogger\\AppData\\Local\\Packages\\Microsoft.Windows.Search_cw5n1h2txyewy\\LocalState\\EBWebView\\Default\\Sync Data\\LevelDB\\LOCK', fd=-1), popenfile(path='C:\\Users\\keylogger\\AppData\\Local\\Packages\\Microsoft.Windows.Search_cw5n1h2txyewy\\LocalState\\EBWebView\\Default\\Sync Data\\LevelDB\\000003.log', fd=-1), popenfile(path='C:\\Users\\keylogger\\AppData\\Local\\Packages\\Microsoft.Windows.Search_cw5n1h2txyewy\\LocalState\\EBWebView\\Default\\shared_proto_db\\MANIFEST-000001', fd=-1), popenfile(path='C:\\Windows\\Fonts\\segoeuib.ttf', fd=-1), popenfile(path='C:\\Users\\keylogger\\AppData\\Local\\Packages\\Microsoft.Windows.Search_cw5n1h2txyewy\\LocalState\\EBWebView\\Default\\DawnGraphiteCache\\data_1', fd=-1), popenfile(path='C:\\Users\\keylogger\\AppData\\Local\\Packages\\Microsoft.Windows.Search_cw5n1h2txyewy\\LocalState\\EBWebView\\Default\\Extension State\\000003.log', fd=-1), popenfile(path='C:\\Users\\keylogger\\AppData\\Local\\Packages\\Microsoft.Windows.Search_cw5n1h2txyewy\\LocalState\\EBWebView\\Default\\heavy_ad_intervention_opt_out.db-journal', fd=-1), popenfile(path='C:\\Users\\keylogger\\AppData\\Local\\Packages\\Microsoft.Windows.Search_cw5n1h2txyewy\\LocalState\\EBWebView\\Default\\BrowsingTopicsSiteData', fd=-1), popenfile(path='C:\\Program Files (x86)\\Microsoft\\EdgeWebView\\Application\\142.0.3595.69\\msedge_100_percent.pak', fd=-1), popenfile(path='C:\\Users\\keylogger\\AppData\\Local\\Packages\\Microsoft.Windows.Search_cw5n1h2txyewy\\LocalState\\EBWebView\\Default\\Network Action Predictor-journal', fd=-1), popenfile(path='C:\\Users\\keylogger\\AppData\\Local\\Packages\\Microsoft.Windows.Search_cw5n1h2txyewy\\LocalState\\EBWebView\\Default\\Login Data', fd=-1), popenfile(path='C:\\Users\\keylogger\\AppData\\Local\\Packages\\Microsoft.Windows.Search_cw5n1h2txyewy\\LocalState\\EBWebView\\GrShaderCache\\data_0', fd=-1), popenfile(path='C:\\Users\\keylogger\\AppData\\Local\\Packages\\Microsoft.Windows.Search_cw5n1h2txyewy\\LocalState\\EBWebView\\Default\\shared_proto_db\\LOCK', fd=-1), popenfile(path='C:\\Users\\keylogger\\AppData\\Local\\Packages\\Microsoft.Windows.Search_cw5n1h2txyewy\\LocalState\\EBWebView\\Default\\Web Data', fd=-1), popenfile(path='C:\\Users\\keylogger\\AppData\\Local\\Packages\\Microsoft.Windows.Search_cw5n1h2txyewy\\LocalState\\EBWebView\\GraphiteDawnCache\\data_3', fd=-1), popenfile(path='C:\\Users\\keylogger\\AppData\\Local\\Packages\\Microsoft.Windows.Search_cw5n1h2txyewy\\LocalState\\EBWebView\\Default\\Site Characteristics Database\\LOCK', fd=-1), popenfile(path='C:\\Users\\keylogger\\AppData\\Local\\Packages\\Microsoft.Windows.Search_cw5n1h2txyewy\\LocalState\\EBWebView\\Default\\Extension State\\LOG', fd=-1), popenfile(path='C:\\Users\\keylogger\\AppData\\Local\\Packages\\Microsoft.Windows.Search_cw5n1h2txyewy\\LocalState\\EBWebView\\Default\\Top Sites', fd=-1), popenfile(path='C:\\Users\\keylogger\\AppData\\Local\\Packages\\Microsoft.Windows.Search_cw5n1h2txyewy\\LocalState\\EBWebView\\Default\\Local Storage\\leveldb\\LOCK', fd=-1), popenfile(path='C:\\Users\\keylogger\\AppData\\Local\\Packages\\Microsoft.Windows.Search_cw5n1h2txyewy\\LocalState\\EBWebView\\Default\\History', fd=-1), popenfile(path='C:\\Windows\\System32\\en-US\\Windows.Security.Authentication.Web.Core.dll.mui', fd=-1), popenfile(path='C:\\Users\\keylogger\\AppData\\Local\\Packages\\Microsoft.Windows.Search_cw5n1h2txyewy\\LocalState\\EBWebView\\lockfile', fd=-1), popenfile(path='C:\\Users\\keylogger\\AppData\\Local\\Packages\\Microsoft.Windows.Search_cw5n1h2txyewy\\LocalState\\EBWebView\\Default\\Vpn Tokens', fd=-1), popenfile(path='C:\\Windows\\Fonts\\segoeui.ttf', fd=-1), popenfile(path='C:\\Users\\keylogger\\AppData\\Local\\Packages\\Microsoft.Windows.Search_cw5n1h2txyewy\\LocalState\\EBWebView\\Default\\Sync Data\\LevelDB\\MANIFEST-000001', fd=-1), popenfile(path='C:\\Users\\keylogger\\AppData\\Local\\Packages\\Microsoft.Windows.Search_cw5n1h2txyewy\\LocalState\\EBWebView\\Default\\EdgeJourneys\\EdgeJourneys.db', fd=-1), popenfile(path='C:\\Users\\keylogger\\AppData\\Local\\Packages\\Microsoft.Windows.Search_cw5n1h2txyewy\\LocalState\\EBWebView\\Default\\Site Characteristics Database\\MANIFEST-000001', fd=-1), popenfile(path='C:\\Users\\keylogger\\AppData\\Local\\Packages\\Microsoft.Windows.Search_cw5n1h2txyewy\\LocalState\\EBWebView\\Default\\DawnWebGPUCache\\data_3', fd=-1), popenfile(path='C:\\Users\\keylogger\\AppData\\Local\\Packages\\Microsoft.Windows.Search_cw5n1h2txyewy\\LocalState\\EBWebView\\Default\\Login Data For Account', fd=-1), popenfile(path='C:\\Users\\keylogger\\AppData\\Local\\Packages\\Microsoft.Windows.Search_cw5n1h2txyewy\\LocalState\\EBWebView\\Default\\DawnGraphiteCache\\index', fd=-1), popenfile(path='C:\\Users\\keylogger\\AppData\\Local\\Packages\\Microsoft.Windows.Search_cw5n1h2txyewy\\LocalState\\EBWebView\\Default\\Sync Data\\LevelDB\\LOG', fd=-1), popenfile(path='C:\\Users\\keylogger\\AppData\\Local\\Packages\\Microsoft.Windows.Search_cw5n1h2txyewy\\LocalState\\EBWebView\\Default\\DawnWebGPUCache\\data_2', fd=-1), popenfile(path='C:\\Users\\keylogger\\AppData\\Local\\Packages\\Microsoft.Windows.Search_cw5n1h2txyewy\\LocalState\\EBWebView\\Default\\Top Sites-journal', fd=-1), popenfile(path='C:\\Users\\keylogger\\AppData\\Local\\Packages\\Microsoft.Windows.Search_cw5n1h2txyewy\\LocalState\\EBWebView\\Default\\shared_proto_db\\000003.log', fd=-1), popenfile(path='C:\\Users\\keylogger\\AppData\\Local\\Packages\\Microsoft.Windows.Search_cw5n1h2txyewy\\LocalState\\EBWebView\\Default\\shared_proto_db\\LOG', fd=-1), popenfile(path='C:\\Users\\keylogger\\AppData\\Local\\Packages\\Microsoft.Windows.Search_cw5n1h2txyewy\\LocalState\\EBWebView\\GraphiteDawnCache\\data_2', fd=-1), popenfile(path='C:\\Users\\keylogger\\AppData\\Local\\Packages\\Microsoft.Windows.Search_cw5n1h2txyewy\\LocalState\\EBWebView\\Default\\ExtensionActivityEdge', fd=-1), popenfile(path='C:\\Users\\keylogger\\AppData\\Local\\Packages\\Microsoft.Windows.Search_cw5n1h2txyewy\\LocalState\\EBWebView\\Default\\DawnGraphiteCache\\data_3', fd=-1), popenfile(path='C:\\Users\\keylogger\\AppData\\Local\\Packages\\Microsoft.Windows.Search_cw5n1h2txyewy\\LocalState\\EBWebView\\Default\\Extension State\\MANIFEST-000001', fd=-1), popenfile(path='C:\\Windows\\System32\\en-US\\user32.dll.mui', fd=-1), popenfile(path='C:\\Users\\keylogger\\AppData\\Local\\Packages\\Microsoft.Windows.Search_cw5n1h2txyewy\\LocalState\\EBWebView\\Default\\ExtensionActivityComp', fd=-1), popenfile(path='C:\\Users\\keylogger\\AppData\\Local\\Packages\\Microsoft.Windows.Search_cw5n1h2txyewy\\LocalState\\EBWebView\\Default\\Extension State\\LOCK', fd=-1), popenfile(path='C:\\Users\\keylogger\\AppData\\Local\\Packages\\Microsoft.Windows.Search_cw5n1h2txyewy\\LocalState\\EBWebView\\GrShaderCache\\data_3', fd=-1), popenfile(path='C:\\Users\\keylogger\\AppData\\Local\\Packages\\Microsoft.Windows.Search_cw5n1h2txyewy\\LocalState\\EBWebView\\Default\\GPUCache\\data_3', fd=-1), popenfile(path='C:\\Users\\keylogger\\AppData\\Local\\Packages\\Microsoft.Windows.Search_cw5n1h2txyewy\\LocalState\\EBWebView\\Default\\DIPS', fd=-1), popenfile(path='C:\\Users\\keylogger\\AppData\\Local\\Packages\\Microsoft.Windows.Search_cw5n1h2txyewy\\LocalState\\EBWebView\\Default\\GPUCache\\data_0', fd=-1), popenfile(path='C:\\Users\\keylogger\\AppData\\Local\\Packages\\Microsoft.Windows.Search_cw5n1h2txyewy\\LocalState\\EBWebView\\ShaderCache\\data_2', fd=-1), popenfile(path='C:\\Windows\\System32\\en-US\\kernel32.dll.mui', fd=-1), popenfile(path='C:\\Users\\keylogger\\AppData\\Local\\Packages\\Microsoft.Windows.Search_cw5n1h2txyewy\\LocalState\\EBWebView\\GraphiteDawnCache\\data_0', fd=-1), popenfile(path='C:\\Users\\keylogger\\AppData\\Local\\Packages\\Microsoft.Windows.Search_cw5n1h2txyewy\\LocalState\\EBWebView\\Default\\DawnGraphiteCache\\data_2', fd=-1), popenfile(path='C:\\Users\\keylogger\\AppData\\Local\\Packages\\Microsoft.Windows.Search_cw5n1h2txyewy\\LocalState\\EBWebView\\ShaderCache\\data_1', fd=-1), popenfile(path='C:\\Windows\\System32\\en-US\\KernelBase.dll.mui', fd=-1), popenfile(path='C:\\Users\\keylogger\\AppData\\Local\\Packages\\Microsoft.Windows.Search_cw5n1h2txyewy\\LocalState\\EBWebView\\Default\\GPUCache\\index', fd=-1), popenfile(path='C:\\Users\\keylogger\\AppData\\Local\\Packages\\Microsoft.Windows.Search_cw5n1h2txyewy\\LocalState\\EBWebView\\BrowserMetrics\\BrowserMetrics-6914BFBA-1588.pma', fd=-1), popenfile(path='C:\\Program Files (x86)\\Microsoft\\EdgeWebView\\Application\\142.0.3595.69\\icudtl.dat', fd=-1), popenfile(path='C:\\Users\\keylogger\\AppData\\Local\\Packages\\Microsoft.Windows.Search_cw5n1h2txyewy\\LocalState\\EBWebView\\Default\\shared_proto_db\\metadata\\000003.log', fd=-1), popenfile(path='C:\\Windows\\Fonts\\seguisb.ttf', fd=-1), popenfile(path='C:\\Users\\keylogger\\AppData\\Local\\Packages\\Microsoft.Windows.Search_cw5n1h2txyewy\\LocalState\\EBWebView\\Default\\EdgeJourneys\\EdgeJourneys.db-wal', fd=-1), popenfile(path='C:\\Users\\keylogger\\AppData\\Local\\Packages\\Microsoft.Windows.Search_cw5n1h2txyewy\\LocalState\\EBWebView\\Default\\GPUCache\\data_1', fd=-1), popenfile(path='C:\\Users\\keylogger\\AppData\\Local\\Packages\\Microsoft.Windows.Search_cw5n1h2txyewy\\LocalState\\EBWebView\\Default\\Site Characteristics Database\\000003.log', fd=-1), popenfile(path='C:\\Users\\keylogger\\AppData\\Local\\Packages\\Microsoft.Windows.Search_cw5n1h2txyewy\\LocalState\\EBWebView\\Default\\SharedStorage', fd=-1), popenfile(path='C:\\Users\\keylogger\\AppData\\Local\\Packages\\Microsoft.Windows.Search_cw5n1h2txyewy\\LocalState\\EBWebView\\Default\\ExtensionActivityEdge-journal', fd=-1), popenfile(path='C:\\Users\\keylogger\\AppData\\Local\\Packages\\Microsoft.Windows.Search_cw5n1h2txyewy\\LocalState\\EBWebView\\Default\\DawnWebGPUCache\\data_0', fd=-1), popenfile(path='C:\\Users\\keylogger\\AppData\\Local\\Packages\\Microsoft.Windows.Search_cw5n1h2txyewy\\LocalState\\EBWebView\\Default\\DawnWebGPUCache\\data_1', fd=-1), popenfile(path='C:\\Users\\keylogger\\AppData\\Local\\Packages\\Microsoft.Windows.Search_cw5n1h2txyewy\\LocalState\\EBWebView\\Default\\shared_proto_db\\metadata\\LOG', fd=-1), popenfile(path='C:\\Users\\keylogger\\AppData\\Local\\Packages\\Microsoft.Windows.Search_cw5n1h2txyewy\\LocalState\\EBWebView\\Default\\Site Characteristics Database\\LOG', fd=-1), popenfile(path='C:\\Users\\keylogger\\AppData\\Local\\Packages\\Microsoft.Windows.Search_cw5n1h2txyewy\\LocalState\\EBWebView\\GraphiteDawnCache\\index', fd=-1), popenfile(path='C:\\Users\\keylogger\\AppData\\Local\\Packages\\Microsoft.Windows.Search_cw5n1h2txyewy\\LocalState\\EBWebView\\ShaderCache\\index', fd=-1), popenfile(path='C:\\Program Files (x86)\\Microsoft\\EdgeWebView\\Application\\142.0.3595.69\\msedge_200_percent.pak', fd=-1), popenfile(path='C:\\Users\\keylogger\\AppData\\Local\\Packages\\Microsoft.Windows.Search_cw5n1h2txyewy\\LocalState\\EBWebView\\Default\\DawnWebGPUCache\\index', fd=-1), popenfile(path='C:\\Users\\keylogger\\AppData\\Local\\Packages\\Microsoft.Windows.Search_cw5n1h2txyewy\\LocalState\\EBWebView\\Default\\heavy_ad_intervention_opt_out.db', fd=-1), popenfile(path='C:\\Users\\keylogger\\AppData\\Local\\Packages\\Microsoft.Windows.Search_cw5n1h2txyewy\\LocalState\\EBWebView\\ShaderCache\\data_0', fd=-1), popenfile(path='C:\\Users\\keylogger\\AppData\\Local\\Packages\\Microsoft.Windows.Search_cw5n1h2txyewy\\LocalState\\EBWebView\\Default\\BrowsingTopicsSiteData-journal', fd=-1), popenfile(path='C:\\Users\\keylogger\\AppData\\Local\\Packages\\Microsoft.Windows.Search_cw5n1h2txyewy\\LocalState\\EBWebView\\Default\\GPUCache\\data_2', fd=-1), popenfile(path='C:\\Users\\keylogger\\AppData\\Local\\Packages\\Microsoft.Windows.Search_cw5n1h2txyewy\\LocalState\\EBWebView\\Default\\SharedStorage-wal', fd=-1), popenfile(path='C:\\Users\\keylogger\\AppData\\Local\\Packages\\Microsoft.Windows.Search_cw5n1h2txyewy\\LocalState\\EBWebView\\Default\\DawnGraphiteCache\\data_0', fd=-1), popenfile(path='C:\\Users\\keylogger\\AppData\\Local\\Packages\\Microsoft.Windows.Search_cw5n1h2txyewy\\LocalState\\EBWebView\\Default\\shared_proto_db\\metadata\\LOCK', fd=-1)]",C:\Program Files (x86)\Microsoft\EdgeWebView\Application\142.0.3595.69\msedgewebview2.exe,1153,msedgewebview2.exe,5512,0.0,57,"['C:\\Program Files (x86)\\Microsoft\\EdgeWebView\\Application\\142.0.3595.69\\msedgewebview2.exe', '--embedded-browser-webview=1', '--webview-exe-name=SearchApp.exe', '--webview-exe-version=10.0.19041.6282', '--user-data-dir=C:\\Users\\keylogger\\AppData\\Local\\Packages\\Microsoft.Windows.Search_cw5n1h2txyewy\\LocalState\\EBWebView', '--noerrdialogs', '--enable-features=msEmbeddedBrowserVisualHosting', '--lang=en-US', '--mojo-named-platform-channel-pipe=6116.7920.1792496325640338354']",32.0,1.8415904106805758,1410,1015,7218783,832294,0.609375,1.015625,9010,0,75.4140625,35.15234375,benign
"[popenfile(path='C:\\Windows\\System32\\en-US\\windows.storage.dll.mui', fd=-1), popenfile(path='C:\\Windows\\Fonts\\segmdl2.ttf', fd=-1), popenfile(path='C:\\Windows\\Fonts\\segoeuib.ttf', fd=-1), popenfile(path='C:\\Windows\\SystemResources\\Windows.UI.ShellCommon\\StartUI\\Assets\\Fonts\\BitMDL2.ttf', fd=-1), popenfile(path='C:\\Users\\keylogger\\AppData\\Local\\Packages\\Microsoft.Windows.StartMenuExperienceHost_cw5n1h2txyewy\\TempState\\TileCache_100_3_PNGEncoded_Header.bin', fd=-1), popenfile(path='C:\\Users\\keylogger\\AppData\\Local\\Packages\\Microsoft.Windows.StartMenuExperienceHost_cw5n1h2txyewy\\TempState\\TileCache_100_3_PNGEncoded_Data.bin', fd=-1), popenfile(path='C:\\Windows\\System32\\en-US\\Windows.Globalization.dll.mui', fd=-1), popenfile(path='C:\\Windows\\System32\\en-US\\KernelBase.dll.mui', fd=-1), popenfile(path='C:\\Windows\\System32\\en-US\\windows.ui.xaml.dll.mui', fd=-1), popenfile(path='C:\\Windows\\Fonts\\segoeui.ttf', fd=-1)]",C:\Windows\SystemApps\Microsoft.Windows.StartMenuExperienceHost_cw5n1h2txyewy\StartMenuExperienceHost.exe,597,StartMenuExperienceHost.exe,5632,0.0,8,"['C:\\Windows\\SystemApps\\Microsoft.Windows.StartMenuExperienceHost_cw5n1h2txyewy\\StartMenuExperienceHost.exe', '-ServerName:App.AppXywbrabmsek0gm3tkwpr5kwzbs55tkqay.mca']",32.0,1.1844518869481357,94,182,235043,41316,1.0625,0.734375,3212,0,48.50390625,21.609375,benign
"[popenfile(path='C:\\Windows\\System32\\en-US\\Conhost.exe.mui', fd=-1), popenfile(path='C:\\Windows\\Fonts\\StaticCache.dat', fd=-1), popenfile(path='C:\\Windows\\Registration\\R000000000006.clb', fd=-1), popenfile(path='C:\\Windows\\System32\\en-US\\user32.dll.mui', fd=-1)]",C:\Windows\System32\conhost.exe,198,conhost.exe,5640,0.0,5,"['\\??\\C:\\Windows\\system32\\conhost.exe', '0x4']",32.0,0.39300489443716835,1,0,60,0,0.046875,0.03125,884,0,16.09375,6.9140625,benign
,C:\Windows\System32\SearchProtocolHost.exe,365,SearchProtocolHost.exe,5676,0.0,7,,,0.36496037041665197,35,0,971139,0,0.03125,0.140625,1718,0,14.9453125,2.65234375,benign
,C:\Windows\System32\svchost.exe,255,svchost.exe,5916,0.0,9,,,0.21596191286547306,0,0,0,0,0.046875,0.109375,573,0,8.84375,4.0859375,benign
"[popenfile(path='C:\\Windows\\System32\\en-US\\svchost.exe.mui', fd=-1), popenfile(path='C:\\Windows\\System32\\en-US\\ole32.dll.mui', fd=-1), popenfile(path='C:\\Windows\\System32\\en-US\\windows.applicationmodel.datatransfer.dll.mui', fd=-1), popenfile(path='C:\\Windows\\System32\\en-US\\KernelBase.dll.mui', fd=-1), popenfile(path='C:\\Windows\\Registration\\R000000000006.clb', fd=-1)]",C:\Windows\System32\svchost.exe,284,svchost.exe,6060,0.0,4,"['C:\\Windows\\system32\\svchost.exe', '-k', 'ClipboardSvcGroup', '-p', '-s', 'cbdhsvc']",32.0,0.46197153003864233,0,0,0,0,0.25,0.21875,10180,0,18.91796875,3.359375,benign
"[popenfile(path='C:\\Windows\\System32\\en-US\\KernelBase.dll.mui', fd=-1), popenfile(path='C:\\Program Files (x86)\\Microsoft\\EdgeWebView\\Application\\142.0.3595.69\\icudtl.dat', fd=-1), popenfile(path='C:\\Windows\\System32\\en-US\\windows.storage.dll.mui', fd=-1), popenfile(path='C:\\Windows\\Fonts\\segoeui.ttf', fd=-1)]",C:\Windows\SystemApps\Microsoft.Windows.Search_cw5n1h2txyewy\SearchApp.exe,700,SearchApp.exe,6116,0.0,17,"['C:\\Windows\\SystemApps\\Microsoft.Windows.Search_cw5n1h2txyewy\\SearchApp.exe', '-ServerName:ShellFeedsUI.AppX88fpyyrd21w8wqe62wzsjh5agex7tf1e.mca']",32.0,1.198760317570848,96,76,66938,11256,0.25,0.703125,2744,0,49.08984375,16.078125,benign
,C:\Program Files\Microsoft Update Health Tools\uhssvc.exe,123,uhssvc.exe,6268,0.0,3,,,0.14575521327669738,1,1,3690,65536,0.0,0.015625,870,0,5.96875,1.33984375,benign
"[popenfile(path='C:\\Windows\\System32\\en-US\\svchost.exe.mui', fd=-1), popenfile(path='C:\\Users\\keylogger\\AppData\\Local\\Comms\\UnistoreDB\\USS.jtx', fd=-1), popenfile(path='C:\\Windows\\System32\\en-US\\ESENT.dll.mui', fd=-1), popenfile(path='C:\\Users\\keylogger\\AppData\\Local\\Comms\\UnistoreDB\\store.jfm', fd=-1), popenfile(path='C:\\Users\\keylogger\\AppData\\Local\\Comms\\UnistoreDB\\USStmp.jtx', fd=-1), popenfile(path='C:\\Users\\keylogger\\AppData\\Local\\Comms\\UnistoreDB\\tmp.edb', fd=-1), popenfile(path='C:\\Windows\\Registration\\R000000000006.clb', fd=-1), popenfile(path='C:\\Users\\keylogger\\AppData\\Local\\Comms\\UnistoreDB\\store.vol', fd=-1)]",C:\Windows\System32\svchost.exe,645,svchost.exe,6308,0.0,3,"['C:\\Windows\\System32\\svchost.exe', '-k', 'UnistackSvcGroup']",32.0,0.5072815603438984,310,428,25859872,16176928,1.75,1.125,1332,0,20.7734375,6.03515625,benign
"[popenfile(path='C:\\Windows\\System32\\en-US\\windows.storage.dll.mui', fd=-1), popenfile(path='C:\\Windows\\System32\\en-US\\ShutdownUX.dll.mui', fd=-1), popenfile(path='C:\\Windows\\System32\\en-US\\Windows.Security.Authentication.Web.Core.dll.mui', fd=-1), popenfile(path='C:\\Windows\\System32\\en-US\\KernelBase.dll.mui', fd=-1), popenfile(path='C:\\Windows\\System32\\en-US\\propsys.dll.mui', fd=-1), popenfile(path='C:\\Windows\\Registration\\R000000000006.clb', fd=-1)]",C:\Windows\System32\RuntimeBroker.exe,337,RuntimeBroker.exe,6388,0.0,1,"['C:\\Windows\\System32\\RuntimeBroker.exe', '-Embedding']",32.0,0.6124008306520924,15,0,28784,0,0.203125,0.171875,149,0,25.078125,4.09375,benign
"[popenfile(path='C:\\Users\\keylogger\\AppData\\Local\\Packages\\Microsoft.Windows.Search_cw5n1h2txyewy\\LocalState\\AppIconCache\\100\\Microsoft_Getstarted_8wekyb3d8bbwe!App', fd=-1), popenfile(path='C:\\Users\\keylogger\\AppData\\Local\\Packages\\Microsoft.Windows.Search_cw5n1h2txyewy\\LocalState\\AppIconCache\\100\\Microsoft_VisualStudioCode', fd=-1), popenfile(path='C:\\Windows\\System32\\en-US\\dnsapi.dll.mui', fd=-1), popenfile(path='C:\\Users\\keylogger\\AppData\\Local\\Packages\\Microsoft.Windows.Search_cw5n1h2txyewy\\LocalState\\AppIconCache\\100\\Microsoft_Windows_Shell_RunDialog', fd=-1), popenfile(path='C:\\Windows\\System32\\WinMetadata\\Windows.System.winmd', fd=-1), popenfile(path='C:\\Windows\\System32\\WinMetadata\\Windows.Storage.winmd', fd=-1), popenfile(path='C:\\Users\\keylogger\\AppData\\Local\\Packages\\Microsoft.Windows.Search_cw5n1h2txyewy\\LocalState\\AppIconCache\\100\\Microsoft_WindowsStore_8wekyb3d8bbwe!App', fd=-1), popenfile(path='C:\\Windows\\SystemApps\\Microsoft.Windows.Search_cw5n1h2txyewy\\Cortana.Internal.Search.winmd', fd=-1), popenfile(path='C:\\Windows\\SystemResources\\Chakra.dll.mun', fd=-1), popenfile(path='C:\\Windows\\System32\\en-US\\netmsg.dll.mui', fd=-1), popenfile(path='C:\\Windows\\Fonts\\georgiai.ttf', fd=-1), popenfile(path='C:\\Users\\keylogger\\AppData\\Local\\Packages\\Microsoft.Windows.Search_cw5n1h2txyewy\\LocalState\\AppIconCache\\100\\Microsoft_Windows_Explorer', fd=-1), popenfile(path='C:\\Windows\\System32\\WinMetadata\\Windows.Web.winmd', fd=-1), popenfile(path='C:\\Users\\keylogger\\AppData\\Local\\Packages\\Microsoft.Windows.Search_cw5n1h2txyewy\\LocalState\\AppIconCache\\100\\{1AC14E77-02E7-4E5D-B744-2EB1AE5198B7}_notepad_exe', fd=-1), popenfile(path='C:\\Users\\keylogger\\AppData\\Local\\Packages\\Microsoft.Windows.Search_cw5n1h2txyewy\\LocalState\\AppIconCache\\100\\Microsoft_AutoGenerated_{923DD477-5846-686B-A659-0FCCD73851A8}', fd=-1), popenfile(path='C:\\Users\\keylogger\\AppData\\Local\\Packages\\Microsoft.Windows.Search_cw5n1h2txyewy\\LocalState\\AppIconCache\\100\\{1AC14E77-02E7-4E5D-B744-2EB1AE5198B7}_cmd_exe', fd=-1), popenfile(path='C:\\Users\\keylogger\\AppData\\Local\\Packages\\Microsoft.Windows.Search_cw5n1h2txyewy\\LocalState\\AppIconCache\\100\\C__Users_keylogger_AppData_Local_Python_pythoncore-3_14-64_python_exe', fd=-1), popenfile(path='C:\\Users\\keylogger\\AppData\\Local\\Packages\\Microsoft.Windows.Search_cw5n1h2txyewy\\LocalState\\AppIconCache\\100\\Microsoft_Windows_ControlPanel', fd=-1), popenfile(path='C:\\Windows\\Fonts\\segoeui.ttf', fd=-1), popenfile(path='C:\\Users\\keylogger\\AppData\\Local\\Packages\\Microsoft.Windows.Search_cw5n1h2txyewy\\LocalState\\AppIconCache\\100\\windows_immersivecontrolpanel_cw5n1h2txyewy!microsoft_windows_immersivecontrolpanel', fd=-1), popenfile(path='C:\\Windows\\System32\\WinMetadata\\Windows.Security.winmd', fd=-1), popenfile(path='C:\\Windows\\System32\\WinMetadata\\Windows.ApplicationModel.winmd', fd=-1), popenfile(path='C:\\Users\\keylogger\\AppData\\Local\\Packages\\Microsoft.Windows.Search_cw5n1h2txyewy\\LocalState\\AppIconCache\\100\\Microsoft_Windows_Computer', fd=-1), popenfile(path='C:\\Windows\\SystemResources\\edgehtml.dll.mun', fd=-1), popenfile(path='C:\\Windows\\Fonts\\georgia.ttf', fd=-1), popenfile(path='C:\\Windows\\Fonts\\simsun.ttc', fd=-1), popenfile(path='C:\\Windows\\System32\\en-US\\KernelBase.dll.mui', fd=-1), popenfile(path='C:\\Windows\\Fonts\\segoeuib.ttf', fd=-1), popenfile(path='C:\\Windows\\System32\\en-US\\crypt32.dll.mui', fd=-1), popenfile(path='C:\\Users\\keylogger\\AppData\\Local\\Packages\\Microsoft.Windows.Search_cw5n1h2txyewy\\LocalState\\AppIconCache\\100\\{1AC14E77-02E7-4E5D-B744-2EB1AE5198B7}_SnippingTool_exe', fd=-1), popenfile(path='C:\\Windows\\System32\\en-US\\edgehtml.dll.mui', fd=-1), popenfile(path='C:\\Users\\keylogger\\AppData\\Local\\Packages\\Microsoft.Windows.Search_cw5n1h2txyewy\\LocalState\\AppIconCache\\100\\{1AC14E77-02E7-4E5D-B744-2EB1AE5198B7}_mspaint_exe', fd=-1), popenfile(path='C:\\Users\\keylogger\\AppData\\Local\\Packages\\Microsoft.Windows.Search_cw5n1h2txyewy\\LocalState\\AppIconCache\\100\\PythonSoftwareFoundation_PythonManager_3847v3x7pw1km!Py_Manager_Exe', fd=-1), popenfile(path='C:\\Windows\\System32\\en-US\\windows.storage.dll.mui', fd=-1), popenfile(path='C:\\Windows\\System32\\en-US\\shell32.dll.mui', fd=-1), popenfile(path='C:\\Windows\\Fonts\\times.ttf', fd=-1), popenfile(path='C:\\Windows\\System32\\en-US\\d2d1.dll.mui', fd=-1), popenfile(path='C:\\Users\\keylogger\\AppData\\Local\\Packages\\Microsoft.Windows.Search_cw5n1h2txyewy\\LocalState\\AppIconCache\\100\\Microsoft_AutoGenerated_{C1C6F8AC-40A3-0F5C-146F-65A9DC70BBB4}', fd=-1), popenfile(path='C:\\Windows\\System32\\WinMetadata\\Windows.Foundation.winmd', fd=-1), popenfile(path='C:\\Windows\\Fonts\\georgiab.ttf', fd=-1), popenfile(path='C:\\Windows\\System32\\WinMetadata\\Windows.UI.winmd', fd=-1), popenfile(path='C:\\Users\\keylogger\\AppData\\Local\\Packages\\Microsoft.Windows.Search_cw5n1h2txyewy\\LocalState\\AppIconCache\\100\\MSEdge', fd=-1), popenfile(path='C:\\Windows\\Fonts\\seguisym.ttf', fd=-1), popenfile(path='C:\\Windows\\Fonts\\seguisb.ttf', fd=-1), popenfile(path='C:\\Windows\\SystemApps\\Microsoft.Windows.Search_cw5n1h2txyewy\\Cortana.Search.winmd', fd=-1), popenfile(path='C:\\Windows\\Fonts\\seguiemj.ttf', fd=-1), popenfile(path='C:\\Windows\\System32\\en-US\\wininet.dll.mui', fd=-1), popenfile(path='C:\\Windows\\System32\\en-US\\StartTileData.dll.mui', fd=-1)]",C:\Windows\SystemApps\Microsoft.Windows.Search_cw5n1h2txyewy\SearchApp.exe,1464,SearchApp.exe,6552,0.0,43,"['C:\\Windows\\SystemApps\\Microsoft.Windows.Search_cw5n1h2txyewy\\SearchApp.exe', '-ServerName:CortanaUI.AppX8z9r6jm96hw4bsbneegw0kyxx296wr9t.mca']",32.0,2.031129421662773,8419,4226,38331706,19990760,13.59375,8.015625,37955,0,83.17578125,154.63671875,benign
"[popenfile(path='C:\\Windows\\System32\\en-US\\KernelBase.dll.mui', fd=-1), popenfile(path='C:\\Windows\\System32\\en-US\\winhttp.dll.mui', fd=-1)]",C:\Program Files\WindowsApps\PythonSoftwareFoundation.PythonManager_25.0.240.0_x64__3847v3x7pw1km\python.exe,161,python.exe,6604,0.0,1,"['python', '.\\keylogger.py']",32.0,0.3130684620249482,64,0,7189089,0,0.046875,0.046875,146,0,12.8203125,4.53125,benign
"[popenfile(path='C:\\Users\\keylogger\\AppData\\Local\\Microsoft\\Windows\\Explorer\\thumbcache_1280.db', fd=-1), popenfile(path='C:\\Users\\keylogger\\AppData\\Local\\Microsoft\\Windows\\Explorer\\iconcache_16.db', fd=-1), popenfile(path='C:\\Users\\keylogger\\AppData\\Local\\Microsoft\\Windows\\Explorer\\thumbcache_exif.db', fd=-1), popenfile(path='C:\\Windows\\System32\\en-US\\twext.dll.mui', fd=-1), popenfile(path='C:\\Users\\keylogger\\AppData\\Local\\Microsoft\\Windows\\Explorer\\thumbcache_wide_alternate.db', fd=-1), popenfile(path='C:\\Users\\keylogger\\AppData\\Local\\Microsoft\\Windows\\Explorer\\thumbcache_16.db', fd=-1), popenfile(path='C:\\Users\\keylogger\\AppData\\Local\\Microsoft\\Windows\\Explorer\\iconcache_idx.db', fd=-1), popenfile(path='C:\\Windows\\System32\\en-US\\combase.dll.mui', fd=-1), popenfile(path='C:\\Users\\keylogger\\AppData\\Local\\Microsoft\\Windows\\Explorer\\thumbcache_32.db', fd=-1), popenfile(path='C:\\Users\\keylogger\\AppData\\Local\\Microsoft\\Windows\\Explorer\\thumbcache_48.db', fd=-1), popenfile(path='C:\\Users\\keylogger\\AppData\\Local\\Microsoft\\Windows\\Explorer\\thumbcache_256.db', fd=-1), popenfile(path='C:\\Users\\keylogger\\AppData\\Local\\Microsoft\\Windows\\Explorer\\thumbcache_768.db', fd=-1), popenfile(path='C:\\Windows\\System32\\en-US\\Windows.Security.Authentication.Web.Core.dll.mui', fd=-1), popenfile(path='C:\\Windows\\System32\\en-US\\ntshrui.dll.mui', fd=-1), popenfile(path='C:\\Users\\keylogger\\AppData\\Local\\Microsoft\\Windows\\Explorer\\thumbcache_96.db', fd=-1), popenfile(path='C:\\Windows\\System32\\en-US\\propsys.dll.mui', fd=-1), popenfile(path='C:\\Users\\keylogger\\AppData\\Local\\Microsoft\\Windows\\Explorer\\iconcache_32.db', fd=-1), popenfile(path='C:\\Users\\keylogger\\AppData\\Local\\Microsoft\\Windows\\Explorer\\thumbcache_idx.db', fd=-1), popenfile(path='C:\\Windows\\System32\\en-US\\AppResolver.dll.mui', fd=-1), popenfile(path='C:\\Windows\\System32\\en-US\\mpr.dll.mui', fd=-1), popenfile(path='C:\\Users\\keylogger\\AppData\\Local\\Microsoft\\Windows\\Explorer\\thumbcache_2560.db', fd=-1), popenfile(path='C:\\Users\\keylogger\\AppData\\Local\\Microsoft\\Windows\\Explorer\\thumbcache_custom_stream.db', fd=-1), popenfile(path='C:\\Windows\\System32\\en-US\\KernelBase.dll.mui', fd=-1), popenfile(path='C:\\Windows\\System32\\en-US\\crypt32.dll.mui', fd=-1), popenfile(path='C:\\Windows\\Registration\\R000000000006.clb', fd=-1), popenfile(path='C:\\Windows\\System32\\en-US\\windows.storage.dll.mui', fd=-1), popenfile(path='C:\\Windows\\System32\\en-US\\shell32.dll.mui', fd=-1), popenfile(path='C:\\Users\\keylogger\\AppData\\Local\\Microsoft\\Windows\\Explorer\\thumbcache_sr.db', fd=-1), popenfile(path='C:\\Windows\\SystemResources\\imageres.dll.mun', fd=-1), popenfile(path='C:\\Users\\keylogger\\AppData\\Local\\Microsoft\\Windows\\Explorer\\thumbcache_wide.db', fd=-1), popenfile(path='C:\\Users\\keylogger\\AppData\\Local\\Microsoft\\Windows\\Explorer\\thumbcache_1920.db', fd=-1), popenfile(path='C:\\Users\\keylogger\\AppData\\Local\\Microsoft\\Windows\\Explorer\\iconcache_256.db', fd=-1), popenfile(path='C:\\Windows\\System32\\en-US\\StartTileData.dll.mui', fd=-1)]",C:\Windows\System32\RuntimeBroker.exe,758,RuntimeBroker.exe,6620,0.0,11,"['C:\\Windows\\System32\\RuntimeBroker.exe', '-Embedding']",32.0,1.0629256161925649,699,20,713206,8160,1.625,1.5,8611,0,43.52734375,15.75,benign
"[popenfile(path='C:\\Windows\\System32\\en-US\\KernelBase.dll.mui', fd=-1)]",C:\Users\keylogger\.vscode\extensions\ms-python.vscode-python-envs-1.10.0-win32-x64\python-env-tools\bin\pet.exe,61,pet.exe,6720,0.0,1,"['c:\\Users\\keylogger\\.vscode\\extensions\\ms-python.vscode-python-envs-1.10.0-win32-x64\\python-env-tools\\bin\\pet.exe', 'server']",32.0,0.1419396317773074,25,1871,4069,241807,0.5625,2.03125,71,0,5.8125,1.54296875,benign
"[popenfile(path='C:\\Program Files (x86)\\Microsoft\\EdgeWebView\\Application\\142.0.3595.69\\resources.pak', fd=-1), popenfile(path='C:\\Users\\keylogger\\AppData\\Local\\Packages\\Microsoft.Windows.Search_cw5n1h2txyewy\\LocalState\\EBWebView\\Default\\Cache\\No_Vary_Search\\journal.baj', fd=-1), popenfile(path='C:\\Program Files (x86)\\Microsoft\\EdgeWebView\\Application\\142.0.3595.69\\msedge_100_percent.pak', fd=-1), popenfile(path='C:\\Users\\keylogger\\AppData\\Local\\Packages\\Microsoft.Windows.Search_cw5n1h2txyewy\\LocalState\\EBWebView\\Default\\Cache\\Cache_Data\\data_3', fd=-1), popenfile(path='C:\\Users\\keylogger\\AppData\\Local\\Packages\\Microsoft.Windows.Search_cw5n1h2txyewy\\LocalState\\EBWebView\\Default\\Network\\Cookies-journal', fd=-1), popenfile(path='C:\\Program Files (x86)\\Microsoft\\EdgeWebView\\Application\\142.0.3595.69\\icudtl.dat', fd=-1), popenfile(path='C:\\Users\\keylogger\\AppData\\Local\\Packages\\Microsoft.Windows.Search_cw5n1h2txyewy\\LocalState\\EBWebView\\Default\\Network\\Trust Tokens', fd=-1), popenfile(path='C:\\Users\\keylogger\\AppData\\Local\\Packages\\Microsoft.Windows.Search_cw5n1h2txyewy\\LocalState\\EBWebView\\Default\\Network\\Reporting and NEL', fd=-1), popenfile(path='C:\\Users\\keylogger\\AppData\\Local\\Packages\\Microsoft.Windows.Search_cw5n1h2txyewy\\LocalState\\EBWebView\\Default\\Cache\\Cache_Data\\index', fd=-1), popenfile(path='C:\\Program Files (x86)\\Microsoft\\EdgeWebView\\Application\\142.0.3595.69\\msedge_200_percent.pak', fd=-1), popenfile(path='C:\\Users\\keylogger\\AppData\\Local\\Packages\\Microsoft.Windows.Search_cw5n1h2txyewy\\LocalState\\EBWebView\\Default\\Network\\Cookies', fd=-1), popenfile(path='C:\\Users\\keylogger\\AppData\\Local\\Packages\\Microsoft.Windows.Search_cw5n1h2txyewy\\LocalState\\EBWebView\\Default\\Safe Browsing Network\\Safe Browsing Cookies', fd=-1), popenfile(path='C:\\Program Files (x86)\\Microsoft\\EdgeWebView\\Application\\142.0.3595.69\\v8_context_snapshot.bin', fd=-1), popenfile(path='C:\\Users\\keylogger\\AppData\\Local\\Packages\\Microsoft.Windows.Search_cw5n1h2txyewy\\LocalState\\EBWebView\\Default\\Cache\\Cache_Data\\data_1', fd=-1), popenfile(path='C:\\Users\\keylogger\\AppData\\Local\\Packages\\Microsoft.Windows.Search_cw5n1h2txyewy\\LocalState\\EBWebView\\Default\\Cache\\Cache_Data\\data_2', fd=-1), popenfile(path='C:\\Users\\keylogger\\AppData\\Local\\Packages\\Microsoft.Windows.Search_cw5n1h2txyewy\\LocalState\\EBWebView\\Default\\Shared Dictionary\\db', fd=-1), popenfile(path='C:\\Program Files (x86)\\Microsoft\\EdgeWebView\\Application\\142.0.3595.69\\Locales\\en-US.pak', fd=-1), popenfile(path='C:\\Users\\keylogger\\AppData\\Local\\Packages\\Microsoft.Windows.Search_cw5n1h2txyewy\\LocalState\\EBWebView\\Default\\Cache\\Cache_Data\\data_0', fd=-1)]",C:\Program Files (x86)\Microsoft\EdgeWebView\Application\142.0.3595.69\msedgewebview2.exe,351,msedgewebview2.exe,6728,0.0,22,"['C:\\Program Files (x86)\\Microsoft\\EdgeWebView\\Application\\142.0.3595.69\\msedgewebview2.exe', '--type=utility', '--utility-sub-type=network.mojom.NetworkService', '--lang=en-US', '--service-sandbox-type=none', '--noerrdialogs', '--user-data-dir=C:\\Users\\keylogger\\AppData\\Local\\Packages\\Microsoft.Windows.Search_cw5n1h2txyewy\\LocalState\\EBWebView', '--webview-exe-name=SearchApp.exe', '--webview-exe-version=10.0.19041.6282', '--embedded-browser-webview=1', '--startup-read-main-dll', '--metrics-shmem-handle=2200,i,2252865742113748090,11968586031112061283,524288', '--field-trial-handle=1936,i,2534396607517605442,16715881984632097342,262144', '--enable-features=ForceSWDCompWhenDCompFallbackRequired,LocalNetworkAccessForFencedFrameNavigationsWarningOnly,LocalNetworkAccessForNavigationsWarningOnly,LocalNetworkAccessForSubframeNavigationsWarningOnly,LocalNetworkAccessForWorkersWarningOnly,msAggressiveCacheTrimming,msCustomDataPartition,msEmbeddedBrowserVisualHosting,msWebView2NoTabForScreenShare,msWebViewAppLifeCycleWorkaround', '--disable-features=BackForwardCache,BackgroundTabLoadingFromPerformanceManager,CloseOmniboxPopupOnInactiveAreaClick,CollectAVProductsInfo,CollectCodeIntegrityInfo,DeferSpeculativeRFHCreation,EnableHangWatcher,FilterAdsOnAbusiveSites,GetWifiProtocol,LoginDetection,MediaFoundationCameraUsageMonitoring,PreconnectToSearch,PreloadingEagerHeuristics,SafetyHub,SegmentationPlatform,ServiceWorkerAutoPreload,SpareRendererForSitePerProcess,Ukm,WebPayments,msAITrackerClassification,msAbydosForWindowlessWV2,msAffirmVirtualCard,msAllowChromeWebstore,msAllowMSAPrtSSOForNonMSAProfile,msApplicationGuard,msAskBeforeClosingMultipleTabs,msAutoToggleAADPrtSSOForNonAADProfile,msAutofillEdgeServiceRequest,msAutofillEnableEdgeSuggestions,msAutomaticTabFreeze,msBrowserSettingsSupported,msCoarseGeolocationService,msDataProtection,msDesktopMode,msDesktopRewards,msDisableVariationsSeedFetchThrottling,msEEProactiveHistory,msETFOffstoreExtensionFileDataCollection,msETFPasswordTheftDNRActionSignals,msEdgeAdPlatformUI,msEdgeAddWebCapturetoCollections,msEdgeAutofillShowDeployedPassword,msEdgeCaptureSelectionInPDF,msEdgeCloudConfigService,msEdgeCloudConfigServiceV2,msEdgeCohorts,msEdgeCollectionsPrismExperiment1,msEdgeCollectionsPrismOverallMigration,msEdgeComposeNext,msEdgeEnableNurturingFramework,msEdgeEnclavePrefsBasic,msEdgeEnclavePrefsNotification,msEdgeFaviconService,msEdgeHJTelemetry,msEdgeHubAppSkype,msEdgeImageEditorUI,msEdgeLinkDoctor,msEdgeMouseGestureDefaultEnabled,msEdgeMouseGestureSupported,msEdgeNewDeviceFre,msEdgeOnRampFRE,msEdgeOnRampImport,msEdgePDFCMHighlightUX,msEdgePasswordIris,msEdgePasswordIrisSaveBubble,msEdgePasswordStrengthCheck,msEdgePinpointFramework,msEdgeProngPersonalization,msEdgeReadingView,msEdgeRose,msEdgeScreenshotUI,msEdgeSendTabToSelf,msEdgeSettingsImport,msEdgeSettingsImportV2,msEdgeShoppingPersistentStorage,msEdgeShoppingUI,msEdgeSmartFind,msEdgeSuperDragDefaultEnabled,msEdgeSuperDragDropSupported,msEdgeTranslate,msEdgeUpdatesMoreMenuPill,msEdgeWebCapture,msEdgeWebCaptureUniformExperience,msEdgeWebContentFilteringFeedback,msEdgeWorkSearchBanner,msEnableCustomJobMemoryLimitsOnXbox,msEnableMIPForPDF,msEnablePdfUpsell,msEnableThirdPartyScanning,msEnableWebSignInCta,msEnableWebToBrowserSignIn,msEndpointDlp,msEntityExtraction,msExtensionTelemetryFramework,msExternalTaskManager,msFileSystemAccessDirectoryIterationBlocklistCheck,msForceBrowserSignIn,msForeignSessionsPage,msGeolocationAccessService,msGeolocationOSLocationPermissionFallback,msGeolocationSQMService,msGeolocationService,msGrowthInfraLaunchSourceLogging,msGuidedSwitchAllowed,msHubPinPersist,msImplicitSignin,msIrm,msIrmv2,msKlarnaVirtualCard,msLlmConsumerDlpPurview,msLoadStatistics,msLogIsEdgePinnedToTaskbarOnLaunch,msMIPCrossTenantPdfViewSupport,msMdatpWebSiteDlp,msNotificationPermissionForPWA,msNumberOfSitesToPin,msNurturingGlobalSitePinningOnCloseModal,msNurturingSitePinningCITopSites,msNurturingSitePinningWithWindowsConsent,msOnHoverSearchInSidebar,msOpenOfficeDocumentsInWebViewer,msPageInteractionRestrictionRevoke,msPasswordBreachDetection,msPdfAnnotationsVisibility,msPdfDataRecovery,msPdfDigitalSignatureRead,msPdfFreeText,msPdfFreeTextForCJK,msPdfHighlightMode,msPdfInking,msPdfKeyphraseSupport,msPdfOOUI,msPdfPopupMarkerRenderer,msPdfShare,msPdfSharedLibrary,msPdfTextNote,msPdfTextNoteMoreMenu,msPdfThumbnailCache,msPdfUnderside,msPdfViewRestore,msPersonalizationUMA,msPriceComparison,msPrintInWebView2,msPromptDefaultHandlerForPDF,msReactiveSearch,msReadAloud,msReadAloudPdf,msRedirectToShoreline,msRevokeExtensions,msSaasDlp,msShoppingTrigger,msShorelineSearch,msShorelineSearchFindOnPageWebUI,msShowOfflineGameEntrance,msShowReadAloudIconInAddressBar,msShowUXForAADPrtSSOForNonAADProfile,msSitePinningWithoutUi,msSuspendMessageForNewSessionWhenHavingPendingNavigation,msSyncEdgeCollections,msTabResourceStats,msTokenizationAutofillInlineEnabled,msTouchMode,msTriggeringSignalGenerator,msUserUnderstanding,msVideoSuperResolutionUI,msWalletBuyNow,msWalletCheckout,msWalletDiagnosticDataLogger,msWalletHubEntry,msWalletHubIntlP3,msWalletPartialCard,msWalletPasswordCategorization,msWalletPasswordCategorizationPlatformExpansion,msWalletTokenizationCardMetadata,msWalletTokenizedAutofill,msWebAssist,msWebAssistHistorySearchService,msWebOOUI,msWindowsTaskManager,msWindowsUserActivities,msZipPayVirtualCard', '--variations-seed-version', '--trace-process-track-uuid=3190708989122997041', '--mojo-platform-channel-handle=2204', '/prefetch:3']",32.0,0.5986647372542885,236,195,1497890,74291,0.09375,0.15625,1290,0,24.515625,11.3671875,benign
"[popenfile(path='C:\\Windows\\System32\\en-US\\Conhost.exe.mui', fd=-1)]",C:\Windows\System32\conhost.exe,111,conhost.exe,6936,0.0,2,"['\\??\\C:\\Windows\\system32\\conhost.exe', '0x4']",32.0,0.1296343814417747,0,0,0,0,0.03125,0.015625,411,0,5.30859375,6.1640625,benign
,C:\Windows\System32\svchost.exe,220,svchost.exe,6952,0.0,3,,,0.2779651122305603,3,0,6464,0,0.984375,1.609375,136,0,11.3828125,2.66015625,benign
"[popenfile(path='C:\\Windows\\System32\\en-US\\windows.storage.dll.mui', fd=-1), popenfile(path='C:\\Windows\\System32\\en-US\\shell32.dll.mui', fd=-1), popenfile(path='C:\\Windows\\System32\\en-US\\Windows.Storage.Search.dll.mui', fd=-1), popenfile(path='C:\\Windows\\System32\\en-US\\propsys.dll.mui', fd=-1), popenfile(path='C:\\Windows\\Registration\\R000000000006.clb', fd=-1)]",C:\Windows\System32\RuntimeBroker.exe,319,RuntimeBroker.exe,7072,0.0,2,"['C:\\Windows\\System32\\RuntimeBroker.exe', '-Embedding']",32.0,0.5147219442677088,798,8,312748,128,0.515625,0.71875,233,0,21.078125,6.66015625,benign
[],C:\Windows\System32\cmd.exe,141,cmd.exe,7128,0.0,3,"['cmd', '/k', 'python', '.\\keylogger.py']",32.0,0.1888712842198042,0,0,0,0,0.0,0.0,131,0,7.734375,4.7265625,benign
"[popenfile(path='C:\\Windows\\Temp\\vmware-vmusr-keylogger.log', fd=-1), popenfile(path='C:\\Windows\\System32\\en-US\\msxml6r.dll.mui', fd=-1), popenfile(path='C:\\Windows\\System32\\en-US\\shell32.dll.mui', fd=-1), popenfile(path='C:\\Windows\\System32\\en-US\\crypt32.dll.mui', fd=-1), popenfile(path='C:\\Windows\\System32\\en-US\\KernelBase.dll.mui', fd=-1), popenfile(path='C:\\Windows\\Registration\\R000000000006.clb', fd=-1)]",C:\Program Files\VMware\VMware Tools\vmtoolsd.exe,451,vmtoolsd.exe,7212,0.0,7,"['C:\\Program Files\\VMware\\VMware Tools\\vmtoolsd.exe', '-n', 'vmusr']",32.0,0.6371067208606426,1506,163,5853575,14832,7.84375,2.84375,93376,0,26.08984375,17.79296875,benign
"[popenfile(path='C:\\Windows\\System32\\en-US\\mswsock.dll.mui', fd=-1)]",C:\Users\keylogger\AppData\Local\Programs\Microsoft VS Code\Code.exe,252,Code.exe,7240,0.0,7,"['C:\\Users\\keylogger\\AppData\\Local\\Programs\\Microsoft VS Code\\Code.exe', '--type=crashpad-handler', '--user-data-dir=C:\\Users\\keylogger\\AppData\\Roaming\\Code', '/prefetch:4', '--no-rate-limit', '--monitor-self-annotation=ptype=crashpad-handler', '--database=C:\\Users\\keylogger\\AppData\\Roaming\\Code\\Crashpad', '--url=appcenter://code?aid=a4e3233c-699c-46ec-b4f4-9c2a77254662&uid=627f84cc-401f-4f65-94fa-5c8e364bc821&iid=627f84cc-401f-4f65-94fa-5c8e364bc821&sid=627f84cc-401f-4f65-94fa-5c8e364bc821', '--annotation=_companyName=Microsoft', '--annotation=_productName=VSCode', '--annotation=_version=1.105.1', '--annotation=plat=Win64', '--annotation=prod=Electron', '--annotation=ver=37.6.0', '--initial-client-data=0x458,0x45c,0x460,0x438,0x464,0x7ff6d29b6ce4,0x7ff6d29b6cf0,0x7ff6d29b6d00']",32.0,0.6888078501773768,18,17,5241,204,0.046875,0.03125,706,0,28.20703125,10.4375,benign
"[popenfile(path='C:\\Users\\keylogger\\AppData\\Local\\Programs\\Microsoft VS Code\\icudtl.dat', fd=-1), popenfile(path='C:\\Windows\\System32\\en-US\\mswsock.dll.mui', fd=-1)]",C:\Users\keylogger\AppData\Local\Programs\Microsoft VS Code\Code.exe,341,Code.exe,7368,0.0,16,"['C:\\Users\\keylogger\\AppData\\Local\\Programs\\Microsoft VS Code\\Code.exe', '--type=gpu-process', '--user-data-dir=C:\\Users\\keylogger\\AppData\\Roaming\\Code', '--gpu-preferences=UAAAAAAAAADgAAAEAAAAAAAAAAAAAAAAAABgAAEAAAAAAAAAAAAAAAAAAAACAAAAAAAAAAAAAAAAAAAAAAAAABAAAAAAAAAAEAAAAAAAAAAIAAAAAAAAAAgAAAAAAAAA', '--field-trial-handle=1764,i,2992125270083613785,17152386301730894539,262144', '--enable-features=DocumentPolicyIncludeJSCallStacksInCrashReports,EarlyEstablishGpuChannel,EnableTransparentHwndEnlargement,EstablishGpuChannelAsync', '--disable-features=CalculateNativeWinOcclusion,FontationsLinuxSystemFonts,ScreenAIOCREnabled,SpareRendererForSitePerProcess,WinDelaySpellcheckServiceInit', '--variations-seed-version', '--mojo-platform-channel-handle=1760', '/prefetch:2']",32768.0,3.3689676848863863,132218,119410,1190782664,13716728,45.796875,111.234375,1134008,0,137.9609375,146.76171875,benign
"[popenfile(path='C:\\Users\\keylogger\\AppData\\Local\\Programs\\Microsoft VS Code\\icudtl.dat', fd=-1), popenfile(path='C:\\Users\\keylogger\\AppData\\Local\\Programs\\Microsoft VS Code\\locales\\en-US.pak', fd=-1), popenfile(path='C:\\Users\\keylogger\\AppData\\Local\\Programs\\Microsoft VS Code\\v8_context_snapshot.bin', fd=-1), popenfile(path='C:\\Users\\keylogger\\AppData\\Roaming\\Code\\Cache\\Cache_Data\\data_0', fd=-1), popenfile(path='C:\\Windows\\System32\\en-US\\mswsock.dll.mui', fd=-1), popenfile(path='C:\\Users\\keylogger\\AppData\\Local\\Programs\\Microsoft VS Code\\chrome_200_percent.pak', fd=-1), popenfile(path='C:\\Users\\keylogger\\AppData\\Roaming\\Code\\Cache\\Cache_Data\\data_3', fd=-1), popenfile(path='C:\\Users\\keylogger\\AppData\\Roaming\\Code\\Cache\\Cache_Data\\data_2', fd=-1), popenfile(path='C:\\Users\\keylogger\\AppData\\Local\\Programs\\Microsoft VS Code\\resources.pak', fd=-1), popenfile(path='C:\\Users\\keylogger\\AppData\\Roaming\\Code\\Network\\Cookies', fd=-1), popenfile(path='C:\\Users\\keylogger\\AppData\\Roaming\\Code\\Cache\\Cache_Data\\index', fd=-1), popenfile(path='C:\\Users\\keylogger\\AppData\\Local\\Programs\\Microsoft VS Code\\chrome_100_percent.pak', fd=-1), popenfile(path='C:\\Users\\keylogger\\AppData\\Roaming\\Code\\Cache\\Cache_Data\\data_1', fd=-1), popenfile(path='C:\\Windows\\Registration\\R000000000006.clb', fd=-1), popenfile(path='C:\\Users\\keylogger\\AppData\\Roaming\\Code\\Shared Dictionary\\db', fd=-1), popenfile(path='C:\\Users\\keylogger\\AppData\\Roaming\\Code\\Network\\Trust Tokens', fd=-1)]",C:\Users\keylogger\AppData\Local\Programs\Microsoft VS Code\Code.exe,330,Code.exe,7400,0.0,14,"['C:\\Users\\keylogger\\AppData\\Local\\Programs\\Microsoft VS Code\\Code.exe', '--type=utility', '--utility-sub-type=network.mojom.NetworkService', '--lang=en-US', '--service-sandbox-type=none', '--user-data-dir=C:\\Users\\keylogger\\AppData\\Roaming\\Code', '--standard-schemes=vscode-webview,vscode-file', '--enable-sandbox', '--secure-schemes=vscode-webview,vscode-file', '--cors-schemes=vscode-webview,vscode-file', '--fetch-schemes=vscode-webview,vscode-file', '--service-worker-schemes=vscode-webview', '--code-cache-schemes=vscode-webview,vscode-file', '--field-trial-handle=1764,i,2992125270083613785,17152386301730894539,262144', '--enable-features=DocumentPolicyIncludeJSCallStacksInCrashReports,EarlyEstablishGpuChannel,EnableTransparentHwndEnlargement,EstablishGpuChannelAsync', '--disable-features=CalculateNativeWinOcclusion,FontationsLinuxSystemFonts,ScreenAIOCREnabled,SpareRendererForSitePerProcess,WinDelaySpellcheckServiceInit', '--variations-seed-version', '--mojo-platform-channel-handle=2012', '/prefetch:3']",32.0,1.0027348180396878,774,1384,3201150,725576,0.421875,0.453125,19458,0,41.0625,13.0,benign
"[popenfile(path='C:\\Windows\\System32\\en-US\\KernelBase.dll.mui', fd=-1), popenfile(path='C:\\Windows\\System32\\WinMetadata\\Windows.UI.winmd', fd=-1), popenfile(path='C:\\Windows\\Registration\\R000000000006.clb', fd=-1), popenfile(path='C:\\Windows\\Fonts\\segoeui.ttf', fd=-1)]",C:\Windows\SystemApps\MicrosoftWindows.Client.CBS_cw5n1h2txyewy\TextInputHost.exe,532,TextInputHost.exe,7616,0.0,11,"['C:\\Windows\\SystemApps\\MicrosoftWindows.Client.CBS_cw5n1h2txyewy\\TextInputHost.exe', '-ServerName:InputApp.AppXk0k6mrh4r2q0ct33a9wgbez0x7v9cz5y.mca']",32.0,0.9030527513681245,2,0,27638,0,0.890625,0.875,22084,0,36.98046875,12.46484375,benign
"[popenfile(path='C:\\Users\\keylogger\\AppData\\Local\\Programs\\Microsoft VS Code\\icudtl.dat', fd=-1), popenfile(path='C:\\Windows\\Fonts\\arialbi.ttf', fd=-1), popenfile(path='C:\\Windows\\Fonts\\pala.ttf', fd=-1), popenfile(path='C:\\Windows\\Fonts\\courbd.ttf', fd=-1), popenfile(path='C:\\Users\\keylogger\\AppData\\Local\\Programs\\Microsoft VS Code\\chrome_200_percent.pak', fd=-1), popenfile(path='C:\\Windows\\Fonts\\segoeuisl.ttf', fd=-1), popenfile(path='C:\\Windows\\Fonts\\seguibli.ttf', fd=-1), popenfile(path='C:\\Windows\\Fonts\\timesbd.ttf', fd=-1), popenfile(path='C:\\Windows\\Fonts\\courbi.ttf', fd=-1), popenfile(path='C:\\Users\\keylogger\\AppData\\Local\\Temp\\856250fd-ba81-43c2-b944-17ef54f34b31.tmp', fd=-1), popenfile(path='C:\\Windows\\Fonts\\msyhl.ttc', fd=-1), popenfile(path='C:\\Windows\\Fonts\\tahoma.ttf', fd=-1), popenfile(path='C:\\Windows\\Fonts\\seguisbi.ttf', fd=-1), popenfile(path='C:\\Windows\\Fonts\\ariali.ttf', fd=-1), popenfile(path='C:\\Windows\\Fonts\\seguili.ttf', fd=-1), popenfile(path='C:\\Users\\keylogger\\AppData\\Local\\Programs\\Microsoft VS Code\\locales\\en-US.pak', fd=-1), popenfile(path='C:\\Windows\\Fonts\\timesbi.ttf', fd=-1), popenfile(path='C:\\Windows\\Fonts\\arialbd.ttf', fd=-1), popenfile(path='C:\\Windows\\Fonts\\consolab.ttf', fd=-1), popenfile(path='C:\\Windows\\Fonts\\msyhbd.ttc', fd=-1), popenfile(path='C:\\Windows\\Fonts\\palabi.ttf', fd=-1), popenfile(path='C:\\Users\\keylogger\\AppData\\Local\\Programs\\Microsoft VS Code\\chrome_100_percent.pak', fd=-1), popenfile(path='C:\\Windows\\Fonts\\seguibl.ttf', fd=-1), popenfile(path='C:\\Windows\\Fonts\\segoeui.ttf', fd=-1), popenfile(path='C:\\Users\\keylogger\\AppData\\Local\\Programs\\Microsoft VS Code\\v8_context_snapshot.bin', fd=-1), popenfile(path='C:\\Windows\\Fonts\\consolai.ttf', fd=-1), popenfile(path='C:\\Windows\\Fonts\\timesi.ttf', fd=-1), popenfile(path='C:\\Windows\\Fonts\\cambria.ttc', fd=-1), popenfile(path='C:\\Windows\\Fonts\\arial.ttf', fd=-1), popenfile(path='C:\\Windows\\Fonts\\tahomabd.ttf', fd=-1), popenfile(path='C:\\Users\\keylogger\\AppData\\Local\\Programs\\Microsoft VS Code\\resources.pak', fd=-1), popenfile(path='C:\\Windows\\Fonts\\ariblk.ttf', fd=-1), popenfile(path='C:\\Windows\\Fonts\\palai.ttf', fd=-1), popenfile(path='C:\\Windows\\Fonts\\cour.ttf', fd=-1), popenfile(path='C:\\Windows\\Fonts\\l_10646.ttf', fd=-1), popenfile(path='C:\\Windows\\Fonts\\couri.ttf', fd=-1), popenfile(path='C:\\Windows\\Fonts\\micross.ttf', fd=-1), popenfile(path='C:\\Windows\\Fonts\\segoeuib.ttf', fd=-1), popenfile(path='C:\\Windows\\Fonts\\segoeuil.ttf', fd=-1), popenfile(path='C:\\Windows\\Fonts\\msyh.ttc', fd=-1), popenfile(path='C:\\Windows\\Fonts\\msgothic.ttc', fd=-1), popenfile(path='C:\\Windows\\Fonts\\segoeuiz.ttf', fd=-1), popenfile(path='C:\\Windows\\System32\\en-US\\mswsock.dll.mui', fd=-1), popenfile(path='C:\\Windows\\Fonts\\times.ttf', fd=-1), popenfile(path='C:\\Windows\\Fonts\\consolaz.ttf', fd=-1), popenfile(path='C:\\Windows\\Fonts\\palab.ttf', fd=-1), popenfile(path='C:\\Windows\\Fonts\\consola.ttf', fd=-1), popenfile(path='C:\\Windows\\Fonts\\segoeuii.ttf', fd=-1), popenfile(path='C:\\Windows\\Fonts\\seguisb.ttf', fd=-1), popenfile(path='C:\\Windows\\Fonts\\seguisli.ttf', fd=-1)]",C:\Users\keylogger\AppData\Local\Programs\Microsoft VS Code\Code.exe,451,Code.exe,7680,0.0,14,"['C:\\Users\\keylogger\\AppData\\Local\\Programs\\Microsoft VS Code\\Code.exe', '--type=renderer', '--user-data-dir=C:\\Users\\keylogger\\AppData\\Roaming\\Code', '--standard-schemes=vscode-webview,vscode-file', '--enable-sandbox', '--secure-schemes=vscode-webview,vscode-file', '--cors-schemes=vscode-webview,vscode-file', '--fetch-schemes=vscode-webview,vscode-file', '--service-worker-schemes=vscode-webview', '--code-cache-schemes=vscode-webview,vscode-file', '--app-user-model-id=Microsoft.VisualStudioCode', '--app-path=C:\\Users\\keylogger\\AppData\\Local\\Programs\\Microsoft VS Code\\resources\\app', '--enable-sandbox', '--enable-blink-features=HighlightAPI', '--disable-blink-features=FontMatchingCTMigration,StandardizedBrowserZoom,', '--video-capture-use-gpu-memory-buffer', '--lang=en-US', '--device-scale-factor=1', '--num-raster-threads=1', '--renderer-client-id=5', '--time-ticks-at-unix-epoch=-1762966986880537', '--launch-time-ticks=86627857', '--field-trial-handle=1764,i,2992125270083613785,17152386301730894539,262144', '--enable-features=DocumentPolicyIncludeJSCallStacksInCrashReports,EarlyEstablishGpuChannel,EnableTransparentHwndEnlargement,EstablishGpuChannelAsync', '--disable-features=CalculateNativeWinOcclusion,FontationsLinuxSystemFonts,ScreenAIOCREnabled,SpareRendererForSitePerProcess,WinDelaySpellcheckServiceInit', '--variations-seed-version', '--mojo-platform-channel-handle=3340', '--vscode-window-config=vscode:09292eed-df22-4e25-bd20-6dbfc3ae358c', '/prefetch:1']",32.0,5.691893701715008,56743,47012,67130157,411633050,48.359375,8.734375,436793,0,233.0859375,215.9296875,benign
"[popenfile(path='C:\\Windows\\SysWOW64\\en-US\\urlmon.dll.mui', fd=-1), popenfile(path='C:\\Users\\keylogger\\AppData\\Local\\Microsoft\\OneDrive\\21.220.1024.0005\\en\\FileSync.LocalizedResources.dll.mui', fd=-1), popenfile(path='C:\\Users\\keylogger\\AppData\\Local\\Microsoft\\OneDrive\\setup\\logs\\Update_2025-11-12_170450_7744-7748.log', fd=-1), popenfile(path='C:\\Windows\\SysWOW64\\ieframe.dll', fd=-1), popenfile(path='C:\\Windows\\System32\\en-US\\ieframe.dll.mui', fd=-1), popenfile(path='C:\\Windows\\System32\\en-US\\Windows.Security.Authentication.Web.Core.dll.mui', fd=-1), popenfile(path='C:\\Users\\keylogger\\AppData\\Local\\Microsoft\\OneDrive\\logs\\Personal\\SyncEngine-2025-11-12.1704.7744.1.aodl', fd=-1), popenfile(path='C:\\Windows\\System32\\en-US\\KernelBase.dll.mui', fd=-1), popenfile(path='C:\\Windows\\SystemResources\\ieframe.dll.mun', fd=-1), popenfile(path='C:\\Windows\\System32\\en-US\\propsys.dll.mui', fd=-1), popenfile(path='C:\\Windows\\Registration\\R000000000006.clb', fd=-1)]",C:\Users\keylogger\AppData\Local\Microsoft\OneDrive\OneDrive.exe,603,OneDrive.exe,7744,0.0,18,"['C:\\Users\\keylogger\\AppData\\Local\\Microsoft\\OneDrive\\OneDrive.exe', '/background']",32.0,1.1563119733901346,211,2652,814695,539767,0.59375,1.4375,21083,0,47.3515625,15.5703125,benign
[],C:\Windows\System32\cmd.exe,141,cmd.exe,7876,0.0,3,"['cmd', '/k', 'python', '.\\keylogger.py']",32.0,0.18858511560734997,0,0,0,0,0.015625,0.03125,320,0,7.72265625,4.71484375,benign
,C:\Windows\System32\svchost.exe,304,svchost.exe,8020,0.0,7,,,0.37049296359076744,5,2,100851,8192,0.140625,0.234375,87,0,15.171875,4.48828125,benign
"[popenfile(path='C:\\Windows\\Microsoft.NET\\assembly\\GAC_MSIL\\System\\v4.0_4.0.0.0__b77a5c561934e089\\System.dll', fd=-1), popenfile(path='C:\\Windows\\Microsoft.NET\\assembly\\GAC_MSIL\\System.Management\\v4.0_4.0.0.0__b03f5f7f11d50a3a\\System.Management.dll', fd=-1), popenfile(path='C:\\Windows\\Microsoft.NET\\assembly\\GAC_MSIL\\Microsoft.PowerShell.Commands.Utility\\v4.0_3.0.0.0__31bf3856ad364e35\\Microsoft.PowerShell.Commands.Utility.dll', fd=-1), popenfile(path='C:\\Windows\\Microsoft.NET\\assembly\\GAC_MSIL\\Microsoft.PowerShell.Security\\v4.0_3.0.0.0__31bf3856ad364e35\\Microsoft.PowerShell.Security.dll', fd=-1), popenfile(path='C:\\Program Files\\WindowsPowerShell\\Modules\\PSReadline\\2.0.0\\Microsoft.PowerShell.PSReadline.dll', fd=-1), popenfile(path='C:\\Windows\\Microsoft.NET\\assembly\\GAC_MSIL\\System.Management.Automation\\v4.0_3.0.0.0__31bf3856ad364e35\\System.Management.Automation.dll', fd=-1), popenfile(path='C:\\Windows\\Microsoft.NET\\assembly\\GAC_MSIL\\System.Configuration\\v4.0_4.0.0.0__b03f5f7f11d50a3a\\System.Configuration.dll', fd=-1), popenfile(path='C:\\Windows\\Microsoft.NET\\assembly\\GAC_MSIL\\System.Numerics\\v4.0_4.0.0.0__b77a5c561934e089\\System.Numerics.dll', fd=-1), popenfile(path='C:\\Windows\\Microsoft.NET\\assembly\\GAC_MSIL\\Microsoft.CSharp\\v4.0_4.0.0.0__b03f5f7f11d50a3a\\Microsoft.CSharp.dll', fd=-1), popenfile(path='C:\\Windows\\System32\\en-US\\winnlsres.dll.mui', fd=-1), popenfile(path='C:\\Windows\\Microsoft.NET\\assembly\\GAC_MSIL\\System.DirectoryServices\\v4.0_4.0.0.0__b03f5f7f11d50a3a\\System.DirectoryServices.dll', fd=-1), popenfile(path='C:\\Windows\\System32\\en-US\\KernelBase.dll.mui', fd=-1), popenfile(path='C:\\Windows\\Microsoft.NET\\assembly\\GAC_64\\System.Data\\v4.0_4.0.0.0__b77a5c561934e089\\System.Data.dll', fd=-1), popenfile(path='C:\\Windows\\System32\\en-US\\crypt32.dll.mui', fd=-1), popenfile(path='C:\\Windows\\System32\\WindowsPowerShell\\v1.0\\en-US\\powershell.exe.mui', fd=-1), popenfile(path='C:\\Windows\\Microsoft.NET\\assembly\\GAC_MSIL\\System.Xml\\v4.0_4.0.0.0__b77a5c561934e089\\System.XML.dll', fd=-1), popenfile(path='C:\\Windows\\Microsoft.NET\\assembly\\GAC_64\\System.Transactions\\v4.0_4.0.0.0__b77a5c561934e089\\System.Transactions.dll', fd=-1), popenfile(path='C:\\Windows\\Microsoft.NET\\assembly\\GAC_MSIL\\Microsoft.PowerShell.ConsoleHost\\v4.0_3.0.0.0__31bf3856ad364e35\\Microsoft.PowerShell.ConsoleHost.dll', fd=-1), popenfile(path='C:\\Windows\\Microsoft.NET\\assembly\\GAC_MSIL\\Microsoft.Management.Infrastructure\\v4.0_1.0.0.0__31bf3856ad364e35\\Microsoft.Management.Infrastructure.dll', fd=-1), popenfile(path='C:\\Windows\\Microsoft.NET\\assembly\\GAC_MSIL\\System.Configuration.Install\\v4.0_4.0.0.0__b03f5f7f11d50a3a\\System.Configuration.Install.dll', fd=-1), popenfile(path='C:\\Windows\\Microsoft.NET\\assembly\\GAC_MSIL\\System.Core\\v4.0_4.0.0.0__b77a5c561934e089\\System.Core.dll', fd=-1)]",C:\Windows\System32\WindowsPowerShell\v1.0\powershell.exe,487,powershell.exe,8028,0.0,9,"['C:\\Windows\\System32\\WindowsPowerShell\\v1.0\\powershell.exe', '-noexit', '-command', 'try { . ""c:\\Users\\keylogger\\AppData\\Local\\Programs\\Microsoft VS Code\\resources\\app\\out\\vs\\workbench\\contrib\\terminal\\common\\scripts\\shellIntegration.ps1"" } catch {}']",32.0,1.0055011146267456,176,2,503627,120,5.203125,1.453125,34838,0,41.17578125,50.296875,benign
"[popenfile(path='C:\\Users\\keylogger\\AppData\\Local\\Packages\\Microsoft.Windows.Search_cw5n1h2txyewy\\AppData\\CacheStorage\\CacheStorage.jfm', fd=-1), popenfile(path='C:\\Windows\\System32\\en-US\\ESENT.dll.mui', fd=-1), popenfile(path='C:\\Users\\keylogger\\AppData\\Local\\Microsoft\\Internet Explorer\\CacheStorage\\edb.log', fd=-1), popenfile(path='C:\\Windows\\Registration\\R000000000006.clb', fd=-1), popenfile(path='C:\\Users\\keylogger\\AppData\\Local\\Packages\\Microsoft.Windows.Search_cw5n1h2txyewy\\AppData\\CacheStorage\\CacheStorage.edb', fd=-1)]",C:\Windows\System32\dllhost.exe,260,dllhost.exe,8132,0.0,5,"['C:\\Windows\\system32\\DllHost.exe', '/Processid:{973D20D7-562D-44B9-B70B-5A0F49CCDF3F}']",32.0,0.28054062974264854,96,160,6290966,3862528,0.09375,0.203125,627,0,11.48828125,3.11328125,benign
"[popenfile(path='C:\\Windows\\System32\\en-US\\KernelBase.dll.mui', fd=-1), popenfile(path='C:\\Windows\\System32\\en-US\\winhttp.dll.mui', fd=-1)]",C:\Program Files\WindowsApps\PythonSoftwareFoundation.PythonManager_25.0.240.0_x64__3847v3x7pw1km\python.exe,158,python.exe,8160,0.0,3,"['C:\\Users\\keylogger\\AppData\\Local\\Microsoft\\WindowsApps\\python.exe', '.\\generate_data.py']",32.0,0.29074731025351674,64,0,7188093,0,0.0625,0.03125,85,0,11.90625,4.5703125,benign
,C:\Windows\System32\Taskmgr.exe,787,Taskmgr.exe,8220,0.0,20,"['C:\\Windows\\system32\\taskmgr.exe', '/7']",32.0,1.4435298707567157,673,3,1148877,168,37.40625,53.046875,572512,0,59.11328125,31.55859375,benign
"[popenfile(path='C:\\Users\\keylogger\\AppData\\Local\\Programs\\Microsoft VS Code\\icudtl.dat', fd=-1), popenfile(path='C:\\Users\\keylogger\\AppData\\Local\\Programs\\Microsoft VS Code\\locales\\en-US.pak', fd=-1), popenfile(path='C:\\Users\\keylogger\\AppData\\Local\\Programs\\Microsoft VS Code\\v8_context_snapshot.bin', fd=-1), popenfile(path='C:\\Users\\keylogger\\AppData\\Roaming\\Code\\logs\\20251112T120431\\window3\\exthost\\vscode.github-authentication\\GitHub Authentication.log', fd=-1), popenfile(path='C:\\Windows\\System32\\en-US\\mswsock.dll.mui', fd=-1), popenfile(path='C:\\Users\\keylogger\\AppData\\Roaming\\Code\\logs\\20251112T120431\\window3\\exthost\\vscode.git\\Git.log', fd=-1), popenfile(path='C:\\Users\\keylogger\\AppData\\Local\\Programs\\Microsoft VS Code\\chrome_200_percent.pak', fd=-1), popenfile(path='C:\\Users\\keylogger\\AppData\\Roaming\\Code\\logs\\20251112T120431\\window3\\exthost\\vscode.github\\GitHub.log', fd=-1), popenfile(path='C:\\Users\\keylogger\\AppData\\Roaming\\Code\\logs\\20251112T120431\\window3\\exthost\\ms-python.python\\Python Language Server.log', fd=-1), popenfile(path='C:\\Users\\keylogger\\AppData\\Roaming\\Code\\logs\\20251112T120431\\window3\\exthost\\ms-python.vscode-python-envs\\Python Environments.log', fd=-1), popenfile(path='C:\\Users\\keylogger\\AppData\\Local\\Programs\\Microsoft VS Code\\resources.pak', fd=-1), popenfile(path='C:\\Users\\keylogger\\AppData\\Roaming\\Code\\logs\\20251112T120431\\window3\\exthost\\extHostTelemetry.log', fd=-1), popenfile(path='C:\\Users\\keylogger\\AppData\\Local\\Programs\\Microsoft VS Code\\chrome_100_percent.pak', fd=-1), popenfile(path='C:\\Windows\\System32\\en-US\\KernelBase.dll.mui', fd=-1), popenfile(path='C:\\Users\\keylogger\\AppData\\Roaming\\Code\\logs\\20251112T120431\\window3\\exthost\\ms-python.python\\Python.log', fd=-1), popenfile(path='C:\\Windows\\Registration\\R000000000006.clb', fd=-1), popenfile(path='C:\\Users\\keylogger\\AppData\\Roaming\\Code\\logs\\20251112T120431\\window3\\exthost\\exthost.log', fd=-1), popenfile(path='C:\\Users\\keylogger\\AppData\\Roaming\\Code\\logs\\20251112T120431\\window3\\exthost\\ms-python.debugpy\\Python Debugger.log', fd=-1)]",C:\Users\keylogger\AppData\Local\Programs\Microsoft VS Code\Code.exe,400,Code.exe,8264,0.0,25,"['C:\\Users\\keylogger\\AppData\\Local\\Programs\\Microsoft VS Code\\Code.exe', '--type=utility', '--utility-sub-type=node.mojom.NodeService', '--lang=en-US', '--service-sandbox-type=none', '--dns-result-order=ipv4first', '--experimental-network-inspection', '--inspect-port=0', '--user-data-dir=C:\\Users\\keylogger\\AppData\\Roaming\\Code', '--standard-schemes=vscode-webview,vscode-file', '--enable-sandbox', '--secure-schemes=vscode-webview,vscode-file', '--cors-schemes=vscode-webview,vscode-file', '--fetch-schemes=vscode-webview,vscode-file', '--service-worker-schemes=vscode-webview', '--code-cache-schemes=vscode-webview,vscode-file', '--field-trial-handle=1764,i,2992125270083613785,17152386301730894539,262144', '--enable-features=DocumentPolicyIncludeJSCallStacksInCrashReports,EarlyEstablishGpuChannel,EnableTransparentHwndEnlargement,EstablishGpuChannelAsync', '--disable-features=CalculateNativeWinOcclusion,FontationsLinuxSystemFonts,ScreenAIOCREnabled,SpareRendererForSitePerProcess,WinDelaySpellcheckServiceInit', '--variations-seed-version', '--mojo-platform-channel-handle=4580', '/prefetch:8']",32.0,3.991002858824438,25455,24960,28179815,101038424,16.203125,6.09375,1414111,0,163.43359375,182.12890625,benign
"[popenfile(path='C:\\Users\\keylogger\\AppData\\Local\\Programs\\Microsoft VS Code\\icudtl.dat', fd=-1), popenfile(path='C:\\Users\\keylogger\\AppData\\Local\\Programs\\Microsoft VS Code\\locales\\en-US.pak', fd=-1), popenfile(path='C:\\Users\\keylogger\\AppData\\Local\\Programs\\Microsoft VS Code\\v8_context_snapshot.bin', fd=-1), popenfile(path='C:\\Windows\\System32\\en-US\\mswsock.dll.mui', fd=-1), popenfile(path='C:\\Users\\keylogger\\AppData\\Roaming\\Code\\logs\\20251112T120431\\window2\\exthost\\ms-python.debugpy\\Python Debugger.log', fd=-1), popenfile(path='C:\\Users\\keylogger\\AppData\\Roaming\\Code\\logs\\20251112T120431\\window2\\exthost\\ms-python.python\\Python.log', fd=-1), popenfile(path='C:\\Users\\keylogger\\AppData\\Local\\Programs\\Microsoft VS Code\\chrome_200_percent.pak', fd=-1), popenfile(path='C:\\Users\\keylogger\\AppData\\Local\\Programs\\Microsoft VS Code\\resources.pak', fd=-1), popenfile(path='C:\\Users\\keylogger\\AppData\\Roaming\\Code\\logs\\20251112T120431\\window2\\exthost\\vscode.git\\Git.log', fd=-1), popenfile(path='C:\\Users\\keylogger\\AppData\\Local\\Programs\\Microsoft VS Code\\chrome_100_percent.pak', fd=-1), popenfile(path='C:\\Users\\keylogger\\AppData\\Roaming\\Code\\logs\\20251112T120431\\window2\\exthost\\ms-python.vscode-python-envs\\Python Environments.log', fd=-1), popenfile(path='C:\\Users\\keylogger\\AppData\\Roaming\\Code\\logs\\20251112T120431\\window2\\exthost\\vscode.github\\GitHub.log', fd=-1), popenfile(path='C:\\Windows\\System32\\en-US\\KernelBase.dll.mui', fd=-1), popenfile(path='C:\\Users\\keylogger\\AppData\\Roaming\\Code\\logs\\20251112T120431\\window2\\exthost\\extHostTelemetry.log', fd=-1), popenfile(path='C:\\Users\\keylogger\\AppData\\Roaming\\Code\\logs\\20251112T120431\\window2\\exthost\\vscode.github-authentication\\GitHub Authentication.log', fd=-1), popenfile(path='C:\\Users\\keylogger\\AppData\\Roaming\\Code\\logs\\20251112T120431\\window2\\exthost\\exthost.log', fd=-1), popenfile(path='C:\\Windows\\Registration\\R000000000006.clb', fd=-1), popenfile(path='C:\\Users\\keylogger\\AppData\\Roaming\\Code\\logs\\20251112T120431\\window2\\exthost\\ms-python.python\\Python Language Server.log', fd=-1)]",C:\Users\keylogger\AppData\Local\Programs\Microsoft VS Code\Code.exe,400,Code.exe,8300,0.0,25,"['C:\\Users\\keylogger\\AppData\\Local\\Programs\\Microsoft VS Code\\Code.exe', '--type=utility', '--utility-sub-type=node.mojom.NodeService', '--lang=en-US', '--service-sandbox-type=none', '--dns-result-order=ipv4first', '--experimental-network-inspection', '--inspect-port=0', '--user-data-dir=C:\\Users\\keylogger\\AppData\\Roaming\\Code', '--standard-schemes=vscode-webview,vscode-file', '--enable-sandbox', '--secure-schemes=vscode-webview,vscode-file', '--cors-schemes=vscode-webview,vscode-file', '--fetch-schemes=vscode-webview,vscode-file', '--service-worker-schemes=vscode-webview', '--code-cache-schemes=vscode-webview,vscode-file', '--field-trial-handle=1764,i,2992125270083613785,17152386301730894539,262144', '--enable-features=DocumentPolicyIncludeJSCallStacksInCrashReports,EarlyEstablishGpuChannel,EnableTransparentHwndEnlargement,EstablishGpuChannelAsync', '--disable-features=CalculateNativeWinOcclusion,FontationsLinuxSystemFonts,ScreenAIOCREnabled,SpareRendererForSitePerProcess,WinDelaySpellcheckServiceInit', '--variations-seed-version', '--mojo-platform-channel-handle=4660', '/prefetch:8']",32.0,3.233419152120557,8606,6383,26195753,25963116,8.171875,1.9375,175988,0,132.41015625,177.90234375,benign
"[popenfile(path='C:\\Program Files (x86)\\Microsoft\\EdgeWebView\\Application\\142.0.3595.69\\icudtl.dat', fd=-1)]",C:\Program Files (x86)\Microsoft\EdgeWebView\Application\142.0.3595.69\msedgewebview2.exe,335,msedgewebview2.exe,8304,0.0,21,"['C:\\Program Files (x86)\\Microsoft\\EdgeWebView\\Application\\142.0.3595.69\\msedgewebview2.exe', '--type=gpu-process', '--noerrdialogs', '--user-data-dir=C:\\Users\\keylogger\\AppData\\Local\\Packages\\Microsoft.Windows.Search_cw5n1h2txyewy\\LocalState\\EBWebView', '--webview-exe-name=SearchApp.exe', '--webview-exe-version=10.0.19041.6282', '--embedded-browser-webview=1', '--no-pre-read-main-dll', '--gpu-preferences=SAAAAAAAAADgAAAEAAAAAAAAAAAAAGAAAQAAAAAAAAAAAAAAAAAAAAIAAAAAAAAAAAAAAAAAAAAQAAAAAAAAABAAAAAAAAAACAAAAAAAAAAIAAAAAAAAAA==', '--startup-read-main-dll', '--metrics-shmem-handle=1768,i,12067501877085310358,17352978525325419801,262144', '--field-trial-handle=1936,i,2534396607517605442,16715881984632097342,262144', '--enable-features=ForceSWDCompWhenDCompFallbackRequired,LocalNetworkAccessForFencedFrameNavigationsWarningOnly,LocalNetworkAccessForNavigationsWarningOnly,LocalNetworkAccessForSubframeNavigationsWarningOnly,LocalNetworkAccessForWorkersWarningOnly,msAggressiveCacheTrimming,msCustomDataPartition,msEmbeddedBrowserVisualHosting,msWebView2NoTabForScreenShare,msWebViewAppLifeCycleWorkaround', '--disable-features=BackForwardCache,BackgroundTabLoadingFromPerformanceManager,CloseOmniboxPopupOnInactiveAreaClick,CollectAVProductsInfo,CollectCodeIntegrityInfo,DeferSpeculativeRFHCreation,EnableHangWatcher,FilterAdsOnAbusiveSites,GetWifiProtocol,LoginDetection,MediaFoundationCameraUsageMonitoring,PreconnectToSearch,PreloadingEagerHeuristics,SafetyHub,SegmentationPlatform,ServiceWorkerAutoPreload,SpareRendererForSitePerProcess,Ukm,WebPayments,msAITrackerClassification,msAbydosForWindowlessWV2,msAffirmVirtualCard,msAllowChromeWebstore,msAllowMSAPrtSSOForNonMSAProfile,msApplicationGuard,msAskBeforeClosingMultipleTabs,msAutoToggleAADPrtSSOForNonAADProfile,msAutofillEdgeServiceRequest,msAutofillEnableEdgeSuggestions,msAutomaticTabFreeze,msBrowserSettingsSupported,msCoarseGeolocationService,msDataProtection,msDesktopMode,msDesktopRewards,msDisableVariationsSeedFetchThrottling,msEEProactiveHistory,msETFOffstoreExtensionFileDataCollection,msETFPasswordTheftDNRActionSignals,msEdgeAdPlatformUI,msEdgeAddWebCapturetoCollections,msEdgeAutofillShowDeployedPassword,msEdgeCaptureSelectionInPDF,msEdgeCloudConfigService,msEdgeCloudConfigServiceV2,msEdgeCohorts,msEdgeCollectionsPrismExperiment1,msEdgeCollectionsPrismOverallMigration,msEdgeComposeNext,msEdgeEnableNurturingFramework,msEdgeEnclavePrefsBasic,msEdgeEnclavePrefsNotification,msEdgeFaviconService,msEdgeHJTelemetry,msEdgeHubAppSkype,msEdgeImageEditorUI,msEdgeLinkDoctor,msEdgeMouseGestureDefaultEnabled,msEdgeMouseGestureSupported,msEdgeNewDeviceFre,msEdgeOnRampFRE,msEdgeOnRampImport,msEdgePDFCMHighlightUX,msEdgePasswordIris,msEdgePasswordIrisSaveBubble,msEdgePasswordStrengthCheck,msEdgePinpointFramework,msEdgeProngPersonalization,msEdgeReadingView,msEdgeRose,msEdgeScreenshotUI,msEdgeSendTabToSelf,msEdgeSettingsImport,msEdgeSettingsImportV2,msEdgeShoppingPersistentStorage,msEdgeShoppingUI,msEdgeSmartFind,msEdgeSuperDragDefaultEnabled,msEdgeSuperDragDropSupported,msEdgeTranslate,msEdgeUpdatesMoreMenuPill,msEdgeWebCapture,msEdgeWebCaptureUniformExperience,msEdgeWebContentFilteringFeedback,msEdgeWorkSearchBanner,msEnableCustomJobMemoryLimitsOnXbox,msEnableMIPForPDF,msEnablePdfUpsell,msEnableThirdPartyScanning,msEnableWebSignInCta,msEnableWebToBrowserSignIn,msEndpointDlp,msEntityExtraction,msExtensionTelemetryFramework,msExternalTaskManager,msFileSystemAccessDirectoryIterationBlocklistCheck,msForceBrowserSignIn,msForeignSessionsPage,msGeolocationAccessService,msGeolocationOSLocationPermissionFallback,msGeolocationSQMService,msGeolocationService,msGrowthInfraLaunchSourceLogging,msGuidedSwitchAllowed,msHubPinPersist,msImplicitSignin,msIrm,msIrmv2,msKlarnaVirtualCard,msLlmConsumerDlpPurview,msLoadStatistics,msLogIsEdgePinnedToTaskbarOnLaunch,msMIPCrossTenantPdfViewSupport,msMdatpWebSiteDlp,msNotificationPermissionForPWA,msNumberOfSitesToPin,msNurturingGlobalSitePinningOnCloseModal,msNurturingSitePinningCITopSites,msNurturingSitePinningWithWindowsConsent,msOnHoverSearchInSidebar,msOpenOfficeDocumentsInWebViewer,msPageInteractionRestrictionRevoke,msPasswordBreachDetection,msPdfAnnotationsVisibility,msPdfDataRecovery,msPdfDigitalSignatureRead,msPdfFreeText,msPdfFreeTextForCJK,msPdfHighlightMode,msPdfInking,msPdfKeyphraseSupport,msPdfOOUI,msPdfPopupMarkerRenderer,msPdfShare,msPdfSharedLibrary,msPdfTextNote,msPdfTextNoteMoreMenu,msPdfThumbnailCache,msPdfUnderside,msPdfViewRestore,msPersonalizationUMA,msPriceComparison,msPrintInWebView2,msPromptDefaultHandlerForPDF,msReactiveSearch,msReadAloud,msReadAloudPdf,msRedirectToShoreline,msRevokeExtensions,msSaasDlp,msShoppingTrigger,msShorelineSearch,msShorelineSearchFindOnPageWebUI,msShowOfflineGameEntrance,msShowReadAloudIconInAddressBar,msShowUXForAADPrtSSOForNonAADProfile,msSitePinningWithoutUi,msSuspendMessageForNewSessionWhenHavingPendingNavigation,msSyncEdgeCollections,msTabResourceStats,msTokenizationAutofillInlineEnabled,msTouchMode,msTriggeringSignalGenerator,msUserUnderstanding,msVideoSuperResolutionUI,msWalletBuyNow,msWalletCheckout,msWalletDiagnosticDataLogger,msWalletHubEntry,msWalletHubIntlP3,msWalletPartialCard,msWalletPasswordCategorization,msWalletPasswordCategorizationPlatformExpansion,msWalletTokenizationCardMetadata,msWalletTokenizedAutofill,msWebAssist,msWebAssistHistorySearchService,msWebOOUI,msWindowsTaskManager,msWindowsUserActivities,msZipPayVirtualCard', '--variations-seed-version', '--trace-process-track-uuid=3190708988185955192', '--mojo-platform-channel-handle=1932', '/prefetch:2']",32768.0,0.8713834249231875,201,143,82514,92192,0.078125,0.234375,1468,0,35.68359375,16.25,benign
"[popenfile(path='C:\\Windows\\System32\\en-US\\smartscreen.exe.mui', fd=-1), popenfile(path='C:\\Windows\\System32\\WinMetadata\\Windows.Foundation.winmd', fd=-1), popenfile(path='C:\\Windows\\System32\\en-US\\netmsg.dll.mui', fd=-1), popenfile(path='C:\\Windows\\System32\\en-US\\Windows.Web.Http.dll.mui', fd=-1), popenfile(path='C:\\Windows\\System32\\en-US\\KernelBase.dll.mui', fd=-1), popenfile(path='C:\\Windows\\Registration\\R000000000006.clb', fd=-1), popenfile(path='C:\\Windows\\System32\\en-US\\wininet.dll.mui', fd=-1)]",C:\Windows\System32\smartscreen.exe,378,smartscreen.exe,8332,0.0,9,"['C:\\Windows\\System32\\smartscreen.exe', '-Embedding']",32.0,0.5569795093734529,4,1,14224,160,0.046875,0.078125,496,0,22.80859375,7.828125,benign
,C:\Windows\System32\svchost.exe,273,svchost.exe,8344,0.0,3,,,0.4241018836571967,151,381,355655,16066,0.109375,0.21875,136,0,17.3671875,4.796875,benign
"[popenfile(path='C:\\Windows\\Microsoft.NET\\assembly\\GAC_MSIL\\System\\v4.0_4.0.0.0__b77a5c561934e089\\System.dll', fd=-1), popenfile(path='C:\\Windows\\Microsoft.NET\\assembly\\GAC_MSIL\\System.Management\\v4.0_4.0.0.0__b03f5f7f11d50a3a\\System.Management.dll', fd=-1), popenfile(path='C:\\Windows\\Microsoft.NET\\assembly\\GAC_MSIL\\Microsoft.PowerShell.Commands.Utility\\v4.0_3.0.0.0__31bf3856ad364e35\\Microsoft.PowerShell.Commands.Utility.dll', fd=-1), popenfile(path='C:\\Windows\\Microsoft.NET\\assembly\\GAC_MSIL\\Microsoft.PowerShell.Security\\v4.0_3.0.0.0__31bf3856ad364e35\\Microsoft.PowerShell.Security.dll', fd=-1), popenfile(path='C:\\Program Files\\WindowsPowerShell\\Modules\\PSReadline\\2.0.0\\Microsoft.PowerShell.PSReadline.dll', fd=-1), popenfile(path='C:\\Windows\\Microsoft.NET\\assembly\\GAC_MSIL\\System.Management.Automation\\v4.0_3.0.0.0__31bf3856ad364e35\\System.Management.Automation.dll', fd=-1), popenfile(path='C:\\Windows\\Microsoft.NET\\assembly\\GAC_MSIL\\System.Configuration\\v4.0_4.0.0.0__b03f5f7f11d50a3a\\System.Configuration.dll', fd=-1), popenfile(path='C:\\Windows\\Microsoft.NET\\assembly\\GAC_MSIL\\System.Numerics\\v4.0_4.0.0.0__b77a5c561934e089\\System.Numerics.dll', fd=-1), popenfile(path='C:\\Windows\\Microsoft.NET\\assembly\\GAC_MSIL\\Microsoft.CSharp\\v4.0_4.0.0.0__b03f5f7f11d50a3a\\Microsoft.CSharp.dll', fd=-1), popenfile(path='C:\\Windows\\System32\\en-US\\winnlsres.dll.mui', fd=-1), popenfile(path='C:\\Windows\\Microsoft.NET\\assembly\\GAC_MSIL\\System.DirectoryServices\\v4.0_4.0.0.0__b03f5f7f11d50a3a\\System.DirectoryServices.dll', fd=-1), popenfile(path='C:\\Windows\\System32\\en-US\\KernelBase.dll.mui', fd=-1), popenfile(path='C:\\Windows\\Microsoft.NET\\assembly\\GAC_64\\System.Data\\v4.0_4.0.0.0__b77a5c561934e089\\System.Data.dll', fd=-1), popenfile(path='C:\\Windows\\System32\\en-US\\crypt32.dll.mui', fd=-1), popenfile(path='C:\\Windows\\System32\\WindowsPowerShell\\v1.0\\en-US\\powershell.exe.mui', fd=-1), popenfile(path='C:\\Windows\\Microsoft.NET\\assembly\\GAC_MSIL\\System.Xml\\v4.0_4.0.0.0__b77a5c561934e089\\System.XML.dll', fd=-1), popenfile(path='C:\\Windows\\Microsoft.NET\\assembly\\GAC_64\\System.Transactions\\v4.0_4.0.0.0__b77a5c561934e089\\System.Transactions.dll', fd=-1), popenfile(path='C:\\Windows\\Microsoft.NET\\assembly\\GAC_MSIL\\Microsoft.PowerShell.ConsoleHost\\v4.0_3.0.0.0__31bf3856ad364e35\\Microsoft.PowerShell.ConsoleHost.dll', fd=-1), popenfile(path='C:\\Windows\\Microsoft.NET\\assembly\\GAC_MSIL\\Microsoft.Management.Infrastructure\\v4.0_1.0.0.0__31bf3856ad364e35\\Microsoft.Management.Infrastructure.dll', fd=-1), popenfile(path='C:\\Windows\\Microsoft.NET\\assembly\\GAC_MSIL\\System.Configuration.Install\\v4.0_4.0.0.0__b03f5f7f11d50a3a\\System.Configuration.Install.dll', fd=-1), popenfile(path='C:\\Windows\\Microsoft.NET\\assembly\\GAC_MSIL\\System.Core\\v4.0_4.0.0.0__b77a5c561934e089\\System.Core.dll', fd=-1)]",C:\Windows\System32\WindowsPowerShell\v1.0\powershell.exe,492,powershell.exe,8360,0.0,9,"['C:\\Windows\\System32\\WindowsPowerShell\\v1.0\\powershell.exe', '-noexit', '-command', 'try { . ""c:\\Users\\keylogger\\AppData\\Local\\Programs\\Microsoft VS Code\\resources\\app\\out\\vs\\workbench\\contrib\\terminal\\common\\scripts\\shellIntegration.ps1"" } catch {}']",32.0,1.0200003243244276,176,2,503627,120,5.296875,1.359375,34270,0,41.76953125,50.40625,benign
"[popenfile(path='C:\\Windows\\System32\\en-US\\KernelBase.dll.mui', fd=-1), popenfile(path='C:\\Windows\\System32\\en-US\\winhttp.dll.mui', fd=-1)]",C:\Program Files\WindowsApps\PythonSoftwareFoundation.PythonManager_25.0.240.0_x64__3847v3x7pw1km\python.exe,161,python.exe,8704,0.0,1,"['python', '.\\keylogger.py']",32.0,0.3126869038750092,64,0,7189089,0,0.09375,0.046875,282,0,12.8046875,4.515625,benign
,C:\Windows\System32\svchost.exe,281,svchost.exe,8720,0.0,9,,,0.34235305003276634,71,3,392976,32968,0.515625,1.25,6908,0,14.01953125,3.72265625,benign
,C:\Windows\System32\audiodg.exe,179,audiodg.exe,8848,0.0,4,"['C:\\Windows\\system32\\AUDIODG.EXE', '0x4ec']",32.0,0.2924643219282423,0,0,0,0,0.09375,3.765625,212,0,11.9765625,6.15625,benign
"[popenfile(path='C:\\Users\\keylogger\\AppData\\Local\\Programs\\Microsoft VS Code\\icudtl.dat', fd=-1), popenfile(path='C:\\Users\\keylogger\\AppData\\Local\\Programs\\Microsoft VS Code\\locales\\en-US.pak', fd=-1), popenfile(path='C:\\Users\\keylogger\\AppData\\Local\\Programs\\Microsoft VS Code\\v8_context_snapshot.bin', fd=-1), popenfile(path='C:\\Windows\\System32\\en-US\\mswsock.dll.mui', fd=-1), popenfile(path='C:\\Users\\keylogger\\AppData\\Local\\Programs\\Microsoft VS Code\\chrome_200_percent.pak', fd=-1), popenfile(path='C:\\Users\\keylogger\\AppData\\Local\\Programs\\Microsoft VS Code\\resources.pak', fd=-1), popenfile(path='C:\\Users\\keylogger\\AppData\\Local\\Programs\\Microsoft VS Code\\chrome_100_percent.pak', fd=-1), popenfile(path='C:\\Windows\\System32\\en-US\\KernelBase.dll.mui', fd=-1), popenfile(path='C:\\Windows\\Registration\\R000000000006.clb', fd=-1)]",C:\Users\keylogger\AppData\Local\Programs\Microsoft VS Code\Code.exe,319,Code.exe,8896,0.0,24,"['C:\\Users\\keylogger\\AppData\\Local\\Programs\\Microsoft VS Code\\Code.exe', '--type=utility', '--utility-sub-type=node.mojom.NodeService', '--lang=en-US', '--service-sandbox-type=none', '--user-data-dir=C:\\Users\\keylogger\\AppData\\Roaming\\Code', '--standard-schemes=vscode-webview,vscode-file', '--enable-sandbox', '--secure-schemes=vscode-webview,vscode-file', '--cors-schemes=vscode-webview,vscode-file', '--fetch-schemes=vscode-webview,vscode-file', '--service-worker-schemes=vscode-webview', '--code-cache-schemes=vscode-webview,vscode-file', '--field-trial-handle=1764,i,2992125270083613785,17152386301730894539,262144', '--enable-features=DocumentPolicyIncludeJSCallStacksInCrashReports,EarlyEstablishGpuChannel,EnableTransparentHwndEnlargement,EstablishGpuChannelAsync', '--disable-features=CalculateNativeWinOcclusion,FontationsLinuxSystemFonts,ScreenAIOCREnabled,SpareRendererForSitePerProcess,WinDelaySpellcheckServiceInit', '--variations-seed-version', '--mojo-platform-channel-handle=4460', '/prefetch:8']",32.0,1.4062325616001787,132,144,1226759,526848,1.53125,1.0625,298072,0,57.5859375,82.2890625,benign
"[popenfile(path='C:\\Users\\keylogger\\AppData\\Local\\Programs\\Microsoft VS Code\\icudtl.dat', fd=-1), popenfile(path='C:\\Users\\keylogger\\AppData\\Local\\Programs\\Microsoft VS Code\\locales\\en-US.pak', fd=-1), popenfile(path='C:\\Users\\keylogger\\AppData\\Local\\Programs\\Microsoft VS Code\\v8_context_snapshot.bin', fd=-1), popenfile(path='C:\\Windows\\System32\\en-US\\mswsock.dll.mui', fd=-1), popenfile(path='C:\\Users\\keylogger\\AppData\\Local\\Programs\\Microsoft VS Code\\chrome_200_percent.pak', fd=-1), popenfile(path='C:\\Users\\keylogger\\AppData\\Local\\Programs\\Microsoft VS Code\\resources.pak', fd=-1), popenfile(path='C:\\Users\\keylogger\\AppData\\Local\\Programs\\Microsoft VS Code\\chrome_100_percent.pak', fd=-1), popenfile(path='C:\\Windows\\Registration\\R000000000006.clb', fd=-1)]",C:\Users\keylogger\AppData\Local\Programs\Microsoft VS Code\Code.exe,342,Code.exe,8932,0.0,22,"['C:\\Users\\keylogger\\AppData\\Local\\Programs\\Microsoft VS Code\\Code.exe', '--type=utility', '--utility-sub-type=node.mojom.NodeService', '--lang=en-US', '--service-sandbox-type=none', '--user-data-dir=C:\\Users\\keylogger\\AppData\\Roaming\\Code', '--standard-schemes=vscode-webview,vscode-file', '--enable-sandbox', '--secure-schemes=vscode-webview,vscode-file', '--cors-schemes=vscode-webview,vscode-file', '--fetch-schemes=vscode-webview,vscode-file', '--service-worker-schemes=vscode-webview', '--code-cache-schemes=vscode-webview,vscode-file', '--field-trial-handle=1764,i,2992125270083613785,17152386301730894539,262144', '--enable-features=DocumentPolicyIncludeJSCallStacksInCrashReports,EarlyEstablishGpuChannel,EnableTransparentHwndEnlargement,EstablishGpuChannelAsync', '--disable-features=CalculateNativeWinOcclusion,FontationsLinuxSystemFonts,ScreenAIOCREnabled,SpareRendererForSitePerProcess,WinDelaySpellcheckServiceInit', '--variations-seed-version', '--mojo-platform-channel-handle=4352', '/prefetch:8']",32.0,1.6185696720412313,4273,2081,43935745,9732236,6.265625,2.84375,388153,0,66.28125,85.98828125,benign
"[popenfile(path='C:\\Windows\\System32\\en-US\\KernelBase.dll.mui', fd=-1)]",C:\Users\keylogger\AppData\Local\Python\pythoncore-3.14-64\python.exe,151,python.exe,9048,0.0,5,"['C:\\Users\\keylogger\\AppData\\Local\\Python\\pythoncore-3.14-64\\python.exe', '.\\keylogger.py']",32.0,0.5205407060542786,155,61,1857121,3683,0.203125,0.078125,1827,0,21.31640625,14.0,keylogger
,C:\Windows\System32\svchost.exe,229,svchost.exe,9192,0.0,4,,,0.28941185672873027,34,0,144442,0,0.171875,0.265625,563,0,11.8515625,2.62109375,benign
"[popenfile(path='C:\\Windows\\System32\\en-US\\KernelBase.dll.mui', fd=-1)]",C:\Users\keylogger\AppData\Local\Python\pythoncore-3.14-64\python.exe,151,python.exe,9236,0.0,5,"['C:\\Users\\keylogger\\AppData\\Local\\Python\\pythoncore-3.14-64\\python.exe', '.\\keylogger.py']",32.0,0.519586810679431,155,61,1857121,3683,0.21875,0.125,1655,0,21.27734375,13.9375,keylogger
"[popenfile(path='C:\\Windows\\System32\\en-US\\KernelBase.dll.mui', fd=-1), popenfile(path='C:\\Windows\\System32\\en-US\\tzres.dll.mui', fd=-1)]",C:\Users\keylogger\AppData\Local\Python\pythoncore-3.14-64\python.exe,140,python.exe,9344,0.0,4,"['C:\\Users\\keylogger\\AppData\\Local\\Python\\pythoncore-3.14-64\\python.exe', '.\\generate_data.py']",32.0,1.661685742984338,931,0,13620944,0,1.265625,5.578125,24302,0,68.046875,84.89453125,benign
"[popenfile(path='C:\\Windows\\System32\\en-US\\Conhost.exe.mui', fd=-1)]",C:\Windows\System32\conhost.exe,109,conhost.exe,9372,0.0,5,"['\\\\?\\C:\\Windows\\system32\\conhost.exe', '--headless', '--width', '80', '--height', '30', '--signal', '0x5ec', '--server', '0x5e8']",32.0,0.13869638750282592,2,2,0,129,0.0,0.015625,439,0,5.6796875,1.265625,benign
"[popenfile(path='C:\\Windows\\Fonts\\StaticCache.dat', fd=-1), popenfile(path='C:\\Windows\\Registration\\R000000000006.clb', fd=-1), popenfile(path='C:\\Windows\\SystemResources\\notepad.exe.mun', fd=-1), popenfile(path='C:\\Windows\\System32\\en-US\\notepad.exe.mui', fd=-1)]",C:\Windows\System32\notepad.exe,313,notepad.exe,9380,0.0,3,"['C:\\Windows\\system32\\NOTEPAD.EXE', 'C:\\Users\\keylogger\\AppData\\Roaming\\.syslog\\keylogger.pid']",32.0,0.4302068140562207,15,0,16818,0,0.03125,0.125,1547,0,17.6171875,3.26171875,benign
"[popenfile(path='C:\\Windows\\System32\\en-US\\Conhost.exe.mui', fd=-1)]",C:\Windows\System32\conhost.exe,114,conhost.exe,9392,0.0,5,"['\\\\?\\C:\\Windows\\system32\\conhost.exe', '--headless', '--width', '195', '--height', '12', '--signal', '0x4c4', '--server', '0x4b0']",32.0,0.14966618431357212,161,248,227,14427,0.046875,0.125,4787,0,6.12890625,1.30859375,benign
"[popenfile(path='C:\\Windows\\System32\\en-US\\KernelBase.dll.mui', fd=-1)]",C:\Users\keylogger\AppData\Local\Python\pythoncore-3.14-64\python.exe,125,python.exe,9452,0.0,3,"['C:\\Users\\keylogger\\AppData\\Local\\Python\\pythoncore-3.14-64\\python.exe', '.\\run_keylogger.py']",32.0,0.6417808081973954,266,100,2610035,20147,0.140625,0.203125,1223,0,26.28125,17.22265625,keylogger
"[popenfile(path='C:\\Windows\\System32\\en-US\\KernelBase.dll.mui', fd=-1), popenfile(path='C:\\Windows\\System32\\en-US\\winhttp.dll.mui', fd=-1)]",C:\Program Files\WindowsApps\PythonSoftwareFoundation.PythonManager_25.0.240.0_x64__3847v3x7pw1km\python.exe,157,python.exe,9540,0.0,1,"['C:\\Users\\keylogger\\AppData\\Local\\Microsoft\\WindowsApps\\python.exe', '.\\run_keylogger.py']",32.0,0.29151042655339476,65,0,7195519,0,0.046875,0.046875,104,0,11.9375,4.640625,benign
"[popenfile(path='C:\\Windows\\Microsoft.NET\\assembly\\GAC_MSIL\\System\\v4.0_4.0.0.0__b77a5c561934e089\\System.dll', fd=-1), popenfile(path='C:\\Windows\\Microsoft.NET\\assembly\\GAC_MSIL\\System.Management\\v4.0_4.0.0.0__b03f5f7f11d50a3a\\System.Management.dll', fd=-1), popenfile(path='C:\\Windows\\Microsoft.NET\\assembly\\GAC_MSIL\\Microsoft.PowerShell.Commands.Utility\\v4.0_3.0.0.0__31bf3856ad364e35\\Microsoft.PowerShell.Commands.Utility.dll', fd=-1), popenfile(path='C:\\Windows\\Microsoft.NET\\assembly\\GAC_MSIL\\System.Dynamic\\v4.0_4.0.0.0__b03f5f7f11d50a3a\\System.Dynamic.dll', fd=-1), popenfile(path='C:\\Windows\\Microsoft.NET\\assembly\\GAC_MSIL\\System.Windows.Forms\\v4.0_4.0.0.0__b77a5c561934e089\\System.Windows.Forms.dll', fd=-1), popenfile(path='C:\\Windows\\Microsoft.NET\\assembly\\GAC_MSIL\\Microsoft.PowerShell.Security\\v4.0_3.0.0.0__31bf3856ad364e35\\Microsoft.PowerShell.Security.dll', fd=-1), popenfile(path='C:\\Program Files\\WindowsPowerShell\\Modules\\PSReadline\\2.0.0\\Microsoft.PowerShell.PSReadline.dll', fd=-1), popenfile(path='C:\\Windows\\Microsoft.NET\\assembly\\GAC_MSIL\\System.Management.Automation\\v4.0_3.0.0.0__31bf3856ad364e35\\System.Management.Automation.dll', fd=-1), popenfile(path='C:\\Windows\\Microsoft.NET\\assembly\\GAC_MSIL\\System.Configuration\\v4.0_4.0.0.0__b03f5f7f11d50a3a\\System.Configuration.dll', fd=-1), popenfile(path='C:\\Windows\\Microsoft.NET\\assembly\\GAC_MSIL\\System.Numerics\\v4.0_4.0.0.0__b77a5c561934e089\\System.Numerics.dll', fd=-1), popenfile(path='C:\\Windows\\Microsoft.NET\\assembly\\GAC_MSIL\\Microsoft.CSharp\\v4.0_4.0.0.0__b03f5f7f11d50a3a\\Microsoft.CSharp.dll', fd=-1), popenfile(path='C:\\Windows\\System32\\en-US\\winnlsres.dll.mui', fd=-1), popenfile(path='C:\\Windows\\Microsoft.NET\\assembly\\GAC_MSIL\\System.DirectoryServices\\v4.0_4.0.0.0__b03f5f7f11d50a3a\\System.DirectoryServices.dll', fd=-1), popenfile(path='C:\\Windows\\Microsoft.NET\\assembly\\GAC_64\\System.Data\\v4.0_4.0.0.0__b77a5c561934e089\\System.Data.dll', fd=-1), popenfile(path='C:\\Windows\\System32\\en-US\\KernelBase.dll.mui', fd=-1), popenfile(path='C:\\Windows\\System32\\en-US\\crypt32.dll.mui', fd=-1), popenfile(path='C:\\Windows\\Microsoft.NET\\assembly\\GAC_MSIL\\System.ServiceProcess\\v4.0_4.0.0.0__b03f5f7f11d50a3a\\System.ServiceProcess.dll', fd=-1), popenfile(path='C:\\Windows\\System32\\WindowsPowerShell\\v1.0\\en-US\\powershell.exe.mui', fd=-1), popenfile(path='C:\\Windows\\Microsoft.NET\\assembly\\GAC_MSIL\\System.Xml\\v4.0_4.0.0.0__b77a5c561934e089\\System.XML.dll', fd=-1), popenfile(path='C:\\Windows\\Microsoft.NET\\assembly\\GAC_64\\System.Transactions\\v4.0_4.0.0.0__b77a5c561934e089\\System.Transactions.dll', fd=-1), popenfile(path='C:\\Windows\\Microsoft.NET\\assembly\\GAC_MSIL\\Microsoft.PowerShell.Commands.Management\\v4.0_3.0.0.0__31bf3856ad364e35\\Microsoft.PowerShell.Commands.Management.dll', fd=-1), popenfile(path='C:\\Windows\\Microsoft.NET\\assembly\\GAC_MSIL\\Microsoft.PowerShell.ConsoleHost\\v4.0_3.0.0.0__31bf3856ad364e35\\Microsoft.PowerShell.ConsoleHost.dll', fd=-1), popenfile(path='C:\\Windows\\Microsoft.NET\\assembly\\GAC_MSIL\\Microsoft.Management.Infrastructure\\v4.0_1.0.0.0__31bf3856ad364e35\\Microsoft.Management.Infrastructure.dll', fd=-1), popenfile(path='C:\\Windows\\Microsoft.NET\\assembly\\GAC_MSIL\\System.Configuration.Install\\v4.0_4.0.0.0__b03f5f7f11d50a3a\\System.Configuration.Install.dll', fd=-1), popenfile(path='C:\\Windows\\Microsoft.NET\\assembly\\GAC_MSIL\\System.Core\\v4.0_4.0.0.0__b77a5c561934e089\\System.Core.dll', fd=-1)]",C:\Windows\System32\WindowsPowerShell\v1.0\powershell.exe,1090,powershell.exe,9556,0.0,9,"['C:\\Windows\\System32\\WindowsPowerShell\\v1.0\\powershell.exe', '-noexit', '-command', 'try { . ""c:\\Users\\keylogger\\AppData\\Local\\Programs\\Microsoft VS Code\\resources\\app\\out\\vs\\workbench\\contrib\\terminal\\common\\scripts\\shellIntegration.ps1"" } catch {}']",32.0,1.296343814417747,208,127,538005,1937,6.59375,1.8125,15871,0,53.0859375,55.7265625,benign
,C:\Windows\System32\svchost.exe,226,svchost.exe,9612,0.0,7,,,0.23742455879954177,1,0,5606,0,0.078125,0.0625,135,0,9.72265625,2.875,benign
[],C:\Windows\System32\cmd.exe,141,cmd.exe,9772,0.0,3,"['cmd', '/k', 'python', '.\\keylogger.py']",32.0,0.18877589468231945,0,0,0,0,0.0,0.03125,128,0,7.73046875,4.71875,benign
"[popenfile(path='C:\\Users\\keylogger\\AppData\\Local\\Programs\\Microsoft VS Code\\icudtl.dat', fd=-1), popenfile(path='C:\\Users\\keylogger\\AppData\\Local\\Programs\\Microsoft VS Code\\v8_context_snapshot.bin', fd=-1), popenfile(path='C:\\Windows\\System32\\en-US\\mswsock.dll.mui', fd=-1), popenfile(path='C:\\Users\\keylogger\\AppData\\Roaming\\Code\\logs\\20251112T120431\\window2\\exthost\\ms-python.debugpy\\Python Debugger.log', fd=-1), popenfile(path='C:\\Users\\keylogger\\AppData\\Roaming\\Code\\logs\\20251112T120431\\window2\\exthost\\ms-python.python\\Python.log', fd=-1), popenfile(path='C:\\Users\\keylogger\\AppData\\Roaming\\Code\\logs\\20251112T120431\\window2\\exthost\\vscode.git\\Git.log', fd=-1), popenfile(path='C:\\Users\\keylogger\\AppData\\Roaming\\Code\\logs\\20251112T120431\\window2\\exthost\\ms-python.vscode-python-envs\\Python Environments.log', fd=-1), popenfile(path='C:\\Users\\keylogger\\AppData\\Roaming\\Code\\logs\\20251112T120431\\window2\\exthost\\extHostTelemetry.log', fd=-1), popenfile(path='C:\\Users\\keylogger\\AppData\\Roaming\\Code\\logs\\20251112T120431\\window2\\exthost\\vscode.github\\GitHub.log', fd=-1), popenfile(path='C:\\Users\\keylogger\\AppData\\Roaming\\Code\\logs\\20251112T120431\\window2\\exthost\\vscode.github-authentication\\GitHub Authentication.log', fd=-1), popenfile(path='C:\\Users\\keylogger\\AppData\\Roaming\\Code\\logs\\20251112T120431\\window2\\exthost\\exthost.log', fd=-1)]",C:\Users\keylogger\AppData\Local\Programs\Microsoft VS Code\Code.exe,255,Code.exe,9812,0.0,15,"['C:\\Users\\keylogger\\AppData\\Local\\Programs\\Microsoft VS Code\\Code.exe', 'c:\\Users\\keylogger\\.vscode\\extensions\\ms-python.vscode-pylance-2025.9.1\\dist\\server.bundle.js', '--cancellationReceive=file:41fd3127e53427596114da14bbc3c90afb656f8388', '--node-ipc', '--clientProcessId=8300']",32.0,3.0235621696541077,8359,268,62350698,230174,15.1875,4.921875,58867,0,123.81640625,364.984375,benign
"[popenfile(path='C:\\Windows\\System32\\en-US\\KernelBase.dll.mui', fd=-1)]",C:\Users\keylogger\.vscode\extensions\ms-python.vscode-python-envs-1.10.0-win32-x64\python-env-tools\bin\pet.exe,61,pet.exe,10116,0.0,1,"['c:\\Users\\keylogger\\.vscode\\extensions\\ms-python.vscode-python-envs-1.10.0-win32-x64\\python-env-tools\\bin\\pet.exe', 'server']",32.0,0.12276633474287274,24,1650,11902,212186,0.265625,1.71875,115,0,5.02734375,1.578125,benign
"[popenfile(path='C:\\Windows\\System32\\en-US\\Conhost.exe.mui', fd=-1)]",C:\Windows\System32\conhost.exe,111,conhost.exe,10136,0.0,2,"['\\??\\C:\\Windows\\system32\\conhost.exe', '0x4']",32.0,0.1284897069919577,0,0,0,0,0.015625,0.0625,360,0,5.26171875,6.17578125,benign
"[popenfile(path='C:\\Windows\\System32\\en-US\\Conhost.exe.mui', fd=-1), popenfile(path='C:\\Windows\\Registration\\R000000000006.clb', fd=-1), popenfile(path='C:\\Windows\\Fonts\\StaticCache.dat', fd=-1), popenfile(path='C:\\Windows\\System32\\en-US\\user32.dll.mui', fd=-1)]",C:\Windows\System32\conhost.exe,200,conhost.exe,10156,0.0,5,"['\\??\\C:\\Windows\\system32\\conhost.exe', '0x4']",32.0,0.3942449584244701,1,0,60,0,0.015625,0.046875,960,0,16.14453125,6.890625,benign
"[popenfile(path='C:\\Windows\\System32\\en-US\\Conhost.exe.mui', fd=-1)]",C:\Windows\System32\conhost.exe,109,conhost.exe,10204,0.0,5,"['\\\\?\\C:\\Windows\\system32\\conhost.exe', '--headless', '--width', '80', '--height', '30', '--signal', '0x660', '--server', '0x65c']",32.0,0.13802866074043266,2,2,0,125,0.078125,0.015625,395,0,5.65234375,1.26171875,benign
