timestamp,window,key
2025-11-13 13:36:54.319,Untitled - Notepad,t
2025-11-13 13:36:54.399,*t - Notepad,e
2025-11-13 13:36:54.564,*te - Notepad,s
2025-11-13 13:36:55.065,*tes - Notepad,d
2025-11-13 13:36:55.177,*tesd - Notepad,a
2025-11-13 13:36:55.260,*tesda - Notepad,t
2025-11-13 13:36:55.363,*tesdat - Notepad,a
2025-11-13 13:36:56.412,*tesdata - Notepad,[shift]
2025-11-13 13:36:56.637,*tesdata - Notepad,@
2025-11-13 13:36:57.371,*tesdata@ - Notepad,h
2025-11-13 13:36:57.534,*tesdata@h - Notepad,o
2025-11-13 13:36:57.599,*tesdata@ho - Notepad,t
2025-11-13 13:36:57.715,*tesdata@hot - Notepad,m
2025-11-13 13:36:57.829,*tesdata@hotm - Notepad,a
2025-11-13 13:36:57.886,*tesdata@hotma - Notepad,i
2025-11-13 13:36:58.020,*tesdata@hotmai - Notepad,l
2025-11-13 13:36:58.192,*tesdata@hotmail - Notepad,.
2025-11-13 13:36:58.321,*tesdata@hotmail. - Notepad,c
2025-11-13 13:36:58.386,*tesdata@hotmail. - Notepad,o
2025-11-13 13:36:58.528,*tesdata@hotmail.o - Notepad,m
2025-11-13 13:36:58.690,*tesdata@hotmail.om - Notepad,[enter]
2025-11-13 13:37:00.059,*tesdata@hotmail.om - Notepad,[shift]
2025-11-13 13:37:00.559,*tesdata@hotmail.om - Notepad,[shift]
2025-11-13 13:37:00.593,*tesdata@hotmail.om - Notepad,[shift]
2025-11-13 13:37:00.626,*tesdata@hotmail.om - Notepad,[shift]
2025-11-13 13:37:00.659,*tesdata@hotmail.om - Notepad,[shift]
2025-11-13 13:37:00.693,*tesdata@hotmail.om - Notepad,[shift]
2025-11-13 13:37:00.726,*tesdata@hotmail.om - Notepad,[shift]
2025-11-13 13:37:00.758,*tesdata@hotmail.om - Notepad,[shift]
2025-11-13 13:37:00.792,*tesdata@hotmail.om - Notepad,[shift]
2025-11-13 13:37:00.825,*tesdata@hotmail.om - Notepad,[shift]
2025-11-13 13:37:00.859,*tesdata@hotmail.om - Notepad,[shift]
2025-11-13 13:37:00.891,*tesdata@hotmail.om - Notepad,[shift]
2025-11-13 13:37:00.925,*tesdata@hotmail.om - Notepad,[shift]
2025-11-13 13:37:00.959,*tesdata@hotmail.om - Notepad,[shift]
2025-11-13 13:37:00.993,*tesdata@hotmail.om - Notepad,[shift]
2025-11-13 13:37:01.025,*tesdata@hotmail.om - Notepad,[shift]
2025-11-13 13:37:01.058,*tesdata@hotmail.om - Notepad,[shift]
2025-11-13 13:37:01.092,*tesdata@hotmail.om - Notepad,[shift]
2025-11-13 13:37:01.130,*tesdata@hotmail.om - Notepad,[shift]
2025-11-13 13:37:01.159,*tesdata@hotmail.om - Notepad,[shift]
2025-11-13 13:37:01.192,*tesdata@hotmail.om - Notepad,L
2025-11-13 13:37:01.471,*tesdata@hotmail.om - Notepad,m
2025-11-13 13:37:01.591,*tesdata@hotmail.om - Notepad,a
2025-11-13 13:37:01.620,*tesdata@hotmail.om - Notepad,s
2025-11-13 13:37:01.653,*tesdata@hotmail.om - Notepad,o
2025-11-13 13:37:02.410,*tesdata@hotmail.om - Notepad,[backspace]
2025-11-13 13:37:02.959,*tesdata@hotmail.om - Notepad,[shift]
2025-11-13 13:37:03.316,*tesdata@hotmail.om - Notepad,@
2025-11-13 13:37:03.778,*tesdata@hotmail.om - Notepad,1
2025-11-13 13:37:04.079,*tesdata@hotmail.om - Notepad,2
2025-11-13 13:37:04.275,*tesdata@hotmail.om - Notepad,3
2025-11-13 13:37:04.450,*tesdata@hotmail.om - Notepad,4
2025-11-13 13:37:04.654,*tesdata@hotmail.om - Notepad,5
2025-11-13 13:37:07.284,Untitled - Notepad,w
2025-11-13 13:37:07.389,*w - Notepad,e
2025-11-13 13:37:07.432,*we - Notepad,[space]
2025-11-13 13:37:07.584,*we - Notepad,h
2025-11-13 13:37:07.683,*we h - Notepad,a
2025-11-13 13:37:07.773,*we ha - Notepad,v
2025-11-13 13:37:07.852,*we hav - Notepad,e
2025-11-13 13:37:07.948,*we have - Notepad,[space]
2025-11-13 13:37:08.114,*we have - Notepad,o
2025-11-13 13:37:08.203,*we have o - Notepad,f
2025-11-13 13:37:08.440,*we have of - Notepad,t
2025-11-13 13:37:08.601,*we have oft - Notepad,e
2025-11-13 13:37:08.662,*we have ofte - Notepad,n
2025-11-13 13:37:08.778,*we have often - Notepad,[space]
2025-11-13 13:37:08.886,*we have often - Notepad,k
2025-11-13 13:37:09.027,*we have often k - Notepad,i
2025-11-13 13:37:09.153,*we have often ki - Notepad,n
2025-11-13 13:37:09.216,*we have often kin - Notepad,d
2025-11-13 13:37:09.292,*we have often kind - Notepad,[space]
2025-11-13 13:37:09.390,*we have often kind - Notepad,o
2025-11-13 13:37:09.469,*we have often kind o - Notepad,f
2025-11-13 13:37:09.597,*we have often kind of - Notepad,[space]
2025-11-13 13:37:09.815,*we have often kind of - Notepad,u
2025-11-13 13:37:09.957,*we have often kind of u - Notepad,n
2025-11-13 13:37:09.987,*we have often kind of un - Notepad,d
2025-11-13 13:37:10.089,*we have often kind of und - Notepad,e
2025-11-13 13:37:10.249,*we have often kind of unde - Notepad,r
2025-11-13 13:37:10.417,*we have often kind of under - Notepad,s
2025-11-13 13:37:10.484,*we have often kind of unders - Notepad,t
2025-11-13 13:37:10.676,*we have often kind of underst - Notepad,o
2025-11-13 13:37:10.784,*we have often kind of understo - Notepad,o
2025-11-13 13:37:10.883,*we have often kind of understoo - Notepad,d
2025-11-13 13:37:10.980,*we have often kind of understood - Notepad,[space]
2025-11-13 13:37:11.102,*we have often kind of understood - Notepad,w
2025-11-13 13:37:11.211,*we have often kind of understood w - Notepad,h
2025-11-13 13:37:11.256,*we have often kind of understood wh - Notepad,e
2025-11-13 13:37:11.423,*we have often kind of understood wh - Notepad,r
2025-11-13 13:37:11.578,*we have often kind of understood wh - Notepad,e
2025-11-13 13:37:11.692,*we have often kind of understood wh - Notepad,[space]
2025-11-13 13:37:12.358,*we have often kind of understood wh - Notepad,g
2025-11-13 13:37:12.444,*we have often kind of understood wh - Notepad,o
2025-11-13 13:37:12.583,*we have often kind of understood wh - Notepad,d
2025-11-13 13:37:12.658,*we have often kind of understood wh - Notepad,[space]
2025-11-13 13:37:12.765,*we have often kind of understood wh - Notepad,a
2025-11-13 13:37:12.878,*we have often kind of understood wh - Notepad,n
2025-11-13 13:37:12.960,*we have often kind of understood wh - Notepad,d
2025-11-13 13:37:13.046,*we have often kind of understood wh - Notepad,[space]
2025-11-13 13:37:13.184,*we have often kind of understood wh - Notepad,a
2025-11-13 13:37:13.341,*we have often kind of understood wh - Notepad,l
2025-11-13 13:37:13.641,*we have often kind of understood wh - Notepad,m
2025-11-13 13:37:13.802,*we have often kind of understood wh - Notepad,i
2025-11-13 13:37:13.891,*we have often kind of understood wh - Notepad,g
2025-11-13 13:37:13.984,*we have often kind of understood wh - Notepad,h
2025-11-13 13:37:14.073,*we have often kind of understood wh - Notepad,t
2025-11-13 13:37:14.391,*we have often kind of understood wh - Notepad,y
2025-11-13 13:37:14.526,*we have often kind of understood wh - Notepad,[space]
2025-11-13 13:37:14.722,*we have often kind of understood wh - Notepad,c
2025-11-13 13:37:14.810,*we have often kind of understood wh - Notepad,a
2025-11-13 13:37:14.899,*we have often kind of understood wh - Notepad,m
2025-11-13 13:37:15.012,*we have often kind of understood wh - Notepad,e
2025-11-13 13:37:15.088,*we have often kind of understood wh - Notepad,[space]
2025-11-13 13:37:15.193,*we have often kind of understood wh - Notepad,f
2025-11-13 13:37:15.308,*we have often kind of understood wh - Notepad,r
2025-11-13 13:37:15.326,*we have often kind of understood wh - Notepad,o
2025-11-13 13:37:15.484,*we have often kind of understood wh - Notepad,m
2025-11-13 13:37:15.615,*we have often kind of understood wh - Notepad,[space]
2025-11-13 13:37:16.056,*we have often kind of understood wh - Notepad,b
2025-11-13 13:37:16.223,*we have often kind of understood wh - Notepad,u
2025-11-13 13:37:16.279,*we have often kind of understood wh - Notepad,t
2025-11-13 13:37:16.381,*we have often kind of understood wh - Notepad,[space]
2025-11-13 13:37:16.503,*we have often kind of understood wh - Notepad,n
2025-11-13 13:37:16.648,*we have often kind of understood wh - Notepad,o
2025-11-13 13:37:16.945,*we have often kind of understood wh - Notepad,t
2025-11-13 13:37:17.095,*we have often kind of understood wh - Notepad,[space]
2025-11-13 13:37:17.270,*we have often kind of understood wh - Notepad,r
2025-11-13 13:37:17.451,*we have often kind of understood wh - Notepad,e
2025-11-13 13:37:17.596,*we have often kind of understood wh - Notepad,a
2025-11-13 13:37:17.673,*we have often kind of understood wh - Notepad,l
2025-11-13 13:37:17.798,*we have often kind of understood wh - Notepad,l
2025-11-13 13:37:18.002,*we have often kind of understood wh - Notepad,y
2025-11-13 13:37:18.126,*we have often kind of understood wh - Notepad,[space]
2025-11-13 13:37:18.801,*we have often kind of understood wh - Notepad,t
2025-11-13 13:37:18.962,*we have often kind of understood wh - Notepad,r
2025-11-13 13:37:19.027,*we have often kind of understood wh - Notepad,u
2025-11-13 13:37:19.483,*we have often kind of understood wh - Notepad,l
2025-11-13 13:37:19.715,*we have often kind of understood wh - Notepad,y
2025-11-13 13:37:19.849,*we have often kind of understood wh - Notepad,[space]
2025-11-13 13:37:19.973,*we have often kind of understood wh - Notepad,u
2025-11-13 13:37:20.123,*we have often kind of understood wh - Notepad,n
2025-11-13 13:37:20.180,*we have often kind of understood wh - Notepad,d
2025-11-13 13:37:20.259,*we have often kind of understood wh - Notepad,e
2025-11-13 13:37:20.419,*we have often kind of understood wh - Notepad,r
2025-11-13 13:37:20.609,*we have often kind of understood wh - Notepad,s
2025-11-13 13:37:20.704,*we have often kind of understood wh - Notepad,t
2025-11-13 13:37:20.942,*we have often kind of understood wh - Notepad,a
2025-11-13 13:37:21.240,*we have often kind of understood wh - Notepad,n
2025-11-13 13:37:21.320,*we have often kind of understood wh - Notepad,d
2025-11-13 13:37:21.418,*we have often kind of understood wh - Notepad,[space]
2025-11-13 13:37:21.551,*we have often kind of understood wh - Notepad,h
2025-11-13 13:37:21.728,*we have often kind of understood wh - Notepad,o
2025-11-13 13:37:21.820,*we have often kind of understood wh - Notepad,w
2025-11-13 13:37:21.909,*we have often kind of understood wh - Notepad,[space]
2025-11-13 13:37:22.018,*we have often kind of understood wh - Notepad,t
2025-11-13 13:37:22.095,*we have often kind of understood wh - Notepad,h
2025-11-13 13:37:22.237,*we have often kind of understood wh - Notepad,i
2025-11-13 13:37:22.367,*we have often kind of understood wh - Notepad,n
2025-11-13 13:37:22.420,*we have often kind of understood wh - Notepad,g
2025-11-13 13:37:22.608,*we have often kind of understood wh - Notepad,s
2025-11-13 13:37:22.689,*we have often kind of understood wh - Notepad,[space]
2025-11-13 13:37:22.802,*we have often kind of understood wh - Notepad,w
2025-11-13 13:37:22.864,*we have often kind of understood wh - Notepad,o
2025-11-13 13:37:23.002,*we have often kind of understood wh - Notepad,r
2025-11-13 13:37:23.071,*we have often kind of understood wh - Notepad,k
2025-11-13 13:37:23.198,*we have often kind of understood wh - Notepad,[space]
2025-11-13 13:37:23.257,*we have often kind of understood wh - Notepad,a
2025-11-13 13:37:23.366,*we have often kind of understood wh - Notepad,n
2025-11-13 13:37:23.462,*we have often kind of understood wh - Notepad,d
2025-11-13 13:37:23.544,*we have often kind of understood wh - Notepad,[space]
2025-11-13 13:37:23.734,*we have often kind of understood wh - Notepad,h
2025-11-13 13:37:23.887,*we have often kind of understood wh - Notepad,o
2025-11-13 13:37:23.984,*we have often kind of understood wh - Notepad,w
2025-11-13 13:37:24.067,*we have often kind of understood wh - Notepad,[space]
2025-11-13 13:37:24.170,*we have often kind of understood wh - Notepad,w
2025-11-13 13:37:24.273,*we have often kind of understood wh - Notepad,e
2025-11-13 13:37:24.357,*we have often kind of understood wh - Notepad,[space]
2025-11-13 13:37:24.520,*we have often kind of understood wh - Notepad,c
2025-11-13 13:37:24.655,*we have often kind of understood wh - Notepad,a
2025-11-13 13:37:24.736,*we have often kind of understood wh - Notepad,n
2025-11-13 13:37:24.883,*we have often kind of understood wh - Notepad,[space]
2025-11-13 13:37:25.127,*we have often kind of understood wh - Notepad,s
2025-11-13 13:37:25.292,*we have often kind of understood wh - Notepad,e
2025-11-13 13:37:25.446,*we have often kind of understood wh - Notepad,e
2025-11-13 13:37:25.598,*we have often kind of understood wh - Notepad,e
2025-11-13 13:37:25.974,*we have often kind of understood wh - Notepad,[space]
2025-11-13 13:37:26.118,*we have often kind of understood wh - Notepad,i
2025-11-13 13:37:26.230,*we have often kind of understood wh - Notepad,f
2025-11-13 13:37:26.325,*we have often kind of understood wh - Notepad,[space]
2025-11-13 13:37:26.444,*we have often kind of understood wh - Notepad,t
2025-11-13 13:37:26.531,*we have often kind of understood wh - Notepad,h
2025-11-13 13:37:26.639,*we have often kind of understood wh - Notepad,e
2025-11-13 13:37:26.699,*we have often kind of understood wh - Notepad,y
2025-11-13 13:37:26.829,*we have often kind of understood wh - Notepad,[space]
2025-11-13 13:37:26.930,*we have often kind of understood wh - Notepad,w
2025-11-13 13:37:27.027,*we have often kind of understood wh - Notepad,i
2025-11-13 13:37:27.229,*we have often kind of understood wh - Notepad,l
2025-11-13 13:37:27.354,*we have often kind of understood wh - Notepad,l
2025-11-13 13:37:27.436,*we have often kind of understood wh - Notepad,[space]
2025-11-13 13:37:27.702,*we have often kind of understood wh - Notepad,c
2025-11-13 13:37:27.772,*we have often kind of understood wh - Notepad,o
2025-11-13 13:37:27.921,*we have often kind of understood wh - Notepad,m
2025-11-13 13:37:28.013,*we have often kind of understood wh - Notepad,e
2025-11-13 13:37:28.085,*we have often kind of understood wh - Notepad,[space]
2025-11-13 13:37:28.199,*we have often kind of understood wh - Notepad,o
2025-11-13 13:37:28.263,*we have often kind of understood wh - Notepad,v
2025-11-13 13:37:28.399,*we have often kind of understood wh - Notepad,e
2025-11-13 13:37:28.538,*we have often kind of understood wh - Notepad,r
2025-11-13 13:37:28.645,*we have often kind of understood wh - Notepad,[space]
2025-11-13 13:37:28.731,*we have often kind of understood wh - Notepad,t
2025-11-13 13:37:28.880,*we have often kind of understood wh - Notepad,h
2025-11-13 13:37:29.226,*we have often kind of understood wh - Notepad,[backspace]
2025-11-13 13:37:29.467,*we have often kind of understood wh - Notepad,o
2025-11-13 13:37:29.599,*we have often kind of understood wh - Notepad,[space]
2025-11-13 13:37:29.715,*we have often kind of understood wh - Notepad,t
2025-11-13 13:37:29.841,*we have often kind of understood wh - Notepad,h
2025-11-13 13:37:29.931,*we have often kind of understood wh - Notepad,e
2025-11-13 13:37:30.045,*we have often kind of understood wh - Notepad,[space]
2025-11-13 13:37:31.154,*we have often kind of understood wh - Notepad,b
2025-11-13 13:37:31.344,*we have often kind of understood wh - Notepad,o
2025-11-13 13:37:31.411,*we have often kind of understood wh - Notepad,a
2025-11-13 13:37:31.575,*we have often kind of understood wh - Notepad,r
2025-11-13 13:37:31.713,*we have often kind of understood wh - Notepad,d
2025-11-13 13:37:31.789,*we have often kind of understood wh - Notepad,[space]
2025-11-13 13:37:31.890,*we have often kind of understood wh - Notepad,a
2025-11-13 13:37:31.997,*we have often kind of understood wh - Notepad,n
2025-11-13 13:37:32.038,*we have often kind of understood wh - Notepad,d
2025-11-13 13:37:32.183,*we have often kind of understood wh - Notepad,[space]
2025-11-13 13:37:32.242,*we have often kind of understood wh - Notepad,t
2025-11-13 13:37:32.338,*we have often kind of understood wh - Notepad,h
2025-11-13 13:37:32.436,*we have often kind of understood wh - Notepad,e
2025-11-13 13:37:32.527,*we have often kind of understood wh - Notepad,n
2025-11-13 13:37:32.641,*we have often kind of understood wh - Notepad,[space]
2025-11-13 13:37:32.711,*we have often kind of understood wh - Notepad,w
2025-11-13 13:37:32.790,*we have often kind of understood wh - Notepad,e
2025-11-13 13:37:32.859,*we have often kind of understood wh - Notepad,[space]
2025-11-13 13:37:32.992,*we have often kind of understood wh - Notepad,c
2025-11-13 13:37:33.109,*we have often kind of understood wh - Notepad,a
2025-11-13 13:37:33.191,*we have often kind of understood wh - Notepad,n
2025-11-13 13:37:33.308,*we have often kind of understood wh - Notepad,[space]
2025-11-13 13:37:33.376,*we have often kind of understood wh - Notepad,s
2025-11-13 13:37:33.530,*we have often kind of understood wh - Notepad,e
2025-11-13 13:37:33.658,*we have often kind of understood wh - Notepad,e
2025-11-13 13:37:33.774,*we have often kind of understood wh - Notepad,[space]
2025-11-13 13:37:33.888,*we have often kind of understood wh - Notepad,t
2025-11-13 13:37:33.992,*we have often kind of understood wh - Notepad,h
2025-11-13 13:37:34.088,*we have often kind of understood wh - Notepad,a
2025-11-13 13:37:34.186,*we have often kind of understood wh - Notepad,t
2025-11-13 13:37:34.333,*we have often kind of understood wh - Notepad,[space]
2025-11-13 13:37:34.539,*we have often kind of understood wh - Notepad,i
2025-11-13 13:37:34.673,*we have often kind of understood wh - Notepad,[space]
2025-11-13 13:37:35.019,*we have often kind of understood wh - Notepad,w
2025-11-13 13:37:35.087,*we have often kind of understood wh - Notepad,i
2025-11-13 13:37:35.263,*we have often kind of understood wh - Notepad,l
2025-11-13 13:37:35.370,*we have often kind of understood wh - Notepad,l
2025-11-13 13:37:35.468,*we have often kind of understood wh - Notepad,[space]
2025-11-13 13:37:35.544,*we have often kind of understood wh - Notepad,a
2025-11-13 13:37:35.615,*we have often kind of understood wh - Notepad,l
2025-11-13 13:37:35.734,*we have often kind of understood wh - Notepad,s
2025-11-13 13:37:35.792,*we have often kind of understood wh - Notepad,o
2025-11-13 13:37:35.902,*we have often kind of understood wh - Notepad,[space]
2025-11-13 13:37:36.090,*we have often kind of understood wh - Notepad,b
2025-11-13 13:37:36.187,*we have often kind of understood wh - Notepad,e
2025-11-13 13:37:36.290,*we have often kind of understood wh - Notepad,[space]
2025-11-13 13:37:36.506,*we have often kind of understood wh - Notepad,c
2025-11-13 13:37:36.604,*we have often kind of understood wh - Notepad,o
2025-11-13 13:37:36.759,*we have often kind of understood wh - Notepad,m
2025-11-13 13:37:36.908,*we have often kind of understood wh - Notepad,i
2025-11-13 13:37:37.029,*we have often kind of understood wh - Notepad,n
2025-11-13 13:37:37.103,*we have often kind of understood wh - Notepad,g
2025-11-13 13:37:37.190,*we have often kind of understood wh - Notepad,[space]
2025-11-13 13:37:37.302,*we have often kind of understood wh - Notepad,a
2025-11-13 13:37:37.339,*we have often kind of understood wh - Notepad,l
2025-11-13 13:37:37.507,*we have often kind of understood wh - Notepad,s
2025-11-13 13:37:37.562,*we have often kind of understood wh - Notepad,o
2025-11-13 13:37:37.743,*we have often kind of understood wh - Notepad,n
2025-11-13 13:37:37.939,*we have often kind of understood wh - Notepad,g
2025-11-13 13:37:38.047,*we have often kind of understood wh - Notepad,[space]
2025-11-13 13:37:38.884,*we have often kind of understood wh - Notepad,r
2025-11-13 13:37:38.983,*we have often kind of understood wh - Notepad,h
2025-11-13 13:37:39.078,*we have often kind of understood wh - Notepad,e
2025-11-13 13:37:39.084,*we have often kind of understood wh - Notepad,w
2025-11-13 13:37:39.170,*we have often kind of understood wh - Notepad,[space]
2025-11-13 13:37:39.355,*we have often kind of understood wh - Notepad,w
2025-11-13 13:37:39.509,*we have often kind of understood wh - Notepad,a
2025-11-13 13:37:39.570,*we have often kind of understood wh - Notepad,y
2025-11-13 13:37:39.707,*we have often kind of understood wh - Notepad,[space]
2025-11-13 13:37:40.195,*we have often kind of understood wh - Notepad,a
2025-11-13 13:37:40.331,*we have often kind of understood wh - Notepad,n
2025-11-13 13:37:40.402,*we have often kind of understood wh - Notepad,d
2025-11-13 13:37:40.500,*we have often kind of understood wh - Notepad,[space]
2025-11-13 13:37:40.578,*we have often kind of understood wh - Notepad,w
2025-11-13 13:37:40.663,*we have often kind of understood wh - Notepad,e
2025-11-13 13:37:40.733,*we have often kind of understood wh - Notepad,[space]
2025-11-13 13:37:40.866,*we have often kind of understood wh - Notepad,h
2025-11-13 13:37:40.933,*we have often kind of understood wh - Notepad,a
2025-11-13 13:37:41.055,*we have often kind of understood wh - Notepad,v
2025-11-13 13:37:41.107,*we have often kind of understood wh - Notepad,e
2025-11-13 13:37:41.220,*we have often kind of understood wh - Notepad,[space]
2025-11-13 13:37:41.330,*we have often kind of understood wh - Notepad,t
2025-11-13 13:37:41.398,*we have often kind of understood wh - Notepad,o
2025-11-13 13:37:41.510,*we have often kind of understood wh - Notepad,[space]
2025-11-13 13:37:41.787,*we have often kind of understood wh - Notepad,s
2025-11-13 13:37:41.950,*we have often kind of understood wh - Notepad,e
2025-11-13 13:37:42.089,*we have often kind of understood wh - Notepad,e
2025-11-13 13:37:42.185,*we have often kind of understood wh - Notepad,[space]
2025-11-13 13:37:42.451,*we have often kind of understood wh - Notepad,s
2025-11-13 13:37:42.546,*we have often kind of understood wh - Notepad,o
2025-11-13 13:37:42.658,*we have often kind of understood wh - Notepad,[space]
2025-11-13 13:37:42.786,*we have often kind of understood wh - Notepad,m
2025-11-13 13:37:42.861,*we have often kind of understood wh - Notepad,a
2025-11-13 13:37:42.924,*we have often kind of understood wh - Notepad,n
2025-11-13 13:37:43.073,*we have often kind of understood wh - Notepad,y
2025-11-13 13:37:43.162,*we have often kind of understood wh - Notepad,[space]
2025-11-13 13:37:43.270,*we have often kind of understood wh - Notepad,n
2025-11-13 13:37:43.346,*we have often kind of understood wh - Notepad,e
2025-11-13 13:37:43.450,*we have often kind of understood wh - Notepad,w
2025-11-13 13:37:43.534,*we have often kind of understood wh - Notepad,[space]
2025-11-13 13:37:43.645,*we have often kind of understood wh - Notepad,p
2025-11-13 13:37:43.731,*we have often kind of understood wh - Notepad,e
2025-11-13 13:37:43.801,*we have often kind of understood wh - Notepad,o
2025-11-13 13:37:43.920,*we have often kind of understood wh - Notepad,p
2025-11-13 13:37:44.038,*we have often kind of understood wh - Notepad,l
2025-11-13 13:37:44.121,*we have often kind of understood wh - Notepad,e
2025-11-13 13:37:44.222,*we have often kind of understood wh - Notepad,[space]
2025-11-13 13:37:44.387,*we have often kind of understood wh - Notepad,b
2025-11-13 13:37:44.514,*we have often kind of understood wh - Notepad,u
2025-11-13 13:37:44.574,*we have often kind of understood wh - Notepad,t
2025-11-13 13:37:44.656,*we have often kind of understood wh - Notepad,[space]
2025-11-13 13:37:44.780,*we have often kind of understood wh - Notepad,h
2025-11-13 13:37:44.915,*we have often kind of understood wh - Notepad,u
2025-11-13 13:37:45.066,*we have often kind of understood wh - Notepad,m
2025-11-13 13:37:45.200,*we have often kind of understood wh - Notepad,a
2025-11-13 13:37:45.254,*we have often kind of understood wh - Notepad,n
2025-11-13 13:37:45.394,*we have often kind of understood wh - Notepad,s
2025-11-13 13:37:45.476,*we have often kind of understood wh - Notepad,[space]
2025-11-13 13:37:45.559,*we have often kind of understood wh - Notepad,a
2025-11-13 13:37:45.628,*we have often kind of understood wh - Notepad,n
2025-11-13 13:37:45.702,*we have often kind of understood wh - Notepad,d
2025-11-13 13:37:45.796,*we have often kind of understood wh - Notepad,[space]
2025-11-13 13:37:45.979,*we have often kind of understood wh - Notepad,h
2025-11-13 13:37:46.265,*we have often kind of understood wh - Notepad,[backspace]
2025-11-13 13:37:46.399,*we have often kind of understood wh - Notepad,t
2025-11-13 13:37:46.497,*we have often kind of understood wh - Notepad,h
2025-11-13 13:37:46.632,*we have often kind of understood wh - Notepad,e
2025-11-13 13:37:46.694,*we have often kind of understood wh - Notepad,y
2025-11-13 13:37:46.829,*we have often kind of understood wh - Notepad,[space]
2025-11-13 13:37:46.976,*we have often kind of understood wh - Notepad,h
2025-11-13 13:37:47.061,*we have often kind of understood wh - Notepad,a
2025-11-13 13:37:47.130,*we have often kind of understood wh - Notepad,v
2025-11-13 13:37:47.247,*we have often kind of understood wh - Notepad,e
2025-11-13 13:37:47.336,*we have often kind of understood wh - Notepad,[space]
2025-11-13 13:37:48.245,*we have often kind of understood wh - Notepad,r
2025-11-13 13:37:48.298,*we have often kind of understood wh - Notepad,u
2025-11-13 13:37:48.484,*we have often kind of understood wh - Notepad,m
2025-11-13 13:37:48.618,*we have often kind of understood wh - Notepad,o
2025-11-13 13:37:48.775,*we have often kind of understood wh - Notepad,u
2025-11-13 13:37:48.857,*we have often kind of understood wh - Notepad,r
2025-11-13 13:37:49.034,*we have often kind of understood wh - Notepad,s
2025-11-13 13:37:49.133,*we have often kind of understood wh - Notepad,[space]
2025-11-13 13:37:49.351,*we have often kind of understood wh - Notepad,a
2025-11-13 13:37:49.465,*we have often kind of understood wh - Notepad,n
2025-11-13 13:37:49.779,*we have often kind of understood wh - Notepad,[backspace]
2025-11-13 13:37:49.937,*we have often kind of understood wh - Notepad,b
2025-11-13 13:37:50.008,*we have often kind of understood wh - Notepad,o
2025-11-13 13:37:50.196,*we have often kind of understood wh - Notepad,u
2025-11-13 13:37:50.202,*we have often kind of understood wh - Notepad,y
2025-11-13 13:37:50.335,*we have often kind of understood wh - Notepad,t
2025-11-13 13:37:50.779,*we have often kind of understood wh - Notepad,[space]
2025-11-13 13:37:51.074,*we have often kind of understood wh - Notepad,i
2025-11-13 13:37:51.420,*we have often kind of understood wh - Notepad,d
2025-11-13 13:37:51.574,*we have often kind of understood wh - Notepad,e
2025-11-13 13:37:51.647,*we have often kind of understood wh - Notepad,k
2025-11-13 13:37:51.778,*we have often kind of understood wh - Notepad,[space]
2025-11-13 13:37:51.885,*we have often kind of understood wh - Notepad,a
2025-11-13 13:37:51.972,*we have often kind of understood wh - Notepad,n
2025-11-13 13:37:52.061,*we have often kind of understood wh - Notepad,d
2025-11-13 13:37:52.165,*we have often kind of understood wh - Notepad,[space]
2025-11-13 13:37:52.343,*we have often kind of understood wh - Notepad,i
2025-11-13 13:37:52.460,*we have often kind of understood wh - Notepad,[space]
2025-11-13 13:37:52.570,*we have often kind of understood wh - Notepad,h
2025-11-13 13:37:52.642,*we have often kind of understood wh - Notepad,a
2025-11-13 13:37:52.735,*we have often kind of understood wh - Notepad,v
2025-11-13 13:37:52.785,*we have often kind of understood wh - Notepad,e
2025-11-13 13:37:52.907,*we have often kind of understood wh - Notepad,[space]
2025-11-13 13:37:53.003,*we have often kind of understood wh - Notepad,t
2025-11-13 13:37:53.065,*we have often kind of understood wh - Notepad,o
2025-11-13 13:37:53.165,*we have often kind of understood wh - Notepad,[space]
2025-11-13 13:37:53.257,*we have often kind of understood wh - Notepad,s
2025-11-13 13:37:53.419,*we have often kind of understood wh - Notepad,e
2025-11-13 13:37:53.551,*we have often kind of understood wh - Notepad,e
2025-11-13 13:37:53.639,*we have often kind of understood wh - Notepad,[space]
2025-11-13 13:37:53.995,*we have often kind of understood wh - Notepad,t
2025-11-13 13:37:54.077,*we have often kind of understood wh - Notepad,h
2025-11-13 13:37:54.200,*we have often kind of understood wh - Notepad,e
2025-11-13 13:37:54.221,*we have often kind of understood wh - Notepad,[space]
2025-11-13 13:37:54.347,*we have often kind of understood wh - Notepad,n
2025-11-13 13:37:54.410,*we have often kind of understood wh - Notepad,e
2025-11-13 13:37:54.482,*we have often kind of understood wh - Notepad,w
2025-11-13 13:37:54.576,*we have often kind of understood wh - Notepad,[space]
2025-11-13 13:37:54.702,*we have often kind of understood wh - Notepad,s
2025-11-13 13:37:54.764,*we have often kind of understood wh - Notepad,h
2025-11-13 13:37:54.934,*we have often kind of understood wh - Notepad,o
2025-11-13 13:37:55.008,*we have often kind of understood wh - Notepad,w
2025-11-13 13:37:55.120,*we have often kind of understood wh - Notepad,[space]
2025-11-13 13:37:55.741,*we have often kind of understood wh - Notepad,e
2025-11-13 13:37:55.813,*we have often kind of understood wh - Notepad,m
2025-11-13 13:37:55.897,*we have often kind of understood wh - Notepad,e
2025-11-13 13:37:56.119,*we have often kind of understood wh - Notepad,n
2025-11-13 13:37:56.247,*we have often kind of understood wh - Notepad,e
2025-11-13 13:37:56.564,*we have often kind of understood wh - Notepad,b
2025-11-13 13:37:56.683,*we have often kind of understood wh - Notepad,t
2025-11-13 13:37:56.829,*we have often kind of understood wh - Notepad,y
2025-11-13 13:37:56.984,*we have often kind of understood wh - Notepad,[space]
2025-11-13 13:37:57.134,*we have often kind of understood wh - Notepad,a
2025-11-13 13:37:57.683,*we have often kind of understood wh - Notepad,b
2025-11-13 13:37:57.810,*we have often kind of understood wh - Notepad,b
2025-11-13 13:37:57.982,*we have often kind of understood wh - Notepad,o
2025-11-13 13:37:58.062,*we have often kind of understood wh - Notepad,t
2025-11-13 13:37:58.174,*we have often kind of understood wh - Notepad,[space]
2025-11-13 13:37:58.315,*we have often kind of understood wh - Notepad,a
2025-11-13 13:37:58.409,*we have often kind of understood wh - Notepad,n
2025-11-13 13:37:58.477,*we have often kind of understood wh - Notepad,d
2025-11-13 13:37:58.566,*we have often kind of understood wh - Notepad,[space]
2025-11-13 13:37:58.674,*we have often kind of understood wh - Notepad,w
2025-11-13 13:37:58.747,*we have often kind of understood wh - Notepad,e
2025-11-13 13:37:58.808,*we have often kind of understood wh - Notepad,[space]
2025-11-13 13:37:58.928,*we have often kind of understood wh - Notepad,c
2025-11-13 13:37:59.438,*we have often kind of understood wh - Notepad,a
2025-11-13 13:37:59.530,*we have often kind of understood wh - Notepad,n
2025-11-13 13:37:59.640,*we have often kind of understood wh - Notepad,[space]
2025-11-13 13:37:59.752,*we have often kind of understood wh - Notepad,s
2025-11-13 13:37:59.913,*we have often kind of understood wh - Notepad,e
2025-11-13 13:38:00.058,*we have often kind of understood wh - Notepad,e
2025-11-13 13:38:00.099,*we have often kind of understood wh - Notepad,[space]
2025-11-13 13:38:00.463,*we have often kind of understood wh - Notepad,w
2025-11-13 13:38:00.548,*we have often kind of understood wh - Notepad,h
2025-11-13 13:38:00.696,*we have often kind of understood wh - Notepad,y
2025-11-13 13:38:00.796,*we have often kind of understood wh - Notepad,[space]
2025-11-13 13:38:00.928,*we have often kind of understood wh - Notepad,j
2025-11-13 13:38:00.991,*we have often kind of understood wh - Notepad,a
2025-11-13 13:38:01.145,*we have often kind of understood wh - Notepad,c
2025-11-13 13:38:01.218,*we have often kind of understood wh - Notepad,k
2025-11-13 13:38:01.337,*we have often kind of understood wh - Notepad,[space]
2025-11-13 13:38:01.424,*we have often kind of understood wh - Notepad,i
2025-11-13 13:38:01.541,*we have often kind of understood wh - Notepad,s
2025-11-13 13:38:01.632,*we have often kind of understood wh - Notepad,[space]
2025-11-13 13:38:01.826,*we have often kind of understood wh - Notepad,s
2025-11-13 13:38:01.910,*we have often kind of understood wh - Notepad,o
2025-11-13 13:38:02.015,*we have often kind of understood wh - Notepad,[space]
2025-11-13 13:38:02.266,*we have often kind of understood wh - Notepad,e
2025-11-13 13:38:02.400,*we have often kind of understood wh - Notepad,f
2025-11-13 13:38:02.529,*we have often kind of understood wh - Notepad,f
2025-11-13 13:38:02.636,*we have often kind of understood wh - Notepad,e
2025-11-13 13:38:02.750,*we have often kind of understood wh - Notepad,c
2025-11-13 13:38:02.910,*we have often kind of understood wh - Notepad,t
2025-11-13 13:38:03.025,*we have often kind of understood wh - Notepad,i
2025-11-13 13:38:03.117,*we have often kind of understood wh - Notepad,v
2025-11-13 13:38:03.283,*we have often kind of understood wh - Notepad,e
2025-11-13 13:38:03.371,*we have often kind of understood wh - Notepad,[space]
2025-11-13 13:38:03.459,*we have often kind of understood wh - Notepad,i
2025-11-13 13:38:03.591,*we have often kind of understood wh - Notepad,n
2025-11-13 13:38:03.691,*we have often kind of understood wh - Notepad,[space]
2025-11-13 13:38:03.815,*we have often kind of understood wh - Notepad,h
2025-11-13 13:38:03.953,*we have often kind of understood wh - Notepad,i
2025-11-13 13:38:03.998,*we have often kind of understood wh - Notepad,s
2025-11-13 13:38:04.077,*we have often kind of understood wh - Notepad,[space]
2025-11-13 13:38:04.292,*we have often kind of understood wh - Notepad,g
2025-11-13 13:38:04.347,*we have often kind of understood wh - Notepad,a
2025-11-13 13:38:04.462,*we have often kind of understood wh - Notepad,m
2025-11-13 13:38:04.532,*we have often kind of understood wh - Notepad,e
2025-11-13 13:38:04.660,*we have often kind of understood wh - Notepad,[space]
2025-11-13 13:38:05.086,*we have often kind of understood wh - Notepad,p
2025-11-13 13:38:05.202,*we have often kind of understood wh - Notepad,a
2025-11-13 13:38:05.291,*we have often kind of understood wh - Notepad,u
2025-11-13 13:38:05.429,*we have often kind of understood wh - Notepad,l
2025-11-13 13:38:05.521,*we have often kind of understood wh - Notepad,[space]
2025-11-13 13:38:05.645,*we have often kind of understood wh - Notepad,j
2025-11-13 13:38:05.755,*we have often kind of understood wh - Notepad,u
2025-11-13 13:38:05.847,*we have often kind of understood wh - Notepad,s
2025-11-13 13:38:05.916,*we have often kind of understood wh - Notepad,t
2025-11-13 13:38:06.038,*we have often kind of understood wh - Notepad,[space]
2025-11-13 13:38:06.128,*we have often kind of understood wh - Notepad,g
2025-11-13 13:38:06.181,*we have often kind of understood wh - Notepad,o
2025-11-13 13:38:06.304,*we have often kind of understood wh - Notepad,t
2025-11-13 13:38:06.355,*we have often kind of understood wh - Notepad,[space]
2025-11-13 13:38:06.540,*we have often kind of understood wh - Notepad,h
2025-11-13 13:38:06.664,*we have often kind of understood wh - Notepad,i
2025-11-13 13:38:06.730,*we have often kind of understood wh - Notepad,s
2025-11-13 13:38:06.830,*we have often kind of understood wh - Notepad,[space]
2025-11-13 13:38:07.040,*we have often kind of understood wh - Notepad,n
2025-11-13 13:38:07.195,*we have often kind of understood wh - Notepad,e
2025-11-13 13:38:07.302,*we have often kind of understood wh - Notepad,w
2025-11-13 13:38:07.443,*we have often kind of understood wh - Notepad,[space]
2025-11-13 13:38:07.681,*we have often kind of understood wh - Notepad,g
2025-11-13 13:38:07.849,*we have often kind of understood wh - Notepad,u
2025-11-13 13:38:07.981,*we have often kind of understood wh - Notepad,i
2025-11-13 13:38:08.060,*we have often kind of understood wh - Notepad,t
2025-11-13 13:38:08.238,*we have often kind of understood wh - Notepad,a
2025-11-13 13:38:08.419,*we have often kind of understood wh - Notepad,r
2025-11-13 13:38:08.543,*we have often kind of understood wh - Notepad,[space]
2025-11-13 13:38:08.708,*we have often kind of understood wh - Notepad,d
2025-11-13 13:38:08.883,*we have often kind of understood wh - Notepad,y
2025-11-13 13:38:09.145,*we have often kind of understood wh - Notepad,e
2025-11-13 13:38:09.255,*we have often kind of understood wh - Notepad,[space]
2025-11-13 13:38:09.481,*we have often kind of understood wh - Notepad,s
2025-11-13 13:38:09.602,*we have often kind of understood wh - Notepad,h
2025-11-13 13:38:09.738,*we have often kind of understood wh - Notepad,i
2025-11-13 13:38:09.800,*we have often kind of understood wh - Notepad,t
2025-11-13 13:38:09.904,*we have often kind of understood wh - Notepad,[space]
2025-11-13 13:38:10.012,*we have often kind of understood wh - Notepad,a
2025-11-13 13:38:10.077,*we have often kind of understood wh - Notepad,n
2025-11-13 13:38:10.193,*we have often kind of understood wh - Notepad,d
2025-11-13 13:38:10.232,*we have often kind of understood wh - Notepad,[space]
2025-11-13 13:38:10.373,*we have often kind of understood wh - Notepad,h
2025-11-13 13:38:10.446,*we have often kind of understood wh - Notepad,e
2025-11-13 13:38:10.550,*we have often kind of understood wh - Notepad,[space]
2025-11-13 13:38:10.638,*we have often kind of understood wh - Notepad,s
2025-11-13 13:38:10.762,*we have often kind of understood wh - Notepad,a
2025-11-13 13:38:10.854,*we have often kind of understood wh - Notepad,y
2025-11-13 13:38:10.953,*we have often kind of understood wh - Notepad,s
2025-11-13 13:38:11.077,*we have often kind of understood wh - Notepad,[space]
2025-11-13 13:38:11.192,*we have often kind of understood wh - Notepad,h
2025-11-13 13:38:11.254,*we have often kind of understood wh - Notepad,e
2025-11-13 13:38:11.383,*we have often kind of understood wh - Notepad,[space]
2025-11-13 13:38:11.758,*we have often kind of understood wh - Notepad,g
2025-11-13 13:38:11.943,*we have often kind of understood wh - Notepad,o
2025-11-13 13:38:12.100,*we have often kind of understood wh - Notepad,i
2025-11-13 13:38:12.275,*we have often kind of understood wh - Notepad,n
2025-11-13 13:38:12.375,*we have often kind of understood wh - Notepad,g
2025-11-13 13:38:12.466,*we have often kind of understood wh - Notepad,[space]
2025-11-13 13:38:12.559,*we have often kind of understood wh - Notepad,t
2025-11-13 13:38:12.596,*we have often kind of understood wh - Notepad,o
2025-11-13 13:38:12.696,*we have often kind of understood wh - Notepad,[space]
2025-11-13 13:38:12.839,*we have often kind of understood wh - Notepad,r
2025-11-13 13:38:12.906,*we have often kind of understood wh - Notepad,u
2025-11-13 13:38:13.030,*we have often kind of understood wh - Notepad,i
2025-11-13 13:38:13.145,*we have often kind of understood wh - Notepad,n
2025-11-13 13:38:13.266,*we have often kind of understood wh - Notepad,[space]
2025-11-13 13:38:13.345,*we have often kind of understood wh - Notepad,t
2025-11-13 13:38:13.425,*we have often kind of understood wh - Notepad,h
2025-11-13 13:38:13.539,*we have often kind of understood wh - Notepad,e
2025-11-13 13:38:13.582,*we have often kind of understood wh - Notepad,[space]
2025-11-13 13:38:13.724,*we have often kind of understood wh - Notepad,c
2025-11-13 13:38:13.824,*we have often kind of understood wh - Notepad,a
2025-11-13 13:38:14.004,*we have often kind of understood wh - Notepad,r
2025-11-13 13:38:14.257,*we have often kind of understood wh - Notepad,p
2025-11-13 13:38:14.387,*we have often kind of understood wh - Notepad,e
2025-11-13 13:38:14.568,*we have often kind of understood wh - Notepad,t
2025-11-13 13:38:14.651,*we have often kind of understood wh - Notepad,[space]
2025-11-13 13:38:14.775,*we have often kind of understood wh - Notepad,w
2025-11-13 13:38:14.826,*we have often kind of understood wh - Notepad,h
2025-11-13 13:38:14.949,*we have often kind of understood wh - Notepad,i
2025-11-13 13:38:15.014,*we have often kind of understood wh - Notepad,c
2025-11-13 13:38:15.107,*we have often kind of understood wh - Notepad,y
2025-11-13 13:38:15.211,*we have often kind of understood wh - Notepad,[space]
2025-11-13 13:38:15.537,*we have often kind of understood wh - Notepad,[backspace]
2025-11-13 13:38:15.642,*we have often kind of understood wh - Notepad,[backspace]
2025-11-13 13:38:15.753,*we have often kind of understood wh - Notepad,[backspace]
2025-11-13 13:38:16.410,*we have often kind of understood wh - Notepad,c
2025-11-13 13:38:16.494,*we have often kind of understood wh - Notepad,h
2025-11-13 13:38:16.615,*we have often kind of understood wh - Notepad,[space]
2025-11-13 13:38:16.792,*we have often kind of understood wh - Notepad,b
2025-11-13 13:38:16.963,*we have often kind of understood wh - Notepad,t
2025-11-13 13:38:17.101,*we have often kind of understood wh - Notepad,e
2025-11-13 13:38:17.444,*we have often kind of understood wh - Notepad,[backspace]
2025-11-13 13:38:17.567,*we have often kind of understood wh - Notepad,w
2025-11-13 13:38:17.656,*we have often kind of understood wh - Notepad,[space]
2025-11-13 13:38:17.773,*we have often kind of understood wh - Notepad,i
2025-11-13 13:38:17.855,*we have often kind of understood wh - Notepad,s
2025-11-13 13:38:17.917,*we have often kind of understood wh - Notepad,[space]
2025-11-13 13:38:18.043,*we have often kind of understood wh - Notepad,n
2025-11-13 13:38:18.175,*we have often kind of understood wh - Notepad,o
2025-11-13 13:38:18.243,*we have often kind of understood wh - Notepad,t
2025-11-13 13:38:18.346,*we have often kind of understood wh - Notepad,[space]
2025-11-13 13:38:18.438,*we have often kind of understood wh - Notepad,a
2025-11-13 13:38:18.513,*we have often kind of understood wh - Notepad,[space]
2025-11-13 13:38:18.810,*we have often kind of understood wh - Notepad,g
2025-11-13 13:38:18.977,*we have often kind of understood wh - Notepad,r
2025-11-13 13:38:19.110,*we have often kind of understood wh - Notepad,e
2025-11-13 13:38:19.227,*we have often kind of understood wh - Notepad,a
2025-11-13 13:38:19.340,*we have often kind of understood wh - Notepad,t
2025-11-13 13:38:19.451,*we have often kind of understood wh - Notepad,[space]
2025-11-13 13:38:19.592,*we have often kind of understood wh - Notepad,n
2025-11-13 13:38:19.673,*we have often kind of understood wh - Notepad,e
2025-11-13 13:38:19.748,*we have often kind of understood wh - Notepad,w
2025-11-13 13:38:19.902,*we have often kind of understood wh - Notepad,[space]
2025-11-13 13:38:20.249,*we have often kind of understood wh - Notepad,[backspace]
2025-11-13 13:38:20.330,*we have often kind of understood wh - Notepad,s
2025-11-13 13:38:20.423,*we have often kind of understood wh - Notepad,[space]
2025-11-13 13:38:20.551,*we have often kind of understood wh - Notepad,l
2025-11-13 13:38:20.708,*we have often kind of understood wh - Notepad,o
2025-11-13 13:38:20.789,*we have often kind of understood wh - Notepad,w
2025-11-13 13:38:20.872,*we have often kind of understood wh - Notepad,o
2025-11-13 13:38:20.875,*we have often kind of understood wh - Notepad,l
2025-11-13 13:38:21.486,*we have often kind of understood wh - Notepad,[backspace]
2025-11-13 13:38:21.621,*we have often kind of understood wh - Notepad,[backspace]
2025-11-13 13:38:21.947,*we have often kind of understood wh - Notepad,o
2025-11-13 13:38:22.099,*we have often kind of understood wh - Notepad,o
2025-11-13 13:38:22.297,*we have often kind of understood wh - Notepad,[backspace]
2025-11-13 13:38:22.499,*we have often kind of understood wh - Notepad,s
2025-11-13 13:38:22.525,*we have often kind of understood wh - Notepad,d
2025-11-13 13:38:22.865,*we have often kind of understood wh - Notepad,s
2025-11-13 13:38:22.907,*we have often kind of understood wh - Notepad,k
2025-11-13 13:38:23.031,*we have often kind of understood wh - Notepad,v
2025-11-13 13:38:23.124,*we have often kind of understood wh - Notepad,i
2025-11-13 13:38:23.126,*we have often kind of understood wh - Notepad,o
2025-11-13 13:38:23.298,*we have often kind of understood wh - Notepad,e
2025-11-13 13:38:23.385,*we have often kind of understood wh - Notepad,s
2025-11-13 13:38:23.423,*we have often kind of understood wh - Notepad,i
2025-11-13 13:38:23.484,*we have often kind of understood wh - Notepad,u
2025-11-13 13:38:23.528,*we have often kind of understood wh - Notepad,v
2025-11-13 13:38:23.540,*we have often kind of understood wh - Notepad,h
2025-11-13 13:38:24.009,*we have often kind of understood wh - Notepad,[ctrl_l]
2025-11-13 13:38:24.175,*we have often kind of understood wh - Notepad,
2025-11-13 13:38:25.136,*we have often kind of understood wh - Notepad,[enter]
2025-11-13 13:38:36.751,secure coding - keylogger test 1 - stealth keylogger - Google Search - Google Chrome,g
2025-11-13 13:38:36.915,secure coding - keylogger test 1 - stealth keylogger - Google Search - Google Chrome,u
2025-11-13 13:38:37.062,secure coding - keylogger test 1 - stealth keylogger - Google Search - Google Chrome,i
2025-11-13 13:38:37.211,secure coding - keylogger test 1 - stealth keylogger - Google Search - Google Chrome,t
2025-11-13 13:38:37.394,secure coding - keylogger test 1 - stealth keylogger - Google Search - Google Chrome,a
2025-11-13 13:38:37.581,secure coding - keylogger test 1 - stealth keylogger - Google Search - Google Chrome,r
2025-11-13 13:38:37.738,secure coding - keylogger test 1 - stealth keylogger - Google Search - Google Chrome,[space]
2025-11-13 13:38:37.890,secure coding - keylogger test 1 - stealth keylogger - Google Search - Google Chrome,b
2025-11-13 13:38:37.990,secure coding - keylogger test 1 - stealth keylogger - Google Search - Google Chrome,r
2025-11-13 13:38:38.117,secure coding - keylogger test 1 - stealth keylogger - Google Search - Google Chrome,a
2025-11-13 13:38:38.165,secure coding - keylogger test 1 - stealth keylogger - Google Search - Google Chrome,n
2025-11-13 13:38:38.301,secure coding - keylogger test 1 - stealth keylogger - Google Search - Google Chrome,d
2025-11-13 13:38:38.430,secure coding - keylogger test 1 - stealth keylogger - Google Search - Google Chrome,s
2025-11-13 13:38:38.530,secure coding - keylogger test 1 - stealth keylogger - Google Search - Google Chrome,[enter]
2025-11-13 13:39:00.133,New Tab - Google Chrome,w
2025-11-13 13:39:00.285,New Tab - Google Chrome,e
2025-11-13 13:39:00.323,New Tab - Google Chrome,[space]
2025-11-13 13:39:00.487,New Tab - Google Chrome,h
2025-11-13 13:39:00.600,New Tab - Google Chrome,a
2025-11-13 13:39:00.708,New Tab - Google Chrome,v
2025-11-13 13:39:00.862,New Tab - Google Chrome,e
2025-11-13 13:39:01.305,New Tab - Google Chrome,[space]
2025-11-13 13:39:01.418,New Tab - Google Chrome,s
2025-11-13 13:39:01.596,New Tab - Google Chrome,e
2025-11-13 13:39:01.740,New Tab - Google Chrome,e
2025-11-13 13:39:01.825,New Tab - Google Chrome,n
2025-11-13 13:39:02.807,New Tab - Google Chrome,[space]
2025-11-13 13:39:02.998,New Tab - Google Chrome,h
2025-11-13 13:39:03.169,New Tab - Google Chrome,o
2025-11-13 13:39:03.258,New Tab - Google Chrome,w
2025-11-13 13:39:03.325,New Tab - Google Chrome,[space]
2025-11-13 13:39:03.447,New Tab - Google Chrome,m
2025-11-13 13:39:03.524,New Tab - Google Chrome,a
2025-11-13 13:39:03.628,New Tab - Google Chrome,n
2025-11-13 13:39:03.791,New Tab - Google Chrome,y
2025-11-13 13:39:03.906,New Tab - Google Chrome,[space]
2025-11-13 13:39:04.049,New Tab - Google Chrome,p
2025-11-13 13:39:04.168,New Tab - Google Chrome,e
2025-11-13 13:39:04.222,New Tab - Google Chrome,o
2025-11-13 13:39:04.358,New Tab - Google Chrome,p
2025-11-13 13:39:04.504,New Tab - Google Chrome,l
2025-11-13 13:39:04.734,New Tab - Google Chrome,e
2025-11-13 13:39:04.810,New Tab - Google Chrome,[space]
2025-11-13 13:39:04.952,New Tab - Google Chrome,c
2025-11-13 13:39:05.050,New Tab - Google Chrome,a
2025-11-13 13:39:05.129,New Tab - Google Chrome,n
2025-11-13 13:39:05.250,New Tab - Google Chrome,[space]
2025-11-13 13:39:05.363,New Tab - Google Chrome,o
2025-11-13 13:39:05.431,New Tab - Google Chrome,f
2025-11-13 13:39:05.639,New Tab - Google Chrome,t
2025-11-13 13:39:05.809,New Tab - Google Chrome,e
2025-11-13 13:39:05.874,New Tab - Google Chrome,n
2025-11-13 13:39:06.004,New Tab - Google Chrome,[space]
2025-11-13 13:39:06.066,New Tab - Google Chrome,c
2025-11-13 13:39:06.132,New Tab - Google Chrome,o
2025-11-13 13:39:06.267,New Tab - Google Chrome,m
2025-11-13 13:39:06.326,New Tab - Google Chrome,e
2025-11-13 13:39:06.610,New Tab - Google Chrome,[space]
2025-11-13 13:39:06.744,New Tab - Google Chrome,t
2025-11-13 13:39:06.823,New Tab - Google Chrome,o
2025-11-13 13:39:06.846,New Tab - Google Chrome,p
2025-11-13 13:39:06.917,New Tab - Google Chrome,[space]
2025-11-13 13:39:07.454,New Tab - Google Chrome,[backspace]
2025-11-13 13:39:07.622,New Tab - Google Chrome,[backspace]
2025-11-13 13:39:07.955,New Tab - Google Chrome,[space]
2025-11-13 13:39:08.094,New Tab - Google Chrome,a
2025-11-13 13:39:08.192,New Tab - Google Chrome,n
2025-11-13 13:39:08.278,New Tab - Google Chrome,d
2025-11-13 13:39:08.368,New Tab - Google Chrome,[space]
2025-11-13 13:39:08.461,New Tab - Google Chrome,a
2025-11-13 13:39:08.673,New Tab - Google Chrome,r
2025-11-13 13:39:08.720,New Tab - Google Chrome,o
2025-11-13 13:39:08.897,New Tab - Google Chrome,u
2025-11-13 13:39:09.037,New Tab - Google Chrome,n
2025-11-13 13:39:09.086,New Tab - Google Chrome,d
2025-11-13 13:39:09.219,New Tab - Google Chrome,[space]
2025-11-13 13:39:09.311,New Tab - Google Chrome,t
2025-11-13 13:39:09.403,New Tab - Google Chrome,h
2025-11-13 13:39:09.493,New Tab - Google Chrome,e
2025-11-13 13:39:09.559,New Tab - Google Chrome,[space]
2025-11-13 13:39:09.654,New Tab - Google Chrome,u
2025-11-13 13:39:09.831,New Tab - Google Chrome,n
2025-11-13 13:39:09.968,New Tab - Google Chrome,i
2025-11-13 13:39:10.044,New Tab - Google Chrome,t
2025-11-13 13:39:10.217,New Tab - Google Chrome,e
2025-11-13 13:39:10.323,New Tab - Google Chrome,d
2025-11-13 13:39:10.413,New Tab - Google Chrome,[space]
2025-11-13 13:39:10.517,New Tab - Google Chrome,s
2025-11-13 13:39:10.614,New Tab - Google Chrome,t
2025-11-13 13:39:10.682,New Tab - Google Chrome,a
2025-11-13 13:39:10.791,New Tab - Google Chrome,t
2025-11-13 13:39:10.899,New Tab - Google Chrome,e
2025-11-13 13:39:11.023,New Tab - Google Chrome,d
2025-11-13 13:39:11.106,New Tab - Google Chrome,[space]
2025-11-13 13:39:11.274,New Tab - Google Chrome,b
2025-11-13 13:39:11.438,New Tab - Google Chrome,u
2025-11-13 13:39:11.521,New Tab - Google Chrome,t
2025-11-13 13:39:11.591,New Tab - Google Chrome,[space]
2025-11-13 13:39:11.702,New Tab - Google Chrome,a
2025-11-13 13:39:11.840,New Tab - Google Chrome,g
2025-11-13 13:39:11.917,New Tab - Google Chrome,a
2025-11-13 13:39:12.101,New Tab - Google Chrome,i
2025-11-13 13:39:12.256,New Tab - Google Chrome,n
2025-11-13 13:39:12.618,New Tab - Google Chrome,[space]
2025-11-13 13:39:12.720,New Tab - Google Chrome,w
2025-11-13 13:39:12.801,New Tab - Google Chrome,e
2025-11-13 13:39:12.859,New Tab - Google Chrome,[space]
2025-11-13 13:39:13.120,New Tab - Google Chrome,n
2025-11-13 13:39:13.294,New Tab - Google Chrome,e
2025-11-13 13:39:13.441,New Tab - Google Chrome,v
2025-11-13 13:39:13.547,New Tab - Google Chrome,e
2025-11-13 13:39:13.686,New Tab - Google Chrome,e
2025-11-13 13:39:13.824,New Tab - Google Chrome,r
2025-11-13 13:39:14.076,New Tab - Google Chrome,[space]
2025-11-13 13:39:14.419,New Tab - Google Chrome,k
2025-11-13 13:39:14.724,New Tab - Google Chrome,o
2025-11-13 13:39:15.181,New Tab - Google Chrome,w
2025-11-13 13:39:15.261,New Tab - Google Chrome,[space]
2025-11-13 13:39:15.423,New Tab - Google Chrome,h
2025-11-13 13:39:15.578,New Tab - Google Chrome,o
2025-11-13 13:39:15.651,New Tab - Google Chrome,w
2025-11-13 13:39:15.736,New Tab - Google Chrome,[space]
2025-11-13 13:39:15.881,New Tab - Google Chrome,m
2025-11-13 13:39:15.984,New Tab - Google Chrome,a
2025-11-13 13:39:16.050,New Tab - Google Chrome,n
2025-11-13 13:39:16.207,New Tab - Google Chrome,y
2025-11-13 13:39:16.335,New Tab - Google Chrome,[space]
2025-11-13 13:39:16.456,New Tab - Google Chrome,n
2025-11-13 13:39:16.490,New Tab - Google Chrome,e
2025-11-13 13:39:16.588,New Tab - Google Chrome,w
2025-11-13 13:39:16.674,New Tab - Google Chrome,[space]
2025-11-13 13:39:16.889,New Tab - Google Chrome,p
2025-11-13 13:39:16.974,New Tab - Google Chrome,e
2025-11-13 13:39:17.057,New Tab - Google Chrome,o
2025-11-13 13:39:17.190,New Tab - Google Chrome,p
2025-11-13 13:39:17.314,New Tab - Google Chrome,l
2025-11-13 13:39:17.397,New Tab - Google Chrome,e
2025-11-13 13:39:17.511,New Tab - Google Chrome,[space]
2025-11-13 13:39:17.560,New Tab - Google Chrome,w
2025-11-13 13:39:17.650,New Tab - Google Chrome,e
2025-11-13 13:39:17.716,New Tab - Google Chrome,[space]
2025-11-13 13:39:17.815,New Tab - Google Chrome,c
2025-11-13 13:39:17.926,New Tab - Google Chrome,a
2025-11-13 13:39:18.004,New Tab - Google Chrome,n
2025-11-13 13:39:18.128,New Tab - Google Chrome,[space]
2025-11-13 13:39:18.247,New Tab - Google Chrome,m
2025-11-13 13:39:18.321,New Tab - Google Chrome,e
2025-11-13 13:39:18.451,New Tab - Google Chrome,e
2025-11-13 13:39:18.640,New Tab - Google Chrome,t
2025-11-13 13:39:18.741,New Tab - Google Chrome,[space]
2025-11-13 13:39:18.837,New Tab - Google Chrome,a
2025-11-13 13:39:18.903,New Tab - Google Chrome,n
2025-11-13 13:39:19.019,New Tab - Google Chrome,d
2025-11-13 13:39:19.112,New Tab - Google Chrome,[space]
2025-11-13 13:39:19.215,New Tab - Google Chrome,l
2025-11-13 13:39:19.389,New Tab - Google Chrome,e
2025-11-13 13:39:19.508,New Tab - Google Chrome,a
2025-11-13 13:39:19.704,New Tab - Google Chrome,r
2025-11-13 13:39:19.782,New Tab - Google Chrome,n
2025-11-13 13:39:19.931,New Tab - Google Chrome,[space]
2025-11-13 13:39:20.018,New Tab - Google Chrome,f
2025-11-13 13:39:20.146,New Tab - Google Chrome,r
2025-11-13 13:39:20.199,New Tab - Google Chrome,o
2025-11-13 13:39:20.355,New Tab - Google Chrome,m
2025-11-13 13:39:20.483,New Tab - Google Chrome,[space]
2025-11-13 13:39:20.569,New Tab - Google Chrome,i
2025-11-13 13:39:20.659,New Tab - Google Chrome,t
2025-11-13 13:39:20.847,New Tab - Google Chrome,s
2025-11-13 13:39:20.990,New Tab - Google Chrome,[space]
2025-11-13 13:39:21.134,New Tab - Google Chrome,g
2025-11-13 13:39:21.186,New Tab - Google Chrome,o
2025-11-13 13:39:21.329,New Tab - Google Chrome,i
2025-11-13 13:39:21.466,New Tab - Google Chrome,n
2025-11-13 13:39:21.550,New Tab - Google Chrome,g
2025-11-13 13:39:21.662,New Tab - Google Chrome,[space]
2025-11-13 13:39:21.770,New Tab - Google Chrome,t
2025-11-13 13:39:21.806,New Tab - Google Chrome,o
2025-11-13 13:39:21.904,New Tab - Google Chrome,[space]
2025-11-13 13:39:22.035,New Tab - Google Chrome,b
2025-11-13 13:39:22.119,New Tab - Google Chrome,e
2025-11-13 13:39:22.192,New Tab - Google Chrome,[space]
2025-11-13 13:39:22.264,New Tab - Google Chrome,a
2025-11-13 13:39:22.330,New Tab - Google Chrome,[space]
2025-11-13 13:39:22.449,New Tab - Google Chrome,h
2025-11-13 13:39:22.460,New Tab - Google Chrome,w
2025-11-13 13:39:22.639,New Tab - Google Chrome,o
2025-11-13 13:39:22.775,New Tab - Google Chrome,l
2025-11-13 13:39:22.879,New Tab - Google Chrome,e
2025-11-13 13:39:22.935,New Tab - Google Chrome,[space]
2025-11-13 13:39:23.052,New Tab - Google Chrome,n
2025-11-13 13:39:23.130,New Tab - Google Chrome,e
2025-11-13 13:39:23.193,New Tab - Google Chrome,w
2025-11-13 13:39:23.320,New Tab - Google Chrome,[space]
2025-11-13 13:39:23.450,New Tab - Google Chrome,e
2025-11-13 13:39:23.620,New Tab - Google Chrome,x
2025-11-13 13:39:23.690,New Tab - Google Chrome,p
2025-11-13 13:39:23.821,New Tab - Google Chrome,e
2025-11-13 13:39:23.954,New Tab - Google Chrome,r
2025-11-13 13:39:24.058,New Tab - Google Chrome,i
2025-11-13 13:39:24.183,New Tab - Google Chrome,e
2025-11-13 13:39:24.249,New Tab - Google Chrome,n
2025-11-13 13:39:24.336,New Tab - Google Chrome,c
2025-11-13 13:39:24.458,New Tab - Google Chrome,e
2025-11-13 13:39:24.460,New Tab - Google Chrome,[space]
2025-11-13 13:39:24.762,New Tab - Google Chrome,c
2025-11-13 13:39:24.888,New Tab - Google Chrome,a
2025-11-13 13:39:25.133,New Tab - Google Chrome,[backspace]
2025-11-13 13:39:25.410,New Tab - Google Chrome,[backspace]
2025-11-13 13:39:31.951,New Tab - Google Chrome,o
2025-11-13 13:39:32.728,New Tab - Google Chrome,j
2025-11-13 13:39:33.156,New Tab - Google Chrome,j
2025-11-13 13:39:33.541,New Tab - Google Chrome,a
2025-11-13 13:39:33.956,New Tab - Google Chrome,j
2025-11-13 13:39:34.064,New Tab - Google Chrome,j
2025-11-13 13:39:34.497,New Tab - Google Chrome,j
2025-11-13 13:39:34.500,New Tab - Google Chrome,d
2025-11-13 13:39:34.691,New Tab - Google Chrome,j
2025-11-13 13:39:34.797,New Tab - Google Chrome,s
2025-11-13 13:39:35.004,New Tab - Google Chrome,d
2025-11-13 13:39:35.700,New Tab - Google Chrome,[backspace]
2025-11-13 13:39:35.885,New Tab - Google Chrome,[ctrl_l]
2025-11-13 13:39:36.363,New Tab - Google Chrome,[ctrl_l]
2025-11-13 13:39:36.527,New Tab - Google Chrome,
2025-11-13 13:39:36.766,New Tab - Google Chrome,[backspace]
2025-11-13 13:39:39.191,New Tab - Google Chrome,t
2025-11-13 13:39:39.301,New Tab - Google Chrome,g
2025-11-13 13:39:39.737,New Tab - Google Chrome,[backspace]
2025-11-13 13:39:40.165,New Tab - Google Chrome,h
2025-11-13 13:39:40.312,New Tab - Google Chrome,e
2025-11-13 13:39:40.392,New Tab - Google Chrome,y
2025-11-13 13:39:40.504,New Tab - Google Chrome,[space]
2025-11-13 13:39:40.893,New Tab - Google Chrome,[backspace]
2025-11-13 13:39:41.027,New Tab - Google Chrome,[backspace]
2025-11-13 13:39:41.145,New Tab - Google Chrome,[backspace]
2025-11-13 13:39:41.250,New Tab - Google Chrome,[backspace]
2025-11-13 13:39:41.355,New Tab - Google Chrome,[backspace]
2025-11-13 13:39:41.479,New Tab - Google Chrome,[backspace]
2025-11-13 13:39:41.898,New Tab - Google Chrome,t
2025-11-13 13:39:42.029,New Tab - Google Chrome,h
2025-11-13 13:39:42.171,New Tab - Google Chrome,e
2025-11-13 13:39:42.202,New Tab - Google Chrome,y
2025-11-13 13:39:42.319,New Tab - Google Chrome,[space]
2025-11-13 13:39:43.221,New Tab - Google Chrome,a
2025-11-13 13:39:43.422,New Tab - Google Chrome,r
2025-11-13 13:39:43.570,New Tab - Google Chrome,e
2025-11-13 13:39:43.683,New Tab - Google Chrome,[space]
2025-11-13 13:39:44.062,New Tab - Google Chrome,o
2025-11-13 13:39:44.196,New Tab - Google Chrome,f
2025-11-13 13:39:44.392,New Tab - Google Chrome,t
2025-11-13 13:39:44.571,New Tab - Google Chrome,e
2025-11-13 13:39:44.638,New Tab - Google Chrome,n
2025-11-13 13:39:44.768,New Tab - Google Chrome,[space]
2025-11-13 13:39:44.825,New Tab - Google Chrome,t
2025-11-13 13:39:44.950,New Tab - Google Chrome,b
2025-11-13 13:39:44.953,New Tab - Google Chrome,h
2025-11-13 13:39:45.017,New Tab - Google Chrome,e
2025-11-13 13:39:45.162,New Tab - Google Chrome,r
2025-11-13 13:39:45.300,New Tab - Google Chrome,e
2025-11-13 13:39:45.392,New Tab - Google Chrome,[space]
2025-11-13 13:39:45.551,New Tab - Google Chrome,t
2025-11-13 13:39:45.620,New Tab - Google Chrome,o
2025-11-13 13:39:45.743,New Tab - Google Chrome,[space]
2025-11-13 13:39:45.855,New Tab - Google Chrome,s
2025-11-13 13:39:46.030,New Tab - Google Chrome,e
2025-11-13 13:39:46.165,New Tab - Google Chrome,e
2025-11-13 13:39:46.254,New Tab - Google Chrome,[space]
2025-11-13 13:39:46.352,New Tab - Google Chrome,i
2025-11-13 13:39:46.401,New Tab - Google Chrome,f
2025-11-13 13:39:46.480,New Tab - Google Chrome,[space]
2025-11-13 13:39:46.613,New Tab - Google Chrome,t
2025-11-13 13:39:46.688,New Tab - Google Chrome,h
2025-11-13 13:39:46.806,New Tab - Google Chrome,e
2025-11-13 13:39:46.843,New Tab - Google Chrome,y
2025-11-13 13:39:46.943,New Tab - Google Chrome,[space]
2025-11-13 13:39:47.040,New Tab - Google Chrome,c
2025-11-13 13:39:47.131,New Tab - Google Chrome,a
2025-11-13 13:39:47.177,New Tab - Google Chrome,n
2025-11-13 13:39:47.280,New Tab - Google Chrome,[space]
2025-11-13 13:39:47.373,New Tab - Google Chrome,c
2025-11-13 13:39:47.443,New Tab - Google Chrome,i
2025-11-13 13:39:47.446,New Tab - Google Chrome,o
2025-11-13 13:39:47.586,New Tab - Google Chrome,n
2025-11-13 13:39:47.710,New Tab - Google Chrome,n
2025-11-13 13:39:47.802,New Tab - Google Chrome,e
2025-11-13 13:39:47.884,New Tab - Google Chrome,c
2025-11-13 13:39:47.956,New Tab - Google Chrome,t
2025-11-13 13:39:48.089,New Tab - Google Chrome,[space]
2025-11-13 13:39:48.181,New Tab - Google Chrome,w
2025-11-13 13:39:48.271,New Tab - Google Chrome,i
2025-11-13 13:39:48.386,New Tab - Google Chrome,t
2025-11-13 13:39:48.436,New Tab - Google Chrome,h
2025-11-13 13:39:48.561,New Tab - Google Chrome,[space]
2025-11-13 13:39:48.592,New Tab - Google Chrome,t
2025-11-13 13:39:48.667,New Tab - Google Chrome,h
2025-11-13 13:39:48.756,New Tab - Google Chrome,e
2025-11-13 13:39:48.826,New Tab - Google Chrome,i
2025-11-13 13:39:48.930,New Tab - Google Chrome,[space]
2025-11-13 13:39:48.943,New Tab - Google Chrome,r
2025-11-13 13:39:49.123,New Tab - Google Chrome,p
2025-11-13 13:39:49.227,New Tab - Google Chrome,a
2025-11-13 13:39:49.384,New Tab - Google Chrome,r
2025-11-13 13:39:49.502,New Tab - Google Chrome,e
2025-11-13 13:39:49.570,New Tab - Google Chrome,n
2025-11-13 13:39:49.686,New Tab - Google Chrome,t
2025-11-13 13:39:49.854,New Tab - Google Chrome,s
2025-11-13 13:39:49.927,New Tab - Google Chrome,[space]
2025-11-13 13:39:50.120,New Tab - Google Chrome,o
2025-11-13 13:39:50.317,New Tab - Google Chrome,r
2025-11-13 13:39:50.393,New Tab - Google Chrome,[space]
2025-11-13 13:39:50.549,New Tab - Google Chrome,n
2025-11-13 13:39:50.683,New Tab - Google Chrome,o
2025-11-13 13:39:50.756,New Tab - Google Chrome,t
2025-11-13 13:39:51.296,New Tab - Google Chrome,[ctrl_l]
2025-11-13 13:39:51.494,New Tab - Google Chrome,
2025-11-13 13:39:51.914,New Tab - Google Chrome,
2025-11-13 13:39:52.961,guitar brands - Google Search - Google Chrome,[ctrl_l]
2025-11-13 13:40:13.474,Search,n
2025-11-13 13:40:13.810,Search,o
2025-11-13 13:40:14.000,Search,t
2025-11-13 13:40:14.189,Search,e
2025-11-13 13:40:14.469,Search,p
2025-11-13 13:40:14.540,Search,a
2025-11-13 13:40:14.629,Search,d
2025-11-13 13:40:14.951,Search,[enter]
2025-11-13 13:40:19.339,Untitled - Notepad,s
2025-11-13 13:40:19.508,*s - Notepad,e
2025-11-13 13:40:19.612,*se - Notepad,c
2025-11-13 13:40:19.766,*sec - Notepad,u
2025-11-13 13:40:19.835,*secu - Notepad,r
2025-11-13 13:40:19.981,*secur - Notepad,e
2025-11-13 13:40:20.104,*secure - Notepad,[space]
2025-11-13 13:40:20.174,*secure - Notepad,c
2025-11-13 13:40:20.273,*secure c - Notepad,o
2025-11-13 13:40:20.378,*secure co - Notepad,d
2025-11-13 13:40:20.493,*secure cod - Notepad,i
2025-11-13 13:40:20.646,*secure codi - Notepad,n
2025-11-13 13:40:20.724,*secure codin - Notepad,g
2025-11-13 13:40:20.851,*secure coding - Notepad,[space]
2025-11-13 13:40:21.569,*secure coding - Notepad,-
2025-11-13 13:40:21.733,*secure coding - - Notepad,[space]
2025-11-13 13:40:21.928,*secure coding - - Notepad,k
2025-11-13 13:40:22.051,*secure coding - k - Notepad,e
2025-11-13 13:40:22.156,*secure coding - ke - Notepad,y
2025-11-13 13:40:22.420,*secure coding - key - Notepad,l
2025-11-13 13:40:22.583,*secure coding - keyl - Notepad,o
2025-11-13 13:40:22.664,*secure coding - keylo - Notepad,g
2025-11-13 13:40:22.822,*secure coding - keylog - Notepad,g
2025-11-13 13:40:22.902,*secure coding - keylogg - Notepad,e
2025-11-13 13:40:23.081,*secure coding - keylogge - Notepad,r
2025-11-13 13:40:23.491,*secure coding - keylogger - Notepad,[enter]
2025-11-13 13:40:24.454,*secure coding - keylogger - Notepad,-
2025-11-13 13:40:24.607,*secure coding - keylogger - Notepad,[space]
2025-11-13 13:40:24.939,*secure coding - keylogger - Notepad,d
2025-11-13 13:40:25.058,*secure coding - keylogger - Notepad,e
2025-11-13 13:40:25.237,*secure coding - keylogger - Notepad,e
2025-11-13 13:40:25.473,*secure coding - keylogger - Notepad,[backspace]
2025-11-13 13:40:26.154,*secure coding - keylogger - Notepad,t
2025-11-13 13:40:26.340,*secure coding - keylogger - Notepad,e
2025-11-13 13:40:26.463,*secure coding - keylogger - Notepad,c
2025-11-13 13:40:26.659,*secure coding - keylogger - Notepad,t
2025-11-13 13:40:26.789,*secure coding - keylogger - Notepad,i
2025-11-13 13:40:26.922,*secure coding - keylogger - Notepad,o
2025-11-13 13:40:27.070,*secure coding - keylogger - Notepad,n
2025-11-13 13:40:27.218,*secure coding - keylogger - Notepad,[space]
2025-11-13 13:40:27.664,*secure coding - keylogger - Notepad,u
2025-11-13 13:40:27.747,*secure coding - keylogger - Notepad,s
2025-11-13 13:40:27.813,*secure coding - keylogger - Notepad,i
2025-11-13 13:40:27.951,*secure coding - keylogger - Notepad,n
2025-11-13 13:40:28.025,*secure coding - keylogger - Notepad,g
2025-11-13 13:40:28.097,*secure coding - keylogger - Notepad,[space]
2025-11-13 13:40:28.321,*secure coding - keylogger - Notepad,s
2025-11-13 13:40:29.180,*secure coding - keylogger - Notepad,[backspace]
2025-11-13 13:40:29.502,*secure coding - keylogger - Notepad,m
2025-11-13 13:40:29.880,*secure coding - keylogger - Notepad,l
2025-11-13 13:40:30.053,*secure coding - keylogger - Notepad,[space]
2025-11-13 13:40:30.178,*secure coding - keylogger - Notepad,t
2025-11-13 13:40:30.352,*secure coding - keylogger - Notepad,e
2025-11-13 13:40:30.901,*secure coding - keylogger - Notepad,c
2025-11-13 13:40:31.044,*secure coding - keylogger - Notepad,h
2025-11-13 13:40:31.203,*secure coding - keylogger - Notepad,n
2025-11-13 13:40:31.398,*secure coding - keylogger - Notepad,i
2025-11-13 13:40:31.507,*secure coding - keylogger - Notepad,q
2025-11-13 13:40:31.855,*secure coding - keylogger - Notepad,[backspace]
2025-11-13 13:40:32.292,*secure coding - keylogger - Notepad,q
2025-11-13 13:40:32.465,*secure coding - keylogger - Notepad,u
2025-11-13 13:40:32.561,*secure coding - keylogger - Notepad,e
2025-11-13 13:40:32.726,*secure coding - keylogger - Notepad,s
2025-11-13 13:40:32.829,*secure coding - keylogger - Notepad,[enter]
2025-11-13 13:40:33.703,*secure coding - keylogger - Notepad,-
2025-11-13 13:40:33.840,*secure coding - keylogger - Notepad,[space]
2025-11-13 13:40:35.248,*secure coding - keylogger - Notepad,w
2025-11-13 13:40:35.348,*secure coding - keylogger - Notepad,e
2025-11-13 13:40:35.413,*secure coding - keylogger - Notepad,[space]
2025-11-13 13:40:35.524,*secure coding - keylogger - Notepad,c
2025-11-13 13:40:35.627,*secure coding - keylogger - Notepad,a
2025-11-13 13:40:35.702,*secure coding - keylogger - Notepad,n
2025-11-13 13:40:35.838,*secure coding - keylogger - Notepad,[space]
2025-11-13 13:40:35.983,*secure coding - keylogger - Notepad,u
2025-11-13 13:40:36.042,*secure coding - keylogger - Notepad,s
2025-11-13 13:40:36.208,*secure coding - keylogger - Notepad,e
2025-11-13 13:40:36.254,*secure coding - keylogger - Notepad,[space]
2025-11-13 13:40:36.404,*secure coding - keylogger - Notepad,m
2025-11-13 13:40:36.558,*secure coding - keylogger - Notepad,u
2025-11-13 13:40:36.723,*secure coding - keylogger - Notepad,l
2025-11-13 13:40:36.784,*secure coding - keylogger - Notepad,t
2025-11-13 13:40:36.892,*secure coding - keylogger - Notepad,i
2025-11-13 13:40:37.050,*secure coding - keylogger - Notepad,p
2025-11-13 13:40:37.175,*secure coding - keylogger - Notepad,l
2025-11-13 13:40:37.266,*secure coding - keylogger - Notepad,e
2025-11-13 13:40:37.346,*secure coding - keylogger - Notepad,[space]
2025-11-13 13:40:37.730,*secure coding - keylogger - Notepad,a
2025-11-13 13:40:37.838,*secure coding - keylogger - Notepad,l
2025-11-13 13:40:38.041,*secure coding - keylogger - Notepad,g
2025-11-13 13:40:38.119,*secure coding - keylogger - Notepad,o
2025-11-13 13:40:38.292,*secure coding - keylogger - Notepad,r
2025-11-13 13:40:38.405,*secure coding - keylogger - Notepad,i
2025-11-13 13:40:38.517,*secure coding - keylogger - Notepad,t
2025-11-13 13:40:38.634,*secure coding - keylogger - Notepad,h
2025-11-13 13:40:38.794,*secure coding - keylogger - Notepad,m
2025-11-13 13:40:38.880,*secure coding - keylogger - Notepad,s
2025-11-13 13:40:38.975,*secure coding - keylogger - Notepad,[space]
2025-11-13 13:40:39.136,*secure coding - keylogger - Notepad,b
2025-11-13 13:40:39.297,*secure coding - keylogger - Notepad,u
2025-11-13 13:40:39.361,*secure coding - keylogger - Notepad,t
2025-11-13 13:40:39.486,*secure coding - keylogger - Notepad,[space]
2025-11-13 13:40:39.639,*secure coding - keylogger - Notepad,l
2025-11-13 13:40:39.688,*secure coding - keylogger - Notepad,e
2025-11-13 13:40:39.885,*secure coding - keylogger - Notepad,t
2025-11-13 13:40:40.229,*secure coding - keylogger - Notepad,s
2025-11-13 13:40:40.338,*secure coding - keylogger - Notepad,[space]
2025-11-13 13:40:40.449,*secure coding - keylogger - Notepad,s
2025-11-13 13:40:40.624,*secure coding - keylogger - Notepad,e
2025-11-13 13:40:40.754,*secure coding - keylogger - Notepad,e
2025-11-13 13:40:40.821,*secure coding - keylogger - Notepad,[space]
2025-11-13 13:40:40.953,*secure coding - keylogger - Notepad,h
2025-11-13 13:40:41.109,*secure coding - keylogger - Notepad,o
2025-11-13 13:40:41.182,*secure coding - keylogger - Notepad,w
2025-11-13 13:40:41.271,*secure coding - keylogger - Notepad,[space]
2025-11-13 13:40:41.450,*secure coding - keylogger - Notepad,w
2025-11-13 13:40:41.615,*secure coding - keylogger - Notepad,e
2025-11-13 13:40:41.805,*secure coding - keylogger - Notepad,[space]
2025-11-13 13:40:41.874,*secure coding - keylogger - Notepad,c
2025-11-13 13:40:41.995,*secure coding - keylogger - Notepad,a
2025-11-13 13:40:42.086,*secure coding - keylogger - Notepad,n
2025-11-13 13:40:42.224,*secure coding - keylogger - Notepad,[space]
2025-11-13 13:40:42.440,*secure coding - keylogger - Notepad,g
2025-11-13 13:40:42.495,*secure coding - keylogger - Notepad,o
2025-11-13 13:40:42.615,*secure coding - keylogger - Notepad,o
2025-11-13 13:40:43.121,*secure coding - keylogger - Notepad,[backspace]
2025-11-13 13:40:43.378,*secure coding - keylogger - Notepad,[enter]
2025-11-13 13:40:44.530,*secure coding - keylogger - Notepad,-
2025-11-13 13:40:44.678,*secure coding - keylogger - Notepad,[space]
2025-11-13 13:40:44.797,*secure coding - keylogger - Notepad,s
2025-11-13 13:40:44.938,*secure coding - keylogger - Notepad,t
2025-11-13 13:40:45.025,*secure coding - keylogger - Notepad,e
2025-11-13 13:40:45.154,*secure coding - keylogger - Notepad,a
2025-11-13 13:40:45.212,*secure coding - keylogger - Notepad,l
2025-11-13 13:40:45.540,*secure coding - keylogger - Notepad,t
2025-11-13 13:40:45.657,*secure coding - keylogger - Notepad,h
2025-11-13 13:40:45.795,*secure coding - keylogger - Notepad,[space]
2025-11-13 13:40:46.001,*secure coding - keylogger - Notepad,k
2025-11-13 13:40:46.115,*secure coding - keylogger - Notepad,e
2025-11-13 13:40:46.238,*secure coding - keylogger - Notepad,y
2025-11-13 13:40:46.453,*secure coding - keylogger - Notepad,l
2025-11-13 13:40:46.596,*secure coding - keylogger - Notepad,o
2025-11-13 13:40:46.706,*secure coding - keylogger - Notepad,g
2025-11-13 13:40:46.845,*secure coding - keylogger - Notepad,g
2025-11-13 13:40:46.943,*secure coding - keylogger - Notepad,e
2025-11-13 13:40:47.081,*secure coding - keylogger - Notepad,r
2025-11-13 13:40:53.429,Untitled - Notepad,b
2025-11-13 13:40:53.779,*b - Notepad,o
2025-11-13 13:40:53.998,*bo - Notepad,n
2025-11-13 13:40:54.123,*bon - Notepad,a
2025-11-13 13:40:54.356,*bona - Notepad,r
2025-11-13 13:40:54.544,*bonar - Notepad,g
2025-11-13 13:40:54.872,*bonarg - Notepad,o
2025-11-13 13:40:55.212,*bonargo - Notepad,[shift]
2025-11-13 13:40:55.477,*bonargo - Notepad,_
2025-11-13 13:40:57.038,*bonargo_ - Notepad,m
2025-11-13 13:40:57.249,*bonargo_m - Notepad,u
2025-11-13 13:40:57.383,*bonargo_mu - Notepad,c
2025-11-13 13:40:57.467,*bonargo_muc - Notepad,h
2025-11-13 13:40:57.635,*bonargo_much - Notepad,a
2025-11-13 13:40:57.858,*bonargo_mucha - Notepad,h
2025-11-13 13:40:58.050,*bonargo_muchah - Notepad,i
2025-11-13 13:40:59.731,*bonargo_muchahi - Notepad,[shift]
2025-11-13 13:41:00.481,*bonargo_muchahi - Notepad,[shift]
2025-11-13 13:41:00.823,*bonargo_muchahi - Notepad,@
2025-11-13 13:41:04.749,*bonargo_muchahi@ - Notepad,o
2025-11-13 13:41:05.050,*bonargo_muchahi@o - Notepad,u
2025-11-13 13:41:05.221,*bonargo_muchahi@ou - Notepad,t
2025-11-13 13:41:05.504,*bonargo_muchahi@out - Notepad,l
2025-11-13 13:41:05.677,*bonargo_muchahi@outl - Notepad,o
2025-11-13 13:41:05.788,*bonargo_muchahi@outlo - Notepad,o
2025-11-13 13:41:05.969,*bonargo_muchahi@outloo - Notepad,k
2025-11-13 13:41:06.307,*bonargo_muchahi@outlook - Notepad,.
2025-11-13 13:41:06.459,*bonargo_muchahi@outlook. - Notepad,c
2025-11-13 13:41:06.617,*bonargo_muchahi@outlook.c - Notepad,o
2025-11-13 13:41:06.803,*bonargo_muchahi@outlook.co - Notepad,m
2025-11-13 13:41:07.085,*bonargo_muchahi@outlook.com - Notepad,[tab]
2025-11-13 13:41:08.323,*bonargo_muchahi@outlook.com - Notepad,[enter]
2025-11-13 13:41:09.380,*bonargo_muchahi@outlook.com - Notepad,a
2025-11-13 13:41:09.500,*bonargo_muchahi@outlook.com - Notepad,p
2025-11-13 13:41:09.593,*bonargo_muchahi@outlook.com - Notepad,e
2025-11-13 13:41:09.815,*bonargo_muchahi@outlook.com - Notepad,x
2025-11-13 13:41:10.042,*bonargo_muchahi@outlook.com - Notepad,s
2025-11-13 13:41:10.208,*bonargo_muchahi@outlook.com - Notepad,e
2025-11-13 13:41:10.385,*bonargo_muchahi@outlook.com - Notepad,c
2025-11-13 13:41:10.979,*bonargo_muchahi@outlook.com - Notepad,5
2025-11-13 13:41:11.802,*bonargo_muchahi@outlook.com - Notepad,[backspace]
2025-11-13 13:41:12.118,*bonargo_muchahi@outlook.com - Notepad,7
2025-11-13 13:41:12.567,*bonargo_muchahi@outlook.com - Notepad,[backspace]
2025-11-13 13:41:12.789,*bonargo_muchahi@outlook.com - Notepad,6
2025-11-13 13:41:12.874,*bonargo_muchahi@outlook.com - Notepad,5
2025-11-13 13:41:13.378,*bonargo_muchahi@outlook.com - Notepad,[shift]
2025-11-13 13:41:13.635,*bonargo_muchahi@outlook.com - Notepad,@
2025-11-13 13:41:14.051,*bonargo_muchahi@outlook.com - Notepad,0
2025-11-13 13:41:14.140,*bonargo_muchahi@outlook.com - Notepad,3
2025-11-13 13:41:14.244,*bonargo_muchahi@outlook.com - Notepad,0
2025-11-13 13:41:14.336,*bonargo_muchahi@outlook.com - Notepad,3
2025-11-13 13:41:14.432,*bonargo_muchahi@outlook.com - Notepad,0
2025-11-13 13:41:15.680,*bonargo_muchahi@outlook.com - Notepad,[enter]
2025-11-13 13:41:29.170,New Tab - Google Chrome,a
2025-11-13 13:41:29.259,New Tab - Google Chrome,n
2025-11-13 13:41:29.353,New Tab - Google Chrome,d
2025-11-13 13:41:29.440,New Tab - Google Chrome,[space]
2025-11-13 13:41:29.555,New Tab - Google Chrome,w
2025-11-13 13:41:29.673,New Tab - Google Chrome,e
2025-11-13 13:41:29.769,New Tab - Google Chrome,[space]
2025-11-13 13:41:29.884,New Tab - Google Chrome,c
2025-11-13 13:41:29.982,New Tab - Google Chrome,a
2025-11-13 13:41:30.055,New Tab - Google Chrome,n
2025-11-13 13:41:30.177,New Tab - Google Chrome,[space]
2025-11-13 13:41:30.262,New Tab - Google Chrome,s
2025-11-13 13:41:30.429,New Tab - Google Chrome,e
2025-11-13 13:41:30.561,New Tab - Google Chrome,e
2025-11-13 13:41:30.624,New Tab - Google Chrome,[space]
2025-11-13 13:41:30.740,New Tab - Google Chrome,h
2025-11-13 13:41:30.904,New Tab - Google Chrome,o
2025-11-13 13:41:30.970,New Tab - Google Chrome,w
2025-11-13 13:41:31.067,New Tab - Google Chrome,[space]
2025-11-13 13:41:31.209,New Tab - Google Chrome,w
2025-11-13 13:41:31.281,New Tab - Google Chrome,e
2025-11-13 13:41:31.352,New Tab - Google Chrome,[space]
2025-11-13 13:41:31.469,New Tab - Google Chrome,c
2025-11-13 13:41:31.571,New Tab - Google Chrome,a
2025-11-13 13:41:31.625,New Tab - Google Chrome,n
2025-11-13 13:41:31.744,New Tab - Google Chrome,[space]
2025-11-13 13:41:31.884,New Tab - Google Chrome,g
2025-11-13 13:41:31.937,New Tab - Google Chrome,o
2025-11-13 13:41:32.073,New Tab - Google Chrome,[space]
2025-11-13 13:41:32.290,New Tab - Google Chrome,f
2025-11-13 13:41:32.428,New Tab - Google Chrome,a
2025-11-13 13:41:32.607,New Tab - Google Chrome,r
2025-11-13 13:41:32.708,New Tab - Google Chrome,[space]
2025-11-13 13:41:32.798,New Tab - Google Chrome,a
2025-11-13 13:41:32.874,New Tab - Google Chrome,n
2025-11-13 13:41:32.968,New Tab - Google Chrome,d
2025-11-13 13:41:33.059,New Tab - Google Chrome,[space]
2025-11-13 13:41:33.164,New Tab - Google Chrome,s
2025-11-13 13:41:33.325,New Tab - Google Chrome,e
2025-11-13 13:41:33.454,New Tab - Google Chrome,e
2025-11-13 13:41:33.501,New Tab - Google Chrome,[space]
2025-11-13 13:41:33.616,New Tab - Google Chrome,h
2025-11-13 13:41:33.765,New Tab - Google Chrome,o
2025-11-13 13:41:33.828,New Tab - Google Chrome,w
2025-11-13 13:41:33.932,New Tab - Google Chrome,[space]
2025-11-13 13:41:34.256,New Tab - Google Chrome,f
2025-11-13 13:41:34.380,New Tab - Google Chrome,a
2025-11-13 13:41:34.567,New Tab - Google Chrome,r
2025-11-13 13:41:34.824,New Tab - Google Chrome,w
2025-11-13 13:41:35.233,New Tab - Google Chrome,[backspace]
2025-11-13 13:41:35.369,New Tab - Google Chrome,[space]
2025-11-13 13:41:35.478,New Tab - Google Chrome,w
2025-11-13 13:41:35.550,New Tab - Google Chrome,e
2025-11-13 13:41:35.670,New Tab - Google Chrome,[space]
2025-11-13 13:41:35.808,New Tab - Google Chrome,c
2025-11-13 13:41:35.946,New Tab - Google Chrome,a
2025-11-13 13:41:36.045,New Tab - Google Chrome,n
2025-11-13 13:41:36.157,New Tab - Google Chrome,[space]
2025-11-13 13:41:36.381,New Tab - Google Chrome,c
2025-11-13 13:41:36.434,New Tab - Google Chrome,o
2025-11-13 13:41:36.592,New Tab - Google Chrome,m
2025-11-13 13:41:36.659,New Tab - Google Chrome,e
2025-11-13 13:41:36.734,New Tab - Google Chrome,[space]
2025-11-13 13:41:36.827,New Tab - Google Chrome,f
2025-11-13 13:41:36.969,New Tab - Google Chrome,r
2025-11-13 13:41:37.006,New Tab - Google Chrome,o
2025-11-13 13:41:37.168,New Tab - Google Chrome,m
2025-11-13 13:41:37.293,New Tab - Google Chrome,[space]
2025-11-13 13:41:37.507,New Tab - Google Chrome,t
2025-11-13 13:41:37.620,New Tab - Google Chrome,h
2025-11-13 13:41:37.714,New Tab - Google Chrome,e
2025-11-13 13:41:37.847,New Tab - Google Chrome,r
2025-11-13 13:41:37.970,New Tab - Google Chrome,r
2025-11-13 13:41:37.990,New Tab - Google Chrome,e
2025-11-13 13:41:38.054,New Tab - Google Chrome,[space]
2025-11-13 13:41:38.484,New Tab - Google Chrome,a
2025-11-13 13:41:38.603,New Tab - Google Chrome,n
2025-11-13 13:41:38.669,New Tab - Google Chrome,d
2025-11-13 13:41:38.782,New Tab - Google Chrome,[space]
2025-11-13 13:41:38.896,New Tab - Google Chrome,t
2025-11-13 13:41:38.981,New Tab - Google Chrome,h
2025-11-13 13:41:39.108,New Tab - Google Chrome,e
2025-11-13 13:41:39.154,New Tab - Google Chrome,n
2025-11-13 13:41:39.249,New Tab - Google Chrome,[space]
2025-11-13 13:41:39.318,New Tab - Google Chrome,s
2025-11-13 13:41:39.472,New Tab - Google Chrome,e
2025-11-13 13:41:39.600,New Tab - Google Chrome,e
2025-11-13 13:41:39.680,New Tab - Google Chrome,[space]
2025-11-13 13:41:39.776,New Tab - Google Chrome,w
2025-11-13 13:41:39.859,New Tab - Google Chrome,e
2025-11-13 13:41:39.910,New Tab - Google Chrome,[space]
2025-11-13 13:41:40.062,New Tab - Google Chrome,c
2025-11-13 13:41:40.157,New Tab - Google Chrome,a
2025-11-13 13:41:40.208,New Tab - Google Chrome,n
2025-11-13 13:41:40.327,New Tab - Google Chrome,[space]
2025-11-13 13:41:40.400,New Tab - Google Chrome,s
2025-11-13 13:41:40.568,New Tab - Google Chrome,e
2025-11-13 13:41:40.694,New Tab - Google Chrome,e
2025-11-13 13:41:40.769,New Tab - Google Chrome,[space]
2025-11-13 13:41:40.888,New Tab - Google Chrome,i
2025-11-13 13:41:40.963,New Tab - Google Chrome,f
2025-11-13 13:41:41.059,New Tab - Google Chrome,[space]
2025-11-13 13:41:41.240,New Tab - Google Chrome,t
2025-11-13 13:41:41.315,New Tab - Google Chrome,h
2025-11-13 13:41:41.430,New Tab - Google Chrome,e
2025-11-13 13:41:41.582,New Tab - Google Chrome,[space]
2025-11-13 13:41:41.918,New Tab - Google Chrome,c
2025-11-13 13:41:42.018,New Tab - Google Chrome,a
2025-11-13 13:41:42.118,New Tab - Google Chrome,n
2025-11-13 13:41:42.259,New Tab - Google Chrome,[space]
2025-11-13 13:44:13.004,Unknown,[cmd]
2025-11-13 13:44:14.053,Search,n
2025-11-13 13:44:14.944,Search,o
2025-11-13 13:44:15.135,Search,t
2025-11-13 13:44:15.364,Search,e
2025-11-13 13:44:17.119,Search,[enter]
2025-11-13 13:44:19.982,Untitled - Notepad,t
2025-11-13 13:44:20.109,*t - Notepad,e
2025-11-13 13:44:20.269,*te - Notepad,s
2025-11-13 13:44:20.319,*tes - Notepad,t
2025-11-13 13:44:20.492,*test - Notepad,d
2025-11-13 13:44:20.581,*testd - Notepad,a
2025-11-13 13:44:20.661,*testda - Notepad,t
2025-11-13 13:44:20.769,*testdat - Notepad,a
2025-11-13 13:44:21.267,*testdata - Notepad,[shift]
2025-11-13 13:44:21.489,*testdata - Notepad,@
2025-11-13 13:44:22.687,*testdata@ - Notepad,r
2025-11-13 13:44:22.765,*testdata@r - Notepad,i
2025-11-13 13:44:22.889,*testdata@ri - Notepad,t
2025-11-13 13:44:23.293,*testdata@rit - Notepad,.
2025-11-13 13:44:23.382,*testdata@rit. - Notepad,e
2025-11-13 13:44:23.520,*testdata@rit.e - Notepad,d
2025-11-13 13:44:23.623,*testdata@rit.ed - Notepad,u
2025-11-13 13:44:23.900,*testdata@rit.edu - Notepad,[enter]
2025-11-13 13:44:24.551,*testdata@rit.edu - Notepad,[shift]
2025-11-13 13:44:24.739,*testdata@rit.edu - Notepad,S
2025-11-13 13:44:24.941,*testdata@rit.edu - Notepad,e
2025-11-13 13:44:25.122,*testdata@rit.edu - Notepad,c
2025-11-13 13:44:25.255,*testdata@rit.edu - Notepad,u
2025-11-13 13:44:25.340,*testdata@rit.edu - Notepad,r
2025-11-13 13:44:25.516,*testdata@rit.edu - Notepad,e
2025-11-13 13:44:25.833,*testdata@rit.edu - Notepad,[shift]
2025-11-13 13:44:26.025,*testdata@rit.edu - Notepad,C
2025-11-13 13:44:26.730,*testdata@rit.edu - Notepad,o
2025-11-13 13:44:26.869,*testdata@rit.edu - Notepad,d
2025-11-13 13:44:27.147,*testdata@rit.edu - Notepad,[shift]
2025-11-13 13:44:27.310,*testdata@rit.edu - Notepad,I
2025-11-13 13:44:27.580,*testdata@rit.edu - Notepad,n
2025-11-13 13:44:27.904,*testdata@rit.edu - Notepad,g
2025-11-13 13:44:28.219,*testdata@rit.edu - Notepad,[shift]
2025-11-13 13:44:28.525,*testdata@rit.edu - Notepad,@
2025-11-13 13:44:29.179,*testdata@rit.edu - Notepad,0
2025-11-13 13:44:29.296,*testdata@rit.edu - Notepad,3
2025-11-13 13:44:29.379,*testdata@rit.edu - Notepad,0
2025-11-13 13:44:29.454,*testdata@rit.edu - Notepad,3
2025-11-13 13:44:29.649,*testdata@rit.edu - Notepad,2
2025-11-13 13:44:29.691,*testdata@rit.edu - Notepad,0
2025-11-13 13:44:29.821,*testdata@rit.edu - Notepad,0
2025-11-13 13:44:29.939,*testdata@rit.edu - Notepad,4
2025-11-13 13:44:56.549,Program Manager,[cmd]
2025-11-13 13:45:06.919,Search,g
2025-11-13 13:45:07.076,Search,i
2025-11-13 13:45:07.177,Search,t
2025-11-13 13:45:07.474,Search,b
2025-11-13 13:45:07.639,Search,a
2025-11-13 13:45:07.794,Search,s
2025-11-13 13:45:07.971,Search,h
2025-11-13 13:45:08.801,Search,[enter]
2025-11-13 13:45:11.832,MINGW64:/c/Users/sdvir                                                  ,c
2025-11-13 13:45:11.942,MINGW64:/c/Users/sdvir                                                  ,d
2025-11-13 13:45:12.058,MINGW64:/c/Users/sdvir                                                  ,[space]
2025-11-13 13:45:12.564,MINGW64:/c/Users/sdvir                                                  ,[backspace]
2025-11-13 13:45:12.791,MINGW64:/c/Users/sdvir                                                  ,[backspace]
2025-11-13 13:45:12.906,MINGW64:/c/Users/sdvir                                                  ,[backspace]
2025-11-13 13:45:13.006,MINGW64:/c/Users/sdvir                                                  ,[backspace]
2025-11-13 13:45:13.130,MINGW64:/c/Users/sdvir                                                  ,[backspace]
2025-11-13 13:45:13.923,MINGW64:/c/Users/sdvir                                                  ,g
2025-11-13 13:45:14.058,MINGW64:/c/Users/sdvir                                                  ,i
2025-11-13 13:45:14.142,MINGW64:/c/Users/sdvir                                                  ,t
2025-11-13 13:45:14.799,MINGW64:/c/Users/sdvir                                                  ,b
2025-11-13 13:45:14.959,MINGW64:/c/Users/sdvir                                                  ,a
2025-11-13 13:45:15.032,MINGW64:/c/Users/sdvir                                                  ,n
2025-11-13 13:45:15.776,MINGW64:/c/Users/sdvir                                                  ,[backspace]
2025-11-13 13:45:15.944,MINGW64:/c/Users/sdvir                                                  ,[backspace]
2025-11-13 13:45:16.057,MINGW64:/c/Users/sdvir                                                  ,[backspace]
2025-11-13 13:45:16.171,MINGW64:/c/Users/sdvir                                                  ,[backspace]
2025-11-13 13:45:17.056,MINGW64:/c/Users/sdvir                                                  ,[backspace]
2025-11-13 13:45:18.546,MINGW64:/c/Users/sdvir                                                  ,i
2025-11-13 13:45:18.775,MINGW64:/c/Users/sdvir                                                  ,t
2025-11-13 13:45:18.967,MINGW64:/c/Users/sdvir                                                  ,[backspace]
2025-11-13 13:45:19.112,MINGW64:/c/Users/sdvir                                                  ,[backspace]
2025-11-13 13:45:19.235,MINGW64:/c/Users/sdvir                                                  ,[backspace]
2025-11-13 13:45:19.335,MINGW64:/c/Users/sdvir                                                  ,[backspace]
2025-11-13 13:45:19.451,MINGW64:/c/Users/sdvir                                                  ,[backspace]
2025-11-13 13:45:20.112,MINGW64:/c/Users/sdvir                                                  ,l
2025-11-13 13:45:20.820,MINGW64:/c/Users/sdvir                                                  ,s
2025-11-13 13:45:20.977,MINGW64:/c/Users/sdvir                                                  ,[enter]
2025-11-13 13:45:24.094,MINGW64:/c/Users/sdvir                                                  ,c
2025-11-13 13:45:24.205,MINGW64:/c/Users/sdvir                                                  ,d
2025-11-13 13:45:24.325,MINGW64:/c/Users/sdvir                                                  ,[space]
2025-11-13 13:45:24.554,MINGW64:/c/Users/sdvir                                                  ,[shift]
2025-11-13 13:45:24.704,MINGW64:/c/Users/sdvir                                                  ,D
2025-11-13 13:45:25.360,MINGW64:/c/Users/sdvir                                                  ,e
2025-11-13 13:45:25.562,MINGW64:/c/Users/sdvir                                                  ,s
2025-11-13 13:45:25.917,MINGW64:/c/Users/sdvir                                                  ,k
2025-11-13 13:45:26.033,MINGW64:/c/Users/sdvir                                                  ,[tab]
2025-11-13 13:45:26.610,MINGW64:/c/Users/sdvir                                                  ,[enter]
2025-11-13 13:45:28.150,MINGW64:/c/Users/sdvir/Desktop                                                  ,m
2025-11-13 13:45:28.297,MINGW64:/c/Users/sdvir/Desktop                                                  ,k
2025-11-13 13:45:28.424,MINGW64:/c/Users/sdvir/Desktop                                                  ,d
2025-11-13 13:45:28.531,MINGW64:/c/Users/sdvir/Desktop                                                  ,i
2025-11-13 13:45:28.639,MINGW64:/c/Users/sdvir/Desktop                                                  ,r
2025-11-13 13:45:28.756,MINGW64:/c/Users/sdvir/Desktop                                                  ,[space]
2025-11-13 13:45:29.300,MINGW64:/c/Users/sdvir/Desktop                                                  ,n
2025-11-13 13:45:29.564,MINGW64:/c/Users/sdvir/Desktop                                                  ,o
2025-11-13 13:45:29.677,MINGW64:/c/Users/sdvir/Desktop                                                  ,t
2025-11-13 13:45:29.900,MINGW64:/c/Users/sdvir/Desktop                                                  ,p
2025-11-13 13:45:30.110,MINGW64:/c/Users/sdvir/Desktop                                                  ,a
2025-11-13 13:45:30.277,MINGW64:/c/Users/sdvir/Desktop                                                  ,d
2025-11-13 13:45:30.499,MINGW64:/c/Users/sdvir/Desktop                                                  ,s
2025-11-13 13:45:30.751,MINGW64:/c/Users/sdvir/Desktop                                                  ,t
2025-11-13 13:45:30.920,MINGW64:/c/Users/sdvir/Desktop                                                  ,u
2025-11-13 13:45:31.088,MINGW64:/c/Users/sdvir/Desktop                                                  ,f
2025-11-13 13:45:31.266,MINGW64:/c/Users/sdvir/Desktop                                                  ,f
2025-11-13 13:45:31.353,MINGW64:/c/Users/sdvir/Desktop                                                  ,[enter]
2025-11-13 13:45:32.304,MINGW64:/c/Users/sdvir/Desktop                                                  ,c
2025-11-13 13:45:32.458,MINGW64:/c/Users/sdvir/Desktop                                                  ,d
2025-11-13 13:45:32.606,MINGW64:/c/Users/sdvir/Desktop                                                  ,[space]
2025-11-13 13:45:33.501,MINGW64:/c/Users/sdvir/Desktop                                                  ,n
2025-11-13 13:45:34.013,MINGW64:/c/Users/sdvir/Desktop                                                  ,i
2025-11-13 13:45:34.241,MINGW64:/c/Users/sdvir/Desktop                                                  ,t
2025-11-13 13:45:34.669,MINGW64:/c/Users/sdvir/Desktop                                                  ,[backspace]
2025-11-13 13:45:34.817,MINGW64:/c/Users/sdvir/Desktop                                                  ,[backspace]
2025-11-13 13:45:35.031,MINGW64:/c/Users/sdvir/Desktop                                                  ,o
2025-11-13 13:45:35.292,MINGW64:/c/Users/sdvir/Desktop                                                  ,t
2025-11-13 13:45:35.510,MINGW64:/c/Users/sdvir/Desktop                                                  ,[tab]
2025-11-13 13:45:36.338,MINGW64:/c/Users/sdvir/Desktop                                                  ,[enter]
2025-11-13 13:45:45.600,MINGW64:/c/Users/sdvir/Desktop/notpadstuff                                                  ,v
2025-11-13 13:45:45.682,MINGW64:/c/Users/sdvir/Desktop/notpadstuff                                                  ,i
2025-11-13 13:45:45.864,MINGW64:/c/Users/sdvir/Desktop/notpadstuff                                                  ,m
2025-11-13 13:45:46.067,MINGW64:/c/Users/sdvir/Desktop/notpadstuff                                                  ,[space]
2025-11-13 13:45:49.957,MINGW64:/c/Users/sdvir/Desktop/notpadstuff                                                  ,t
2025-11-13 13:45:50.143,MINGW64:/c/Users/sdvir/Desktop/notpadstuff                                                  ,e
2025-11-13 13:45:50.341,MINGW64:/c/Users/sdvir/Desktop/notpadstuff                                                  ,s
2025-11-13 13:45:50.617,MINGW64:/c/Users/sdvir/Desktop/notpadstuff                                                  ,t
2025-11-13 13:45:51.041,MINGW64:/c/Users/sdvir/Desktop/notpadstuff                                                  ,.
2025-11-13 13:45:51.554,MINGW64:/c/Users/sdvir/Desktop/notpadstuff                                                  ,t
2025-11-13 13:45:51.708,MINGW64:/c/Users/sdvir/Desktop/notpadstuff                                                  ,x
2025-11-13 13:45:51.802,MINGW64:/c/Users/sdvir/Desktop/notpadstuff                                                  ,t
2025-11-13 13:45:52.727,MINGW64:/c/Users/sdvir/Desktop/notpadstuff                                                  ,[enter]
2025-11-13 13:45:54.883,MINGW64:/c/Users/sdvir/Desktop/notpadstuff                                                  ,i
2025-11-13 13:45:56.040,MINGW64:/c/Users/sdvir/Desktop/notpadstuff                                                  ,g
2025-11-13 13:45:58.524,MINGW64:/c/Users/sdvir/Desktop/notpadstuff                                                  ,o
2025-11-13 13:45:58.669,MINGW64:/c/Users/sdvir/Desktop/notpadstuff                                                  ,o
2025-11-13 13:45:58.795,MINGW64:/c/Users/sdvir/Desktop/notpadstuff                                                  ,d
2025-11-13 13:45:58.840,MINGW64:/c/Users/sdvir/Desktop/notpadstuff                                                  ,[space]
2025-11-13 13:45:58.990,MINGW64:/c/Users/sdvir/Desktop/notpadstuff                                                  ,m
2025-11-13 13:45:59.158,MINGW64:/c/Users/sdvir/Desktop/notpadstuff                                                  ,o
2025-11-13 13:45:59.237,MINGW64:/c/Users/sdvir/Desktop/notpadstuff                                                  ,r
2025-11-13 13:45:59.377,MINGW64:/c/Users/sdvir/Desktop/notpadstuff                                                  ,n
2025-11-13 13:45:59.541,MINGW64:/c/Users/sdvir/Desktop/notpadstuff                                                  ,i
2025-11-13 13:45:59.685,MINGW64:/c/Users/sdvir/Desktop/notpadstuff                                                  ,n
2025-11-13 13:45:59.778,MINGW64:/c/Users/sdvir/Desktop/notpadstuff                                                  ,g
2025-11-13 13:46:00.426,MINGW64:/c/Users/sdvir/Desktop/notpadstuff                                                  ,[shift_r]
2025-11-13 13:46:00.787,MINGW64:/c/Users/sdvir/Desktop/notpadstuff                                                  ,[enter]
2025-11-13 13:46:01.310,MINGW64:/c/Users/sdvir/Desktop/notpadstuff                                                  ,[shift_r]
2025-11-13 13:46:01.370,MINGW64:/c/Users/sdvir/Desktop/notpadstuff                                                  ,[enter]
2025-11-13 13:46:02.104,MINGW64:/c/Users/sdvir/Desktop/notpadstuff                                                  ,t
2025-11-13 13:46:02.259,MINGW64:/c/Users/sdvir/Desktop/notpadstuff                                                  ,h
2025-11-13 13:46:02.387,MINGW64:/c/Users/sdvir/Desktop/notpadstuff                                                  ,e
2025-11-13 13:46:02.509,MINGW64:/c/Users/sdvir/Desktop/notpadstuff                                                  ,[space]
2025-11-13 13:46:02.914,MINGW64:/c/Users/sdvir/Desktop/notpadstuff                                                  ,p
2025-11-13 13:46:03.027,MINGW64:/c/Users/sdvir/Desktop/notpadstuff                                                  ,a
2025-11-13 13:46:03.084,MINGW64:/c/Users/sdvir/Desktop/notpadstuff                                                  ,s
2025-11-13 13:46:03.251,MINGW64:/c/Users/sdvir/Desktop/notpadstuff                                                  ,s
2025-11-13 13:46:03.376,MINGW64:/c/Users/sdvir/Desktop/notpadstuff                                                  ,o
2025-11-13 13:46:03.443,MINGW64:/c/Users/sdvir/Desktop/notpadstuff                                                  ,w
2025-11-13 13:46:03.657,MINGW64:/c/Users/sdvir/Desktop/notpadstuff                                                  ,r
2025-11-13 13:46:03.815,MINGW64:/c/Users/sdvir/Desktop/notpadstuff                                                  ,d
2025-11-13 13:46:03.950,MINGW64:/c/Users/sdvir/Desktop/notpadstuff                                                  ,[space]
2025-11-13 13:46:04.082,MINGW64:/c/Users/sdvir/Desktop/notpadstuff                                                  ,f
2025-11-13 13:46:04.175,MINGW64:/c/Users/sdvir/Desktop/notpadstuff                                                  ,o
2025-11-13 13:46:04.248,MINGW64:/c/Users/sdvir/Desktop/notpadstuff                                                  ,r
2025-11-13 13:46:04.363,MINGW64:/c/Users/sdvir/Desktop/notpadstuff                                                  ,[space]
2025-11-13 13:46:04.442,MINGW64:/c/Users/sdvir/Desktop/notpadstuff                                                  ,t
2025-11-13 13:46:04.862,MINGW64:/c/Users/sdvir/Desktop/notpadstuff                                                  ,[backspace]
2025-11-13 13:46:05.106,MINGW64:/c/Users/sdvir/Desktop/notpadstuff                                                  ,m
2025-11-13 13:46:05.512,MINGW64:/c/Users/sdvir/Desktop/notpadstuff                                                  ,[backspace]
2025-11-13 13:46:05.648,MINGW64:/c/Users/sdvir/Desktop/notpadstuff                                                  ,[backspace]
2025-11-13 13:46:05.807,MINGW64:/c/Users/sdvir/Desktop/notpadstuff                                                  ,t
2025-11-13 13:46:05.933,MINGW64:/c/Users/sdvir/Desktop/notpadstuff                                                  ,h
2025-11-13 13:46:06.057,MINGW64:/c/Users/sdvir/Desktop/notpadstuff                                                  ,e
2025-11-13 13:46:06.160,MINGW64:/c/Users/sdvir/Desktop/notpadstuff                                                  ,[space]
2025-11-13 13:46:06.292,MINGW64:/c/Users/sdvir/Desktop/notpadstuff                                                  ,u
2025-11-13 13:46:06.376,MINGW64:/c/Users/sdvir/Desktop/notpadstuff                                                  ,s
2025-11-13 13:46:06.586,MINGW64:/c/Users/sdvir/Desktop/notpadstuff                                                  ,e
2025-11-13 13:46:06.741,MINGW64:/c/Users/sdvir/Desktop/notpadstuff                                                  ,r
2025-11-13 13:46:06.885,MINGW64:/c/Users/sdvir/Desktop/notpadstuff                                                  ,n
2025-11-13 13:46:06.989,MINGW64:/c/Users/sdvir/Desktop/notpadstuff                                                  ,a
2025-11-13 13:46:07.065,MINGW64:/c/Users/sdvir/Desktop/notpadstuff                                                  ,m
2025-11-13 13:46:07.183,MINGW64:/c/Users/sdvir/Desktop/notpadstuff                                                  ,e
2025-11-13 13:46:07.268,MINGW64:/c/Users/sdvir/Desktop/notpadstuff                                                  ,[space]
2025-11-13 13:46:07.362,MINGW64:/c/Users/sdvir/Desktop/notpadstuff                                                  ,a
2025-11-13 13:46:07.449,MINGW64:/c/Users/sdvir/Desktop/notpadstuff                                                  ,n
2025-11-13 13:46:07.553,MINGW64:/c/Users/sdvir/Desktop/notpadstuff                                                  ,d
2025-11-13 13:46:07.630,MINGW64:/c/Users/sdvir/Desktop/notpadstuff                                                  ,[space]
2025-11-13 13:46:08.707,MINGW64:/c/Users/sdvir/Desktop/notpadstuff                                                  ,f
2025-11-13 13:46:08.789,MINGW64:/c/Users/sdvir/Desktop/notpadstuff                                                  ,i
2025-11-13 13:46:08.950,MINGW64:/c/Users/sdvir/Desktop/notpadstuff                                                  ,n
2025-11-13 13:46:09.037,MINGW64:/c/Users/sdvir/Desktop/notpadstuff                                                  ,a
2025-11-13 13:46:09.182,MINGW64:/c/Users/sdvir/Desktop/notpadstuff                                                  ,l
2025-11-13 13:46:09.330,MINGW64:/c/Users/sdvir/Desktop/notpadstuff                                                  ,[space]
2025-11-13 13:46:09.490,MINGW64:/c/Users/sdvir/Desktop/notpadstuff                                                  ,p
2025-11-13 13:46:09.551,MINGW64:/c/Users/sdvir/Desktop/notpadstuff                                                  ,a
2025-11-13 13:46:09.672,MINGW64:/c/Users/sdvir/Desktop/notpadstuff                                                  ,s
2025-11-13 13:46:09.839,MINGW64:/c/Users/sdvir/Desktop/notpadstuff                                                  ,s
2025-11-13 13:46:10.011,MINGW64:/c/Users/sdvir/Desktop/notpadstuff                                                  ,o
2025-11-13 13:46:10.056,MINGW64:/c/Users/sdvir/Desktop/notpadstuff                                                  ,w
2025-11-13 13:46:10.232,MINGW64:/c/Users/sdvir/Desktop/notpadstuff                                                  ,r
2025-11-13 13:46:10.399,MINGW64:/c/Users/sdvir/Desktop/notpadstuff                                                  ,d
2025-11-13 13:46:10.494,MINGW64:/c/Users/sdvir/Desktop/notpadstuff                                                  ,[space]
2025-11-13 13:46:10.582,MINGW64:/c/Users/sdvir/Desktop/notpadstuff                                                  ,s
2025-11-13 13:46:11.159,MINGW64:/c/Users/sdvir/Desktop/notpadstuff                                                  ,[backspace]
2025-11-13 13:46:11.283,MINGW64:/c/Users/sdvir/Desktop/notpadstuff                                                  ,[backspace]
2025-11-13 13:46:11.356,MINGW64:/c/Users/sdvir/Desktop/notpadstuff                                                  ,s
2025-11-13 13:46:11.480,MINGW64:/c/Users/sdvir/Desktop/notpadstuff                                                  ,[space]
2025-11-13 13:46:11.548,MINGW64:/c/Users/sdvir/Desktop/notpadstuff                                                  ,a
2025-11-13 13:46:11.745,MINGW64:/c/Users/sdvir/Desktop/notpadstuff                                                  ,r
2025-11-13 13:46:12.034,MINGW64:/c/Users/sdvir/Desktop/notpadstuff                                                  ,e
2025-11-13 13:46:12.266,MINGW64:/c/Users/sdvir/Desktop/notpadstuff                                                  ,[shift_r]
2025-11-13 13:46:12.437,MINGW64:/c/Users/sdvir/Desktop/notpadstuff                                                  ,:
2025-11-13 13:46:12.748,MINGW64:/c/Users/sdvir/Desktop/notpadstuff                                                  ,[enter]
2025-11-13 13:46:13.871,MINGW64:/c/Users/sdvir/Desktop/notpadstuff                                                  ,-
2025-11-13 13:46:14.322,MINGW64:/c/Users/sdvir/Desktop/notpadstuff                                                  ,[space]
2025-11-13 13:46:18.126,MINGW64:/c/Users/sdvir/Desktop/notpadstuff                                                  ,a
2025-11-13 13:46:18.412,MINGW64:/c/Users/sdvir/Desktop/notpadstuff                                                  ,o
2025-11-13 13:46:18.615,MINGW64:/c/Users/sdvir/Desktop/notpadstuff                                                  ,m
2025-11-13 13:46:18.823,MINGW64:/c/Users/sdvir/Desktop/notpadstuff                                                  ,i
2025-11-13 13:46:19.212,MINGW64:/c/Users/sdvir/Desktop/notpadstuff                                                  ,[shift]
2025-11-13 13:46:19.417,MINGW64:/c/Users/sdvir/Desktop/notpadstuff                                                  ,_
2025-11-13 13:46:19.827,MINGW64:/c/Users/sdvir/Desktop/notpadstuff                                                  ,t
2025-11-13 13:46:20.187,MINGW64:/c/Users/sdvir/Desktop/notpadstuff                                                  ,e
2025-11-13 13:46:20.459,MINGW64:/c/Users/sdvir/Desktop/notpadstuff                                                  ,t
2025-11-13 13:46:20.696,MINGW64:/c/Users/sdvir/Desktop/notpadstuff                                                  ,s
2025-11-13 13:46:20.935,MINGW64:/c/Users/sdvir/Desktop/notpadstuff                                                  ,k
2025-11-13 13:46:21.353,MINGW64:/c/Users/sdvir/Desktop/notpadstuff                                                  ,u
2025-11-13 13:46:21.682,MINGW64:/c/Users/sdvir/Desktop/notpadstuff                                                  ,[shift]
2025-11-13 13:46:22.182,MINGW64:/c/Users/sdvir/Desktop/notpadstuff                                                  ,[shift]
2025-11-13 13:46:22.214,MINGW64:/c/Users/sdvir/Desktop/notpadstuff                                                  ,[shift]
2025-11-13 13:46:22.249,MINGW64:/c/Users/sdvir/Desktop/notpadstuff                                                  ,[shift]
2025-11-13 13:46:22.264,MINGW64:/c/Users/sdvir/Desktop/notpadstuff                                                  ,@
2025-11-13 13:46:22.900,MINGW64:/c/Users/sdvir/Desktop/notpadstuff                                                  ,g
2025-11-13 13:46:23.064,MINGW64:/c/Users/sdvir/Desktop/notpadstuff                                                  ,m
2025-11-13 13:46:23.226,MINGW64:/c/Users/sdvir/Desktop/notpadstuff                                                  ,a
2025-11-13 13:46:23.323,MINGW64:/c/Users/sdvir/Desktop/notpadstuff                                                  ,i
2025-11-13 13:46:23.528,MINGW64:/c/Users/sdvir/Desktop/notpadstuff                                                  ,l
2025-11-13 13:46:23.822,MINGW64:/c/Users/sdvir/Desktop/notpadstuff                                                  ,.
2025-11-13 13:46:24.129,MINGW64:/c/Users/sdvir/Desktop/notpadstuff                                                  ,c
2025-11-13 13:46:24.258,MINGW64:/c/Users/sdvir/Desktop/notpadstuff                                                  ,o
2025-11-13 13:46:24.458,MINGW64:/c/Users/sdvir/Desktop/notpadstuff                                                  ,m
2025-11-13 13:46:25.026,MINGW64:/c/Users/sdvir/Desktop/notpadstuff                                                  ,[space]
2025-11-13 13:46:25.170,MINGW64:/c/Users/sdvir/Desktop/notpadstuff                                                  ,[tab]
2025-11-13 13:46:26.842,MINGW64:/c/Users/sdvir/Desktop/notpadstuff                                                  ,[shift]
2025-11-13 13:46:27.342,MINGW64:/c/Users/sdvir/Desktop/notpadstuff                                                  ,[shift]
2025-11-13 13:46:27.374,MINGW64:/c/Users/sdvir/Desktop/notpadstuff                                                  ,[shift]
2025-11-13 13:46:27.408,MINGW64:/c/Users/sdvir/Desktop/notpadstuff                                                  ,[shift]
2025-11-13 13:46:27.442,MINGW64:/c/Users/sdvir/Desktop/notpadstuff                                                  ,[shift]
2025-11-13 13:46:27.475,MINGW64:/c/Users/sdvir/Desktop/notpadstuff                                                  ,[shift]
2025-11-13 13:46:27.508,MINGW64:/c/Users/sdvir/Desktop/notpadstuff                                                  ,[shift]
2025-11-13 13:46:27.540,MINGW64:/c/Users/sdvir/Desktop/notpadstuff                                                  ,[shift]
2025-11-13 13:46:27.574,MINGW64:/c/Users/sdvir/Desktop/notpadstuff                                                  ,[shift]
2025-11-13 13:46:27.608,MINGW64:/c/Users/sdvir/Desktop/notpadstuff                                                  ,[shift]
2025-11-13 13:46:27.640,MINGW64:/c/Users/sdvir/Desktop/notpadstuff                                                  ,[shift]
2025-11-13 13:46:27.674,MINGW64:/c/Users/sdvir/Desktop/notpadstuff                                                  ,[shift]
2025-11-13 13:46:27.708,MINGW64:/c/Users/sdvir/Desktop/notpadstuff                                                  ,[shift]
2025-11-13 13:46:27.742,MINGW64:/c/Users/sdvir/Desktop/notpadstuff                                                  ,[shift]
2025-11-13 13:46:27.793,MINGW64:/c/Users/sdvir/Desktop/notpadstuff                                                  ,[shift]
2025-11-13 13:46:27.808,MINGW64:/c/Users/sdvir/Desktop/notpadstuff                                                  ,[shift]
2025-11-13 13:46:27.841,MINGW64:/c/Users/sdvir/Desktop/notpadstuff                                                  ,[shift]
2025-11-13 13:46:27.874,MINGW64:/c/Users/sdvir/Desktop/notpadstuff                                                  ,[shift]
2025-11-13 13:46:27.908,MINGW64:/c/Users/sdvir/Desktop/notpadstuff                                                  ,[shift]
2025-11-13 13:46:27.945,MINGW64:/c/Users/sdvir/Desktop/notpadstuff                                                  ,[shift]
2025-11-13 13:46:27.975,MINGW64:/c/Users/sdvir/Desktop/notpadstuff                                                  ,[shift]
2025-11-13 13:46:27.983,MINGW64:/c/Users/sdvir/Desktop/notpadstuff                                                  ,N
2025-11-13 13:46:28.487,MINGW64:/c/Users/sdvir/Desktop/notpadstuff                                                  ,a
2025-11-13 13:46:28.928,MINGW64:/c/Users/sdvir/Desktop/notpadstuff                                                  ,n
2025-11-13 13:46:29.046,MINGW64:/c/Users/sdvir/Desktop/notpadstuff                                                  ,a
2025-11-13 13:46:29.187,MINGW64:/c/Users/sdvir/Desktop/notpadstuff                                                  ,n
2025-11-13 13:46:29.460,MINGW64:/c/Users/sdvir/Desktop/notpadstuff                                                  ,[shift]
2025-11-13 13:46:29.856,MINGW64:/c/Users/sdvir/Desktop/notpadstuff                                                  ,N
2025-11-13 13:46:30.112,MINGW64:/c/Users/sdvir/Desktop/notpadstuff                                                  ,o
2025-11-13 13:46:30.283,MINGW64:/c/Users/sdvir/Desktop/notpadstuff                                                  ,i
2025-11-13 13:46:30.360,MINGW64:/c/Users/sdvir/Desktop/notpadstuff                                                  ,c
2025-11-13 13:46:30.441,MINGW64:/c/Users/sdvir/Desktop/notpadstuff                                                  ,e
2025-11-13 13:46:31.032,MINGW64:/c/Users/sdvir/Desktop/notpadstuff                                                  ,[shift]
2025-11-13 13:46:31.295,MINGW64:/c/Users/sdvir/Desktop/notpadstuff                                                  ,@
2025-11-13 13:46:31.649,MINGW64:/c/Users/sdvir/Desktop/notpadstuff                                                  ,3
2025-11-13 13:46:31.855,MINGW64:/c/Users/sdvir/Desktop/notpadstuff                                                  ,4
2025-11-13 13:46:32.027,MINGW64:/c/Users/sdvir/Desktop/notpadstuff                                                  ,5
2025-11-13 13:46:32.257,MINGW64:/c/Users/sdvir/Desktop/notpadstuff                                                  ,2
2025-11-13 13:46:32.594,MINGW64:/c/Users/sdvir/Desktop/notpadstuff                                                  ,0
2025-11-13 13:46:32.711,MINGW64:/c/Users/sdvir/Desktop/notpadstuff                                                  ,3
2025-11-13 13:46:32.799,MINGW64:/c/Users/sdvir/Desktop/notpadstuff                                                  ,9
2025-11-13 13:46:32.945,MINGW64:/c/Users/sdvir/Desktop/notpadstuff                                                  ,5
2025-11-13 13:46:33.716,MINGW64:/c/Users/sdvir/Desktop/notpadstuff                                                  ,[enter]
2025-11-13 13:46:35.740,MINGW64:/c/Users/sdvir/Desktop/notpadstuff                                                  ,[esc]
2025-11-13 14:04:39.990,New Tab - Google Chrome,a
2025-11-13 14:04:40.077,New Tab - Google Chrome,h
2025-11-13 14:04:40.775,New Tab - Google Chrome,w
2025-11-13 14:04:40.927,New Tab - Google Chrome,d
2025-11-13 14:04:40.948,New Tab - Google Chrome,j
2025-11-13 14:04:41.027,New Tab - Google Chrome,v
2025-11-13 14:04:41.170,New Tab - Google Chrome,e
2025-11-13 14:04:42.077,New Tab - Google Chrome,[ctrl_l]
2025-11-13 14:04:42.382,New Tab - Google Chrome,
2025-11-13 14:04:42.792,New Tab - Google Chrome,h
2025-11-13 14:04:42.892,New Tab - Google Chrome,o
2025-11-13 14:04:43.206,New Tab - Google Chrome,[backspace]
2025-11-13 14:04:43.333,New Tab - Google Chrome,[backspace]
2025-11-13 14:04:43.627,New Tab - Google Chrome,[backspace]
2025-11-13 14:04:43.935,New Tab - Google Chrome,g
2025-11-13 14:04:44.510,New Tab - Google Chrome,[backspace]
2025-11-13 14:04:44.695,New Tab - Google Chrome,[backspace]
2025-11-13 14:04:47.050,New Tab - Google Chrome,l
2025-11-13 14:04:47.205,New Tab - Google Chrome,o
2025-11-13 14:04:47.377,New Tab - Google Chrome,g
2025-11-13 14:04:47.380,New Tab - Google Chrome,i
2025-11-13 14:04:47.533,New Tab - Google Chrome,n
2025-11-13 14:04:47.769,New Tab - Google Chrome,[enter]
2025-11-13 14:04:54.752,Log into Facebook - Google Chrome,t
2025-11-13 14:04:54.847,Log into Facebook - Google Chrome,e
2025-11-13 14:04:55.025,Log into Facebook - Google Chrome,s
2025-11-13 14:04:55.109,Log into Facebook - Google Chrome,t
2025-11-13 14:04:55.228,Log into Facebook - Google Chrome,d
2025-11-13 14:04:55.321,Log into Facebook - Google Chrome,a
2025-11-13 14:04:55.425,Log into Facebook - Google Chrome,t
2025-11-13 14:04:55.507,Log into Facebook - Google Chrome,a
2025-11-13 14:04:55.814,Log into Facebook - Google Chrome,[shift]
2025-11-13 14:04:56.064,Log into Facebook - Google Chrome,@
2025-11-13 14:04:56.379,Log into Facebook - Google Chrome,1
2025-11-13 14:04:56.484,Log into Facebook - Google Chrome,2
2025-11-13 14:04:56.707,Log into Facebook - Google Chrome,3
2025-11-13 14:04:56.894,Log into Facebook - Google Chrome,4
2025-11-13 14:04:57.087,Log into Facebook - Google Chrome,5
2025-11-13 14:04:57.450,Log into Facebook - Google Chrome,[shift_r]
2025-11-13 14:04:57.636,Log into Facebook - Google Chrome,2
2025-11-13 14:04:58.088,Log into Facebook - Google Chrome,[backspace]
2025-11-13 14:04:58.588,Log into Facebook - Google Chrome,[backspace]
2025-11-13 14:04:58.621,Log into Facebook - Google Chrome,[backspace]
2025-11-13 14:04:58.654,Log into Facebook - Google Chrome,[backspace]
2025-11-13 14:04:58.688,Log into Facebook - Google Chrome,[backspace]
2025-11-13 14:04:58.721,Log into Facebook - Google Chrome,[backspace]
2025-11-13 14:04:58.755,Log into Facebook - Google Chrome,[backspace]
2025-11-13 14:04:59.707,Log into Facebook - Google Chrome,1
2025-11-13 14:04:59.928,Log into Facebook - Google Chrome,2
2025-11-13 14:05:00.112,Log into Facebook - Google Chrome,3
2025-11-13 14:05:00.449,Log into Facebook - Google Chrome,[shift]
2025-11-13 14:05:00.619,Log into Facebook - Google Chrome,@
2025-11-13 14:05:00.937,Log into Facebook - Google Chrome,g
2025-11-13 14:05:01.065,Log into Facebook - Google Chrome,m
2025-11-13 14:05:01.183,Log into Facebook - Google Chrome,a
2025-11-13 14:05:01.262,Log into Facebook - Google Chrome,i
2025-11-13 14:05:01.441,Log into Facebook - Google Chrome,l
2025-11-13 14:05:01.614,Log into Facebook - Google Chrome,.
2025-11-13 14:05:01.724,Log into Facebook - Google Chrome,c
2025-11-13 14:05:01.831,Log into Facebook - Google Chrome,o
2025-11-13 14:05:01.980,Log into Facebook - Google Chrome,m
2025-11-13 14:05:02.168,Log into Facebook - Google Chrome,[tab]
2025-11-13 14:05:02.963,Log into Facebook - Google Chrome,[shift]
2025-11-13 14:05:03.254,Log into Facebook - Google Chrome,N
2025-11-13 14:05:03.503,Log into Facebook - Google Chrome,o
2025-11-13 14:05:03.661,Log into Facebook - Google Chrome,i
2025-11-13 14:05:03.667,Log into Facebook - Google Chrome,c
2025-11-13 14:05:03.812,Log into Facebook - Google Chrome,e
2025-11-13 14:05:04.194,Log into Facebook - Google Chrome,2
2025-11-13 14:05:04.394,Log into Facebook - Google Chrome,3
2025-11-13 14:05:04.569,Log into Facebook - Google Chrome,4
2025-11-13 14:05:04.785,Log into Facebook - Google Chrome,5
2025-11-13 14:05:05.014,Log into Facebook - Google Chrome,6
2025-11-13 14:05:05.321,Log into Facebook - Google Chrome,1
2025-11-13 14:05:05.862,Log into Facebook - Google Chrome,[shift]
2025-11-13 14:05:06.152,Log into Facebook - Google Chrome,@
2025-11-13 14:05:06.743,Log into Facebook - Google Chrome,1
2025-11-13 14:05:06.934,Log into Facebook - Google Chrome,1
2025-11-13 14:05:07.201,Log into Facebook - Google Chrome,2
2025-11-13 14:05:08.130,Log into Facebook - Google Chrome,[enter]
2025-11-13 14:05:41.325,Windows PowerShell,[esc]
2025-11-13 14:20:51.148,Windows PowerShell,[up]
2025-11-13 14:20:52.130,Windows PowerShell,[enter]
2025-11-13 14:21:14.492,Windows PowerShell,[enter]
2025-11-13 14:21:21.270,Windows PowerShell,
2025-11-13 14:22:27.905,Windows PowerShell,[backspace]
2025-11-13 14:22:28.404,Windows PowerShell,[backspace]
2025-11-13 14:22:28.438,Windows PowerShell,[backspace]
2025-11-13 14:22:28.471,Windows PowerShell,[backspace]
2025-11-13 14:22:28.504,Windows PowerShell,[backspace]
2025-11-13 14:22:28.537,Windows PowerShell,[backspace]
2025-11-13 14:22:28.572,Windows PowerShell,[backspace]
2025-11-13 14:22:28.604,Windows PowerShell,[backspace]
2025-11-13 14:22:28.637,Windows PowerShell,[backspace]
2025-11-13 14:22:28.671,Windows PowerShell,[backspace]
2025-11-13 14:22:28.705,Windows PowerShell,[backspace]
2025-11-13 14:22:29.151,Windows PowerShell,[backspace]
2025-11-13 14:22:29.806,Windows PowerShell,.
2025-11-13 14:22:29.936,Windows PowerShell,.
2025-11-13 14:22:30.108,Windows PowerShell,[enter]
2025-11-13 14:22:30.511,Windows PowerShell,c
2025-11-13 14:22:30.601,Windows PowerShell,d
2025-11-13 14:22:31.007,Windows PowerShell,[space]
2025-11-13 14:22:31.625,Windows PowerShell,d
2025-11-13 14:22:31.763,Windows PowerShell,e
2025-11-13 14:22:31.993,Windows PowerShell,t
2025-11-13 14:22:32.173,Windows PowerShell,e
2025-11-13 14:22:32.522,Windows PowerShell,[tab]
2025-11-13 14:22:33.046,Windows PowerShell,[enter]
2025-11-13 14:22:34.555,Windows PowerShell,p
2025-11-13 14:22:34.850,Windows PowerShell,u
2025-11-13 14:22:35.168,Windows PowerShell,[backspace]
2025-11-13 14:22:35.298,Windows PowerShell,y
2025-11-13 14:22:35.527,Windows PowerShell,t
2025-11-13 14:22:35.628,Windows PowerShell,h
2025-11-13 14:22:35.801,Windows PowerShell,o
2025-11-13 14:22:35.952,Windows PowerShell,n
2025-11-13 14:22:36.083,Windows PowerShell,[space]
2025-11-13 14:22:36.170,Windows PowerShell,d
2025-11-13 14:22:36.246,Windows PowerShell,e
2025-11-13 14:22:36.419,Windows PowerShell,t
2025-11-13 14:22:36.574,Windows PowerShell,e
2025-11-13 14:22:36.937,Windows PowerShell,c
2025-11-13 14:22:37.172,Windows PowerShell,t
2025-11-13 14:22:37.260,Windows PowerShell,o
2025-11-13 14:22:37.371,Windows PowerShell,r
2025-11-13 14:22:37.539,Windows PowerShell,.
2025-11-13 14:22:37.721,Windows PowerShell,p
2025-11-13 14:22:37.836,Windows PowerShell,y
2025-11-13 14:22:38.192,Windows PowerShell,[enter]
2025-11-13 14:24:34.949,Windows PowerShell,[esc]
2025-11-13 14:31:48.585,Windows PowerShell,[up]
2025-11-13 14:31:52.630,Windows PowerShell,[enter]
2025-11-13 14:33:45.273,Windows PowerShell,[esc]
2025-11-13 14:42:26.797,Windows PowerShell,[enter]
2025-11-13 14:44:58.254,Windows PowerShell,[esc]
2025-11-13 14:56:10.591,Windows PowerShell,[up]
2025-11-13 14:56:10.970,Windows PowerShell,[up]
2025-11-13 14:56:11.398,Windows PowerShell,[up]
2025-11-13 14:56:12.812,Windows PowerShell,[enter]
2025-11-13 14:59:10.990,Windows PowerShell,[esc]
2025-11-13 15:12:54.411,Windows PowerShell,[up]
2025-11-13 15:12:55.181,Windows PowerShell,[up]
2025-11-13 15:12:56.112,Windows PowerShell,[down]
2025-11-13 15:12:56.360,Windows PowerShell,[down]
2025-11-13 15:12:56.975,Windows PowerShell,[enter]
2025-11-13 15:12:57.167,Windows PowerShell,[enter]
2025-11-13 15:12:58.924,Windows PowerShell,[up]
2025-11-13 15:13:00.104,Windows PowerShell,[up]
2025-11-13 15:13:00.558,Windows PowerShell,[up]
2025-11-13 15:13:00.973,Windows PowerShell,[up]
2025-11-13 15:13:01.331,Windows PowerShell,[up]
2025-11-13 15:13:01.522,Windows PowerShell,[up]
2025-11-13 15:13:01.697,Windows PowerShell,[up]
2025-11-13 15:13:02.045,Windows PowerShell,[up]
2025-11-13 15:13:02.331,Windows PowerShell,[up]
2025-11-13 15:13:02.553,Windows PowerShell,[up]
2025-11-13 15:13:02.852,Windows PowerShell,[up]
2025-11-13 15:13:03.290,Windows PowerShell,[down]
2025-11-13 15:13:04.280,Windows PowerShell,[enter]
2025-11-13 15:14:49.406,Windows PowerShell,[esc]
2025-11-13 15:21:05.829,Windows PowerShell,[enter]
2025-11-13 15:21:06.231,Windows PowerShell,c
2025-11-13 15:21:06.312,Windows PowerShell,d
2025-11-13 15:21:07.045,Windows PowerShell,[space]
2025-11-13 15:21:07.306,Windows PowerShell,.
2025-11-13 15:21:07.424,Windows PowerShell,.
2025-11-13 15:21:07.601,Windows PowerShell,[enter]
2025-11-13 15:21:07.969,Windows PowerShell,c
2025-11-13 15:21:08.043,Windows PowerShell,d
2025-11-13 15:21:08.218,Windows PowerShell,[space]
2025-11-13 15:21:08.616,Windows PowerShell,[tab]
2025-11-13 15:21:08.865,Windows PowerShell,[tab]
2025-11-13 15:21:09.493,Windows PowerShell,[tab]
2025-11-13 15:21:10.050,Windows PowerShell,[enter]
2025-11-13 15:21:13.177,Windows PowerShell,c
2025-11-13 15:21:13.303,Windows PowerShell,d
2025-11-13 15:21:13.948,Windows PowerShell,[space]
2025-11-13 15:21:14.165,Windows PowerShell,.
2025-11-13 15:21:14.288,Windows PowerShell,.
2025-11-13 15:21:14.669,Windows PowerShell,[enter]
2025-11-13 15:21:15.039,Windows PowerShell,c
2025-11-13 15:21:15.150,Windows PowerShell,d
2025-11-13 15:21:15.327,Windows PowerShell,[space]
2025-11-13 15:21:15.802,Windows PowerShell,d
2025-11-13 15:21:15.927,Windows PowerShell,e
2025-11-13 15:21:16.216,Windows PowerShell,[tab]
2025-11-13 15:21:16.763,Windows PowerShell,[enter]
2025-11-13 15:21:18.960,Windows PowerShell,p
2025-11-13 15:21:19.244,Windows PowerShell,y
2025-11-13 15:21:19.429,Windows PowerShell,t
2025-11-13 15:21:19.520,Windows PowerShell,h
2025-11-13 15:21:19.685,Windows PowerShell,o
2025-11-13 15:21:19.859,Windows PowerShell,n
2025-11-13 15:21:19.965,Windows PowerShell,[space]
2025-11-13 15:21:20.103,Windows PowerShell,d
2025-11-13 15:21:20.430,Windows PowerShell,e
2025-11-13 15:21:20.631,Windows PowerShell,[tab]
2025-11-13 15:21:21.507,Windows PowerShell,[enter]
2025-11-13 15:21:50.971,Windows PowerShell,[ctrl_l]
2025-11-13 15:21:51.169,Windows PowerShell,
2025-11-13 15:21:56.245,Windows PowerShell,[cmd]
2025-11-13 15:21:57.294,Search,n
2025-11-13 15:21:57.538,Search,o
2025-11-13 15:21:57.661,Search,t
2025-11-13 15:21:58.100,Search,[enter]
2025-11-13 15:21:59.212,*testdata@rit.edu - Notepad,[ctrl_l]
2025-11-13 15:21:59.712,*testdata@rit.edu - Notepad,[ctrl_l]
2025-11-13 15:21:59.744,*testdata@rit.edu - Notepad,[ctrl_l]
2025-11-13 15:21:59.778,*testdata@rit.edu - Notepad,[ctrl_l]
2025-11-13 15:22:01.372,Untitled - Notepad,[ctrl_l]
2025-11-13 15:22:01.505,Untitled - Notepad,
2025-11-13 15:22:02.097,*🔍 RUNNING KEYLOGGER DETECTION DEBU - Notepad,
2025-11-13 15:22:12.704,(no subject) - securecode012e4@gmail.com - Gmail - Google Chrome,[ctrl_l]
2025-11-13 15:22:13.073,(no subject) - securecode012e4@gmail.com - Gmail - Google Chrome,
2025-11-13 15:23:48.408,Windows PowerShell,[ctrl_l]
2025-11-13 15:25:01.434,(no subject) - securecode012e4@gmail.com - Gmail - Google Chrome,c
2025-11-13 15:25:20.493,detector.py - Keylogger_CSCI642 - Visual Studio Code,[ctrl_l]
2025-11-13 15:25:20.755,detector.py - Keylogger_CSCI642 - Visual Studio Code,
2025-11-13 15:25:23.206,● detector.py - Keylogger_CSCI642 - Visual Studio Code,[ctrl_l]
2025-11-13 15:25:23.434,● detector.py - Keylogger_CSCI642 - Visual Studio Code,
2025-11-13 15:25:32.356,detector.py - Keylogger_CSCI642 - Visual Studio Code,[ctrl_l]
2025-11-13 15:25:32.769,detector.py - Keylogger_CSCI642 - Visual Studio Code,
2025-11-13 15:25:36.681,● detector.py - Keylogger_CSCI642 - Visual Studio Code,[ctrl_l]
2025-11-13 15:25:36.926,● detector.py - Keylogger_CSCI642 - Visual Studio Code,
2025-11-13 15:25:38.517,detector.py - Keylogger_CSCI642 - Visual Studio Code,[ctrl_l]
2025-11-13 15:25:39.017,detector.py - Keylogger_CSCI642 - Visual Studio Code,[ctrl_l]
2025-11-13 15:25:39.040,detector.py - Keylogger_CSCI642 - Visual Studio Code,
2025-11-13 15:25:43.716,● detector.py - Keylogger_CSCI642 - Visual Studio Code,[backspace]
2025-11-13 15:25:44.128,● detector.py - Keylogger_CSCI642 - Visual Studio Code,[ctrl_l]
2025-11-13 15:25:44.524,● detector.py - Keylogger_CSCI642 - Visual Studio Code,
2025-11-13 15:26:36.972,Windows PowerShell,[enter]
2025-11-13 15:26:40.429,Windows PowerShell,[esc]
2025-11-13 15:26:52.996,Windows PowerShell,[up]
2025-11-13 15:26:53.797,Windows PowerShell,[up]
2025-11-13 15:26:55.934,Windows PowerShell,[enter]
2025-11-13 15:26:57.656,Windows PowerShell,p
2025-11-13 15:26:57.943,Windows PowerShell,y
2025-11-13 15:26:58.118,Windows PowerShell,t
2025-11-13 15:26:58.187,Windows PowerShell,h
2025-11-13 15:26:58.362,Windows PowerShell,o
2025-11-13 15:26:58.531,Windows PowerShell,n
2025-11-13 15:26:58.643,Windows PowerShell,[space]
2025-11-13 15:26:58.747,Windows PowerShell,[tab]
2025-11-13 15:26:59.128,Windows PowerShell,[tab]
2025-11-13 15:26:59.645,Windows PowerShell,[tab]
2025-11-13 15:26:59.857,Windows PowerShell,[tab]
2025-11-13 15:27:00.270,Windows PowerShell,[tab]
2025-11-13 15:27:00.521,Windows PowerShell,[tab]
2025-11-13 15:27:00.715,Windows PowerShell,[tab]
2025-11-13 15:27:01.332,Windows PowerShell,[backspace]
2025-11-13 15:27:01.834,Windows PowerShell,[backspace]
2025-11-13 15:27:01.882,Windows PowerShell,[backspace]
2025-11-13 15:27:01.900,Windows PowerShell,[backspace]
2025-11-13 15:27:01.934,Windows PowerShell,[backspace]
2025-11-13 15:27:01.968,Windows PowerShell,[backspace]
2025-11-13 15:27:02.001,Windows PowerShell,[backspace]
2025-11-13 15:27:02.034,Windows PowerShell,[backspace]
2025-11-13 15:27:02.076,Windows PowerShell,[backspace]
2025-11-13 15:27:02.259,Windows PowerShell,[backspace]
2025-11-13 15:27:02.773,Windows PowerShell,[space]
2025-11-13 15:27:02.940,Windows PowerShell,d
2025-11-13 15:27:03.016,Windows PowerShell,e
2025-11-13 15:27:03.225,Windows PowerShell,[tab]
2025-11-13 15:27:03.917,Windows PowerShell,[tab]
2025-11-13 15:27:04.634,Windows PowerShell,[enter]
2025-11-13 15:27:22.253,Windows PowerShell,[ctrl_l]
2025-11-13 15:27:22.457,Windows PowerShell,
2025-11-13 15:27:25.233,Windows PowerShell,[esc]
2025-11-13 15:30:08.286,Windows PowerShell,[up]
2025-11-13 15:30:09.070,Windows PowerShell,[enter]
2025-11-13 15:31:04.849,Windows PowerShell,[esc]
2025-11-13 15:34:57.741,Windows PowerShell,[up]
2025-11-13 15:34:58.730,Windows PowerShell,[up]
2025-11-13 15:34:59.331,Windows PowerShell,[enter]
2025-11-13 15:35:44.126,Windows PowerShell,[ctrl_l]
2025-11-13 15:35:44.302,Windows PowerShell,
2025-11-13 15:35:49.010,(no subject) - securecode012e4@gmail.com - Gmail - Google Chrome,[ctrl_l]
2025-11-13 15:35:49.197,(no subject) - securecode012e4@gmail.com - Gmail - Google Chrome,
2025-11-13 15:35:49.972,(no subject) - securecode012e4@gmail.com - Gmail - Google Chrome,[enter]
2025-11-13 15:35:51.878,(no subject) - securecode012e4@gmail.com - Gmail - Google Chrome,[ctrl_l]
2025-11-13 15:35:52.189,(no subject) - securecode012e4@gmail.com - Gmail - Google Chrome,[enter]
2025-11-13 15:36:21.246,Windows PowerShell,[esc]
2025-11-13 15:38:52.116,Windows PowerShell,[enter]
2025-11-13 15:38:52.571,Windows PowerShell,[up]
2025-11-13 15:38:54.624,Windows PowerShell,[enter]
2025-11-13 15:39:36.033,Windows PowerShell,[ctrl_l]
2025-11-13 15:39:36.320,Windows PowerShell,
2025-11-13 15:39:44.309,(no subject) - securecode012e4@gmail.com - Gmail - Google Chrome,[ctrl_l]
2025-11-13 15:39:44.513,(no subject) - securecode012e4@gmail.com - Gmail - Google Chrome,
2025-11-13 15:39:47.052,(no subject) - securecode012e4@gmail.com - Gmail - Google Chrome,[enter]
2025-11-13 15:55:18.982,detector.py - Keylogger_CSCI642 - Visual Studio Code,[ctrl_l]
2025-11-13 15:55:19.271,detector.py - Keylogger_CSCI642 - Visual Studio Code,
2025-11-13 15:55:23.705,detector.py - Keylogger_CSCI642 - Visual Studio Code,[enter]
2025-11-13 15:55:29.315,detector.py - Keylogger_CSCI642 - Visual Studio Code,[shift_r]
2025-11-13 15:55:29.685,detector.py - Keylogger_CSCI642 - Visual Studio Code,[right]
2025-11-13 15:55:30.214,detector.py - Keylogger_CSCI642 - Visual Studio Code,[right]
2025-11-13 15:55:30.998,detector.py - Keylogger_CSCI642 - Visual Studio Code,[right]
2025-11-13 15:55:31.529,detector.py - Keylogger_CSCI642 - Visual Studio Code,[left]
2025-11-13 15:55:31.778,detector.py - Keylogger_CSCI642 - Visual Studio Code,[left]
2025-11-13 15:55:33.096,detector.py - Keylogger_CSCI642 - Visual Studio Code,[delete]
2025-11-13 15:55:34.063,● detector.py - Keylogger_CSCI642 - Visual Studio Code,[backspace]
2025-11-13 15:55:40.197,● detector.py - Keylogger_CSCI642 - Visual Studio Code,[backspace]
2025-11-13 15:55:40.765,● detector.py - Keylogger_CSCI642 - Visual Studio Code,[ctrl_l]
2025-11-13 15:55:40.916,● detector.py - Keylogger_CSCI642 - Visual Studio Code,
2025-11-13 15:55:46.758,detector.py - Keylogger_CSCI642 - Visual Studio Code,[backspace]
2025-11-13 15:55:47.094,● detector.py - Keylogger_CSCI642 - Visual Studio Code,[ctrl_l]
2025-11-13 15:55:47.251,● detector.py - Keylogger_CSCI642 - Visual Studio Code,
2025-11-13 15:55:55.180,detector.py - Keylogger_CSCI642 - Visual Studio Code,[shift_r]
2025-11-13 15:55:55.619,detector.py - Keylogger_CSCI642 - Visual Studio Code,[right]
2025-11-13 15:55:55.916,detector.py - Keylogger_CSCI642 - Visual Studio Code,[right]
2025-11-13 15:55:56.545,detector.py - Keylogger_CSCI642 - Visual Studio Code,[left]
2025-11-13 15:55:58.507,detector.py - Keylogger_CSCI642 - Visual Studio Code,[delete]
2025-11-13 15:55:59.355,● detector.py - Keylogger_CSCI642 - Visual Studio Code,[backspace]
2025-11-13 15:55:59.729,● detector.py - Keylogger_CSCI642 - Visual Studio Code,[ctrl_l]
2025-11-13 15:55:59.889,● detector.py - Keylogger_CSCI642 - Visual Studio Code,
2025-11-13 15:57:28.538,label_data.py - Keylogger_CSCI642 - Visual Studio Code,[delete]
2025-11-13 15:57:30.445,Visual Studio Code,[enter]
2025-11-13 15:57:42.523,debug_checks.py - Keylogger_CSCI642 - Visual Studio Code,[backspace]
2025-11-13 15:57:42.706,● debug_checks.py - Keylogger_CSCI642 - Visual Studio Code,[backspace]
2025-11-13 15:57:43.577,● debug_checks.py - Keylogger_CSCI642 - Visual Studio Code,[down]
2025-11-13 15:57:43.851,● debug_checks.py - Keylogger_CSCI642 - Visual Studio Code,[down]
2025-11-13 15:57:45.000,● debug_checks.py - Keylogger_CSCI642 - Visual Studio Code,[delete]
2025-11-13 15:57:45.207,● debug_checks.py - Keylogger_CSCI642 - Visual Studio Code,[delete]
2025-11-13 15:57:45.673,● debug_checks.py - Keylogger_CSCI642 - Visual Studio Code,[down]
2025-11-13 15:57:45.872,● debug_checks.py - Keylogger_CSCI642 - Visual Studio Code,[down]
2025-11-13 15:57:46.044,● debug_checks.py - Keylogger_CSCI642 - Visual Studio Code,[down]
2025-11-13 15:57:46.199,● debug_checks.py - Keylogger_CSCI642 - Visual Studio Code,[down]
2025-11-13 15:57:46.349,● debug_checks.py - Keylogger_CSCI642 - Visual Studio Code,[down]
2025-11-13 15:57:46.649,● debug_checks.py - Keylogger_CSCI642 - Visual Studio Code,[down]
2025-11-13 15:57:46.816,● debug_checks.py - Keylogger_CSCI642 - Visual Studio Code,[down]
2025-11-13 15:57:47.239,● debug_checks.py - Keylogger_CSCI642 - Visual Studio Code,[right]
2025-11-13 15:57:47.738,● debug_checks.py - Keylogger_CSCI642 - Visual Studio Code,[right]
2025-11-13 15:57:47.773,● debug_checks.py - Keylogger_CSCI642 - Visual Studio Code,[right]
2025-11-13 15:57:47.806,● debug_checks.py - Keylogger_CSCI642 - Visual Studio Code,[right]
2025-11-13 15:57:47.840,● debug_checks.py - Keylogger_CSCI642 - Visual Studio Code,[right]
2025-11-13 15:57:47.874,● debug_checks.py - Keylogger_CSCI642 - Visual Studio Code,[right]
2025-11-13 15:57:47.906,● debug_checks.py - Keylogger_CSCI642 - Visual Studio Code,[right]
2025-11-13 15:57:47.940,● debug_checks.py - Keylogger_CSCI642 - Visual Studio Code,[right]
2025-11-13 15:57:47.973,● debug_checks.py - Keylogger_CSCI642 - Visual Studio Code,[right]
2025-11-13 15:57:48.007,● debug_checks.py - Keylogger_CSCI642 - Visual Studio Code,[right]
2025-11-13 15:57:48.192,● debug_checks.py - Keylogger_CSCI642 - Visual Studio Code,[right]
2025-11-13 15:57:48.371,● debug_checks.py - Keylogger_CSCI642 - Visual Studio Code,[right]
2025-11-13 15:57:48.849,● debug_checks.py - Keylogger_CSCI642 - Visual Studio Code,[right]
2025-11-13 15:57:49.021,● debug_checks.py - Keylogger_CSCI642 - Visual Studio Code,[right]
2025-11-13 15:57:49.178,● debug_checks.py - Keylogger_CSCI642 - Visual Studio Code,[right]
2025-11-13 15:57:49.337,● debug_checks.py - Keylogger_CSCI642 - Visual Studio Code,[right]
2025-11-13 15:57:49.753,● debug_checks.py - Keylogger_CSCI642 - Visual Studio Code,[delete]
2025-11-13 15:57:50.132,● debug_checks.py - Keylogger_CSCI642 - Visual Studio Code,[delete]
2025-11-13 15:57:50.533,● debug_checks.py - Keylogger_CSCI642 - Visual Studio Code,[down]
2025-11-13 15:57:50.745,● debug_checks.py - Keylogger_CSCI642 - Visual Studio Code,[down]
2025-11-13 15:57:50.910,● debug_checks.py - Keylogger_CSCI642 - Visual Studio Code,[down]
2025-11-13 15:57:51.095,● debug_checks.py - Keylogger_CSCI642 - Visual Studio Code,[down]
2025-11-13 15:57:51.348,● debug_checks.py - Keylogger_CSCI642 - Visual Studio Code,[down]
2025-11-13 15:57:51.534,● debug_checks.py - Keylogger_CSCI642 - Visual Studio Code,[down]
2025-11-13 15:57:51.822,● debug_checks.py - Keylogger_CSCI642 - Visual Studio Code,[down]
2025-11-13 15:57:51.982,● debug_checks.py - Keylogger_CSCI642 - Visual Studio Code,[down]
2025-11-13 15:57:52.234,● debug_checks.py - Keylogger_CSCI642 - Visual Studio Code,[down]
2025-11-13 15:57:52.546,● debug_checks.py - Keylogger_CSCI642 - Visual Studio Code,[down]
2025-11-13 15:57:53.310,● debug_checks.py - Keylogger_CSCI642 - Visual Studio Code,[left]
2025-11-13 15:57:53.812,● debug_checks.py - Keylogger_CSCI642 - Visual Studio Code,[left]
2025-11-13 15:57:53.858,● debug_checks.py - Keylogger_CSCI642 - Visual Studio Code,[left]
2025-11-13 15:57:53.877,● debug_checks.py - Keylogger_CSCI642 - Visual Studio Code,[left]
2025-11-13 15:57:53.911,● debug_checks.py - Keylogger_CSCI642 - Visual Studio Code,[left]
2025-11-13 15:57:53.944,● debug_checks.py - Keylogger_CSCI642 - Visual Studio Code,[left]
2025-11-13 15:57:53.978,● debug_checks.py - Keylogger_CSCI642 - Visual Studio Code,[left]
2025-11-13 15:57:54.010,● debug_checks.py - Keylogger_CSCI642 - Visual Studio Code,[left]
2025-11-13 15:57:54.182,● debug_checks.py - Keylogger_CSCI642 - Visual Studio Code,[left]
2025-11-13 15:57:54.338,● debug_checks.py - Keylogger_CSCI642 - Visual Studio Code,[left]
2025-11-13 15:57:54.516,● debug_checks.py - Keylogger_CSCI642 - Visual Studio Code,[left]
2025-11-13 15:57:54.942,● debug_checks.py - Keylogger_CSCI642 - Visual Studio Code,[left]
2025-11-13 15:57:55.149,● debug_checks.py - Keylogger_CSCI642 - Visual Studio Code,[backspace]
2025-11-13 15:57:55.393,● debug_checks.py - Keylogger_CSCI642 - Visual Studio Code,[backspace]
2025-11-13 15:57:55.899,● debug_checks.py - Keylogger_CSCI642 - Visual Studio Code,[down]
2025-11-13 15:57:56.085,● debug_checks.py - Keylogger_CSCI642 - Visual Studio Code,[down]
2025-11-13 15:57:56.242,● debug_checks.py - Keylogger_CSCI642 - Visual Studio Code,[down]
2025-11-13 15:57:56.626,● debug_checks.py - Keylogger_CSCI642 - Visual Studio Code,[down]
2025-11-13 15:57:57.121,● debug_checks.py - Keylogger_CSCI642 - Visual Studio Code,[right]
2025-11-13 15:57:57.476,● debug_checks.py - Keylogger_CSCI642 - Visual Studio Code,[left]
2025-11-13 15:57:57.901,● debug_checks.py - Keylogger_CSCI642 - Visual Studio Code,[delete]
2025-11-13 15:57:58.396,● debug_checks.py - Keylogger_CSCI642 - Visual Studio Code,[delete]
2025-11-13 15:57:58.631,● debug_checks.py - Keylogger_CSCI642 - Visual Studio Code,[down]
2025-11-13 15:57:58.827,● debug_checks.py - Keylogger_CSCI642 - Visual Studio Code,[down]
2025-11-13 15:57:58.996,● debug_checks.py - Keylogger_CSCI642 - Visual Studio Code,[down]
2025-11-13 15:57:59.485,● debug_checks.py - Keylogger_CSCI642 - Visual Studio Code,[right]
2025-11-13 15:57:59.664,● debug_checks.py - Keylogger_CSCI642 - Visual Studio Code,[right]
2025-11-13 15:57:59.821,● debug_checks.py - Keylogger_CSCI642 - Visual Studio Code,[right]
2025-11-13 15:57:59.968,● debug_checks.py - Keylogger_CSCI642 - Visual Studio Code,[right]
2025-11-13 15:58:00.379,● debug_checks.py - Keylogger_CSCI642 - Visual Studio Code,[delete]
2025-11-13 15:58:00.691,● debug_checks.py - Keylogger_CSCI642 - Visual Studio Code,[down]
2025-11-13 15:58:00.893,● debug_checks.py - Keylogger_CSCI642 - Visual Studio Code,[down]
2025-11-13 15:58:01.210,● debug_checks.py - Keylogger_CSCI642 - Visual Studio Code,[down]
2025-11-13 15:58:01.690,● debug_checks.py - Keylogger_CSCI642 - Visual Studio Code,[delete]
2025-11-13 15:58:01.887,● debug_checks.py - Keylogger_CSCI642 - Visual Studio Code,[delete]
2025-11-13 15:58:02.164,● debug_checks.py - Keylogger_CSCI642 - Visual Studio Code,[down]
2025-11-13 15:58:02.355,● debug_checks.py - Keylogger_CSCI642 - Visual Studio Code,[down]
2025-11-13 15:58:02.516,● debug_checks.py - Keylogger_CSCI642 - Visual Studio Code,[down]
2025-11-13 15:58:02.670,● debug_checks.py - Keylogger_CSCI642 - Visual Studio Code,[down]
2025-11-13 15:58:02.826,● debug_checks.py - Keylogger_CSCI642 - Visual Studio Code,[down]
2025-11-13 15:58:02.979,● debug_checks.py - Keylogger_CSCI642 - Visual Studio Code,[down]
2025-11-13 15:58:03.324,● debug_checks.py - Keylogger_CSCI642 - Visual Studio Code,[down]
2025-11-13 15:58:03.480,● debug_checks.py - Keylogger_CSCI642 - Visual Studio Code,[down]
2025-11-13 15:58:03.610,● debug_checks.py - Keylogger_CSCI642 - Visual Studio Code,[down]
2025-11-13 15:58:03.786,● debug_checks.py - Keylogger_CSCI642 - Visual Studio Code,[down]
2025-11-13 15:58:04.045,● debug_checks.py - Keylogger_CSCI642 - Visual Studio Code,[down]
2025-11-13 15:58:04.735,● debug_checks.py - Keylogger_CSCI642 - Visual Studio Code,[up]
2025-11-13 15:58:05.224,● debug_checks.py - Keylogger_CSCI642 - Visual Studio Code,[backspace]
2025-11-13 15:58:05.410,● debug_checks.py - Keylogger_CSCI642 - Visual Studio Code,[backspace]
2025-11-13 15:58:05.772,● debug_checks.py - Keylogger_CSCI642 - Visual Studio Code,[down]
2025-11-13 15:58:05.969,● debug_checks.py - Keylogger_CSCI642 - Visual Studio Code,[down]
2025-11-13 15:58:06.132,● debug_checks.py - Keylogger_CSCI642 - Visual Studio Code,[down]
2025-11-13 15:58:06.297,● debug_checks.py - Keylogger_CSCI642 - Visual Studio Code,[down]
2025-11-13 15:58:06.447,● debug_checks.py - Keylogger_CSCI642 - Visual Studio Code,[down]
2025-11-13 15:58:06.607,● debug_checks.py - Keylogger_CSCI642 - Visual Studio Code,[down]
2025-11-13 15:58:06.786,● debug_checks.py - Keylogger_CSCI642 - Visual Studio Code,[down]
2025-11-13 15:58:06.968,● debug_checks.py - Keylogger_CSCI642 - Visual Studio Code,[down]
2025-11-13 15:58:07.135,● debug_checks.py - Keylogger_CSCI642 - Visual Studio Code,[down]
2025-11-13 15:58:07.287,● debug_checks.py - Keylogger_CSCI642 - Visual Studio Code,[down]
2025-11-13 15:58:07.799,● debug_checks.py - Keylogger_CSCI642 - Visual Studio Code,[right]
2025-11-13 15:58:08.003,● debug_checks.py - Keylogger_CSCI642 - Visual Studio Code,[right]
2025-11-13 15:58:08.135,● debug_checks.py - Keylogger_CSCI642 - Visual Studio Code,[right]
2025-11-13 15:58:08.460,● debug_checks.py - Keylogger_CSCI642 - Visual Studio Code,[delete]
2025-11-13 15:58:08.653,● debug_checks.py - Keylogger_CSCI642 - Visual Studio Code,[delete]
2025-11-13 15:58:17.282,● debug_checks.py - Keylogger_CSCI642 - Visual Studio Code,[down]
2025-11-13 15:58:17.631,● debug_checks.py - Keylogger_CSCI642 - Visual Studio Code,[down]
2025-11-13 15:58:17.810,● debug_checks.py - Keylogger_CSCI642 - Visual Studio Code,[down]
2025-11-13 15:58:18.704,● debug_checks.py - Keylogger_CSCI642 - Visual Studio Code,[backspace]
2025-11-13 15:58:18.911,● debug_checks.py - Keylogger_CSCI642 - Visual Studio Code,[backspace]
2025-11-13 15:58:19.227,● debug_checks.py - Keylogger_CSCI642 - Visual Studio Code,[down]
2025-11-13 15:58:19.445,● debug_checks.py - Keylogger_CSCI642 - Visual Studio Code,[down]
2025-11-13 15:58:19.580,● debug_checks.py - Keylogger_CSCI642 - Visual Studio Code,[down]
2025-11-13 15:58:19.768,● debug_checks.py - Keylogger_CSCI642 - Visual Studio Code,[down]
2025-11-13 15:58:19.925,● debug_checks.py - Keylogger_CSCI642 - Visual Studio Code,[down]
2025-11-13 15:58:20.066,● debug_checks.py - Keylogger_CSCI642 - Visual Studio Code,[down]
2025-11-13 15:58:20.236,● debug_checks.py - Keylogger_CSCI642 - Visual Studio Code,[down]
2025-11-13 15:58:20.400,● debug_checks.py - Keylogger_CSCI642 - Visual Studio Code,[down]
2025-11-13 15:58:20.964,● debug_checks.py - Keylogger_CSCI642 - Visual Studio Code,[right]
2025-11-13 15:58:21.167,● debug_checks.py - Keylogger_CSCI642 - Visual Studio Code,[right]
2025-11-13 15:58:21.316,● debug_checks.py - Keylogger_CSCI642 - Visual Studio Code,[right]
2025-11-13 15:58:21.909,● debug_checks.py - Keylogger_CSCI642 - Visual Studio Code,[delete]
2025-11-13 15:58:22.679,● debug_checks.py - Keylogger_CSCI642 - Visual Studio Code,[delete]
2025-11-13 15:58:25.887,● debug_checks.py - Keylogger_CSCI642 - Visual Studio Code,[down]
2025-11-13 15:58:26.092,● debug_checks.py - Keylogger_CSCI642 - Visual Studio Code,[down]
2025-11-13 15:58:26.278,● debug_checks.py - Keylogger_CSCI642 - Visual Studio Code,[down]
2025-11-13 15:58:26.502,● debug_checks.py - Keylogger_CSCI642 - Visual Studio Code,[down]
2025-11-13 15:58:26.778,● debug_checks.py - Keylogger_CSCI642 - Visual Studio Code,[down]
2025-11-13 15:58:26.962,● debug_checks.py - Keylogger_CSCI642 - Visual Studio Code,[down]
2025-11-13 15:58:27.120,● debug_checks.py - Keylogger_CSCI642 - Visual Studio Code,[down]
2025-11-13 15:58:27.277,● debug_checks.py - Keylogger_CSCI642 - Visual Studio Code,[down]
2025-11-13 15:58:27.431,● debug_checks.py - Keylogger_CSCI642 - Visual Studio Code,[down]
2025-11-13 15:58:27.572,● debug_checks.py - Keylogger_CSCI642 - Visual Studio Code,[down]
2025-11-13 15:58:27.726,● debug_checks.py - Keylogger_CSCI642 - Visual Studio Code,[down]
2025-11-13 15:58:27.864,● debug_checks.py - Keylogger_CSCI642 - Visual Studio Code,[down]
2025-11-13 15:58:27.984,● debug_checks.py - Keylogger_CSCI642 - Visual Studio Code,[down]
2025-11-13 15:58:28.182,● debug_checks.py - Keylogger_CSCI642 - Visual Studio Code,[down]
2025-11-13 15:58:28.351,● debug_checks.py - Keylogger_CSCI642 - Visual Studio Code,[down]
2025-11-13 15:58:28.508,● debug_checks.py - Keylogger_CSCI642 - Visual Studio Code,[down]
2025-11-13 15:58:28.678,● debug_checks.py - Keylogger_CSCI642 - Visual Studio Code,[down]
2025-11-13 15:58:28.823,● debug_checks.py - Keylogger_CSCI642 - Visual Studio Code,[down]
2025-11-13 15:58:28.996,● debug_checks.py - Keylogger_CSCI642 - Visual Studio Code,[down]
2025-11-13 15:58:29.162,● debug_checks.py - Keylogger_CSCI642 - Visual Studio Code,[down]
2025-11-13 15:58:29.299,● debug_checks.py - Keylogger_CSCI642 - Visual Studio Code,[down]
2025-11-13 15:58:29.460,● debug_checks.py - Keylogger_CSCI642 - Visual Studio Code,[down]
2025-11-13 15:58:29.609,● debug_checks.py - Keylogger_CSCI642 - Visual Studio Code,[down]
2025-11-13 15:58:29.769,● debug_checks.py - Keylogger_CSCI642 - Visual Studio Code,[down]
2025-11-13 15:58:29.920,● debug_checks.py - Keylogger_CSCI642 - Visual Studio Code,[down]
2025-11-13 15:58:30.086,● debug_checks.py - Keylogger_CSCI642 - Visual Studio Code,[down]
2025-11-13 15:58:30.588,● debug_checks.py - Keylogger_CSCI642 - Visual Studio Code,[down]
2025-11-13 15:58:30.620,● debug_checks.py - Keylogger_CSCI642 - Visual Studio Code,[down]
2025-11-13 15:58:30.654,● debug_checks.py - Keylogger_CSCI642 - Visual Studio Code,[down]
2025-11-13 15:58:30.687,● debug_checks.py - Keylogger_CSCI642 - Visual Studio Code,[down]
2025-11-13 15:58:30.865,● debug_checks.py - Keylogger_CSCI642 - Visual Studio Code,[down]
2025-11-13 15:58:31.563,● debug_checks.py - Keylogger_CSCI642 - Visual Studio Code,[up]
2025-11-13 15:58:32.385,● debug_checks.py - Keylogger_CSCI642 - Visual Studio Code,[delete]
2025-11-13 15:58:32.645,● debug_checks.py - Keylogger_CSCI642 - Visual Studio Code,[delete]
2025-11-13 15:58:33.071,● debug_checks.py - Keylogger_CSCI642 - Visual Studio Code,[down]
2025-11-13 15:58:33.675,● debug_checks.py - Keylogger_CSCI642 - Visual Studio Code,[up]
2025-11-13 15:58:33.997,● debug_checks.py - Keylogger_CSCI642 - Visual Studio Code,[delete]
2025-11-13 15:58:34.445,● debug_checks.py - Keylogger_CSCI642 - Visual Studio Code,[down]
2025-11-13 15:58:34.946,● debug_checks.py - Keylogger_CSCI642 - Visual Studio Code,[down]
2025-11-13 15:58:34.979,● debug_checks.py - Keylogger_CSCI642 - Visual Studio Code,[down]
2025-11-13 15:58:35.012,● debug_checks.py - Keylogger_CSCI642 - Visual Studio Code,[down]
2025-11-13 15:58:35.045,● debug_checks.py - Keylogger_CSCI642 - Visual Studio Code,[down]
2025-11-13 15:58:35.079,● debug_checks.py - Keylogger_CSCI642 - Visual Studio Code,[down]
2025-11-13 15:58:35.112,● debug_checks.py - Keylogger_CSCI642 - Visual Studio Code,[down]
2025-11-13 15:58:35.145,● debug_checks.py - Keylogger_CSCI642 - Visual Studio Code,[down]
2025-11-13 15:58:36.896,● debug_checks.py - Keylogger_CSCI642 - Visual Studio Code,[down]
2025-11-13 15:58:37.478,● debug_checks.py - Keylogger_CSCI642 - Visual Studio Code,[down]
2025-11-13 15:58:37.860,● debug_checks.py - Keylogger_CSCI642 - Visual Studio Code,[up]
2025-11-13 15:58:38.323,● debug_checks.py - Keylogger_CSCI642 - Visual Studio Code,[left]
2025-11-13 15:58:38.822,● debug_checks.py - Keylogger_CSCI642 - Visual Studio Code,[left]
2025-11-13 15:58:38.856,● debug_checks.py - Keylogger_CSCI642 - Visual Studio Code,[left]
2025-11-13 15:58:38.891,● debug_checks.py - Keylogger_CSCI642 - Visual Studio Code,[left]
2025-11-13 15:58:38.923,● debug_checks.py - Keylogger_CSCI642 - Visual Studio Code,[left]
2025-11-13 15:58:38.957,● debug_checks.py - Keylogger_CSCI642 - Visual Studio Code,[left]
2025-11-13 15:58:39.531,● debug_checks.py - Keylogger_CSCI642 - Visual Studio Code,[right]
2025-11-13 15:58:39.754,● debug_checks.py - Keylogger_CSCI642 - Visual Studio Code,[backspace]
2025-11-13 15:58:39.956,● debug_checks.py - Keylogger_CSCI642 - Visual Studio Code,[backspace]
2025-11-13 15:58:40.339,● debug_checks.py - Keylogger_CSCI642 - Visual Studio Code,[down]
2025-11-13 15:58:40.841,● debug_checks.py - Keylogger_CSCI642 - Visual Studio Code,[down]
2025-11-13 15:58:40.873,● debug_checks.py - Keylogger_CSCI642 - Visual Studio Code,[down]
2025-11-13 15:58:40.922,● debug_checks.py - Keylogger_CSCI642 - Visual Studio Code,[down]
2025-11-13 15:58:40.939,● debug_checks.py - Keylogger_CSCI642 - Visual Studio Code,[down]
2025-11-13 15:58:40.972,● debug_checks.py - Keylogger_CSCI642 - Visual Studio Code,[down]
2025-11-13 15:58:41.006,● debug_checks.py - Keylogger_CSCI642 - Visual Studio Code,[down]
2025-11-13 15:58:41.358,● debug_checks.py - Keylogger_CSCI642 - Visual Studio Code,[down]
2025-11-13 15:58:41.927,● debug_checks.py - Keylogger_CSCI642 - Visual Studio Code,[down]
2025-11-13 15:58:42.197,● debug_checks.py - Keylogger_CSCI642 - Visual Studio Code,[down]
2025-11-13 15:58:42.421,● debug_checks.py - Keylogger_CSCI642 - Visual Studio Code,[down]
2025-11-13 15:58:42.584,● debug_checks.py - Keylogger_CSCI642 - Visual Studio Code,[down]
2025-11-13 15:58:43.012,● debug_checks.py - Keylogger_CSCI642 - Visual Studio Code,[up]
2025-11-13 15:58:43.332,● debug_checks.py - Keylogger_CSCI642 - Visual Studio Code,[right]
2025-11-13 15:58:43.833,● debug_checks.py - Keylogger_CSCI642 - Visual Studio Code,[right]
2025-11-13 15:58:43.866,● debug_checks.py - Keylogger_CSCI642 - Visual Studio Code,[right]
2025-11-13 15:58:43.900,● debug_checks.py - Keylogger_CSCI642 - Visual Studio Code,[right]
2025-11-13 15:58:43.934,● debug_checks.py - Keylogger_CSCI642 - Visual Studio Code,[right]
2025-11-13 15:58:43.968,● debug_checks.py - Keylogger_CSCI642 - Visual Studio Code,[right]
2025-11-13 15:58:44.001,● debug_checks.py - Keylogger_CSCI642 - Visual Studio Code,[right]
2025-11-13 15:58:44.033,● debug_checks.py - Keylogger_CSCI642 - Visual Studio Code,[right]
2025-11-13 15:58:44.069,● debug_checks.py - Keylogger_CSCI642 - Visual Studio Code,[right]
2025-11-13 15:58:44.102,● debug_checks.py - Keylogger_CSCI642 - Visual Studio Code,[right]
2025-11-13 15:58:44.134,● debug_checks.py - Keylogger_CSCI642 - Visual Studio Code,[right]
2025-11-13 15:58:44.166,● debug_checks.py - Keylogger_CSCI642 - Visual Studio Code,[right]
2025-11-13 15:58:44.199,● debug_checks.py - Keylogger_CSCI642 - Visual Studio Code,[right]
2025-11-13 15:58:44.233,● debug_checks.py - Keylogger_CSCI642 - Visual Studio Code,[right]
2025-11-13 15:58:44.266,● debug_checks.py - Keylogger_CSCI642 - Visual Studio Code,[right]
2025-11-13 15:58:44.301,● debug_checks.py - Keylogger_CSCI642 - Visual Studio Code,[right]
2025-11-13 15:58:44.431,● debug_checks.py - Keylogger_CSCI642 - Visual Studio Code,[right]
2025-11-13 15:58:44.611,● debug_checks.py - Keylogger_CSCI642 - Visual Studio Code,[right]
2025-11-13 15:58:44.775,● debug_checks.py - Keylogger_CSCI642 - Visual Studio Code,[right]
2025-11-13 15:58:46.506,● debug_checks.py - Keylogger_CSCI642 - Visual Studio Code,[up]
2025-11-13 15:58:47.031,● debug_checks.py - Keylogger_CSCI642 - Visual Studio Code,[down]
2025-11-13 15:58:47.337,● debug_checks.py - Keylogger_CSCI642 - Visual Studio Code,[left]
2025-11-13 15:58:47.838,● debug_checks.py - Keylogger_CSCI642 - Visual Studio Code,[left]
2025-11-13 15:58:47.871,● debug_checks.py - Keylogger_CSCI642 - Visual Studio Code,[left]
2025-11-13 15:58:47.905,● debug_checks.py - Keylogger_CSCI642 - Visual Studio Code,[left]
2025-11-13 15:58:47.938,● debug_checks.py - Keylogger_CSCI642 - Visual Studio Code,[left]
2025-11-13 15:58:47.971,● debug_checks.py - Keylogger_CSCI642 - Visual Studio Code,[left]
2025-11-13 15:58:48.004,● debug_checks.py - Keylogger_CSCI642 - Visual Studio Code,[left]
2025-11-13 15:58:48.037,● debug_checks.py - Keylogger_CSCI642 - Visual Studio Code,[left]
2025-11-13 15:58:48.394,● debug_checks.py - Keylogger_CSCI642 - Visual Studio Code,[up]
2025-11-13 15:58:48.892,● debug_checks.py - Keylogger_CSCI642 - Visual Studio Code,[shift_r]
2025-11-13 15:58:49.116,● debug_checks.py - Keylogger_CSCI642 - Visual Studio Code,[down]
2025-11-13 15:58:49.319,● debug_checks.py - Keylogger_CSCI642 - Visual Studio Code,[down]
2025-11-13 15:58:50.228,● debug_checks.py - Keylogger_CSCI642 - Visual Studio Code,[down]
2025-11-13 15:58:51.442,● debug_checks.py - Keylogger_CSCI642 - Visual Studio Code,[backspace]
2025-11-13 15:58:52.465,● debug_checks.py - Keylogger_CSCI642 - Visual Studio Code,[ctrl_l]
2025-11-13 15:58:52.779,● debug_checks.py - Keylogger_CSCI642 - Visual Studio Code,
2025-11-13 15:56:07.552,debug_checks.py - Keylogger_CSCI642 - Visual Studio Code,g
2025-11-13 15:56:07.670,debug_checks.py - Keylogger_CSCI642 - Visual Studio Code,i
2025-11-13 15:56:07.772,debug_checks.py - Keylogger_CSCI642 - Visual Studio Code,t
2025-11-13 15:56:07.852,debug_checks.py - Keylogger_CSCI642 - Visual Studio Code,[space]
2025-11-13 15:56:08.036,debug_checks.py - Keylogger_CSCI642 - Visual Studio Code,a
2025-11-13 15:56:08.190,debug_checks.py - Keylogger_CSCI642 - Visual Studio Code,d
2025-11-13 15:56:08.360,debug_checks.py - Keylogger_CSCI642 - Visual Studio Code,d
2025-11-13 15:56:08.602,debug_checks.py - Keylogger_CSCI642 - Visual Studio Code,[space]
2025-11-13 15:56:08.726,debug_checks.py - Keylogger_CSCI642 - Visual Studio Code,.
2025-11-13 15:56:08.960,debug_checks.py - Keylogger_CSCI642 - Visual Studio Code,[enter]
