exe,name,num_handles,num_threads,nice,memory_percent,cmdline,open_files,cpu_percent,pid,read_count,write_count,read_bytes,write_bytes,cpu_times_user,cpu_times_system,voluntary_ctx_switches,involuntary_ctx_switches,memory_rss,memory_vms,label
,System,2968,154,,0.0018120805689170005,[],[],0.0,4,197,412,398760,48911055,0.0,73.84375,352389,0,0.1484375,0.1875,benign
Registry,Registry,0,4,,0.8474337839532636,,,0.0,108,446,340,15973888,27357184,0.0,1.359375,821,0,69.41796875,3.828125,benign
C:\Windows\System32\smss.exe,smss.exe,53,2,,0.0146873898743799,,,0.0,352,22,8,13220,148,0.015625,0.28125,848,0,1.203125,1.03125,benign
C:\Program Files\WindowsApps\PythonSoftwareFoundation.PythonManager_25.0.240.0_x64__3847v3x7pw1km\python.exe,python.exe,160,4,32.0,0.15655422388827664,"['C:\\Users\\vboxuser\\AppData\\Local\\Microsoft\\WindowsApps\\python.exe', '.\\generate_data.py']","[popenfile(path='C:\\Windows\\System32\\en-US\\winhttp.dll.mui', fd=-1), popenfile(path='C:\\Windows\\System32\\en-US\\KernelBase.dll.mui', fd=-1)]",0.0,392,64,0,7188010,0,0.0,0.09375,104,0,12.82421875,4.6796875,benign
C:\Windows\System32\dwm.exe,dwm.exe,998,24,,0.8167237869431965,,,0.0,456,2,0,72092,0,23.296875,18.625,247102,0,66.90234375,32.1640625,benign
C:\Windows\System32\csrss.exe,csrss.exe,471,11,,0.06184917099698289,,,0.0,468,178,0,136740,0,0.0625,0.4375,2574,0,5.06640625,1.65625,benign
C:\Program Files\WindowsApps\Microsoft.WindowsStore_11910.1002.5.0_x64__8wekyb3d8bbwe\WinStore.App.exe,WinStore.App.exe,516,12,32.0,0.018549982666018767,"['C:\\Program Files\\WindowsApps\\Microsoft.WindowsStore_11910.1002.5.0_x64__8wekyb3d8bbwe\\WinStore.App.exe', '-ServerName:App.AppXc75wvwned5vhz4xyxxecvgdjhdkgsdza.mca']","[popenfile(path='C:\\Windows\\System32\\en-US\\KernelBase.dll.mui', fd=-1), popenfile(path='C:\\Windows\\System32\\WinMetadata\\Windows.ApplicationModel.winmd', fd=-1), popenfile(path='C:\\Windows\\System32\\en-US\\Windows.Security.Authentication.Web.Core.dll.mui', fd=-1), popenfile(path='C:\\Windows\\System32\\WinMetadata\\Windows.UI.Xaml.winmd', fd=-1), popenfile(path='C:\\Windows\\Fonts\\segoeui.ttf', fd=-1)]",0.0,536,21,0,15360,0,0.078125,0.5625,1777,0,1.51953125,14.71484375,benign
C:\Windows\System32\wininit.exe,wininit.exe,164,1,,0.08497704141605512,,,0.0,544,2,0,9732,0,0.015625,0.125,220,0,6.9609375,1.390625,benign
C:\Windows\System32\csrss.exe,csrss.exe,527,13,,0.06623631342699246,,,0.0,552,10825,0,565320,0,0.109375,9.6875,77413,0,5.42578125,1.9296875,benign
C:\Windows\System32\winlogon.exe,winlogon.exe,273,3,,0.14024549876802364,,,0.0,632,2,0,206188,0,0.015625,0.21875,581,0,11.48828125,2.54296875,benign
C:\Windows\System32\services.exe,services.exe,594,6,,0.11215824994981013,,,0.0,688,73,1,212596,160,0.4375,0.96875,2421,0,9.1875,4.3203125,benign
C:\Windows\System32\svchost.exe,svchost.exe,298,11,32.0,0.20972448268676233,"['C:\\Windows\\system32\\svchost.exe', '-k', 'UnistackSvcGroup', '-s', 'CDPUserSvc']","[popenfile(path='C:\\Users\\vboxuser\\AppData\\Local\\ConnectedDevicesPlatform\\L.vboxuser\\ActivitiesCache.db', fd=-1), popenfile(path='C:\\Users\\vboxuser\\AppData\\Local\\ConnectedDevicesPlatform\\L.vboxuser\\ActivitiesCache.db-shm', fd=-1), popenfile(path='C:\\Users\\vboxuser\\AppData\\Local\\ConnectedDevicesPlatform\\L.vboxuser\\ActivitiesCache.db-wal', fd=-1), popenfile(path='C:\\Windows\\System32\\en-US\\svchost.exe.mui', fd=-1), popenfile(path='C:\\Windows\\System32\\en-US\\crypt32.dll.mui', fd=-1)]",0.0,696,236,334,911827,682315,0.296875,0.234375,257,0,17.1796875,4.83203125,benign
C:\Windows\System32\lsass.exe,lsass.exe,1225,8,,0.22889438765267373,,,0.0,708,76,44,28538,37001,0.375,0.71875,9440,0,18.75,6.7265625,benign
C:\Windows\System32\taskhostw.exe,taskhostw.exe,262,6,32.0,0.08388025580855274,['taskhostw.exe'],"[popenfile(path='C:\\Windows\\System32\\en-US\\taskhostw.exe.mui', fd=-1)]",0.0,728,2,2,252,188,0.015625,0.125,155,0,6.87109375,3.35546875,benign
C:\Windows\System32\svchost.exe,svchost.exe,178,3,,0.0915577550610695,,,0.0,780,1,1,116,160,0.03125,0.046875,41,0,7.5,1.79296875,benign
C:\Windows\System32\ApplicationFrameHost.exe,ApplicationFrameHost.exe,391,6,32.0,0.37810491660376044,"['C:\\Windows\\system32\\ApplicationFrameHost.exe', '-Embedding']","[popenfile(path='C:\\Windows\\System32\\en-US\\ApplicationFrame.dll.mui', fd=-1), popenfile(path='C:\\Windows\\Fonts\\StaticCache.dat', fd=-1)]",0.0,800,17,0,23315,0,0.0625,0.296875,1101,0,30.97265625,11.9453125,benign
C:\Windows\System32\sihost.exe,sihost.exe,595,16,32.0,0.31792476718341167,['sihost.exe'],"[popenfile(path='C:\\Windows\\System32\\en-US\\KernelBase.dll.mui', fd=-1)]",0.0,820,62,0,31744,0,0.828125,1.734375,19799,0,26.04296875,5.96484375,benign
C:\Windows\System32\svchost.exe,svchost.exe,1413,15,,0.36465737132916587,,,0.0,828,75,1,308224,65536,0.640625,1.734375,17762,0,29.87109375,10.265625,benign
C:\Windows\System32\fontdrvhost.exe,fontdrvhost.exe,36,5,,0.045874250192056695,,,0.0,848,0,0,0,0,0.03125,0.0625,2588,0,3.7578125,1.40625,benign
C:\Windows\System32\fontdrvhost.exe,fontdrvhost.exe,36,5,,0.04053338114682764,,,0.0,860,0,0,0,0,0.015625,0.0625,1561,0,3.3203125,1.23828125,benign
C:\Windows\System32\svchost.exe,svchost.exe,1128,11,,0.15922465841089117,,,0.0,944,9,0,4608,0,2.234375,2.3125,18722,0,13.04296875,6.44140625,benign
C:\Windows\System32\svchost.exe,svchost.exe,270,5,,0.09637407446792784,,,0.0,996,0,0,0,0,0.0625,0.09375,851,0,7.89453125,2.19140625,benign
C:\Windows\System32\svchost.exe,svchost.exe,220,3,,0.11845284561025866,,,0.0,1076,0,0,0,0,0.09375,0.09375,53,0,9.703125,2.1484375,benign
C:\Program Files (x86)\Microsoft\Edge\Application\msedge.exe,msedge.exe,167,8,32.0,0.19513246547390437,"['C:\\Program Files (x86)\\Microsoft\\Edge\\Application\\msedge.exe', '--type=utility', '--utility-sub-type=PooledProcess2', '--lang=en-US', '--service-sandbox-type=utility', '--ram-no-pressure-read-main-dll', '--metrics-shmem-handle=6276,i,14354049068957637986,5524105623895563600,524288', '--field-trial-handle=2084,i,2157636088018029431,11675823757335468798,262144', '--variations-seed-version', '--trace-process-track-uuid=3190709005989750323', '--mojo-platform-channel-handle=6348', '/prefetch:8']","[popenfile(path='C:\\Program Files (x86)\\Microsoft\\Edge\\Application\\142.0.3595.53\\resources.pak', fd=-1), popenfile(path='C:\\Program Files (x86)\\Microsoft\\Edge\\Application\\142.0.3595.53\\Locales\\en-US.pak', fd=-1), popenfile(path='C:\\Program Files (x86)\\Microsoft\\Edge\\Application\\142.0.3595.53\\msedge_100_percent.pak', fd=-1), popenfile(path='C:\\Program Files (x86)\\Microsoft\\Edge\\Application\\142.0.3595.53\\v8_context_snapshot.bin', fd=-1), popenfile(path='C:\\Program Files (x86)\\Microsoft\\Edge\\Application\\142.0.3595.53\\msedge_200_percent.pak', fd=-1), popenfile(path='C:\\Program Files (x86)\\Microsoft\\Edge\\Application\\142.0.3595.53\\icudtl.dat', fd=-1)]",0.0,1112,36,43,33248,314936,0.015625,0.03125,194,0,15.984375,7.81640625,benign
C:\Windows\System32\svchost.exe,svchost.exe,409,8,,0.18106499789941713,,,0.0,1144,1,29,6,937988,0.234375,0.21875,1919,0,14.83203125,5.625,benign
C:\Windows\System32\svchost.exe,svchost.exe,112,3,,0.06499646882720715,,,0.0,1184,0,0,0,0,0.015625,0.0,34,0,5.32421875,1.2265625,benign
C:\Windows\System32\svchost.exe,svchost.exe,390,6,,0.23533204230540522,,,0.0,1192,1012,279,49773904,2542328,0.1875,0.84375,2075,0,19.27734375,17.49609375,benign
C:\Windows\System32\svchost.exe,svchost.exe,253,4,,0.14239138365226747,,,0.0,1204,0,0,0,0,0.09375,0.046875,50,0,11.6640625,1.984375,benign
C:\Windows\System32\svchost.exe,svchost.exe,158,2,,0.07310314505657269,,,0.0,1236,0,0,0,0,0.015625,0.09375,1797,0,5.98828125,1.40625,benign
C:\Windows\System32\svchost.exe,svchost.exe,229,4,,0.14272518796759429,,,0.0,1292,230,0,2304000,0,0.0,0.15625,102,0,11.69140625,2.63671875,benign
C:\Windows\System32\svchost.exe,svchost.exe,132,3,,0.0933698356299865,,,0.0,1392,0,0,0,0,0.03125,0.015625,50,0,7.6484375,3.546875,benign
C:\Windows\System32\svchost.exe,svchost.exe,324,8,,0.24248499191955125,,,0.0,1412,0,0,0,0,0.234375,0.328125,1978,0,19.86328125,3.421875,benign
C:\Windows\System32\svchost.exe,svchost.exe,215,5,,0.08941187017682568,,,0.0,1492,0,0,0,0,0.125,0.09375,870,0,7.32421875,1.96875,benign
C:\Windows\System32\svchost.exe,svchost.exe,312,10,,0.19227128562824594,,,0.0,1524,67,4,256302,35789,0.046875,0.203125,945,0,15.75,3.875,benign
C:\Windows\System32\svchost.exe,svchost.exe,119,1,,0.08655069033116726,,,0.0,1596,0,0,0,0,0.015625,0.0,41,0,7.08984375,1.38671875,benign
C:\Windows\System32\svchost.exe,svchost.exe,160,4,,0.09160544139183047,,,0.0,1616,34,0,714,0,0.03125,0.046875,125,0,7.50390625,1.78125,benign
C:\Windows\System32\svchost.exe,svchost.exe,246,5,,0.9639791763330833,,,0.0,1628,58,89,45006345,3770402,5.71875,20.5625,13698,0,78.96484375,69.71875,benign
C:\Windows\System32\svchost.exe,svchost.exe,211,3,,0.07009890621863134,,,0.0,1648,0,0,0,0,0.03125,0.046875,482,0,5.7421875,1.28515625,benign
C:\Users\vboxuser\AppData\Local\Programs\Microsoft VS Code\Code.exe,Code.exe,212,7,32.0,0.3569321857458881,"['C:\\Users\\vboxuser\\AppData\\Local\\Programs\\Microsoft VS Code\\Code.exe', '--type=crashpad-handler', '--user-data-dir=C:\\Users\\vboxuser\\AppData\\Roaming\\Code', '/prefetch:4', '--no-rate-limit', '--monitor-self-annotation=ptype=crashpad-handler', '--database=C:\\Users\\vboxuser\\AppData\\Roaming\\Code\\Crashpad', '--url=appcenter://code?aid=a4e3233c-699c-46ec-b4f4-9c2a77254662&uid=1d0a92a5-20d5-4dca-8aaf-29d72cb98c65&iid=1d0a92a5-20d5-4dca-8aaf-29d72cb98c65&sid=1d0a92a5-20d5-4dca-8aaf-29d72cb98c65', '--annotation=_companyName=Microsoft', '--annotation=_productName=VSCode', '--annotation=_version=1.105.1', '--annotation=plat=Win64', '--annotation=prod=Electron', '--annotation=ver=37.6.0', '--initial-client-data=0x438,0x43c,0x440,0x434,0x444,0x7ff7f5096ce4,0x7ff7f5096cf0,0x7ff7f5096d00']","[popenfile(path='C:\\Windows\\System32\\en-US\\mswsock.dll.mui', fd=-1), popenfile(path='C:\\Windows\\System32\\en-US\\KernelBase.dll.mui', fd=-1)]",0.0,1676,21,17,6767,204,0.0,0.0625,80,0,29.23828125,10.29296875,benign
MemCompression,MemCompression,0,50,,0.0016690215766340794,,,0.0,1712,0,0,0,0,0.0,0.03125,244,0,0.13671875,0.0703125,benign
C:\Windows\System32\svchost.exe,svchost.exe,169,3,,0.09742317374466927,,,0.0,1832,72,0,1448,0,0.0,0.03125,186,0,7.98046875,1.79296875,benign
C:\Windows\System32\svchost.exe,svchost.exe,386,4,,0.13728894626084326,,,0.0,1872,1,1,116,160,0.0625,0.234375,453,0,11.24609375,3.859375,benign
C:\Windows\System32\svchost.exe,svchost.exe,179,2,,0.09494348454509863,,,0.0,1892,0,0,0,0,0.09375,0.125,159,0,7.77734375,1.703125,benign
C:\Windows\System32\svchost.exe,svchost.exe,148,7,,0.09613564281412297,,,0.0,1900,0,0,0,0,0.640625,0.734375,2430,0,7.875,2.0,benign
C:\Windows\System32\svchost.exe,svchost.exe,369,12,,0.15507594763468646,,,0.0,1936,0,0,0,0,0.359375,0.375,5868,0,12.703125,3.22265625,benign
C:\Windows\System32\svchost.exe,svchost.exe,227,2,,0.14019781243726268,,,0.0,1940,0,0,0,0,0.0625,0.015625,63,0,11.484375,2.234375,benign
C:\Program Files\WindowsApps\PythonSoftwareFoundation.PythonManager_25.0.240.0_x64__3847v3x7pw1km\python.exe,python.exe,160,2,32.0,0.15107029585076467,"['C:\\Users\\vboxuser\\AppData\\Local\\Microsoft\\WindowsApps\\python.exe', 'keylogger.py']","[popenfile(path='C:\\Windows\\System32\\en-US\\winhttp.dll.mui', fd=-1), popenfile(path='C:\\Windows\\System32\\en-US\\KernelBase.dll.mui', fd=-1)]",0.0,1968,65,0,7199524,0,0.0625,0.203125,137,0,12.375,4.48828125,keylogger
C:\Windows\System32\svchost.exe,svchost.exe,493,7,,0.11206287728828819,,,0.0,2020,0,0,0,0,0.203125,0.296875,129,0,9.1796875,2.765625,benign
C:\Windows\System32\wbem\WmiPrvSE.exe,WmiPrvSE.exe,172,5,,0.1111568370038297,,,0.0,2060,1,0,10859,0,0.078125,0.046875,125,0,9.10546875,2.33203125,benign
C:\Program Files (x86)\Microsoft\EdgeUpdate\MicrosoftEdgeUpdate.exe,MicrosoftEdgeUpdate.exe,206,4,,0.02255563444994056,,,0.0,2100,1,31,92,3430,0.0,0.140625,986,0,1.84765625,1.9296875,benign
C:\Windows\System32\svchost.exe,svchost.exe,163,2,,0.08855351622312815,,,0.0,2172,0,0,0,0,0.03125,0.109375,51,0,7.25390625,1.6796875,benign
C:\Users\vboxuser\AppData\Local\Python\pythoncore-3.14-64\python.exe,python.exe,138,4,32.0,0.38883434102497955,"['C:\\Users\\vboxuser\\AppData\\Local\\Python\\pythoncore-3.14-64\\python.exe', 'keylogger.py']","[popenfile(path='C:\\Windows\\System32\\en-US\\KernelBase.dll.mui', fd=-1)]",0.0,2196,5390717,0,15049247,0,4.46875,12.515625,3774,0,31.8515625,22.18359375,keylogger
C:\Windows\System32\svchost.exe,svchost.exe,183,5,,0.20867538341002087,,,0.0,2224,17313,49,8854780,14864,1.46875,1.3125,1579,0,17.09375,8.6640625,benign
C:\Windows\System32\svchost.exe,svchost.exe,267,9,,0.09460968022977181,,,0.0,2240,2,0,824,0,0.046875,0.265625,168,0,7.75,2.6328125,benign
C:\Windows\System32\svchost.exe,svchost.exe,129,3,,0.07658424720212376,,,0.0,2252,0,0,0,0,0.015625,0.046875,91,0,6.2734375,1.47265625,benign
C:\Windows\System32\svchost.exe,svchost.exe,353,5,,0.11473331181090271,,,0.0,2292,0,0,0,0,0.015625,0.125,144,0,9.3984375,2.23828125,benign
C:\Windows\System32\conhost.exe,conhost.exe,107,6,32.0,0.0739614990102702,"['\\\\?\\C:\\Windows\\system32\\conhost.exe', '--headless', '--width', '80', '--height', '12', '--signal', '0x5ac', '--server', '0x614']","[popenfile(path='C:\\Windows\\System32\\en-US\\Conhost.exe.mui', fd=-1)]",0.0,2408,123,246,135,9220,0.078125,0.28125,6791,0,6.05859375,1.27734375,benign
C:\Windows\System32\svchost.exe,svchost.exe,227,5,,0.1644224684638373,,,0.0,2424,4,0,512,0,0.03125,0.078125,475,0,13.46875,2.3125,benign
C:\Windows\System32\spoolsv.exe,spoolsv.exe,432,7,,0.1784422497075636,,,0.0,2556,2,2,232,320,0.046875,0.140625,508,0,14.6171875,5.078125,benign
C:\Windows\System32\RuntimeBroker.exe,RuntimeBroker.exe,125,3,32.0,0.09503885720662057,"['C:\\Windows\\System32\\RuntimeBroker.exe', '-Embedding']",[],0.0,2568,1,0,15572,0,0.0,0.0625,47,0,7.78515625,1.58984375,benign
C:\Windows\System32\svchost.exe,svchost.exe,418,14,,0.21435005677057678,,,0.0,2584,1,2,116,32928,0.171875,1.546875,908,0,17.55859375,8.89453125,benign
C:\Program Files (x86)\Microsoft\Edge\Application\msedge.exe,msedge.exe,343,25,32.0,1.8102684883480835,"['C:\\Program Files (x86)\\Microsoft\\Edge\\Application\\msedge.exe', '--type=renderer', '--pdf-upsell-enabled', '--dma-cps-flags=2048', '--disable-gpu-compositing', '--video-capture-use-gpu-memory-buffer', '--lang=en-US', '--js-flags=--ms-user-locale=', '--device-scale-factor=1', '--num-raster-threads=2', '--enable-main-frame-before-activation', '--renderer-client-id=42', '--time-ticks-at-unix-epoch=-1762741979575261', '--launch-time-ticks=567036107', '--skip-read-main-dll', '--metrics-shmem-handle=7984,i,648211898995977162,10901163035128168947,2097152', '--field-trial-handle=2084,i,2157636088018029431,11675823757335468798,262144', '--variations-seed-version', '--trace-process-track-uuid=3190709025667629152', '--mojo-platform-channel-handle=7656', '/prefetch:1']","[popenfile(path='C:\\Program Files (x86)\\Microsoft\\Edge\\Application\\142.0.3595.53\\Locales\\en-US.pak', fd=-1), popenfile(path='C:\\Program Files (x86)\\Microsoft\\Edge\\Application\\142.0.3595.53\\msedge_100_percent.pak', fd=-1), popenfile(path='C:\\Program Files (x86)\\Microsoft\\Edge\\Application\\142.0.3595.53\\v8_context_snapshot.bin', fd=-1), popenfile(path='C:\\Windows\\Fonts\\consolaz.ttf', fd=-1), popenfile(path='C:\\Users\\vboxuser\\AppData\\Local\\Microsoft\\Edge\\User Data\\Subresource Filter\\Indexed Rules\\37\\10.34.0.81\\Ruleset Data', fd=-1), popenfile(path='C:\\Windows\\Fonts\\consolab.ttf', fd=-1), popenfile(path='C:\\Windows\\Fonts\\timesi.ttf', fd=-1), popenfile(path='C:\\Windows\\Fonts\\arial.ttf', fd=-1), popenfile(path='C:\\Program Files (x86)\\Microsoft\\Edge\\Application\\142.0.3595.53\\msedge_200_percent.pak', fd=-1), popenfile(path='C:\\Program Files (x86)\\Microsoft\\Edge\\Application\\142.0.3595.53\\icudtl.dat', fd=-1), popenfile(path='C:\\Windows\\Fonts\\consola.ttf', fd=-1), popenfile(path='C:\\Users\\vboxuser\\AppData\\Local\\Temp\\55c49ee7-f6b7-44f3-99b4-d40a4b6f9527.tmp', fd=-1), popenfile(path='C:\\Program Files (x86)\\Microsoft\\Edge\\Application\\142.0.3595.53\\resources.pak', fd=-1), popenfile(path='C:\\Windows\\Fonts\\consolai.ttf', fd=-1), popenfile(path='C:\\Windows\\Fonts\\arialbd.ttf', fd=-1), popenfile(path='C:\\Windows\\Fonts\\timesbd.ttf', fd=-1), popenfile(path='C:\\Windows\\Fonts\\ariali.ttf', fd=-1), popenfile(path='C:\\Windows\\Fonts\\times.ttf', fd=-1), popenfile(path='C:\\Windows\\Fonts\\ariblk.ttf', fd=-1), popenfile(path='C:\\Windows\\Fonts\\timesbi.ttf', fd=-1), popenfile(path='C:\\Windows\\Fonts\\arialbi.ttf', fd=-1)]",0.0,2608,4748,5158,610664,3105486,2.828125,1.703125,24189,0,148.2890625,92.8671875,benign
C:\Windows\System32\svchost.exe,svchost.exe,181,5,,0.0975185464061912,,,0.0,2620,72,52,4316,5204,0.015625,0.046875,59,0,7.98828125,1.94140625,benign
C:\Windows\System32\svchost.exe,svchost.exe,928,5,,0.19298658058966056,,,0.0,2764,13769,138,84859531,633694,0.640625,1.609375,7011,0,15.80859375,6.07421875,benign
C:\Windows\System32\svchost.exe,svchost.exe,480,8,,0.35020841310859085,,,0.0,2772,434,105,8501819,214163,1.96875,0.71875,2464,0,28.6875,15.328125,benign
C:\Windows\System32\svchost.exe,svchost.exe,340,16,,0.21907100351591316,,,0.0,2780,182,67,59990392,575150,0.671875,0.59375,2988,0,17.9453125,8.2890625,benign
C:\Windows\System32\svchost.exe,svchost.exe,366,11,,0.20457435896457715,,,0.0,2792,4009,6,32279864,117560,0.40625,0.84375,201,0,16.7578125,7.85546875,benign
C:\ProgramData\Microsoft\Windows Defender\Platform\4.18.25090.3009-0\MpDefenderCoreService.exe,MpDefenderCoreService.exe,451,10,,0.23723949553584417,,,0.0,2848,144,4,1344563,9546,0.09375,0.4375,410,0,19.43359375,8.046875,benign
C:\Windows\System32\svchost.exe,svchost.exe,206,6,,0.11053691470393703,,,0.0,2864,47,32,3624,9780,0.0,0.09375,463,0,9.0546875,2.328125,benign
C:\Windows\System32\svchost.exe,svchost.exe,133,1,,0.0812098212859382,,,0.0,2888,0,0,0,0,0.015625,0.046875,29,0,6.65234375,1.53515625,benign
C:\Windows\System32\svchost.exe,svchost.exe,126,3,,0.06738078536525584,,,0.0,2904,1,0,512,0,0.0,0.0,51,0,5.51953125,1.23046875,benign
C:\Windows\ImmersiveControlPanel\SystemSettings.exe,SystemSettings.exe,819,18,32.0,0.0174055107277554,"['C:\\Windows\\ImmersiveControlPanel\\SystemSettings.exe', '-ServerName:microsoft.windows.immersivecontrolpanel']","[popenfile(path='C:\\Windows\\SystemResources\\Windows.UI.SettingsAppThreshold\\SystemSettings\\Assets\\Fonts\\MemMDL2.2.2.ttf', fd=-1), popenfile(path='C:\\Windows\\Fonts\\segoeuib.ttf', fd=-1), popenfile(path='C:\\Windows\\Fonts\\segoeuil.ttf', fd=-1), popenfile(path='C:\\Windows\\System32\\en-US\\shell32.dll.mui', fd=-1), popenfile(path='C:\\Windows\\SystemResources\\Windows.UI.SettingsAppThreshold\\SystemSettings\\Assets\\Fonts\\SetMDL2.ttf', fd=-1), popenfile(path='C:\\Windows\\System32\\en-US\\windows.ui.xaml.dll.mui', fd=-1), popenfile(path='C:\\Windows\\ImmersiveControlPanel\\en-US\\SystemSettings.exe.mui', fd=-1), popenfile(path='C:\\Windows\\System32\\en-US\\Windows.Security.Authentication.Web.Core.dll.mui', fd=-1), popenfile(path='C:\\Windows\\System32\\en-US\\KernelBase.dll.mui', fd=-1), popenfile(path='C:\\Windows\\System32\\en-US\\windows.storage.dll.mui', fd=-1), popenfile(path='C:\\Windows\\System32\\en-US\\propsys.dll.mui', fd=-1), popenfile(path='C:\\Windows\\Fonts\\segoeui.ttf', fd=-1)]",0.0,2928,18,1,18707,24,0.296875,0.859375,4203,0,1.42578125,20.09375,benign
C:\ProgramData\Microsoft\Windows Defender\Platform\4.18.25090.3009-0\MsMpEng.exe,MsMpEng.exe,870,30,,3.485727719634894,,,0.0,2932,783,345,52253426,925224,22.765625,8.546875,85866,0,285.53515625,310.67578125,benign
C:\Windows\System32\svchost.exe,svchost.exe,379,7,,0.24610915305738526,,,0.0,2948,700,17,2871144,33120,0.078125,0.15625,833,0,20.16015625,4.40625,benign
C:\Windows\System32\svchost.exe,svchost.exe,106,4,,0.06628399975775344,,,0.0,3024,0,0,0,0,0.015625,0.046875,202,0,5.4296875,1.34375,benign
C:\Windows\System32\svchost.exe,svchost.exe,364,6,,0.12765630744712658,,,0.0,3048,1,1,116,160,0.109375,0.125,202,0,10.45703125,2.65625,benign
C:\Windows\System32\taskhostw.exe,taskhostw.exe,259,8,32.0,0.1798728396303928,"['taskhostw.exe', '{222A245B-E637-4AE9-A93F-A59CA119A75E}']","[popenfile(path='C:\\Users\\vboxuser\\AppData\\Local\\Microsoft\\Windows\\WebCacheLock.dat', fd=-1), popenfile(path='C:\\Windows\\System32\\en-US\\MsCtfMonitor.dll.mui', fd=-1), popenfile(path='C:\\Windows\\System32\\en-US\\winmm.dll.mui', fd=-1), popenfile(path='C:\\Users\\vboxuser\\AppData\\Local\\Microsoft\\Windows\\WebCache\\V01tmp.log', fd=-1), popenfile(path='C:\\Users\\vboxuser\\AppData\\Local\\Microsoft\\Windows\\WebCache\\WebCacheV01.dat', fd=-1), popenfile(path='C:\\Users\\vboxuser\\AppData\\Local\\Microsoft\\Windows\\WebCache\\V01.log', fd=-1), popenfile(path='C:\\Windows\\System32\\en-US\\taskhostw.exe.mui', fd=-1), popenfile(path='C:\\Users\\vboxuser\\AppData\\Local\\Microsoft\\Windows\\WebCache\\WebCacheV01.jfm', fd=-1), popenfile(path='C:\\Windows\\System32\\en-US\\ESENT.dll.mui', fd=-1)]",0.0,3068,101,143,5722112,3321856,0.078125,0.265625,837,0,14.734375,5.6015625,benign
C:\Windows\System32\WindowsPowerShell\v1.0\powershell.exe,powershell.exe,801,17,32.0,0.9364641634840015,"['C:\\Windows\\System32\\WindowsPowerShell\\v1.0\\powershell.exe', '-noexit', '-command', 'try { . ""c:\\Users\\vboxuser\\AppData\\Local\\Programs\\Microsoft VS Code\\resources\\app\\out\\vs\\workbench\\contrib\\terminal\\common\\scripts\\shellIntegration.ps1"" } catch {}']","[popenfile(path='C:\\Windows\\Microsoft.NET\\assembly\\GAC_MSIL\\Microsoft.PowerShell.Security\\v4.0_3.0.0.0__31bf3856ad364e35\\Microsoft.PowerShell.Security.dll', fd=-1), popenfile(path='C:\\Program Files\\WindowsPowerShell\\Modules\\PSReadline\\2.0.0\\Microsoft.PowerShell.PSReadline.dll', fd=-1), popenfile(path='C:\\Windows\\System32\\WindowsPowerShell\\v1.0\\en-US\\powershell.exe.mui', fd=-1), popenfile(path='C:\\Windows\\Microsoft.NET\\assembly\\GAC_MSIL\\System.Dynamic\\v4.0_4.0.0.0__b03f5f7f11d50a3a\\System.Dynamic.dll', fd=-1), popenfile(path='C:\\Windows\\Microsoft.NET\\assembly\\GAC_MSIL\\Microsoft.PowerShell.Commands.Management\\v4.0_3.0.0.0__31bf3856ad364e35\\Microsoft.PowerShell.Commands.Management.dll', fd=-1), popenfile(path='C:\\Windows\\Microsoft.NET\\assembly\\GAC_MSIL\\Microsoft.CSharp\\v4.0_4.0.0.0__b03f5f7f11d50a3a\\Microsoft.CSharp.dll', fd=-1), popenfile(path='C:\\Windows\\Microsoft.NET\\assembly\\GAC_MSIL\\System.Numerics\\v4.0_4.0.0.0__b77a5c561934e089\\System.Numerics.dll', fd=-1), popenfile(path='C:\\Windows\\Microsoft.NET\\assembly\\GAC_MSIL\\Microsoft.PowerShell.Commands.Utility\\v4.0_3.0.0.0__31bf3856ad364e35\\Microsoft.PowerShell.Commands.Utility.dll', fd=-1), popenfile(path='C:\\Windows\\Microsoft.NET\\assembly\\GAC_MSIL\\System.Management.Automation\\v4.0_3.0.0.0__31bf3856ad364e35\\System.Management.Automation.dll', fd=-1), popenfile(path='C:\\Windows\\System32\\en-US\\KernelBase.dll.mui', fd=-1), popenfile(path='C:\\Windows\\System32\\en-US\\winnlsres.dll.mui', fd=-1), popenfile(path='C:\\Windows\\Microsoft.NET\\assembly\\GAC_MSIL\\Microsoft.PowerShell.ConsoleHost\\v4.0_3.0.0.0__31bf3856ad364e35\\Microsoft.PowerShell.ConsoleHost.dll', fd=-1), popenfile(path='C:\\Windows\\System32\\en-US\\crypt32.dll.mui', fd=-1), popenfile(path='C:\\Windows\\Microsoft.NET\\assembly\\GAC_MSIL\\Microsoft.Management.Infrastructure\\v4.0_1.0.0.0__31bf3856ad364e35\\Microsoft.Management.Infrastructure.dll', fd=-1)]",0.0,3184,147,321,486168,3374,4.53125,3.09375,12183,0,76.7109375,64.3671875,benign
C:\Windows\System32\svchost.exe,svchost.exe,378,13,,0.15245319944283292,,,0.0,3216,2,2,232,320,0.0,0.125,535,0,12.48828125,3.328125,benign
C:\Windows\System32\svchost.exe,svchost.exe,552,13,32.0,0.44057400990063594,"['C:\\Windows\\system32\\svchost.exe', '-k', 'UnistackSvcGroup', '-s', 'WpnUserService']","[popenfile(path='C:\\Windows\\System32\\en-US\\mswsock.dll.mui', fd=-1), popenfile(path='C:\\Users\\vboxuser\\AppData\\Local\\Microsoft\\Windows\\Notifications\\WPNPRMRY.tmp', fd=-1), popenfile(path='C:\\Windows\\System32\\en-US\\QuietHours.dll.mui', fd=-1), popenfile(path='C:\\Windows\\System32\\en-US\\shell32.dll.mui', fd=-1), popenfile(path='C:\\Users\\vboxuser\\AppData\\Local\\Microsoft\\Windows\\Notifications\\wpndatabase.db', fd=-1), popenfile(path='C:\\Windows\\System32\\en-US\\KernelBase.dll.mui', fd=-1), popenfile(path='C:\\Windows\\System32\\en-US\\svchost.exe.mui', fd=-1), popenfile(path='C:\\Windows\\System32\\en-US\\winnlsres.dll.mui', fd=-1), popenfile(path='C:\\Users\\vboxuser\\AppData\\Local\\Microsoft\\Windows\\Notifications\\wpndatabase.db-wal', fd=-1), popenfile(path='C:\\Windows\\System32\\en-US\\crypt32.dll.mui', fd=-1), popenfile(path='C:\\Users\\vboxuser\\AppData\\Local\\Microsoft\\Windows\\Notifications\\wpndatabase.db-shm', fd=-1)]",0.0,3408,869,1961,3745469,4398657,1.75,0.8125,7011,0,36.08984375,8.9765625,benign
C:\Windows\System32\dllhost.exe,dllhost.exe,199,6,,0.13461851173822875,,,0.0,3536,33,43,2801664,815104,0.0,0.046875,219,0,11.02734375,3.35546875,benign
C:\Windows\System32\svchost.exe,svchost.exe,524,14,,0.28444896298920813,,,0.0,3600,1896,763,8888803,13715689,0.4375,0.703125,855,0,23.30078125,13.2734375,benign
C:\Windows\System32\svchost.exe,svchost.exe,176,26,,0.13991169445269683,,,0.0,3624,617,0,315080,0,0.078125,0.125,224,0,11.4609375,6.97265625,benign
C:\Windows\System32\svchost.exe,svchost.exe,191,7,,0.11010773772708828,,,0.0,3700,1,1,5378,4096,0.0625,0.0625,56,0,9.01953125,2.19921875,benign
C:\Windows\System32\svchost.exe,svchost.exe,198,7,,0.10142882552859106,,,0.0,3828,0,0,0,0,0.0,0.03125,100,0,8.30859375,2.0078125,benign
C:\Windows\SystemApps\MicrosoftWindows.Client.CBS_cw5n1h2txyewy\TextInputHost.exe,TextInputHost.exe,543,8,32.0,0.4668491781499325,"['C:\\Windows\\SystemApps\\MicrosoftWindows.Client.CBS_cw5n1h2txyewy\\TextInputHost.exe', '-ServerName:InputApp.AppXjd5de1g66v206tj52m9d0dtpppx4cgpn.mca']","[popenfile(path='C:\\Windows\\System32\\WinMetadata\\Windows.UI.winmd', fd=-1), popenfile(path='C:\\Windows\\Fonts\\segoeui.ttf', fd=-1), popenfile(path='C:\\Windows\\System32\\en-US\\KernelBase.dll.mui', fd=-1)]",0.0,3840,3,0,24606,0,0.265625,0.59375,8749,0,38.2421875,8.546875,benign
C:\Windows\System32\svchost.exe,svchost.exe,280,3,,0.14620629011314537,,,0.0,3948,1,0,328,0,0.09375,0.125,90,0,11.9765625,2.5,benign
C:\Windows\System32\svchost.exe,svchost.exe,120,2,,0.0694312975879777,,,0.0,3988,1,0,3529,0,0.0,0.046875,43,0,5.6875,1.33203125,benign
C:\Windows\System32\svchost.exe,svchost.exe,277,5,,0.22631932579158118,,,0.0,4052,0,0,0,0,0.078125,0.0625,89,0,18.5390625,3.79296875,benign
C:\Windows\System32\svchost.exe,svchost.exe,285,4,,0.25173614008718015,,,0.0,4136,0,0,0,0,0.34375,0.34375,67,0,20.62109375,3.4609375,benign
C:\Program Files (x86)\Microsoft\Edge\Application\msedge.exe,msedge.exe,628,19,32.0,2.906529546212108,"['C:\\Program Files (x86)\\Microsoft\\Edge\\Application\\msedge.exe', '--type=renderer', '--pdf-upsell-enabled', '--dma-cps-flags=2048', '--disable-gpu-compositing', '--video-capture-use-gpu-memory-buffer', '--lang=en-US', '--js-flags=--ms-user-locale=', '--device-scale-factor=1', '--num-raster-threads=2', '--enable-main-frame-before-activation', '--renderer-client-id=28', '--time-ticks-at-unix-epoch=-1762741979575261', '--launch-time-ticks=473673506', '--skip-read-main-dll', '--metrics-shmem-handle=7500,i,16055316976041530545,3885100257085152060,2097152', '--field-trial-handle=2084,i,2157636088018029431,11675823757335468798,262144', '--variations-seed-version', '--trace-process-track-uuid=3190709012549043266', '--mojo-platform-channel-handle=7484', '/prefetch:1']","[popenfile(path='C:\\Windows\\Fonts\\tahomabd.ttf', fd=-1), popenfile(path='C:\\Windows\\Fonts\\pala.ttf', fd=-1), popenfile(path='C:\\Program Files (x86)\\Microsoft\\Edge\\Application\\142.0.3595.53\\Locales\\en-US.pak', fd=-1), popenfile(path='C:\\Windows\\Fonts\\seguisym.ttf', fd=-1), popenfile(path='C:\\Users\\vboxuser\\AppData\\Local\\Temp\\aa4092b6-c90e-4794-939c-1dc40e17ba43.tmp', fd=-1), popenfile(path='C:\\Program Files (x86)\\Microsoft\\Edge\\Application\\142.0.3595.53\\msedge_100_percent.pak', fd=-1), popenfile(path='C:\\Program Files (x86)\\Microsoft\\Edge\\Application\\142.0.3595.53\\v8_context_snapshot.bin', fd=-1), popenfile(path='C:\\Windows\\Fonts\\segoeuil.ttf', fd=-1), popenfile(path='C:\\Windows\\Fonts\\seguisli.ttf', fd=-1), popenfile(path='C:\\Windows\\Fonts\\consolaz.ttf', fd=-1), popenfile(path='C:\\Windows\\Fonts\\verdanab.ttf', fd=-1), popenfile(path='C:\\Windows\\Fonts\\YuGothB.ttc', fd=-1), popenfile(path='C:\\Windows\\Fonts\\seguisbi.ttf', fd=-1), popenfile(path='C:\\Windows\\Fonts\\segoeui.ttf', fd=-1), popenfile(path='C:\\Windows\\Fonts\\seguibli.ttf', fd=-1), popenfile(path='C:\\Users\\vboxuser\\AppData\\Local\\Microsoft\\Edge\\User Data\\Subresource Filter\\Indexed Rules\\37\\10.34.0.81\\Ruleset Data', fd=-1), popenfile(path='C:\\Windows\\Fonts\\consolab.ttf', fd=-1), popenfile(path='C:\\Windows\\Fonts\\timesi.ttf', fd=-1), popenfile(path='C:\\Windows\\Fonts\\seguiemj.ttf', fd=-1), popenfile(path='C:\\Windows\\Fonts\\tahoma.ttf', fd=-1), popenfile(path='C:\\Windows\\Fonts\\seguibl.ttf', fd=-1), popenfile(path='C:\\Windows\\Fonts\\cambria.ttc', fd=-1), popenfile(path='C:\\Windows\\Fonts\\arial.ttf', fd=-1), popenfile(path='C:\\Windows\\Fonts\\verdanai.ttf', fd=-1), popenfile(path='C:\\Program Files (x86)\\Microsoft\\Edge\\Application\\142.0.3595.53\\icudtl.dat', fd=-1), popenfile(path='C:\\Program Files (x86)\\Microsoft\\Edge\\Application\\142.0.3595.53\\msedge_200_percent.pak', fd=-1), popenfile(path='C:\\Windows\\Fonts\\consola.ttf', fd=-1), popenfile(path='C:\\Windows\\Fonts\\verdanaz.ttf', fd=-1), popenfile(path='C:\\Windows\\Fonts\\palai.ttf', fd=-1), popenfile(path='C:\\Windows\\Fonts\\verdana.ttf', fd=-1), popenfile(path='C:\\Windows\\Fonts\\YuGothL.ttc', fd=-1), popenfile(path='C:\\Windows\\Fonts\\seguisb.ttf', fd=-1), popenfile(path='C:\\Windows\\Fonts\\palabi.ttf', fd=-1), popenfile(path='C:\\Program Files (x86)\\Microsoft\\Edge\\Application\\142.0.3595.53\\resources.pak', fd=-1), popenfile(path='C:\\Windows\\Fonts\\segoeuib.ttf', fd=-1), popenfile(path='C:\\Windows\\Fonts\\consolai.ttf', fd=-1), popenfile(path='C:\\Windows\\Fonts\\l_10646.ttf', fd=-1), popenfile(path='C:\\Windows\\Fonts\\arialbd.ttf', fd=-1), popenfile(path='C:\\Windows\\Fonts\\micross.ttf', fd=-1), popenfile(path='C:\\Windows\\Fonts\\timesbd.ttf', fd=-1), popenfile(path='C:\\Windows\\Fonts\\YuGothR.ttc', fd=-1), popenfile(path='C:\\Windows\\Fonts\\segoeuii.ttf', fd=-1), popenfile(path='C:\\Windows\\Fonts\\seguili.ttf', fd=-1), popenfile(path='C:\\Windows\\Fonts\\ariali.ttf', fd=-1), popenfile(path='C:\\Windows\\Fonts\\times.ttf', fd=-1), popenfile(path='C:\\Windows\\Fonts\\ariblk.ttf', fd=-1), popenfile(path='C:\\Windows\\Fonts\\segoeuisl.ttf', fd=-1), popenfile(path='C:\\Windows\\Fonts\\simsun.ttc', fd=-1), popenfile(path='C:\\Windows\\Fonts\\YuGothM.ttc', fd=-1), popenfile(path='C:\\Windows\\Fonts\\msgothic.ttc', fd=-1), popenfile(path='C:\\Windows\\Fonts\\timesbi.ttf', fd=-1), popenfile(path='C:\\Windows\\Fonts\\arialbi.ttf', fd=-1), popenfile(path='C:\\Windows\\Fonts\\segoeuiz.ttf', fd=-1), popenfile(path='C:\\Windows\\Fonts\\palab.ttf', fd=-1)]",0.0,4144,26806,32699,16429406,47757282,21.03125,9.71875,149261,0,238.08984375,161.32421875,benign
C:\Users\vboxuser\AppData\Local\Programs\Microsoft VS Code\Code.exe,Code.exe,324,16,32.0,0.5341822771844273,"['C:\\Users\\vboxuser\\AppData\\Local\\Programs\\Microsoft VS Code\\Code.exe', '--type=utility', '--utility-sub-type=network.mojom.NetworkService', '--lang=en-US', '--service-sandbox-type=none', '--user-data-dir=C:\\Users\\vboxuser\\AppData\\Roaming\\Code', '--standard-schemes=vscode-webview,vscode-file', '--enable-sandbox', '--secure-schemes=vscode-webview,vscode-file', '--cors-schemes=vscode-webview,vscode-file', '--fetch-schemes=vscode-webview,vscode-file', '--service-worker-schemes=vscode-webview', '--code-cache-schemes=vscode-webview,vscode-file', '--field-trial-handle=1760,i,12191434948784122964,7287403267338234464,262144', '--enable-features=DocumentPolicyIncludeJSCallStacksInCrashReports,EarlyEstablishGpuChannel,EnableTransparentHwndEnlargement,EstablishGpuChannelAsync', '--disable-features=CalculateNativeWinOcclusion,FontationsLinuxSystemFonts,ScreenAIOCREnabled,SpareRendererForSitePerProcess,WinDelaySpellcheckServiceInit', '--variations-seed-version', '--mojo-platform-channel-handle=1980', '/prefetch:3']","[popenfile(path='C:\\Users\\vboxuser\\AppData\\Roaming\\Code\\Cache\\Cache_Data\\data_0', fd=-1), popenfile(path='C:\\Users\\vboxuser\\AppData\\Local\\Programs\\Microsoft VS Code\\locales\\en-US.pak', fd=-1), popenfile(path='C:\\Windows\\System32\\en-US\\mswsock.dll.mui', fd=-1), popenfile(path='C:\\Users\\vboxuser\\AppData\\Roaming\\Code\\Cache\\Cache_Data\\data_1', fd=-1), popenfile(path='C:\\Users\\vboxuser\\AppData\\Roaming\\Code\\Cache\\Cache_Data\\data_2', fd=-1), popenfile(path='C:\\Users\\vboxuser\\AppData\\Local\\Programs\\Microsoft VS Code\\chrome_200_percent.pak', fd=-1), popenfile(path='C:\\Users\\vboxuser\\AppData\\Local\\Programs\\Microsoft VS Code\\v8_context_snapshot.bin', fd=-1), popenfile(path='C:\\Users\\vboxuser\\AppData\\Roaming\\Code\\Cache\\Cache_Data\\index', fd=-1), popenfile(path='C:\\Users\\vboxuser\\AppData\\Roaming\\Code\\Network\\Cookies', fd=-1), popenfile(path='C:\\Users\\vboxuser\\AppData\\Roaming\\Code\\Cache\\Cache_Data\\data_3', fd=-1), popenfile(path='C:\\Users\\vboxuser\\AppData\\Local\\Programs\\Microsoft VS Code\\icudtl.dat', fd=-1), popenfile(path='C:\\Users\\vboxuser\\AppData\\Local\\Programs\\Microsoft VS Code\\resources.pak', fd=-1), popenfile(path='C:\\Users\\vboxuser\\AppData\\Local\\Programs\\Microsoft VS Code\\chrome_100_percent.pak', fd=-1), popenfile(path='C:\\Users\\vboxuser\\AppData\\Roaming\\Code\\Shared Dictionary\\db', fd=-1), popenfile(path='C:\\Users\\vboxuser\\AppData\\Roaming\\Code\\Network\\Trust Tokens', fd=-1)]",0.0,4236,605,1107,891748,357727,0.265625,0.3125,2046,0,43.7578125,13.50390625,benign
C:\Windows\System32\svchost.exe,svchost.exe,165,3,,0.0962787018064059,,,0.0,4288,264,0,5392,0,0.0,0.09375,90,0,7.88671875,1.73046875,benign
C:\Windows\System32\ctfmon.exe,ctfmon.exe,426,10,128.0,0.23828859481258555,['ctfmon.exe'],,0.0,4388,0,0,0,0,0.5,1.78125,17280,0,19.51953125,3.82421875,benign
C:\Windows\System32\svchost.exe,svchost.exe,317,9,,0.1972306640273872,,,0.0,4628,11,6,4856,7434,0.03125,0.125,299,0,16.15625,4.203125,benign
C:\Program Files (x86)\Microsoft\Edge\Application\msedge.exe,msedge.exe,254,10,32.0,0.29451077877977355,"['C:\\Program Files (x86)\\Microsoft\\Edge\\Application\\msedge.exe', '--type=utility', '--utility-sub-type=edge_search_indexer.mojom.SearchIndexerInterfaceBroker', '--lang=en-US', '--service-sandbox-type=search_indexer', '--message-loop-type-ui', '--ram-no-pressure-read-main-dll', '--metrics-shmem-handle=5944,i,6638861939166530436,1915445544286250023,524288', '--field-trial-handle=2084,i,2157636088018029431,11675823757335468798,262144', '--variations-seed-version', '--trace-process-track-uuid=3190709004115666625', '--mojo-platform-channel-handle=4720', '/prefetch:8']","[popenfile(path='C:\\Program Files (x86)\\Microsoft\\Edge\\Application\\142.0.3595.53\\resources.pak', fd=-1), popenfile(path='C:\\Program Files (x86)\\Microsoft\\Edge\\Application\\142.0.3595.53\\Locales\\en-US.pak', fd=-1), popenfile(path='C:\\Program Files (x86)\\Microsoft\\Edge\\Application\\142.0.3595.53\\msedge_100_percent.pak', fd=-1), popenfile(path='C:\\Program Files (x86)\\Microsoft\\Edge\\Application\\142.0.3595.53\\v8_context_snapshot.bin', fd=-1), popenfile(path='C:\\Program Files (x86)\\Microsoft\\Edge\\Application\\142.0.3595.53\\msedge_200_percent.pak', fd=-1), popenfile(path='C:\\Program Files (x86)\\Microsoft\\Edge\\Application\\142.0.3595.53\\icudtl.dat', fd=-1)]",0.0,4760,58,51,13640,7456,0.15625,0.1875,3529,0,24.125,8.89453125,benign
C:\Windows\System32\svchost.exe,svchost.exe,220,5,,0.14749382104369163,,,0.0,4776,4,0,49244,0,0.03125,0.0625,158,0,12.08203125,2.796875,benign
C:\Windows\System32\svchost.exe,svchost.exe,161,3,,0.11826210028721476,,,0.0,4800,0,0,0,0,0.171875,0.234375,1329,0,9.6875,1.97265625,benign
C:\Windows\explorer.exe,explorer.exe,2052,55,32.0,1.4968739225869645,['C:\\Windows\\Explorer.EXE'],"[popenfile(path='C:\\Windows\\System32\\en-US\\oleaccrc.dll.mui', fd=-1), popenfile(path='C:\\Windows\\System32\\en-US\\stobject.dll.mui', fd=-1), popenfile(path='C:\\Windows\\System32\\en-US\\pnidui.dll.mui', fd=-1), popenfile(path='C:\\Windows\\System32\\en-US\\shell32.dll.mui', fd=-1), popenfile(path='C:\\Users\\vboxuser\\AppData\\Local\\Microsoft\\GameDVR\\KnownGameList.bin', fd=-1), popenfile(path='C:\\Windows\\System32\\en-US\\twinui.pcshell.dll.mui', fd=-1), popenfile(path='C:\\Windows\\System32\\en-US\\hcproviders.dll.mui', fd=-1), popenfile(path='C:\\Windows\\System32\\en-US\\windows.storage.dll.mui', fd=-1), popenfile(path='C:\\Windows\\System32\\en-US\\propsys.dll.mui', fd=-1), popenfile(path='C:\\Windows\\Fonts\\segoeui.ttf', fd=-1), popenfile(path='C:\\Windows\\System32\\en-US\\mswsock.dll.mui', fd=-1), popenfile(path='C:\\Windows\\System32\\en-US\\ApplicationFrame.dll.mui', fd=-1), popenfile(path='C:\\Windows\\System32\\en-US\\dsreg.dll.mui', fd=-1), popenfile(path='C:\\Windows\\System32\\en-US\\imapi2.dll.mui', fd=-1), popenfile(path='C:\\Windows\\System32\\en-US\\wscui.cpl.mui', fd=-1), popenfile(path='C:\\Windows\\SystemResources\\stobject.dll.mun', fd=-1), popenfile(path='C:\\Windows\\System32\\en-US\\sndvolsso.dll.mui', fd=-1), popenfile(path='C:\\Windows\\Fonts\\seguisb.ttf', fd=-1), popenfile(path='C:\\Windows\\System32\\en-US\\batmeter.dll.mui', fd=-1), popenfile(path='C:\\Windows\\en-US\\explorer.exe.mui', fd=-1), popenfile(path='C:\\Windows\\System32\\en-US\\KernelBase.dll.mui', fd=-1), popenfile(path='C:\\Windows\\System32\\en-US\\InputSwitch.dll.mui', fd=-1), popenfile(path='C:\\Windows\\System32\\en-US\\crypt32.dll.mui', fd=-1), popenfile(path='C:\\Windows\\WinSxS\\amd64_microsoft.windows.c..-controls.resources_6595b64144ccf1df_6.0.19041.1_en-us_cb612d02732b0fd9\\comctl32.dll.mui', fd=-1), popenfile(path='C:\\Windows\\Fonts\\StaticCache.dat', fd=-1), popenfile(path='C:\\Windows\\System32\\en-US\\bthprops.cpl.mui', fd=-1), popenfile(path='C:\\Windows\\SystemResources\\batmeter.dll.mun', fd=-1), popenfile(path='C:\\Windows\\SystemResources\\SndVolSSO.dll.mun', fd=-1), popenfile(path='C:\\Windows\\System32\\en-US\\winnlsres.dll.mui', fd=-1), popenfile(path='C:\\Windows\\System32\\en-US\\ActionCenter.dll.mui', fd=-1)]",0.0,4848,2716,7,2214974,1516,7.28125,26.15625,198161,0,122.6171875,56.25390625,benign
C:\Users\vboxuser\AppData\Local\Programs\Microsoft VS Code\Code.exe,Code.exe,452,14,32.0,3.1702349553202924,"['C:\\Users\\vboxuser\\AppData\\Local\\Programs\\Microsoft VS Code\\Code.exe', '--type=renderer', '--user-data-dir=C:\\Users\\vboxuser\\AppData\\Roaming\\Code', '--standard-schemes=vscode-webview,vscode-file', '--enable-sandbox', '--secure-schemes=vscode-webview,vscode-file', '--cors-schemes=vscode-webview,vscode-file', '--fetch-schemes=vscode-webview,vscode-file', '--service-worker-schemes=vscode-webview', '--code-cache-schemes=vscode-webview,vscode-file', '--app-user-model-id=Microsoft.VisualStudioCode', '--app-path=C:\\Users\\vboxuser\\AppData\\Local\\Programs\\Microsoft VS Code\\resources\\app', '--enable-sandbox', '--enable-blink-features=HighlightAPI', '--disable-blink-features=FontMatchingCTMigration,StandardizedBrowserZoom,', '--video-capture-use-gpu-memory-buffer', '--lang=en-US', '--device-scale-factor=1', '--num-raster-threads=2', '--enable-main-frame-before-activation', '--renderer-client-id=5', '--time-ticks-at-unix-epoch=-1762741979575262', '--launch-time-ticks=140016223', '--field-trial-handle=1760,i,12191434948784122964,7287403267338234464,262144', '--enable-features=DocumentPolicyIncludeJSCallStacksInCrashReports,EarlyEstablishGpuChannel,EnableTransparentHwndEnlargement,EstablishGpuChannelAsync', '--disable-features=CalculateNativeWinOcclusion,FontationsLinuxSystemFonts,ScreenAIOCREnabled,SpareRendererForSitePerProcess,WinDelaySpellcheckServiceInit', '--variations-seed-version', '--mojo-platform-channel-handle=3496', '--vscode-window-config=vscode:f8730666-34d1-46a9-a1fc-a97655987613', '/prefetch:1']","[popenfile(path='C:\\Windows\\Fonts\\msyhbd.ttc', fd=-1), popenfile(path='C:\\Windows\\Fonts\\tahomabd.ttf', fd=-1), popenfile(path='C:\\Windows\\Fonts\\pala.ttf', fd=-1), popenfile(path='C:\\Windows\\Fonts\\msyh.ttc', fd=-1), popenfile(path='C:\\Users\\vboxuser\\AppData\\Local\\Programs\\Microsoft VS Code\\chrome_200_percent.pak', fd=-1), popenfile(path='C:\\Windows\\Fonts\\palab.ttf', fd=-1), popenfile(path='C:\\Users\\vboxuser\\AppData\\Local\\Temp\\2dd184b8-651f-4ab9-af05-32de55acbcc9.tmp', fd=-1), popenfile(path='C:\\Windows\\Fonts\\consolaz.ttf', fd=-1), popenfile(path='C:\\Windows\\Fonts\\segoeuil.ttf', fd=-1), popenfile(path='C:\\Windows\\Fonts\\seguisli.ttf', fd=-1), popenfile(path='C:\\Windows\\Fonts\\seguisbi.ttf', fd=-1), popenfile(path='C:\\Windows\\Fonts\\segoeui.ttf', fd=-1), popenfile(path='C:\\Windows\\Fonts\\seguibli.ttf', fd=-1), popenfile(path='C:\\Users\\vboxuser\\AppData\\Local\\Programs\\Microsoft VS Code\\locales\\en-US.pak', fd=-1), popenfile(path='C:\\Windows\\System32\\en-US\\mswsock.dll.mui', fd=-1), popenfile(path='C:\\Windows\\Fonts\\consolab.ttf', fd=-1), popenfile(path='C:\\Windows\\Fonts\\timesi.ttf', fd=-1), popenfile(path='C:\\Windows\\Fonts\\tahoma.ttf', fd=-1), popenfile(path='C:\\Windows\\Fonts\\seguibl.ttf', fd=-1), popenfile(path='C:\\Windows\\Fonts\\arial.ttf', fd=-1), popenfile(path='C:\\Windows\\Fonts\\couri.ttf', fd=-1), popenfile(path='C:\\Windows\\Fonts\\consola.ttf', fd=-1), popenfile(path='C:\\Windows\\Fonts\\palai.ttf', fd=-1), popenfile(path='C:\\Users\\vboxuser\\AppData\\Local\\Programs\\Microsoft VS Code\\icudtl.dat', fd=-1), popenfile(path='C:\\Windows\\Fonts\\seguisb.ttf', fd=-1), popenfile(path='C:\\Windows\\Fonts\\courbd.ttf', fd=-1), popenfile(path='C:\\Windows\\Fonts\\palabi.ttf', fd=-1), popenfile(path='C:\\Windows\\Fonts\\courbi.ttf', fd=-1), popenfile(path='C:\\Windows\\Fonts\\segoeuib.ttf', fd=-1), popenfile(path='C:\\Windows\\Fonts\\consolai.ttf', fd=-1), popenfile(path='C:\\Windows\\Fonts\\l_10646.ttf', fd=-1), popenfile(path='C:\\Windows\\Fonts\\arialbd.ttf', fd=-1), popenfile(path='C:\\Windows\\Fonts\\cour.ttf', fd=-1), popenfile(path='C:\\Windows\\Fonts\\micross.ttf', fd=-1), popenfile(path='C:\\Windows\\Fonts\\timesbd.ttf', fd=-1), popenfile(path='C:\\Windows\\Fonts\\msyhl.ttc', fd=-1), popenfile(path='C:\\Windows\\Fonts\\segoeuii.ttf', fd=-1), popenfile(path='C:\\Windows\\Fonts\\seguili.ttf', fd=-1), popenfile(path='C:\\Windows\\Fonts\\ariali.ttf', fd=-1), popenfile(path='C:\\Windows\\Fonts\\times.ttf', fd=-1), popenfile(path='C:\\Windows\\Fonts\\ariblk.ttf', fd=-1), popenfile(path='C:\\Windows\\Fonts\\segoeuisl.ttf', fd=-1), popenfile(path='C:\\Users\\vboxuser\\AppData\\Local\\Programs\\Microsoft VS Code\\v8_context_snapshot.bin', fd=-1), popenfile(path='C:\\Windows\\Fonts\\msgothic.ttc', fd=-1), popenfile(path='C:\\Windows\\Fonts\\timesbi.ttf', fd=-1), popenfile(path='C:\\Windows\\Fonts\\arialbi.ttf', fd=-1), popenfile(path='C:\\Windows\\Fonts\\segoeuiz.ttf', fd=-1), popenfile(path='C:\\Users\\vboxuser\\AppData\\Local\\Programs\\Microsoft VS Code\\resources.pak', fd=-1), popenfile(path='C:\\Users\\vboxuser\\AppData\\Local\\Programs\\Microsoft VS Code\\chrome_100_percent.pak', fd=-1)]",0.0,4888,61231,37301,38701904,726229773,29.625,20.875,397028,0,259.69140625,215.375,benign
C:\Windows\SystemApps\Microsoft.Windows.StartMenuExperienceHost_cw5n1h2txyewy\StartMenuExperienceHost.exe,StartMenuExperienceHost.exe,616,7,32.0,0.7526333584004479,"['C:\\Windows\\SystemApps\\Microsoft.Windows.StartMenuExperienceHost_cw5n1h2txyewy\\StartMenuExperienceHost.exe', '-ServerName:App.AppXywbrabmsek0gm3tkwpr5kwzbs55tkqay.mca']","[popenfile(path='C:\\Windows\\Fonts\\segoeuib.ttf', fd=-1), popenfile(path='C:\\Users\\vboxuser\\AppData\\Local\\Packages\\Microsoft.Windows.StartMenuExperienceHost_cw5n1h2txyewy\\TempState\\TileCache_100_4_PNGEncoded_Header.bin', fd=-1), popenfile(path='C:\\Users\\vboxuser\\AppData\\Local\\Packages\\Microsoft.Windows.StartMenuExperienceHost_cw5n1h2txyewy\\TempState\\TileCache_100_4_PNGEncoded_Data.bin', fd=-1), popenfile(path='C:\\Windows\\SystemResources\\Windows.UI.ShellCommon\\StartUI\\Assets\\Fonts\\BitMDL2.ttf', fd=-1), popenfile(path='C:\\Windows\\System32\\en-US\\windows.ui.xaml.dll.mui', fd=-1), popenfile(path='C:\\Windows\\System32\\en-US\\KernelBase.dll.mui', fd=-1), popenfile(path='C:\\Windows\\System32\\en-US\\windows.storage.dll.mui', fd=-1), popenfile(path='C:\\Windows\\Fonts\\segmdl2.ttf', fd=-1), popenfile(path='C:\\Windows\\Fonts\\segoeui.ttf', fd=-1), popenfile(path='C:\\Windows\\System32\\en-US\\Windows.Globalization.dll.mui', fd=-1)]",0.0,5064,91,0,195190,0,0.6875,0.890625,2232,0,61.65234375,19.25390625,benign
C:\Windows\System32\svchost.exe,svchost.exe,236,6,32.0,0.20695867550262587,"['C:\\Windows\\system32\\svchost.exe', '-k', 'ClipboardSvcGroup', '-p', '-s', 'cbdhsvc']","[popenfile(path='C:\\Windows\\System32\\en-US\\svchost.exe.mui', fd=-1)]",0.0,5088,0,0,0,0,0.109375,0.125,1755,0,16.953125,3.078125,benign
C:\Windows\System32\RuntimeBroker.exe,RuntimeBroker.exe,306,9,32.0,0.2625132508391602,"['C:\\Windows\\System32\\RuntimeBroker.exe', '-Embedding']","[popenfile(path='C:\\Windows\\System32\\en-US\\propsys.dll.mui', fd=-1), popenfile(path='C:\\Windows\\System32\\en-US\\windows.storage.dll.mui', fd=-1)]",0.0,5096,50,0,19790,0,0.3125,0.703125,3371,0,21.50390625,3.9375,benign
C:\Windows\System32\SearchFilterHost.exe,SearchFilterHost.exe,144,4,,0.08917343852302081,,,0.0,5112,0,0,0,0,0.015625,0.03125,53,0,7.3046875,1.46875,benign
C:\Windows\System32\RuntimeBroker.exe,RuntimeBroker.exe,342,8,32.0,0.31959378876004574,"['C:\\Windows\\System32\\RuntimeBroker.exe', '-Embedding']","[popenfile(path='C:\\Windows\\System32\\en-US\\propsys.dll.mui', fd=-1), popenfile(path='C:\\Windows\\System32\\en-US\\shell32.dll.mui', fd=-1), popenfile(path='C:\\Windows\\System32\\en-US\\windows.storage.dll.mui', fd=-1), popenfile(path='C:\\Windows\\System32\\en-US\\Windows.Storage.Search.dll.mui', fd=-1)]",0.0,5184,598,8,227051,128,0.296875,0.390625,2171,0,26.1796875,7.35546875,benign
C:\Program Files (x86)\Microsoft\Edge\Application\msedge.exe,msedge.exe,198,11,32.0,0.23743024085888806,"['C:\\Program Files (x86)\\Microsoft\\Edge\\Application\\msedge.exe', '--type=utility', '--utility-sub-type=storage.mojom.StorageService', '--lang=en-US', '--service-sandbox-type=service', '--startup-read-main-dll', '--metrics-shmem-handle=2408,i,9800041189356546742,14164755886644758086,524288', '--field-trial-handle=2084,i,2157636088018029431,11675823757335468798,262144', '--variations-seed-version', '--trace-process-track-uuid=3190708990060038890', '--mojo-platform-channel-handle=2716', '/prefetch:8']","[popenfile(path='C:\\Users\\vboxuser\\AppData\\Local\\Microsoft\\Edge\\User Data\\Default\\Session Storage\\LOG', fd=-1), popenfile(path='C:\\Program Files (x86)\\Microsoft\\Edge\\Application\\142.0.3595.53\\Locales\\en-US.pak', fd=-1), popenfile(path='C:\\Users\\vboxuser\\AppData\\Local\\Microsoft\\Edge\\User Data\\Default\\Session Storage\\000056.ldb', fd=-1), popenfile(path='C:\\Program Files (x86)\\Microsoft\\Edge\\Application\\142.0.3595.53\\msedge_100_percent.pak', fd=-1), popenfile(path='C:\\Program Files (x86)\\Microsoft\\Edge\\Application\\142.0.3595.53\\v8_context_snapshot.bin', fd=-1), popenfile(path='C:\\Users\\vboxuser\\AppData\\Local\\Microsoft\\Edge\\User Data\\Default\\Local Storage\\leveldb\\000039.ldb', fd=-1), popenfile(path='C:\\Users\\vboxuser\\AppData\\Local\\Microsoft\\Edge\\User Data\\Default\\Session Storage\\000062.ldb', fd=-1), popenfile(path='C:\\Users\\vboxuser\\AppData\\Local\\Microsoft\\Edge\\User Data\\Default\\Session Storage\\000054.ldb', fd=-1), popenfile(path='C:\\Users\\vboxuser\\AppData\\Local\\Microsoft\\Edge\\User Data\\Default\\Session Storage\\000059.ldb', fd=-1), popenfile(path='C:\\Users\\vboxuser\\AppData\\Local\\Microsoft\\Edge\\User Data\\Default\\Local Storage\\leveldb\\000045.log', fd=-1), popenfile(path='C:\\Users\\vboxuser\\AppData\\Local\\Microsoft\\Edge\\User Data\\Default\\Local Storage\\leveldb\\000046.ldb', fd=-1), popenfile(path='C:\\Program Files (x86)\\Microsoft\\Edge\\Application\\142.0.3595.53\\msedge_200_percent.pak', fd=-1), popenfile(path='C:\\Program Files (x86)\\Microsoft\\Edge\\Application\\142.0.3595.53\\icudtl.dat', fd=-1), popenfile(path='C:\\Users\\vboxuser\\AppData\\Local\\Microsoft\\Edge\\User Data\\Default\\Session Storage\\000061.log', fd=-1), popenfile(path='C:\\Program Files (x86)\\Microsoft\\Edge\\Application\\142.0.3595.53\\resources.pak', fd=-1), popenfile(path='C:\\Users\\vboxuser\\AppData\\Local\\Microsoft\\Edge\\User Data\\Default\\Local Storage\\leveldb\\000041.ldb', fd=-1), popenfile(path='C:\\Users\\vboxuser\\AppData\\Local\\Microsoft\\Edge\\User Data\\Default\\Session Storage\\MANIFEST-000021', fd=-1), popenfile(path='C:\\Users\\vboxuser\\AppData\\Local\\Microsoft\\Edge\\User Data\\Default\\Local Storage\\leveldb\\000044.ldb', fd=-1), popenfile(path='C:\\Users\\vboxuser\\AppData\\Local\\Microsoft\\Edge\\User Data\\Default\\Local Storage\\leveldb\\LOG', fd=-1), popenfile(path='C:\\Users\\vboxuser\\AppData\\Local\\Microsoft\\Edge\\User Data\\Default\\Local Storage\\leveldb\\MANIFEST-000023', fd=-1)]",0.0,5256,2069,3891,2450349,6127562,0.1875,0.609375,12417,0,19.44921875,8.890625,benign
C:\Windows\System32\RuntimeBroker.exe,RuntimeBroker.exe,321,1,32.0,0.30667079312382184,"['C:\\Windows\\System32\\RuntimeBroker.exe', '-Embedding']","[popenfile(path='C:\\Windows\\System32\\en-US\\propsys.dll.mui', fd=-1), popenfile(path='C:\\Windows\\System32\\en-US\\ShutdownUX.dll.mui', fd=-1), popenfile(path='C:\\Windows\\System32\\en-US\\windows.storage.dll.mui', fd=-1)]",0.0,5368,35,1,155962,160,0.890625,1.4375,54,0,25.12109375,6.3359375,benign
C:\Program Files (x86)\Microsoft\Edge\Application\msedge.exe,msedge.exe,479,20,64.0,2.2203709328924575,"['C:\\Program Files (x86)\\Microsoft\\Edge\\Application\\msedge.exe', '--type=renderer', '--pdf-upsell-enabled', '--dma-cps-flags=2048', '--disable-gpu-compositing', '--video-capture-use-gpu-memory-buffer', '--lang=en-US', '--js-flags=--ms-user-locale=', '--device-scale-factor=1', '--num-raster-threads=2', '--enable-main-frame-before-activation', '--renderer-client-id=43', '--time-ticks-at-unix-epoch=-1762741979575261', '--launch-time-ticks=573744487', '--skip-read-main-dll', '--metrics-shmem-handle=2416,i,15534958426986485111,16323614950178165706,2097152', '--field-trial-handle=2084,i,2157636088018029431,11675823757335468798,262144', '--variations-seed-version', '--trace-process-track-uuid=3190709026604671001', '--mojo-platform-channel-handle=7944', '/prefetch:1']","[popenfile(path='C:\\Program Files (x86)\\Microsoft\\Edge\\Application\\142.0.3595.53\\Locales\\en-US.pak', fd=-1), popenfile(path='C:\\Program Files (x86)\\Microsoft\\Edge\\Application\\142.0.3595.53\\msedge_100_percent.pak', fd=-1), popenfile(path='C:\\Program Files (x86)\\Microsoft\\Edge\\Application\\142.0.3595.53\\v8_context_snapshot.bin', fd=-1), popenfile(path='C:\\Windows\\Fonts\\consolaz.ttf', fd=-1), popenfile(path='C:\\Users\\vboxuser\\AppData\\Local\\Microsoft\\Edge\\User Data\\Subresource Filter\\Indexed Rules\\37\\10.34.0.81\\Ruleset Data', fd=-1), popenfile(path='C:\\Windows\\Fonts\\consolab.ttf', fd=-1), popenfile(path='C:\\Windows\\Fonts\\timesi.ttf', fd=-1), popenfile(path='C:\\Windows\\Fonts\\arial.ttf', fd=-1), popenfile(path='C:\\Program Files (x86)\\Microsoft\\Edge\\Application\\142.0.3595.53\\msedge_200_percent.pak', fd=-1), popenfile(path='C:\\Program Files (x86)\\Microsoft\\Edge\\Application\\142.0.3595.53\\icudtl.dat', fd=-1), popenfile(path='C:\\Windows\\Fonts\\consola.ttf', fd=-1), popenfile(path='C:\\Program Files (x86)\\Microsoft\\Edge\\Application\\142.0.3595.53\\resources.pak', fd=-1), popenfile(path='C:\\Windows\\Fonts\\consolai.ttf', fd=-1), popenfile(path='C:\\Windows\\Fonts\\arialbd.ttf', fd=-1), popenfile(path='C:\\Windows\\Fonts\\timesbd.ttf', fd=-1), popenfile(path='C:\\Windows\\Fonts\\ariali.ttf', fd=-1), popenfile(path='C:\\Windows\\Fonts\\times.ttf', fd=-1), popenfile(path='C:\\Windows\\Fonts\\ariblk.ttf', fd=-1), popenfile(path='C:\\Users\\vboxuser\\AppData\\Local\\Temp\\a816490f-95e4-439e-90ef-3743f7d5b084.tmp', fd=-1), popenfile(path='C:\\Windows\\Fonts\\timesbi.ttf', fd=-1), popenfile(path='C:\\Windows\\Fonts\\arialbi.ttf', fd=-1)]",0.0,5420,3095,12424,1281320,2686128,15.953125,4.984375,37296,0,181.8828125,153.59765625,benign
C:\Windows\SystemApps\Microsoft.Windows.Search_cw5n1h2txyewy\SearchApp.exe,SearchApp.exe,1160,38,32.0,1.9433133511712002,"['C:\\Windows\\SystemApps\\Microsoft.Windows.Search_cw5n1h2txyewy\\SearchApp.exe', '-ServerName:CortanaUI.AppX8z9r6jm96hw4bsbneegw0kyxx296wr9t.mca']","[popenfile(path='C:\\Windows\\System32\\en-US\\edgehtml.dll.mui', fd=-1), popenfile(path='C:\\Windows\\System32\\WinMetadata\\Windows.Storage.winmd', fd=-1), popenfile(path='C:\\Windows\\SystemApps\\Microsoft.Windows.Search_cw5n1h2txyewy\\Cortana.Search.winmd', fd=-1), popenfile(path='C:\\Windows\\System32\\WinMetadata\\Windows.System.winmd', fd=-1), popenfile(path='C:\\Windows\\System32\\WinMetadata\\Windows.Foundation.winmd', fd=-1), popenfile(path='C:\\Windows\\SystemResources\\Chakra.dll.mun', fd=-1), popenfile(path='C:\\Windows\\System32\\WinMetadata\\Windows.Web.winmd', fd=-1), popenfile(path='C:\\Windows\\System32\\en-US\\shell32.dll.mui', fd=-1), popenfile(path='C:\\Windows\\System32\\WinMetadata\\Windows.Security.winmd', fd=-1), popenfile(path='C:\\Windows\\System32\\en-US\\KernelBase.dll.mui', fd=-1), popenfile(path='C:\\Windows\\System32\\en-US\\windows.storage.dll.mui', fd=-1), popenfile(path='C:\\Windows\\System32\\WinMetadata\\Windows.ApplicationModel.winmd', fd=-1), popenfile(path='C:\\Windows\\System32\\WinMetadata\\Windows.UI.winmd', fd=-1), popenfile(path='C:\\Windows\\System32\\en-US\\crypt32.dll.mui', fd=-1), popenfile(path='C:\\Windows\\SystemApps\\Microsoft.Windows.Search_cw5n1h2txyewy\\Cortana.Internal.Search.winmd', fd=-1), popenfile(path='C:\\Windows\\Fonts\\segoeui.ttf', fd=-1), popenfile(path='C:\\Windows\\System32\\en-US\\dnsapi.dll.mui', fd=-1), popenfile(path='C:\\Windows\\Fonts\\times.ttf', fd=-1)]",0.0,5528,3722,618,18380172,5016088,2.171875,2.21875,8232,0,159.1875,104.50390625,benign
C:\Windows\System32\SearchIndexer.exe,SearchIndexer.exe,738,17,,0.3548339871924053,,,0.0,5544,709,335,9646824,2570616,1.515625,1.171875,11700,0,29.06640625,23.24609375,benign
C:\Windows\System32\RuntimeBroker.exe,RuntimeBroker.exe,416,7,32.0,0.306336988808495,"['C:\\Windows\\System32\\RuntimeBroker.exe', '-Embedding']","[popenfile(path='C:\\Windows\\System32\\en-US\\propsys.dll.mui', fd=-1), popenfile(path='C:\\Windows\\System32\\en-US\\windows.storage.dll.mui', fd=-1)]",0.0,5808,316,2,88738,248,0.171875,0.28125,394,0,25.09375,6.38671875,benign
C:\Windows\System32\WindowsPowerShell\v1.0\powershell.exe,powershell.exe,588,10,32.0,0.8581155220437218,"['C:\\Windows\\System32\\WindowsPowerShell\\v1.0\\powershell.exe', '-noexit', '-command', 'try { . ""c:\\Users\\vboxuser\\AppData\\Local\\Programs\\Microsoft VS Code\\resources\\app\\out\\vs\\workbench\\contrib\\terminal\\common\\scripts\\shellIntegration.ps1"" } catch {}']","[popenfile(path='C:\\Windows\\Microsoft.NET\\assembly\\GAC_MSIL\\Microsoft.PowerShell.Security\\v4.0_3.0.0.0__31bf3856ad364e35\\Microsoft.PowerShell.Security.dll', fd=-1), popenfile(path='C:\\Program Files\\WindowsPowerShell\\Modules\\PSReadline\\2.0.0\\Microsoft.PowerShell.PSReadline.dll', fd=-1), popenfile(path='C:\\Windows\\System32\\WindowsPowerShell\\v1.0\\en-US\\powershell.exe.mui', fd=-1), popenfile(path='C:\\Windows\\Microsoft.NET\\assembly\\GAC_MSIL\\Microsoft.CSharp\\v4.0_4.0.0.0__b03f5f7f11d50a3a\\Microsoft.CSharp.dll', fd=-1), popenfile(path='C:\\Windows\\Microsoft.NET\\assembly\\GAC_MSIL\\System.Numerics\\v4.0_4.0.0.0__b77a5c561934e089\\System.Numerics.dll', fd=-1), popenfile(path='C:\\Windows\\Microsoft.NET\\assembly\\GAC_MSIL\\Microsoft.PowerShell.Commands.Utility\\v4.0_3.0.0.0__31bf3856ad364e35\\Microsoft.PowerShell.Commands.Utility.dll', fd=-1), popenfile(path='C:\\Windows\\Microsoft.NET\\assembly\\GAC_MSIL\\System.Management.Automation\\v4.0_3.0.0.0__31bf3856ad364e35\\System.Management.Automation.dll', fd=-1), popenfile(path='C:\\Windows\\System32\\en-US\\KernelBase.dll.mui', fd=-1), popenfile(path='C:\\Windows\\System32\\en-US\\winnlsres.dll.mui', fd=-1), popenfile(path='C:\\Windows\\Microsoft.NET\\assembly\\GAC_MSIL\\Microsoft.PowerShell.ConsoleHost\\v4.0_3.0.0.0__31bf3856ad364e35\\Microsoft.PowerShell.ConsoleHost.dll', fd=-1), popenfile(path='C:\\Windows\\System32\\en-US\\crypt32.dll.mui', fd=-1), popenfile(path='C:\\Windows\\Microsoft.NET\\assembly\\GAC_MSIL\\Microsoft.Management.Infrastructure\\v4.0_1.0.0.0__31bf3856ad364e35\\Microsoft.Management.Infrastructure.dll', fd=-1)]",0.0,5960,138,61,471451,882,3.671875,2.609375,2469,0,70.29296875,56.43359375,benign
C:\Windows\SystemApps\ShellExperienceHost_cw5n1h2txyewy\ShellExperienceHost.exe,ShellExperienceHost.exe,591,18,32.0,0.5683256900092846,"['C:\\Windows\\SystemApps\\ShellExperienceHost_cw5n1h2txyewy\\ShellExperienceHost.exe', '-ServerName:App.AppXtk181tbxbce2qsex02s8tw7hfxa9xb3t.mca']","[popenfile(path='C:\\Windows\\Fonts\\seguisb.ttf', fd=-1), popenfile(path='C:\\Windows\\Fonts\\segoeui.ttf', fd=-1), popenfile(path='C:\\Windows\\System32\\en-US\\windows.storage.dll.mui', fd=-1)]",0.0,5964,102,0,415630,0,1.46875,1.96875,26511,0,46.5546875,10.74609375,benign
C:\ProgramData\Microsoft\Windows Defender\Platform\4.18.25090.3009-0\NisSrv.exe,NisSrv.exe,202,9,,0.1470646440668429,,,0.0,6280,1,0,4164,0,0.1875,0.25,1775,0,12.046875,4.7578125,benign
C:\Windows\System32\SecurityHealthSystray.exe,SecurityHealthSystray.exe,162,1,32.0,0.11044154204241509,['C:\\Windows\\System32\\SecurityHealthSystray.exe'],"[popenfile(path='C:\\Windows\\System32\\en-US\\securityhealthsso.dll.mui', fd=-1)]",0.0,6400,1,0,5244,0,0.0,0.0625,255,0,9.046875,1.66796875,benign
C:\Windows\System32\SecurityHealthService.exe,SecurityHealthService.exe,381,8,,0.18578594464475354,,,0.0,6432,1,1,11760,4096,0.125,0.328125,1201,0,15.21875,4.37109375,benign
C:\Users\vboxuser\AppData\Local\Programs\Microsoft VS Code\Code.exe,Code.exe,336,24,32.0,1.2738926399486514,"['C:\\Users\\vboxuser\\AppData\\Local\\Programs\\Microsoft VS Code\\Code.exe', '--type=utility', '--utility-sub-type=node.mojom.NodeService', '--lang=en-US', '--service-sandbox-type=none', '--user-data-dir=C:\\Users\\vboxuser\\AppData\\Roaming\\Code', '--standard-schemes=vscode-webview,vscode-file', '--enable-sandbox', '--secure-schemes=vscode-webview,vscode-file', '--cors-schemes=vscode-webview,vscode-file', '--fetch-schemes=vscode-webview,vscode-file', '--service-worker-schemes=vscode-webview', '--code-cache-schemes=vscode-webview,vscode-file', '--field-trial-handle=1760,i,12191434948784122964,7287403267338234464,262144', '--enable-features=DocumentPolicyIncludeJSCallStacksInCrashReports,EarlyEstablishGpuChannel,EnableTransparentHwndEnlargement,EstablishGpuChannelAsync', '--disable-features=CalculateNativeWinOcclusion,FontationsLinuxSystemFonts,ScreenAIOCREnabled,SpareRendererForSitePerProcess,WinDelaySpellcheckServiceInit', '--variations-seed-version', '--mojo-platform-channel-handle=3400', '/prefetch:8']","[popenfile(path='C:\\Users\\vboxuser\\AppData\\Local\\Programs\\Microsoft VS Code\\locales\\en-US.pak', fd=-1), popenfile(path='C:\\Windows\\System32\\en-US\\mswsock.dll.mui', fd=-1), popenfile(path='C:\\Users\\vboxuser\\AppData\\Local\\Programs\\Microsoft VS Code\\chrome_200_percent.pak', fd=-1), popenfile(path='C:\\Users\\vboxuser\\AppData\\Local\\Programs\\Microsoft VS Code\\v8_context_snapshot.bin', fd=-1), popenfile(path='C:\\Users\\vboxuser\\AppData\\Local\\Programs\\Microsoft VS Code\\icudtl.dat', fd=-1), popenfile(path='C:\\Users\\vboxuser\\AppData\\Local\\Programs\\Microsoft VS Code\\resources.pak', fd=-1), popenfile(path='C:\\Users\\vboxuser\\AppData\\Local\\Programs\\Microsoft VS Code\\chrome_100_percent.pak', fd=-1)]",0.0,6440,2820,1518,55026358,6917036,3.234375,2.0,42033,0,104.3515625,80.84765625,benign
C:\Users\vboxuser\AppData\Local\Programs\Microsoft VS Code\Code.exe,Code.exe,311,16,32768.0,1.0921600334185806,"['C:\\Users\\vboxuser\\AppData\\Local\\Programs\\Microsoft VS Code\\Code.exe', '--type=gpu-process', '--user-data-dir=C:\\Users\\vboxuser\\AppData\\Roaming\\Code', '--gpu-preferences=UAAAAAAAAADgAAAEAAAAAAAAAAAAAAAAAABgAAEAAAAAAAAAAAAAAAAAAAACAAAAAAAAAAAAAAAAAAAAAAAAABAAAAAAAAAAEAAAAAAAAAAIAAAAAAAAAAgAAAAAAAAA', '--field-trial-handle=1760,i,12191434948784122964,7287403267338234464,262144', '--enable-features=DocumentPolicyIncludeJSCallStacksInCrashReports,EarlyEstablishGpuChannel,EnableTransparentHwndEnlargement,EstablishGpuChannelAsync', '--disable-features=CalculateNativeWinOcclusion,FontationsLinuxSystemFonts,ScreenAIOCREnabled,SpareRendererForSitePerProcess,WinDelaySpellcheckServiceInit', '--variations-seed-version', '--mojo-platform-channel-handle=1756', '/prefetch:2']","[popenfile(path='C:\\Users\\vboxuser\\AppData\\Local\\Programs\\Microsoft VS Code\\icudtl.dat', fd=-1), popenfile(path='C:\\Windows\\System32\\en-US\\mswsock.dll.mui', fd=-1)]",0.0,6464,72427,72658,1054217456,8244248,14.046875,106.203125,684480,0,89.46484375,115.109375,benign
C:\Users\vboxuser\AppData\Local\Microsoft\OneDrive\OneDrive.exe,OneDrive.exe,865,21,32.0,1.3771335460461593,"['C:\\Users\\vboxuser\\AppData\\Local\\Microsoft\\OneDrive\\OneDrive.exe', '/background']","[popenfile(path='C:\\Users\\vboxuser\\AppData\\Local\\Microsoft\\OneDrive\\settings\\Personal\\OCSI.db-shm', fd=-1), popenfile(path='C:\\Windows\\System32\\WinMetadata\\Windows.AI.winmd', fd=-1), popenfile(path='C:\\Users\\vboxuser\\AppData\\Local\\Microsoft\\OneDrive\\setup\\logs\\Update_2025-11-10_023349_6512-6516.log', fd=-1), popenfile(path='C:\\Windows\\System32\\en-US\\Windows.Security.Authentication.Web.Core.dll.mui', fd=-1), popenfile(path='C:\\Windows\\System32\\en-US\\windows.storage.dll.mui', fd=-1), popenfile(path='C:\\Windows\\System32\\en-US\\propsys.dll.mui', fd=-1), popenfile(path='C:\\Users\\vboxuser\\AppData\\Local\\Microsoft\\OneDrive\\settings\\Personal\\SyncEngineDatabase.db', fd=-1), popenfile(path='C:\\Windows\\Fonts\\segoeui.ttf', fd=-1), popenfile(path='C:\\Users\\vboxuser\\AppData\\Local\\Microsoft\\OneDrive\\settings\\Personal\\SyncEngineDatabase.db-wal', fd=-1), popenfile(path='C:\\Users\\vboxuser\\AppData\\Local\\Microsoft\\OneDrive\\logs\\Personal\\SyncEngine-2025-11-10.0233.6512.2.aodl', fd=-1), popenfile(path='C:\\Windows\\System32\\en-US\\mswsock.dll.mui', fd=-1), popenfile(path='C:\\Users\\vboxuser\\AppData\\Local\\Microsoft\\OneDrive\\settings\\Personal\\SettingsDatabase.db', fd=-1), popenfile(path='C:\\Windows\\System32\\en-US\\Windows.Web.dll.mui', fd=-1), popenfile(path='C:\\Users\\vboxuser\\AppData\\Local\\Microsoft\\OneDrive\\settings\\Personal\\SyncEngineDatabase.db-shm', fd=-1), popenfile(path='C:\\Users\\vboxuser\\AppData\\Local\\Microsoft\\OneDrive\\settings\\Personal\\CxP.db', fd=-1), popenfile(path='C:\\Users\\vboxuser\\AppData\\Local\\Microsoft\\OneDrive\\settings\\Personal\\OCSI.db-wal', fd=-1), popenfile(path='C:\\Users\\vboxuser\\AppData\\Local\\Microsoft\\OneDrive\\25.199.1012.0002\\en\\FileSync.LocalizedResources.dll.mui', fd=-1), popenfile(path='C:\\Users\\vboxuser\\AppData\\Local\\Microsoft\\OneDrive\\settings\\Personal\\OCSI.db', fd=-1), popenfile(path='C:\\Users\\vboxuser\\AppData\\Local\\Microsoft\\OneDrive\\settings\\Personal\\SettingsDatabase.db-shm', fd=-1), popenfile(path='C:\\Users\\vboxuser\\AppData\\Local\\Microsoft\\OneDrive\\settings\\Personal\\CxP.db-wal', fd=-1), popenfile(path='C:\\Windows\\System32\\en-US\\KernelBase.dll.mui', fd=-1), popenfile(path='C:\\Windows\\System32\\WinMetadata\\Windows.UI.Xaml.winmd', fd=-1), popenfile(path='C:\\Users\\vboxuser\\AppData\\Local\\Microsoft\\OneDrive\\settings\\Personal\\CxP.db-shm', fd=-1), popenfile(path='C:\\Windows\\System32\\en-US\\crypt32.dll.mui', fd=-1), popenfile(path='C:\\Windows\\System32\\en-US\\kernel32.dll.mui', fd=-1), popenfile(path='C:\\Users\\vboxuser\\AppData\\Local\\Microsoft\\OneDrive\\settings\\Personal\\SettingsDatabase.db-wal', fd=-1)]",0.0,6512,159,2309,4206385,558266,1.53125,2.6875,5234,0,112.80859375,50.30859375,benign
C:\Users\vboxuser\AppData\Local\Programs\Microsoft VS Code\Code.exe,Code.exe,990,48,32.0,1.5434634677404357,['C:\\Users\\vboxuser\\AppData\\Local\\Programs\\Microsoft VS Code\\Code.exe'],"[popenfile(path='C:\\Users\\vboxuser\\AppData\\Roaming\\Code\\DIPS', fd=-1), popenfile(path='C:\\Users\\vboxuser\\AppData\\Roaming\\Code\\Session Storage\\LOG', fd=-1), popenfile(path='C:\\Users\\vboxuser\\AppData\\Local\\Programs\\Microsoft VS Code\\chrome_200_percent.pak', fd=-1), popenfile(path='C:\\Users\\vboxuser\\AppData\\Roaming\\Code\\logs\\20251109T213518\\main.log', fd=-1), popenfile(path='C:\\Users\\vboxuser\\AppData\\Roaming\\Code\\Local Storage\\leveldb\\000005.ldb', fd=-1), popenfile(path='C:\\Users\\vboxuser\\AppData\\Roaming\\Code\\Local Storage\\leveldb\\000011.ldb', fd=-1), popenfile(path='C:\\Users\\vboxuser\\AppData\\Roaming\\Code\\Session Storage\\000005.ldb', fd=-1), popenfile(path='C:\\Users\\vboxuser\\AppData\\Roaming\\Code\\logs\\20251109T213518\\userDataSync.log', fd=-1), popenfile(path='C:\\Users\\vboxuser\\AppData\\Local\\Programs\\Microsoft VS Code\\locales\\en-US.pak', fd=-1), popenfile(path='C:\\Windows\\System32\\en-US\\mswsock.dll.mui', fd=-1), popenfile(path='C:\\Users\\vboxuser\\AppData\\Roaming\\Code\\User\\workspaceStorage\\405997d3960c5b409a2c2c47241b1c90\\state.vscdb', fd=-1), popenfile(path='C:\\Users\\vboxuser\\AppData\\Roaming\\Code\\logs\\20251109T213518\\window2\\textModelChanges.log', fd=-1), popenfile(path='C:\\Users\\vboxuser\\AppData\\Roaming\\Code\\logs\\20251109T213518\\window2\\output_20251109T213522\\tasks.log', fd=-1), popenfile(path='C:\\Users\\vboxuser\\AppData\\Roaming\\Code\\logs\\20251109T213518\\window2\\views.log', fd=-1), popenfile(path='C:\\Users\\vboxuser\\AppData\\Roaming\\Code\\User\\workspaceStorage\\950616cb4a693b692842559fbd7b798b\\state.vscdb', fd=-1), popenfile(path='C:\\Users\\vboxuser\\AppData\\Roaming\\Code\\Session Storage\\LOCK', fd=-1), popenfile(path='C:\\Users\\vboxuser\\AppData\\Local\\Programs\\Microsoft VS Code\\icudtl.dat', fd=-1), popenfile(path='C:\\Users\\vboxuser\\AppData\\Roaming\\Code\\User\\globalStorage\\state.vscdb', fd=-1), popenfile(path='C:\\Users\\vboxuser\\AppData\\Roaming\\Code\\logs\\20251109T213518\\network-shared.log', fd=-1), popenfile(path='C:\\Users\\vboxuser\\AppData\\Roaming\\Code\\logs\\20251109T213518\\window2\\renderer.log', fd=-1), popenfile(path='C:\\Users\\vboxuser\\AppData\\Roaming\\Code\\Local Storage\\leveldb\\000008.ldb', fd=-1), popenfile(path='C:\\Users\\vboxuser\\AppData\\Roaming\\Code\\logs\\20251109T213518\\window2\\notebook.rendering.log', fd=-1), popenfile(path='C:\\Users\\vboxuser\\AppData\\Roaming\\Code\\SharedStorage-wal', fd=-1), popenfile(path='C:\\Users\\vboxuser\\AppData\\Roaming\\Code\\logs\\20251109T213518\\terminal.log', fd=-1), popenfile(path='C:\\Users\\vboxuser\\AppData\\Roaming\\Code\\Local Storage\\leveldb\\LOG', fd=-1), popenfile(path='C:\\Users\\vboxuser\\AppData\\Roaming\\Code\\Local Storage\\leveldb\\LOCK', fd=-1), popenfile(path='C:\\Users\\vboxuser\\AppData\\Roaming\\Code\\Local Storage\\leveldb\\000012.log', fd=-1), popenfile(path='C:\\Users\\vboxuser\\AppData\\Roaming\\Code\\Local Storage\\leveldb\\MANIFEST-000010', fd=-1), popenfile(path='C:\\Windows\\System32\\en-US\\KernelBase.dll.mui', fd=-1), popenfile(path='C:\\Windows\\System32\\en-US\\kernel32.dll.mui', fd=-1), popenfile(path='C:\\Users\\vboxuser\\AppData\\Roaming\\Code\\User\\workspaceStorage\\1762741354796\\state.vscdb', fd=-1), popenfile(path='C:\\Users\\vboxuser\\AppData\\Roaming\\Code\\Session Storage\\MANIFEST-000010', fd=-1), popenfile(path='C:\\Users\\vboxuser\\AppData\\Roaming\\Code\\logs\\20251109T213518\\window2\\network.log', fd=-1), popenfile(path='C:\\Users\\vboxuser\\AppData\\Roaming\\Code\\logs\\20251109T213518\\telemetry.log', fd=-1), popenfile(path='C:\\Users\\vboxuser\\AppData\\Roaming\\Code\\Session Storage\\000012.log', fd=-1), popenfile(path='C:\\Users\\vboxuser\\AppData\\Local\\Programs\\Microsoft VS Code\\v8_context_snapshot.bin', fd=-1), popenfile(path='C:\\Users\\vboxuser\\AppData\\Roaming\\Code\\DIPS-wal', fd=-1), popenfile(path='C:\\Users\\vboxuser\\AppData\\Roaming\\Code\\SharedStorage', fd=-1), popenfile(path='C:\\Windows\\System32\\en-US\\user32.dll.mui', fd=-1), popenfile(path='C:\\Users\\vboxuser\\AppData\\Roaming\\Code\\logs\\20251109T213518\\sharedprocess.log', fd=-1), popenfile(path='C:\\Users\\vboxuser\\AppData\\Local\\Programs\\Microsoft VS Code\\resources.pak', fd=-1), popenfile(path='C:\\Users\\vboxuser\\AppData\\Local\\Programs\\Microsoft VS Code\\chrome_100_percent.pak', fd=-1)]",0.0,6524,15492,11695,105302410,34776976,7.15625,9.296875,95084,0,126.43359375,103.5,benign
C:\Windows\System32\svchost.exe,svchost.exe,203,4,,0.13623984698410185,,,0.0,6672,3,0,1536,0,0.03125,0.09375,85,0,11.16015625,2.4296875,benign
C:\Windows\System32\svchost.exe,svchost.exe,247,7,,0.1098693060732834,,,0.0,6692,1,0,5581,0,0.015625,0.03125,248,0,9.0,3.80078125,benign
C:\Windows\System32\wbem\WMIADAP.exe,WMIADAP.exe,159,4,,0.10686506723534206,,,0.0,6820,31,4151,4437792,3247740,0.171875,0.40625,17137,0,8.75390625,2.0,benign
C:\Program Files (x86)\Microsoft\Edge\Application\msedge.exe,msedge.exe,1915,69,32.0,2.4235623882649664,"['C:\\Program Files (x86)\\Microsoft\\Edge\\Application\\msedge.exe', '--no-startup-window', '--win-session-start']","[popenfile(path='C:\\Windows\\Fonts\\msyh.ttc', fd=-1), popenfile(path='C:\\Users\\vboxuser\\AppData\\Local\\Microsoft\\Edge\\User Data\\Default\\GPUCache\\index', fd=-1), popenfile(path='C:\\Users\\vboxuser\\AppData\\Local\\Microsoft\\Edge\\User Data\\Default\\Nurturing\\campaign_history', fd=-1), popenfile(path='C:\\Users\\vboxuser\\AppData\\Local\\Microsoft\\Edge\\User Data\\Default\\DawnGraphiteCache\\data_0', fd=-1), popenfile(path='C:\\Windows\\Fonts\\seguisbi.ttf', fd=-1), popenfile(path='C:\\Users\\vboxuser\\AppData\\Local\\Microsoft\\Edge\\User Data\\Default\\EdgeCoupons\\coupons_data.db\\000005.ldb', fd=-1), popenfile(path='C:\\Users\\vboxuser\\AppData\\Local\\Microsoft\\Edge\\User Data\\Default\\BrowsingTopicsSiteData', fd=-1), popenfile(path='C:\\Users\\vboxuser\\AppData\\Local\\Microsoft\\Edge\\User Data\\Default\\AdPlatform\\auto_show_data.db\\LOG', fd=-1), popenfile(path='C:\\Users\\vboxuser\\AppData\\Local\\Microsoft\\Edge\\User Data\\Default\\Extension State\\MANIFEST-000015', fd=-1), popenfile(path='C:\\Users\\vboxuser\\AppData\\Local\\Microsoft\\Edge\\User Data\\Default\\Favicons', fd=-1), popenfile(path='C:\\Users\\vboxuser\\AppData\\Local\\Microsoft\\Edge\\User Data\\Default\\HubApps Icons', fd=-1), popenfile(path='C:\\Users\\vboxuser\\AppData\\Local\\Microsoft\\Edge\\User Data\\Default\\Favicons-journal', fd=-1), popenfile(path='C:\\Users\\vboxuser\\AppData\\Local\\Microsoft\\Edge\\User Data\\Default\\Login Data', fd=-1), popenfile(path='C:\\Users\\vboxuser\\AppData\\Local\\Microsoft\\Edge\\User Data\\Default\\IndexedDB\\https_hianime.to_0.indexeddb.leveldb\\MANIFEST-000001', fd=-1), popenfile(path='C:\\Users\\vboxuser\\AppData\\Local\\Microsoft\\Edge\\User Data\\first_party_sets.db-journal', fd=-1), popenfile(path='C:\\Users\\vboxuser\\AppData\\Local\\Microsoft\\Edge\\User Data\\Nurturing\\campaign_history', fd=-1), popenfile(path='C:\\Program Files (x86)\\Microsoft\\Edge\\Application\\142.0.3595.53\\resources.pak', fd=-1), popenfile(path='C:\\Users\\vboxuser\\AppData\\Local\\Microsoft\\Edge\\User Data\\Default\\Sync Data\\LevelDB\\000019.log', fd=-1), popenfile(path='C:\\Users\\vboxuser\\AppData\\Local\\Microsoft\\Edge\\User Data\\Default\\IndexedDB\\https_hianime.to_0.indexeddb.leveldb\\000003.log', fd=-1), popenfile(path='C:\\Users\\vboxuser\\AppData\\Local\\Microsoft\\Edge\\User Data\\Default\\Sync Data\\LevelDB\\000005.ldb', fd=-1), popenfile(path='C:\\Users\\vboxuser\\AppData\\Local\\Microsoft\\Edge\\User Data\\GraphiteDawnCache\\data_2', fd=-1), popenfile(path='C:\\Users\\vboxuser\\AppData\\Local\\Microsoft\\Edge\\User Data\\Default\\History', fd=-1), popenfile(path='C:\\Users\\vboxuser\\AppData\\Local\\Microsoft\\Edge\\User Data\\Default\\WebStorage\\QuotaManager-journal', fd=-1), popenfile(path='C:\\Users\\vboxuser\\AppData\\Local\\Microsoft\\Edge\\User Data\\Default\\load_statistics.db', fd=-1), popenfile(path='C:\\Users\\vboxuser\\AppData\\Local\\Microsoft\\Edge\\User Data\\Default\\Extension State\\LOG', fd=-1), popenfile(path='C:\\Users\\vboxuser\\AppData\\Local\\Microsoft\\Edge\\User Data\\Default\\IndexedDB\\https_hianime.to_0.indexeddb.leveldb\\LOCK', fd=-1), popenfile(path='C:\\Windows\\Fonts\\segoeuii.ttf', fd=-1), popenfile(path='C:\\Users\\vboxuser\\AppData\\Local\\Microsoft\\Edge\\User Data\\Default\\ServerCertificate', fd=-1), popenfile(path='C:\\Users\\vboxuser\\AppData\\Local\\Microsoft\\Edge\\User Data\\Default\\Network Action Predictor-journal', fd=-1), popenfile(path='C:\\Users\\vboxuser\\AppData\\Local\\Microsoft\\Edge\\User Data\\ShaderCache\\data_1', fd=-1), popenfile(path='C:\\Users\\vboxuser\\AppData\\Local\\Microsoft\\Edge\\User Data\\Default\\Session Storage\\LOCK', fd=-1), popenfile(path='C:\\Users\\vboxuser\\AppData\\Local\\Microsoft\\Edge\\User Data\\Default\\shared_proto_db\\LOCK', fd=-1), popenfile(path='C:\\Users\\vboxuser\\AppData\\Local\\Microsoft\\Edge\\User Data\\Default\\EdgeCoupons\\coupons_data.db\\LOG', fd=-1), popenfile(path='C:\\Windows\\System32\\en-US\\user32.dll.mui', fd=-1), popenfile(path='C:\\Users\\vboxuser\\AppData\\Local\\Microsoft\\Edge\\User Data\\Default\\AdPlatform\\auto_show_data.db\\MANIFEST-000009', fd=-1), popenfile(path='C:\\Users\\vboxuser\\AppData\\Local\\Microsoft\\Edge\\User Data\\Default\\ExtensionActivityEdge', fd=-1), popenfile(path='C:\\Users\\vboxuser\\AppData\\Local\\Microsoft\\Edge\\User Data\\Default\\DawnGraphiteCache\\data_1', fd=-1), popenfile(path='C:\\Program Files (x86)\\Microsoft\\Edge\\Application\\142.0.3595.53\\Locales\\en-US.pak', fd=-1), popenfile(path='C:\\Users\\vboxuser\\AppData\\Local\\Microsoft\\Edge\\User Data\\Default\\IndexedDB\\https_hianime.to_0.indexeddb.leveldb\\LOG', fd=-1), popenfile(path='C:\\Users\\vboxuser\\AppData\\Local\\Microsoft\\Edge\\User Data\\Default\\Service Worker\\Database\\000016.ldb', fd=-1), popenfile(path='C:\\Users\\vboxuser\\AppData\\Local\\Microsoft\\Edge\\User Data\\Default\\shared_proto_db\\metadata\\000016.ldb', fd=-1), popenfile(path='C:\\Users\\vboxuser\\AppData\\Local\\Microsoft\\Edge\\User Data\\GraphiteDawnCache\\data_1', fd=-1), popenfile(path='C:\\Users\\vboxuser\\AppData\\Local\\Microsoft\\Edge\\User Data\\Default\\DawnWebGPUCache\\data_2', fd=-1), popenfile(path='C:\\Users\\vboxuser\\AppData\\Local\\Microsoft\\Edge\\User Data\\Default\\SharedStorage-wal', fd=-1), popenfile(path='C:\\Users\\vboxuser\\AppData\\Local\\Microsoft\\Edge\\User Data\\Default\\EdgeCoupons\\coupons_data.db\\000044.ldb', fd=-1), popenfile(path='C:\\Users\\vboxuser\\AppData\\Local\\Microsoft\\Edge\\User Data\\Default\\EdgeCoupons\\coupons_data.db\\000047.ldb', fd=-1), popenfile(path='C:\\Users\\vboxuser\\AppData\\Local\\Microsoft\\Edge\\User Data\\Default\\Top Sites', fd=-1), popenfile(path='C:\\Users\\vboxuser\\AppData\\Local\\Microsoft\\Edge\\User Data\\Default\\GPUCache\\data_0', fd=-1), popenfile(path='C:\\Users\\vboxuser\\AppData\\Local\\Microsoft\\Edge\\User Data\\Default\\DIPS', fd=-1), popenfile(path='C:\\Users\\vboxuser\\AppData\\Local\\Microsoft\\Edge\\User Data\\Default\\load_statistics.db-shm', fd=-1), popenfile(path='C:\\Users\\vboxuser\\AppData\\Local\\Microsoft\\Edge\\User Data\\Default\\shared_proto_db\\metadata\\LOG', fd=-1), popenfile(path='C:\\Users\\vboxuser\\AppData\\Local\\Microsoft\\Edge\\User Data\\first_party_sets.db', fd=-1), popenfile(path='C:\\Users\\vboxuser\\AppData\\Local\\Microsoft\\Edge\\User Data\\Safe Browsing\\ChromeExtMalware.store.32_13407208105379802', fd=-1), popenfile(path='C:\\Users\\vboxuser\\AppData\\Local\\Microsoft\\Edge\\User Data\\Default\\ExtensionActivityComp', fd=-1), popenfile(path='C:\\Program Files (x86)\\Microsoft\\Edge\\Application\\142.0.3595.53\\msedge_200_percent.pak', fd=-1), popenfile(path='C:\\Users\\vboxuser\\AppData\\Local\\Microsoft\\Edge\\User Data\\GrShaderCache\\data_2', fd=-1), popenfile(path='C:\\Users\\vboxuser\\AppData\\Local\\Microsoft\\Edge\\User Data\\Default\\EdgeJourneys\\EdgeJourneys.db', fd=-1), popenfile(path='C:\\Users\\vboxuser\\AppData\\Local\\Microsoft\\Edge\\User Data\\Default\\Extension State\\000016.log', fd=-1), popenfile(path='C:\\Users\\vboxuser\\AppData\\Local\\Microsoft\\Edge\\User Data\\Default\\DawnGraphiteCache\\data_3', fd=-1), popenfile(path='C:\\Users\\vboxuser\\AppData\\Local\\Microsoft\\Edge\\User Data\\Default\\shared_proto_db\\metadata\\000021.ldb', fd=-1), popenfile(path='C:\\Windows\\Fonts\\segoeuib.ttf', fd=-1), popenfile(path='C:\\Users\\vboxuser\\AppData\\Local\\Microsoft\\Edge\\User Data\\Default\\Sessions\\Tabs_13407215857769454', fd=-1), popenfile(path='C:\\Users\\vboxuser\\AppData\\Local\\Microsoft\\Edge\\User Data\\Default\\DawnWebGPUCache\\data_3', fd=-1), popenfile(path='C:\\Windows\\System32\\en-US\\MMDevAPI.dll.mui', fd=-1), popenfile(path='C:\\Users\\vboxuser\\AppData\\Local\\Microsoft\\Edge\\User Data\\Default\\AdPlatform\\auto_show_data.db\\000010.log', fd=-1), popenfile(path='C:\\Users\\vboxuser\\AppData\\Local\\Microsoft\\Edge\\User Data\\Default\\shared_proto_db\\LOG', fd=-1), popenfile(path='C:\\Windows\\Fonts\\YuGothR.ttc', fd=-1), popenfile(path='C:\\Users\\vboxuser\\AppData\\Local\\Microsoft\\Edge\\User Data\\Default\\Sync Data\\LevelDB\\MANIFEST-000018', fd=-1), popenfile(path='C:\\Users\\vboxuser\\AppData\\Local\\Microsoft\\Edge\\User Data\\Default\\EdgeJourneys\\EdgeJourneys.db-wal', fd=-1), popenfile(path='C:\\Users\\vboxuser\\AppData\\Local\\Microsoft\\Edge\\User Data\\Default\\WebAssistDatabase', fd=-1), popenfile(path='C:\\Users\\vboxuser\\AppData\\Local\\Microsoft\\Edge\\User Data\\Default\\DawnWebGPUCache\\index', fd=-1), popenfile(path='C:\\Users\\vboxuser\\AppData\\Local\\Microsoft\\Edge\\User Data\\Default\\Sessions\\Session_13407215857517975', fd=-1), popenfile(path='C:\\Windows\\Fonts\\msgothic.ttc', fd=-1), popenfile(path='C:\\Users\\vboxuser\\AppData\\Local\\Microsoft\\Edge\\User Data\\Default\\Site Characteristics Database\\000024.log', fd=-1), popenfile(path='C:\\Users\\vboxuser\\AppData\\Local\\Microsoft\\Edge\\User Data\\lockfile', fd=-1), popenfile(path='C:\\Users\\vboxuser\\AppData\\Local\\Microsoft\\Edge\\User Data\\Default\\GPUCache\\data_1', fd=-1), popenfile(path='C:\\Users\\vboxuser\\AppData\\Local\\Microsoft\\Edge\\User Data\\Default\\heavy_ad_intervention_opt_out.db', fd=-1), popenfile(path='C:\\Users\\vboxuser\\AppData\\Local\\Microsoft\\Edge\\User Data\\Default\\shared_proto_db\\000024.ldb', fd=-1), popenfile(path='C:\\Users\\vboxuser\\AppData\\Local\\Microsoft\\Edge\\User Data\\Default\\Extension State\\LOCK', fd=-1), popenfile(path='C:\\Users\\vboxuser\\AppData\\Local\\Microsoft\\Edge\\User Data\\Default\\Site Characteristics Database\\000016.ldb', fd=-1), popenfile(path='C:\\Users\\vboxuser\\AppData\\Local\\Microsoft\\Edge\\User Data\\ZxcvbnData\\3.1.0.0\\ranked_dicts', fd=-1), popenfile(path='C:\\Users\\vboxuser\\AppData\\Local\\Microsoft\\Edge\\User Data\\Default\\Web Data-journal', fd=-1), popenfile(path='C:\\Users\\vboxuser\\AppData\\Local\\Microsoft\\Edge\\User Data\\Default\\shared_proto_db\\MANIFEST-000020', fd=-1), popenfile(path='C:\\Program Files (x86)\\Microsoft\\Edge\\Application\\142.0.3595.53\\msedge_100_percent.pak', fd=-1), popenfile(path='C:\\Users\\vboxuser\\AppData\\Local\\Microsoft\\Edge\\User Data\\Default\\shared_proto_db\\metadata\\MANIFEST-000020', fd=-1), popenfile(path='C:\\Users\\vboxuser\\AppData\\Local\\Microsoft\\Edge\\User Data\\Default\\Service Worker\\Database\\000021.log', fd=-1), popenfile(path='C:\\Users\\vboxuser\\AppData\\Local\\Microsoft\\Edge\\User Data\\GrShaderCache\\data_3', fd=-1), popenfile(path='C:\\Windows\\System32\\en-US\\Windows.Security.Authentication.Web.Core.dll.mui', fd=-1), popenfile(path='C:\\Users\\vboxuser\\AppData\\Local\\Microsoft\\Edge\\User Data\\Default\\EdgeCoupons\\coupons_data.db\\000046.log', fd=-1), popenfile(path='C:\\Users\\vboxuser\\AppData\\Local\\Microsoft\\Edge\\User Data\\Default\\Network Action Predictor', fd=-1), popenfile(path='C:\\Users\\vboxuser\\AppData\\Local\\Microsoft\\Edge\\User Data\\Default\\Local Storage\\leveldb\\LOCK', fd=-1), popenfile(path='C:\\Users\\vboxuser\\AppData\\Local\\Microsoft\\Edge\\User Data\\BrowserMetrics\\BrowserMetrics-69114F14-1B0C.pma', fd=-1), popenfile(path='C:\\Users\\vboxuser\\AppData\\Local\\Microsoft\\Edge\\User Data\\Default\\AdPlatform\\auto_show_data.db\\000005.ldb', fd=-1), popenfile(path='C:\\Users\\vboxuser\\AppData\\Local\\Microsoft\\Edge\\User Data\\Default\\shared_proto_db\\metadata\\000022.log', fd=-1), popenfile(path='C:\\Users\\vboxuser\\AppData\\Local\\Microsoft\\Edge\\User Data\\Default\\load_statistics.db-wal', fd=-1), popenfile(path='C:\\Users\\vboxuser\\AppData\\Local\\Microsoft\\Edge\\User Data\\Default\\GPUCache\\data_2', fd=-1), popenfile(path='C:\\Users\\vboxuser\\AppData\\Local\\Microsoft\\Edge\\User Data\\Default\\WebStorage\\QuotaManager', fd=-1), popenfile(path='C:\\Windows\\System32\\en-US\\Geolocation.dll.mui', fd=-1), popenfile(path='C:\\Program Files (x86)\\Microsoft\\Edge\\Application\\142.0.3595.53\\icudtl.dat', fd=-1), popenfile(path='C:\\Users\\vboxuser\\AppData\\Local\\Microsoft\\Edge\\User Data\\GraphiteDawnCache\\data_3', fd=-1), popenfile(path='C:\\Windows\\Fonts\\seguisb.ttf', fd=-1), popenfile(path='C:\\Users\\vboxuser\\AppData\\Local\\Microsoft\\Edge\\User Data\\GrShaderCache\\data_0', fd=-1), popenfile(path='C:\\Users\\vboxuser\\AppData\\Local\\Microsoft\\Edge\\User Data\\ShaderCache\\data_0', fd=-1), popenfile(path='C:\\Windows\\System32\\en-US\\KernelBase.dll.mui', fd=-1), popenfile(path='C:\\Windows\\System32\\WinMetadata\\Windows.UI.winmd', fd=-1), popenfile(path='C:\\Users\\vboxuser\\AppData\\Local\\Microsoft\\Edge\\User Data\\Default\\Service Worker\\Database\\LOG', fd=-1), popenfile(path='C:\\Users\\vboxuser\\AppData\\Local\\Microsoft\\Edge\\User Data\\Default\\DawnWebGPUCache\\data_1', fd=-1), popenfile(path='C:\\Users\\vboxuser\\AppData\\Local\\Microsoft\\Edge\\User Data\\Default\\Service Worker\\Database\\000020.ldb', fd=-1), popenfile(path='C:\\Users\\vboxuser\\AppData\\Local\\Microsoft\\Edge\\User Data\\Default\\Shortcuts-journal', fd=-1), popenfile(path='C:\\Users\\vboxuser\\AppData\\Local\\Microsoft\\Edge\\User Data\\Default\\EdgeEDrop\\EdgeEDropSQLite.db', fd=-1), popenfile(path='C:\\Users\\vboxuser\\AppData\\Local\\Microsoft\\Edge\\User Data\\Default\\DawnWebGPUCache\\data_0', fd=-1), popenfile(path='C:\\Users\\vboxuser\\AppData\\Local\\Microsoft\\Edge\\User Data\\Default\\EdgeCoupons\\coupons_data.db\\MANIFEST-000023', fd=-1), popenfile(path='C:\\Windows\\Fonts\\simsun.ttc', fd=-1), popenfile(path='C:\\Users\\vboxuser\\AppData\\Local\\Microsoft\\Edge\\User Data\\Default\\DawnGraphiteCache\\data_2', fd=-1), popenfile(path='C:\\Users\\vboxuser\\AppData\\Local\\Microsoft\\Edge\\User Data\\Default\\Sync Data\\LevelDB\\000008.ldb', fd=-1), popenfile(path='C:\\Users\\vboxuser\\AppData\\Local\\Microsoft\\Edge\\User Data\\Default\\shared_proto_db\\000022.log', fd=-1), popenfile(path='C:\\Users\\vboxuser\\AppData\\Local\\Microsoft\\Edge\\User Data\\Default\\DashTrackerDatabase', fd=-1), popenfile(path='C:\\Users\\vboxuser\\AppData\\Local\\Microsoft\\Edge\\User Data\\GrShaderCache\\index', fd=-1), popenfile(path='C:\\Users\\vboxuser\\AppData\\Local\\Microsoft\\Edge\\User Data\\GraphiteDawnCache\\data_0', fd=-1), popenfile(path='C:\\Users\\vboxuser\\AppData\\Local\\Microsoft\\Edge\\User Data\\Default\\AdPlatform\\auto_show_data.db\\LOCK', fd=-1), popenfile(path='C:\\Users\\vboxuser\\AppData\\Local\\Microsoft\\Edge\\User Data\\Default\\Site Characteristics Database\\MANIFEST-000022', fd=-1), popenfile(path='C:\\Users\\vboxuser\\AppData\\Local\\Microsoft\\Edge\\User Data\\Default\\SharedStorage', fd=-1), popenfile(path='C:\\Users\\vboxuser\\AppData\\Local\\Microsoft\\Edge\\User Data\\Default\\Service Worker\\Database\\LOCK', fd=-1), popenfile(path='C:\\Users\\vboxuser\\AppData\\Local\\Microsoft\\Edge\\User Data\\Default\\DIPS-wal', fd=-1), popenfile(path='C:\\Windows\\System32\\en-US\\propsys.dll.mui', fd=-1), popenfile(path='C:\\Users\\vboxuser\\AppData\\Local\\Microsoft\\Edge\\User Data\\Default\\Sync Data\\LevelDB\\LOCK', fd=-1), popenfile(path='C:\\Windows\\Fonts\\segoeui.ttf', fd=-1), popenfile(path='C:\\Users\\vboxuser\\AppData\\Local\\Microsoft\\Edge\\User Data\\GrShaderCache\\data_1', fd=-1), popenfile(path='C:\\Users\\vboxuser\\AppData\\Local\\Microsoft\\Edge\\User Data\\Default\\Site Characteristics Database\\LOG', fd=-1), popenfile(path='C:\\Users\\vboxuser\\AppData\\Local\\Microsoft\\Edge\\User Data\\Default\\History-journal', fd=-1), popenfile(path='C:\\Users\\vboxuser\\AppData\\Local\\Microsoft\\Edge\\User Data\\ShaderCache\\data_3', fd=-1), popenfile(path='C:\\Users\\vboxuser\\AppData\\Local\\Microsoft\\Edge\\User Data\\Subresource Filter\\Indexed Rules\\37\\10.34.0.81\\Ruleset Data', fd=-1), popenfile(path='C:\\Windows\\Fonts\\msjh.ttc', fd=-1), popenfile(path='C:\\Users\\vboxuser\\AppData\\Local\\Microsoft\\Edge\\User Data\\Default\\Sync Data\\LevelDB\\LOG', fd=-1), popenfile(path='C:\\Users\\vboxuser\\AppData\\Local\\Microsoft\\Edge\\User Data\\Default\\Site Characteristics Database\\000023.ldb', fd=-1), popenfile(path='C:\\Users\\vboxuser\\AppData\\Local\\Microsoft\\Edge\\User Data\\ShaderCache\\index', fd=-1), popenfile(path='C:\\Users\\vboxuser\\AppData\\Local\\Microsoft\\Edge\\User Data\\ShaderCache\\data_2', fd=-1), popenfile(path='C:\\Windows\\Fonts\\malgun.ttf', fd=-1), popenfile(path='C:\\Users\\vboxuser\\AppData\\Local\\Microsoft\\Edge\\User Data\\Default\\Shortcuts', fd=-1), popenfile(path='C:\\Users\\vboxuser\\AppData\\Local\\Microsoft\\Edge\\User Data\\Default\\EdgeHubAppUsage\\EdgeHubAppUsageSQLite.db', fd=-1), popenfile(path='C:\\Users\\vboxuser\\AppData\\Local\\Microsoft\\Edge\\User Data\\Default\\Vpn Tokens', fd=-1), popenfile(path='C:\\Users\\vboxuser\\AppData\\Local\\Microsoft\\Edge\\User Data\\Default\\GPUCache\\data_3', fd=-1), popenfile(path='C:\\Users\\vboxuser\\AppData\\Local\\Microsoft\\Edge\\User Data\\Default\\EdgeCoupons\\coupons_data.db\\LOCK', fd=-1), popenfile(path='C:\\Users\\vboxuser\\AppData\\Local\\Microsoft\\Edge\\User Data\\Default\\Service Worker\\Database\\MANIFEST-000019', fd=-1), popenfile(path='C:\\Users\\vboxuser\\AppData\\Local\\Microsoft\\Edge\\User Data\\Default\\Site Characteristics Database\\000018.ldb', fd=-1), popenfile(path='C:\\Users\\vboxuser\\AppData\\Local\\Microsoft\\Edge\\User Data\\Default\\Web Data', fd=-1), popenfile(path='C:\\Windows\\System32\\en-US\\kernel32.dll.mui', fd=-1), popenfile(path='C:\\Users\\vboxuser\\AppData\\Local\\Microsoft\\Edge\\User Data\\GraphiteDawnCache\\index', fd=-1), popenfile(path='C:\\Users\\vboxuser\\AppData\\Local\\Microsoft\\Edge\\User Data\\Default\\Site Characteristics Database\\LOCK', fd=-1), popenfile(path='C:\\Users\\vboxuser\\AppData\\Local\\Microsoft\\Edge\\User Data\\Default\\Login Data For Account', fd=-1), popenfile(path='C:\\Users\\vboxuser\\AppData\\Local\\Microsoft\\Edge\\User Data\\Default\\shared_proto_db\\metadata\\LOCK', fd=-1), popenfile(path='C:\\Users\\vboxuser\\AppData\\Local\\Microsoft\\Edge\\User Data\\Default\\DawnGraphiteCache\\index', fd=-1)]",0.0,6924,91162,76662,118961774,97847897,19.53125,20.296875,247281,0,198.52734375,92.03515625,benign
C:\Program Files (x86)\Microsoft\Edge\Application\msedge.exe,msedge.exe,200,8,32.0,0.088839634207694,"['C:\\Program Files (x86)\\Microsoft\\Edge\\Application\\msedge.exe', '--type=crashpad-handler', '--user-data-dir=C:\\Users\\vboxuser\\AppData\\Local\\Microsoft\\Edge\\User Data', '/prefetch:4', '--monitor-self-annotation=ptype=crashpad-handler', '--database=C:\\Users\\vboxuser\\AppData\\Local\\Microsoft\\Edge\\User Data\\Crashpad', '--annotation=IsOfficialBuild=1', '--annotation=channel=', '--annotation=chromium-version=142.0.7444.60', '--annotation=exe=C:\\Program Files (x86)\\Microsoft\\Edge\\Application\\msedge.exe', '--annotation=plat=Win64', '--annotation=prod=Edge', '--annotation=ver=142.0.3595.53', '--initial-client-data=0x22c,0x254,0x258,0x234,0x260,0x7fffb3d2db58,0x7fffb3d2db64,0x7fffb3d2db70']","[popenfile(path='C:\\Windows\\System32\\en-US\\KernelBase.dll.mui', fd=-1)]",0.0,6956,53,41,8125,492,0.015625,0.15625,294,0,7.27734375,2.0625,benign
C:\Program Files (x86)\Microsoft\Edge\Application\msedge.exe,msedge.exe,526,18,32.0,0.5587884238570898,"['C:\\Program Files (x86)\\Microsoft\\Edge\\Application\\msedge.exe', '--type=utility', '--utility-sub-type=network.mojom.NetworkService', '--lang=en-US', '--service-sandbox-type=none', '--startup-read-main-dll', '--metrics-shmem-handle=2144,i,14393459642404008038,17559418042390260619,524288', '--field-trial-handle=2084,i,2157636088018029431,11675823757335468798,262144', '--variations-seed-version', '--trace-process-track-uuid=3190708989122997041', '--mojo-platform-channel-handle=2244', '/prefetch:3']","[popenfile(path='C:\\Program Files (x86)\\Microsoft\\Edge\\Application\\142.0.3595.53\\Locales\\en-US.pak', fd=-1), popenfile(path='C:\\Program Files (x86)\\Microsoft\\Edge\\Application\\142.0.3595.53\\msedge_100_percent.pak', fd=-1), popenfile(path='C:\\Program Files (x86)\\Microsoft\\Edge\\Application\\142.0.3595.53\\v8_context_snapshot.bin', fd=-1), popenfile(path='C:\\Users\\vboxuser\\AppData\\Local\\Microsoft\\Edge\\User Data\\Default\\Network\\Trust Tokens', fd=-1), popenfile(path='C:\\Users\\vboxuser\\AppData\\Local\\Microsoft\\Edge\\User Data\\Default\\Network\\Reporting and NEL', fd=-1), popenfile(path='C:\\Users\\vboxuser\\AppData\\Local\\Microsoft\\Edge\\User Data\\Default\\Safe Browsing Network\\Safe Browsing Cookies', fd=-1), popenfile(path='C:\\Users\\vboxuser\\AppData\\Local\\Microsoft\\Edge\\User Data\\Default\\Cache\\Cache_Data\\data_3', fd=-1), popenfile(path='C:\\Users\\vboxuser\\AppData\\Local\\Microsoft\\Edge\\User Data\\Default\\Network\\Cookies', fd=-1), popenfile(path='C:\\Users\\vboxuser\\AppData\\Local\\Microsoft\\Edge\\User Data\\Default\\Cache\\Cache_Data\\data_0', fd=-1), popenfile(path='C:\\Users\\vboxuser\\AppData\\Local\\Microsoft\\Edge\\User Data\\Default\\Cache\\Cache_Data\\data_2', fd=-1), popenfile(path='C:\\Program Files (x86)\\Microsoft\\Edge\\Application\\142.0.3595.53\\msedge_200_percent.pak', fd=-1), popenfile(path='C:\\Program Files (x86)\\Microsoft\\Edge\\Application\\142.0.3595.53\\icudtl.dat', fd=-1), popenfile(path='C:\\Users\\vboxuser\\AppData\\Local\\Microsoft\\Edge\\User Data\\Default\\Shared Dictionary\\db', fd=-1), popenfile(path='C:\\Users\\vboxuser\\AppData\\Local\\Microsoft\\Edge\\User Data\\Default\\Network\\Cookies-journal', fd=-1), popenfile(path='C:\\Users\\vboxuser\\AppData\\Local\\Microsoft\\Edge\\User Data\\Default\\Cache\\Cache_Data\\index', fd=-1), popenfile(path='C:\\Program Files (x86)\\Microsoft\\Edge\\Application\\142.0.3595.53\\resources.pak', fd=-1), popenfile(path='C:\\Users\\vboxuser\\AppData\\Local\\Microsoft\\Edge\\User Data\\Default\\Cache\\No_Vary_Search\\journal.baj', fd=-1), popenfile(path='C:\\Users\\vboxuser\\AppData\\Local\\Microsoft\\Edge\\User Data\\Default\\Cache\\Cache_Data\\data_1', fd=-1), popenfile(path='C:\\Users\\vboxuser\\AppData\\Local\\Microsoft\\Edge\\User Data\\Default\\Network\\Reporting and NEL-journal', fd=-1)]",0.0,7128,40745,92988,18696103,66253256,7.78125,11.703125,95705,0,45.7734375,20.15625,benign
C:\Program Files (x86)\Microsoft\Edge\Application\msedge.exe,msedge.exe,332,20,32768.0,0.7541593209847991,"['C:\\Program Files (x86)\\Microsoft\\Edge\\Application\\msedge.exe', '--type=gpu-process', '--no-pre-read-main-dll', '--gpu-preferences=SAAAAAAAAADgAAAEAAAAAAAAAAAAAGAAAQAAAAAAAAAAAAAAAAAAAAIAAAAAAAAAAAAAAAAAAAAQAAAAAAAAABAAAAAAAAAACAAAAAAAAAAIAAAAAAAAAA==', '--startup-read-main-dll', '--metrics-shmem-handle=1792,i,6300979858194438238,3366677526181110128,262144', '--field-trial-handle=2084,i,2157636088018029431,11675823757335468798,262144', '--variations-seed-version', '--trace-process-track-uuid=3190708988185955192', '--mojo-platform-channel-handle=2080', '/prefetch:2']","[popenfile(path='C:\\Program Files (x86)\\Microsoft\\Edge\\Application\\142.0.3595.53\\icudtl.dat', fd=-1)]",0.0,7140,35682,31438,122054418,3777568,13.9375,16.28125,127639,0,61.77734375,26.30859375,benign
C:\Windows\System32\audiodg.exe,audiodg.exe,198,6,32.0,0.1586524224417595,"['C:\\Windows\\system32\\AUDIODG.EXE', '0x550']",,0.0,7212,1,0,6450,0,1.515625,2.71875,8688,0,12.99609375,7.4921875,benign
C:\ProgramData\vboxuser\Discord\app-1.0.9213\Discord.exe,Discord.exe,285,9,32.0,1.0091858178944864,"['C:\\ProgramData\\vboxuser\\Discord\\app-1.0.9213\\Discord.exe', '--type=utility', '--utility-sub-type=audio.mojom.AudioService', '--lang=en-US', '--service-sandbox-type=audio', '--user-data-dir=C:\\Users\\vboxuser\\AppData\\Roaming\\discord', '--standard-schemes=disclip', '--secure-schemes=disclip,sentry-ipc', '--bypasscsp-schemes=sentry-ipc', '--cors-schemes=sentry-ipc', '--fetch-schemes=disclip,sentry-ipc', '--streaming-schemes=disclip', '--field-trial-handle=1836,i,13953007544934152780,2932849888120042497,262144', '--disable-features=AllowAggressiveThrottlingWithWebSocket,HardwareMediaKeyHandling,IntensiveWakeUpThrottling,MediaSessionService,SpareRendererForSitePerProcess,UseEcoQoSForBackgroundProcess,WinDelaySpellcheckServiceInit,WinRetrieveSuggestionsOnlyOnDemand', '--variations-seed-version', '--mojo-platform-channel-handle=4104', '/prefetch:8']","[popenfile(path='C:\\Windows\\System32\\en-US\\mswsock.dll.mui', fd=-1), popenfile(path='C:\\ProgramData\\vboxuser\\Discord\\app-1.0.9213\\locales\\en-US.pak', fd=-1), popenfile(path='C:\\ProgramData\\vboxuser\\Discord\\app-1.0.9213\\chrome_100_percent.pak', fd=-1), popenfile(path='C:\\Windows\\System32\\en-US\\MMDevAPI.dll.mui', fd=-1), popenfile(path='C:\\ProgramData\\vboxuser\\Discord\\app-1.0.9213\\chrome_200_percent.pak', fd=-1), popenfile(path='C:\\ProgramData\\vboxuser\\Discord\\app-1.0.9213\\v8_context_snapshot.bin', fd=-1), popenfile(path='C:\\ProgramData\\vboxuser\\Discord\\app-1.0.9213\\icudtl.dat', fd=-1), popenfile(path='C:\\ProgramData\\vboxuser\\Discord\\app-1.0.9213\\resources.pak', fd=-1)]",0.0,7248,1524,2794,77632,188908,0.5,0.65625,6012,0,82.66796875,11.46484375,benign
C:\Program Files (x86)\Microsoft\Edge\Application\msedge.exe,msedge.exe,481,18,64.0,1.894625607464246,"['C:\\Program Files (x86)\\Microsoft\\Edge\\Application\\msedge.exe', '--type=renderer', '--instant-process', '--pdf-upsell-enabled', '--dma-cps-flags=2048', '--video-capture-use-gpu-memory-buffer', '--lang=en-US', '--js-flags=--ms-user-locale=', '--device-scale-factor=1', '--num-raster-threads=2', '--enable-main-frame-before-activation', '--renderer-client-id=7', '--time-ticks-at-unix-epoch=-1762741979575261', '--launch-time-ticks=58612151', '--skip-read-main-dll', '--metrics-shmem-handle=4996,i,10966649841309095814,4450737150152405443,2097152', '--field-trial-handle=2084,i,2157636088018029431,11675823757335468798,262144', '--variations-seed-version', '--trace-process-track-uuid=3190708992871164437', '--mojo-platform-channel-handle=5000', '/prefetch:1']","[popenfile(path='C:\\Users\\vboxuser\\AppData\\Local\\Temp\\8fe452a8-22b1-4172-8eb3-8bf514a27aa3.tmp', fd=-1), popenfile(path='C:\\Program Files (x86)\\Microsoft\\Edge\\Application\\142.0.3595.53\\Locales\\en-US.pak', fd=-1), popenfile(path='C:\\Program Files (x86)\\Microsoft\\Edge\\Application\\142.0.3595.53\\msedge_100_percent.pak', fd=-1), popenfile(path='C:\\Program Files (x86)\\Microsoft\\Edge\\Application\\142.0.3595.53\\v8_context_snapshot.bin', fd=-1), popenfile(path='C:\\Windows\\Fonts\\segoeuil.ttf', fd=-1), popenfile(path='C:\\Windows\\Fonts\\seguisli.ttf', fd=-1), popenfile(path='C:\\Windows\\Fonts\\seguisbi.ttf', fd=-1), popenfile(path='C:\\Windows\\Fonts\\segoeui.ttf', fd=-1), popenfile(path='C:\\Windows\\Fonts\\seguibli.ttf', fd=-1), popenfile(path='C:\\Users\\vboxuser\\AppData\\Local\\Microsoft\\Edge\\User Data\\Subresource Filter\\Indexed Rules\\37\\10.34.0.81\\Ruleset Data', fd=-1), popenfile(path='C:\\Windows\\Fonts\\timesi.ttf', fd=-1), popenfile(path='C:\\Windows\\Fonts\\seguibl.ttf', fd=-1), popenfile(path='C:\\Windows\\Fonts\\arial.ttf', fd=-1), popenfile(path='C:\\Program Files (x86)\\Microsoft\\Edge\\Application\\142.0.3595.53\\msedge_200_percent.pak', fd=-1), popenfile(path='C:\\Program Files (x86)\\Microsoft\\Edge\\Application\\142.0.3595.53\\icudtl.dat', fd=-1), popenfile(path='C:\\Windows\\Fonts\\seguisb.ttf', fd=-1), popenfile(path='C:\\Program Files (x86)\\Microsoft\\Edge\\Application\\142.0.3595.53\\resources.pak', fd=-1), popenfile(path='C:\\Windows\\Fonts\\segoeuib.ttf', fd=-1), popenfile(path='C:\\Windows\\Fonts\\arialbd.ttf', fd=-1), popenfile(path='C:\\Windows\\Fonts\\timesbd.ttf', fd=-1), popenfile(path='C:\\Windows\\Fonts\\segoeuii.ttf', fd=-1), popenfile(path='C:\\Windows\\Fonts\\seguili.ttf', fd=-1), popenfile(path='C:\\Windows\\Fonts\\ariali.ttf', fd=-1), popenfile(path='C:\\Windows\\Fonts\\times.ttf', fd=-1), popenfile(path='C:\\Windows\\Fonts\\ariblk.ttf', fd=-1), popenfile(path='C:\\Windows\\Fonts\\segoeuisl.ttf', fd=-1), popenfile(path='C:\\Windows\\Fonts\\timesbi.ttf', fd=-1), popenfile(path='C:\\Windows\\Fonts\\arialbi.ttf', fd=-1), popenfile(path='C:\\Windows\\Fonts\\segoeuiz.ttf', fd=-1)]",0.0,7292,6884,8961,7657730,13337408,10.328125,5.359375,60773,0,155.19921875,93.51953125,benign
C:\Windows\System32\oobe\UserOOBEBroker.exe,UserOOBEBroker.exe,128,1,32.0,0.11411338951101005,"['C:\\Windows\\System32\\oobe\\UserOOBEBroker.exe', '-Embedding']",[],0.0,7324,1,0,5502,0,0.015625,0.046875,30,0,9.34765625,1.8515625,benign
C:\ProgramData\vboxuser\Discord\app-1.0.9213\Discord.exe,Discord.exe,946,43,32.0,4.741547240225136,"['C:\\ProgramData\\vboxuser\\Discord\\app-1.0.9213\\Discord.exe', '--type=renderer', '--user-data-dir=C:\\Users\\vboxuser\\AppData\\Roaming\\discord', '--standard-schemes=disclip', '--secure-schemes=disclip,sentry-ipc', '--bypasscsp-schemes=sentry-ipc', '--cors-schemes=sentry-ipc', '--fetch-schemes=disclip,sentry-ipc', '--streaming-schemes=disclip', '--app-user-model-id=com.squirrel.Discord.Discord', '--app-path=C:\\ProgramData\\vboxuser\\Discord\\app-1.0.9213\\resources\\app.asar', '--no-sandbox', '--no-zygote', '--enable-blink-features=EnumerateDevices,AudioOutputDevices', '--autoplay-policy=no-user-gesture-required', '--disable-background-timer-throttling', '--disable-gpu-compositing', '--video-capture-use-gpu-memory-buffer', '--lang=en-US', '--device-scale-factor=1', '--num-raster-threads=2', '--enable-main-frame-before-activation', '--renderer-client-id=6', '--time-ticks-at-unix-epoch=-1762741979575261', '--launch-time-ticks=66445991', '--field-trial-handle=1836,i,13953007544934152780,2932849888120042497,262144', '--disable-features=AllowAggressiveThrottlingWithWebSocket,HardwareMediaKeyHandling,IntensiveWakeUpThrottling,MediaSessionService,SpareRendererForSitePerProcess,UseEcoQoSForBackgroundProcess,WinDelaySpellcheckServiceInit,WinRetrieveSuggestionsOnlyOnDemand', '--variations-seed-version', '--mojo-platform-channel-handle=3732', '--enable-node-leakage-in-renderers', '/prefetch:1']","[popenfile(path='C:\\Users\\vboxuser\\AppData\\Roaming\\discord\\logs\\discord_media_rCURRENT.log', fd=-1), popenfile(path='C:\\ProgramData\\vboxuser\\Discord\\app-1.0.9213\\modules\\discord_dispatch-1\\discord_dispatch\\dispatch.log', fd=-1), popenfile(path='C:\\Windows\\Fonts\\segoeuil.ttf', fd=-1), popenfile(path='C:\\Windows\\Fonts\\seguisli.ttf', fd=-1), popenfile(path='C:\\Users\\vboxuser\\AppData\\Roaming\\discord\\logs\\discord-webrtc_0', fd=-1), popenfile(path='C:\\Windows\\Fonts\\seguisbi.ttf', fd=-1), popenfile(path='C:\\ProgramData\\vboxuser\\Discord\\app-1.0.9213\\resources\\app.asar', fd=-1), popenfile(path='C:\\Windows\\System32\\en-US\\propsys.dll.mui', fd=-1), popenfile(path='C:\\Windows\\Fonts\\segoeui.ttf', fd=-1), popenfile(path='C:\\Users\\vboxuser\\AppData\\Roaming\\discord\\logs\\discord_krisp.log', fd=-1), popenfile(path='C:\\Windows\\Fonts\\seguibli.ttf', fd=-1), popenfile(path='C:\\Windows\\System32\\en-US\\mswsock.dll.mui', fd=-1), popenfile(path='C:\\ProgramData\\vboxuser\\Discord\\app-1.0.9213\\modules\\discord_desktop_core-1\\discord_desktop_core\\core.asar', fd=-1), popenfile(path='C:\\Windows\\Fonts\\timesi.ttf', fd=-1), popenfile(path='C:\\ProgramData\\vboxuser\\Discord\\app-1.0.9213\\locales\\en-US.pak', fd=-1), popenfile(path='C:\\ProgramData\\vboxuser\\Discord\\app-1.0.9213\\resources.pak', fd=-1), popenfile(path='C:\\Windows\\Fonts\\seguibl.ttf', fd=-1), popenfile(path='C:\\Windows\\Fonts\\arial.ttf', fd=-1), popenfile(path='C:\\Windows\\Fonts\\seguisb.ttf', fd=-1), popenfile(path='C:\\Windows\\Fonts\\segoeuib.ttf', fd=-1), popenfile(path='C:\\ProgramData\\vboxuser\\Discord\\app-1.0.9213\\chrome_100_percent.pak', fd=-1), popenfile(path='C:\\Windows\\System32\\en-US\\MMDevAPI.dll.mui', fd=-1), popenfile(path='C:\\ProgramData\\vboxuser\\Discord\\app-1.0.9213\\chrome_200_percent.pak', fd=-1), popenfile(path='C:\\Windows\\Fonts\\arialbd.ttf', fd=-1), popenfile(path='C:\\Windows\\Fonts\\timesbd.ttf', fd=-1), popenfile(path='C:\\Windows\\System32\\en-US\\KernelBase.dll.mui', fd=-1), popenfile(path='C:\\Windows\\Fonts\\segoeuii.ttf', fd=-1), popenfile(path='C:\\Windows\\System32\\en-US\\crypt32.dll.mui', fd=-1), popenfile(path='C:\\Windows\\Fonts\\seguili.ttf', fd=-1), popenfile(path='C:\\Windows\\Fonts\\ariali.ttf', fd=-1), popenfile(path='C:\\Windows\\Fonts\\times.ttf', fd=-1), popenfile(path='C:\\Windows\\Fonts\\ariblk.ttf', fd=-1), popenfile(path='C:\\Windows\\Fonts\\segoeuisl.ttf', fd=-1), popenfile(path='C:\\ProgramData\\vboxuser\\Discord\\app-1.0.9213\\v8_context_snapshot.bin', fd=-1), popenfile(path='C:\\ProgramData\\vboxuser\\Discord\\app-1.0.9213\\icudtl.dat', fd=-1), popenfile(path='C:\\Windows\\Fonts\\timesbi.ttf', fd=-1), popenfile(path='C:\\Windows\\Fonts\\arialbi.ttf', fd=-1), popenfile(path='C:\\Windows\\Fonts\\segoeuiz.ttf', fd=-1), popenfile(path='C:\\Users\\vboxuser\\AppData\\Roaming\\discord\\logs\\discord_utils.log', fd=-1), popenfile(path='C:\\Users\\vboxuser\\AppData\\Local\\Temp\\e356837b-928f-4374-a37c-c1172527a375.tmp', fd=-1)]",0.0,7596,10741,12827,150198789,31832381,19.453125,10.484375,136224,0,388.40625,310.25390625,benign
C:\ProgramData\vboxuser\Discord\app-1.0.9213\Discord.exe,Discord.exe,1189,57,32.0,1.6598658011279726,['C:\\ProgramData\\vboxuser\\Discord\\app-1.0.9213\\Discord.exe'],"[popenfile(path='C:\\Users\\vboxuser\\AppData\\Roaming\\discord\\DawnGraphiteCache\\data_0', fd=-1), popenfile(path='C:\\Users\\vboxuser\\AppData\\Roaming\\discord\\logs\\Discord_updater_rCURRENT.log', fd=-1), popenfile(path='C:\\Users\\vboxuser\\AppData\\Roaming\\discord\\lockfile', fd=-1), popenfile(path='C:\\Users\\vboxuser\\AppData\\Roaming\\discord\\Local Storage\\leveldb\\000018.ldb', fd=-1), popenfile(path='C:\\Users\\vboxuser\\AppData\\Roaming\\discord\\DIPS-shm', fd=-1), popenfile(path='C:\\Users\\vboxuser\\AppData\\Roaming\\discord\\Local Storage\\leveldb\\000014.ldb', fd=-1), popenfile(path='C:\\Users\\vboxuser\\AppData\\Roaming\\discord\\DawnWebGPUCache\\data_1', fd=-1), popenfile(path='C:\\Users\\vboxuser\\AppData\\Roaming\\discord\\Local Storage\\leveldb\\LOG', fd=-1), popenfile(path='C:\\Users\\vboxuser\\AppData\\Roaming\\discord\\Session Storage\\000003.log', fd=-1), popenfile(path='C:\\ProgramData\\vboxuser\\Discord\\app-1.0.9213\\resources\\app.asar', fd=-1), popenfile(path='C:\\Users\\vboxuser\\AppData\\Roaming\\discord\\GPUCache\\data_3', fd=-1), popenfile(path='C:\\Users\\vboxuser\\AppData\\Roaming\\discord\\Local Storage\\leveldb\\000007.ldb', fd=-1), popenfile(path='C:\\Users\\vboxuser\\AppData\\Roaming\\discord\\DawnGraphiteCache\\data_2', fd=-1), popenfile(path='C:\\Windows\\System32\\en-US\\mswsock.dll.mui', fd=-1), popenfile(path='C:\\ProgramData\\vboxuser\\Discord\\app-1.0.9213\\modules\\discord_desktop_core-1\\discord_desktop_core\\core.asar', fd=-1), popenfile(path='C:\\Users\\vboxuser\\AppData\\Roaming\\discord\\GPUCache\\data_2', fd=-1), popenfile(path='C:\\ProgramData\\vboxuser\\Discord\\app-1.0.9213\\locales\\en-US.pak', fd=-1), popenfile(path='C:\\Users\\vboxuser\\AppData\\Roaming\\discord\\DIPS-wal', fd=-1), popenfile(path='C:\\Users\\vboxuser\\AppData\\Roaming\\discord\\SharedStorage-wal', fd=-1), popenfile(path='C:\\Users\\vboxuser\\AppData\\Roaming\\discord\\Local Storage\\leveldb\\000015.ldb', fd=-1), popenfile(path='C:\\Users\\vboxuser\\AppData\\Roaming\\discord\\DawnWebGPUCache\\index', fd=-1), popenfile(path='C:\\Users\\vboxuser\\AppData\\Roaming\\discord\\DawnGraphiteCache\\data_1', fd=-1), popenfile(path='C:\\Users\\vboxuser\\AppData\\Roaming\\discord\\GPUCache\\data_0', fd=-1), popenfile(path='C:\\ProgramData\\vboxuser\\Discord\\app-1.0.9213\\chrome_100_percent.pak', fd=-1), popenfile(path='C:\\ProgramData\\vboxuser\\Discord\\app-1.0.9213\\chrome_200_percent.pak', fd=-1), popenfile(path='C:\\Users\\vboxuser\\AppData\\Roaming\\discord\\Local Storage\\leveldb\\MANIFEST-000004', fd=-1), popenfile(path='C:\\Users\\vboxuser\\AppData\\Roaming\\discord\\DawnGraphiteCache\\index', fd=-1), popenfile(path='C:\\Users\\vboxuser\\AppData\\Roaming\\discord\\Session Storage\\LOCK', fd=-1), popenfile(path='C:\\Users\\vboxuser\\AppData\\Roaming\\discord\\Local Storage\\leveldb\\LOCK', fd=-1), popenfile(path='C:\\Windows\\System32\\en-US\\KernelBase.dll.mui', fd=-1), popenfile(path='C:\\Users\\vboxuser\\AppData\\Roaming\\discord\\DIPS', fd=-1), popenfile(path='C:\\Windows\\System32\\en-US\\kernel32.dll.mui', fd=-1), popenfile(path='C:\\Users\\vboxuser\\AppData\\Roaming\\discord\\Session Storage\\LOG', fd=-1), popenfile(path='C:\\Users\\vboxuser\\AppData\\Roaming\\discord\\module_data\\crashlogs\\11_5_2025__1_21_45_PM_EST-0-events.log', fd=-1), popenfile(path='C:\\Users\\vboxuser\\AppData\\Roaming\\discord\\WebStorage\\QuotaManager-journal', fd=-1), popenfile(path='C:\\Users\\vboxuser\\AppData\\Roaming\\discord\\GPUCache\\data_1', fd=-1), popenfile(path='C:\\Users\\vboxuser\\AppData\\Roaming\\discord\\Session Storage\\MANIFEST-000002', fd=-1), popenfile(path='C:\\ProgramData\\vboxuser\\Discord\\app-1.0.9213\\v8_context_snapshot.bin', fd=-1), popenfile(path='C:\\Users\\vboxuser\\AppData\\Roaming\\discord\\DawnGraphiteCache\\data_3', fd=-1), popenfile(path='C:\\ProgramData\\vboxuser\\Discord\\app-1.0.9213\\icudtl.dat', fd=-1), popenfile(path='C:\\Users\\vboxuser\\AppData\\Roaming\\discord\\DawnWebGPUCache\\data_2', fd=-1), popenfile(path='C:\\Users\\vboxuser\\AppData\\Roaming\\discord\\DawnWebGPUCache\\data_0', fd=-1), popenfile(path='C:\\Users\\vboxuser\\AppData\\Roaming\\discord\\WebStorage\\QuotaManager', fd=-1), popenfile(path='C:\\Windows\\System32\\en-US\\user32.dll.mui', fd=-1), popenfile(path='C:\\Users\\vboxuser\\AppData\\Roaming\\discord\\GPUCache\\index', fd=-1), popenfile(path='C:\\Users\\vboxuser\\AppData\\Roaming\\discord\\Local Storage\\leveldb\\000017.log', fd=-1), popenfile(path='C:\\Users\\vboxuser\\AppData\\Roaming\\discord\\SharedStorage', fd=-1), popenfile(path='C:\\Users\\vboxuser\\AppData\\Roaming\\discord\\DawnWebGPUCache\\data_3', fd=-1), popenfile(path='C:\\ProgramData\\vboxuser\\Discord\\app-1.0.9213\\resources.pak', fd=-1)]",0.0,7652,14737,12730,43130677,73512776,4.40625,6.359375,79671,0,135.96875,105.5390625,benign
C:\ProgramData\vboxuser\Discord\app-1.0.9213\Discord.exe,Discord.exe,189,7,32.0,0.39188626619368183,"['C:\\ProgramData\\vboxuser\\Discord\\app-1.0.9213\\Discord.exe', '--type=crashpad-handler', '--user-data-dir=C:\\Users\\vboxuser\\AppData\\Roaming\\discord', '/prefetch:4', '--no-rate-limit', '--monitor-self-annotation=ptype=crashpad-handler', '--database=C:\\Users\\vboxuser\\AppData\\Roaming\\discord\\Crashpad', '--url=https://f.a.k/e', '--annotation=_productName=discord', '--annotation=_version=1.0.9213', '--annotation=plat=Win64', '--annotation=prod=Electron', '--annotation=ver=35.3.0', '--initial-client-data=0x4fc,0x500,0x504,0x4f8,0x508,0x7ff75e978064,0x7ff75e978070,0x7ff75e978080']","[popenfile(path='C:\\Windows\\System32\\en-US\\mswsock.dll.mui', fd=-1)]",0.0,7760,10,9,5950,108,0.015625,0.09375,71,0,32.1015625,10.19140625,benign
C:\ProgramData\vboxuser\Discord\app-1.0.9213\Discord.exe,Discord.exe,316,17,32768.0,0.7990798445616362,"['C:\\ProgramData\\vboxuser\\Discord\\app-1.0.9213\\Discord.exe', '--type=gpu-process', '--user-data-dir=C:\\Users\\vboxuser\\AppData\\Roaming\\discord', '--gpu-preferences=UAAAAAAAAADgAAAEAAAAAAAAAAAAAAAAAABgAAEAAAAAAAAAAAAAAAAAAAACAAAAAAAAAAAAAAAAAAAAAAAAABAAAAAAAAAAEAAAAAAAAAAIAAAAAAAAAAgAAAAAAAAA', '--field-trial-handle=1836,i,13953007544934152780,2932849888120042497,262144', '--disable-features=AllowAggressiveThrottlingWithWebSocket,HardwareMediaKeyHandling,IntensiveWakeUpThrottling,MediaSessionService,SpareRendererForSitePerProcess,UseEcoQoSForBackgroundProcess,WinDelaySpellcheckServiceInit,WinRetrieveSuggestionsOnlyOnDemand', '--variations-seed-version', '--mojo-platform-channel-handle=1832', '/prefetch:2']","[popenfile(path='C:\\Windows\\System32\\en-US\\mswsock.dll.mui', fd=-1), popenfile(path='C:\\ProgramData\\vboxuser\\Discord\\app-1.0.9213\\icudtl.dat', fd=-1)]",0.0,7876,4929,4206,7384427,583576,1.8125,5.75,19251,0,65.45703125,19.2265625,benign
C:\ProgramData\vboxuser\Discord\app-1.0.9213\Discord.exe,Discord.exe,323,14,32.0,0.6390445185278085,"['C:\\ProgramData\\vboxuser\\Discord\\app-1.0.9213\\Discord.exe', '--type=utility', '--utility-sub-type=network.mojom.NetworkService', '--lang=en-US', '--service-sandbox-type=none', '--user-data-dir=C:\\Users\\vboxuser\\AppData\\Roaming\\discord', '--standard-schemes=disclip', '--secure-schemes=disclip,sentry-ipc', '--bypasscsp-schemes=sentry-ipc', '--cors-schemes=sentry-ipc', '--fetch-schemes=disclip,sentry-ipc', '--streaming-schemes=disclip', '--field-trial-handle=1836,i,13953007544934152780,2932849888120042497,262144', '--disable-features=AllowAggressiveThrottlingWithWebSocket,HardwareMediaKeyHandling,IntensiveWakeUpThrottling,MediaSessionService,SpareRendererForSitePerProcess,UseEcoQoSForBackgroundProcess,WinDelaySpellcheckServiceInit,WinRetrieveSuggestionsOnlyOnDemand', '--variations-seed-version', '--mojo-platform-channel-handle=2180', '/prefetch:3']","[popenfile(path='C:\\Users\\vboxuser\\AppData\\Roaming\\discord\\Cache\\Cache_Data\\data_1', fd=-1), popenfile(path='C:\\Windows\\System32\\en-US\\mswsock.dll.mui', fd=-1), popenfile(path='C:\\Users\\vboxuser\\AppData\\Roaming\\discord\\Network\\Cookies-journal', fd=-1), popenfile(path='C:\\Users\\vboxuser\\AppData\\Roaming\\discord\\Cache\\Cache_Data\\data_0', fd=-1), popenfile(path='C:\\Users\\vboxuser\\AppData\\Roaming\\discord\\Shared Dictionary\\db', fd=-1), popenfile(path='C:\\ProgramData\\vboxuser\\Discord\\app-1.0.9213\\locales\\en-US.pak', fd=-1), popenfile(path='C:\\ProgramData\\vboxuser\\Discord\\app-1.0.9213\\chrome_100_percent.pak', fd=-1), popenfile(path='C:\\Users\\vboxuser\\AppData\\Roaming\\discord\\Network\\Trust Tokens', fd=-1), popenfile(path='C:\\ProgramData\\vboxuser\\Discord\\app-1.0.9213\\chrome_200_percent.pak', fd=-1), popenfile(path='C:\\ProgramData\\vboxuser\\Discord\\app-1.0.9213\\v8_context_snapshot.bin', fd=-1), popenfile(path='C:\\Users\\vboxuser\\AppData\\Roaming\\discord\\Cache\\Cache_Data\\data_3', fd=-1), popenfile(path='C:\\ProgramData\\vboxuser\\Discord\\app-1.0.9213\\icudtl.dat', fd=-1), popenfile(path='C:\\Users\\vboxuser\\AppData\\Roaming\\discord\\Network\\Cookies', fd=-1), popenfile(path='C:\\Users\\vboxuser\\AppData\\Roaming\\discord\\Cache\\Cache_Data\\data_2', fd=-1), popenfile(path='C:\\Users\\vboxuser\\AppData\\Roaming\\discord\\Cache\\Cache_Data\\index', fd=-1), popenfile(path='C:\\ProgramData\\vboxuser\\Discord\\app-1.0.9213\\resources.pak', fd=-1)]",0.0,7912,6013,15332,3664176,12698082,1.640625,2.21875,17481,0,52.34765625,14.46484375,benign
C:\Users\vboxuser\AppData\Local\Programs\Microsoft VS Code\Code.exe,Code.exe,308,24,32.0,1.1921105826935814,"['C:\\Users\\vboxuser\\AppData\\Local\\Programs\\Microsoft VS Code\\Code.exe', '--type=utility', '--utility-sub-type=node.mojom.NodeService', '--lang=en-US', '--service-sandbox-type=none', '--user-data-dir=C:\\Users\\vboxuser\\AppData\\Roaming\\Code', '--standard-schemes=vscode-webview,vscode-file', '--enable-sandbox', '--secure-schemes=vscode-webview,vscode-file', '--cors-schemes=vscode-webview,vscode-file', '--fetch-schemes=vscode-webview,vscode-file', '--service-worker-schemes=vscode-webview', '--code-cache-schemes=vscode-webview,vscode-file', '--field-trial-handle=1760,i,12191434948784122964,7287403267338234464,262144', '--enable-features=DocumentPolicyIncludeJSCallStacksInCrashReports,EarlyEstablishGpuChannel,EnableTransparentHwndEnlargement,EstablishGpuChannelAsync', '--disable-features=CalculateNativeWinOcclusion,FontationsLinuxSystemFonts,ScreenAIOCREnabled,SpareRendererForSitePerProcess,WinDelaySpellcheckServiceInit', '--variations-seed-version', '--mojo-platform-channel-handle=3792', '/prefetch:8']","[popenfile(path='C:\\Users\\vboxuser\\AppData\\Local\\Programs\\Microsoft VS Code\\locales\\en-US.pak', fd=-1), popenfile(path='C:\\Windows\\System32\\en-US\\mswsock.dll.mui', fd=-1), popenfile(path='C:\\Users\\vboxuser\\AppData\\Local\\Programs\\Microsoft VS Code\\chrome_200_percent.pak', fd=-1), popenfile(path='C:\\Users\\vboxuser\\AppData\\Local\\Programs\\Microsoft VS Code\\v8_context_snapshot.bin', fd=-1), popenfile(path='C:\\Windows\\System32\\en-US\\KernelBase.dll.mui', fd=-1), popenfile(path='C:\\Users\\vboxuser\\AppData\\Local\\Programs\\Microsoft VS Code\\icudtl.dat', fd=-1), popenfile(path='C:\\Users\\vboxuser\\AppData\\Local\\Programs\\Microsoft VS Code\\resources.pak', fd=-1), popenfile(path='C:\\Users\\vboxuser\\AppData\\Local\\Programs\\Microsoft VS Code\\chrome_100_percent.pak', fd=-1)]",0.0,8272,124,55,1226167,142704,0.5625,0.265625,15736,0,97.65234375,79.1640625,benign
C:\Users\vboxuser\AppData\Local\Programs\Microsoft VS Code\Code.exe,Code.exe,341,22,32.0,2.2895637988266304,"['C:\\Users\\vboxuser\\AppData\\Local\\Programs\\Microsoft VS Code\\Code.exe', '--type=utility', '--utility-sub-type=node.mojom.NodeService', '--lang=en-US', '--service-sandbox-type=none', '--dns-result-order=ipv4first', '--experimental-network-inspection', '--inspect-port=0', '--user-data-dir=C:\\Users\\vboxuser\\AppData\\Roaming\\Code', '--standard-schemes=vscode-webview,vscode-file', '--enable-sandbox', '--secure-schemes=vscode-webview,vscode-file', '--cors-schemes=vscode-webview,vscode-file', '--fetch-schemes=vscode-webview,vscode-file', '--service-worker-schemes=vscode-webview', '--code-cache-schemes=vscode-webview,vscode-file', '--field-trial-handle=1760,i,12191434948784122964,7287403267338234464,262144', '--enable-features=DocumentPolicyIncludeJSCallStacksInCrashReports,EarlyEstablishGpuChannel,EnableTransparentHwndEnlargement,EstablishGpuChannelAsync', '--disable-features=CalculateNativeWinOcclusion,FontationsLinuxSystemFonts,ScreenAIOCREnabled,SpareRendererForSitePerProcess,WinDelaySpellcheckServiceInit', '--variations-seed-version', '--mojo-platform-channel-handle=4192', '/prefetch:8']","[popenfile(path='C:\\Users\\vboxuser\\AppData\\Roaming\\Code\\logs\\20251109T213518\\window2\\exthost\\ms-python.vscode-python-envs\\Python Environments.log', fd=-1), popenfile(path='C:\\Users\\vboxuser\\AppData\\Local\\Programs\\Microsoft VS Code\\locales\\en-US.pak', fd=-1), popenfile(path='C:\\Windows\\System32\\en-US\\mswsock.dll.mui', fd=-1), popenfile(path='C:\\Users\\vboxuser\\AppData\\Roaming\\Code\\logs\\20251109T213518\\window2\\exthost\\exthost.log', fd=-1), popenfile(path='C:\\Users\\vboxuser\\AppData\\Roaming\\Code\\logs\\20251109T213518\\window2\\exthost\\extHostTelemetry.log', fd=-1), popenfile(path='C:\\Users\\vboxuser\\AppData\\Local\\Programs\\Microsoft VS Code\\chrome_200_percent.pak', fd=-1), popenfile(path='C:\\Users\\vboxuser\\AppData\\Roaming\\Code\\logs\\20251109T213518\\window2\\exthost\\vscode.github\\GitHub.log', fd=-1), popenfile(path='C:\\Users\\vboxuser\\AppData\\Roaming\\Code\\logs\\20251109T213518\\window2\\exthost\\vscode.git\\Git.log', fd=-1), popenfile(path='C:\\Users\\vboxuser\\AppData\\Local\\Programs\\Microsoft VS Code\\v8_context_snapshot.bin', fd=-1), popenfile(path='C:\\Users\\vboxuser\\AppData\\Roaming\\Code\\logs\\20251109T213518\\window2\\exthost\\vscode.github-authentication\\GitHub Authentication.log', fd=-1), popenfile(path='C:\\Windows\\System32\\en-US\\KernelBase.dll.mui', fd=-1), popenfile(path='C:\\Users\\vboxuser\\AppData\\Local\\Programs\\Microsoft VS Code\\icudtl.dat', fd=-1), popenfile(path='C:\\Users\\vboxuser\\AppData\\Local\\Programs\\Microsoft VS Code\\resources.pak', fd=-1), popenfile(path='C:\\Users\\vboxuser\\AppData\\Local\\Programs\\Microsoft VS Code\\chrome_100_percent.pak', fd=-1), popenfile(path='C:\\Users\\vboxuser\\AppData\\Roaming\\Code\\logs\\20251109T213518\\window2\\exthost\\ms-python.debugpy\\Python Debugger.log', fd=-1), popenfile(path='C:\\Users\\vboxuser\\AppData\\Roaming\\Code\\logs\\20251109T213518\\window2\\exthost\\ms-python.python\\Python.log', fd=-1)]",0.0,8340,5245,3466,25113882,14742222,3.78125,1.953125,25045,0,187.55078125,161.64453125,benign
C:\Program Files (x86)\Microsoft\Edge\Application\msedge.exe,msedge.exe,232,14,64.0,0.5928841503511859,"['C:\\Program Files (x86)\\Microsoft\\Edge\\Application\\msedge.exe', '--type=renderer', '--pdf-upsell-enabled', '--dma-cps-flags=2048', '--disable-gpu-compositing', '--video-capture-use-gpu-memory-buffer', '--lang=en-US', '--js-flags=--ms-user-locale=', '--device-scale-factor=1', '--num-raster-threads=2', '--enable-main-frame-before-activation', '--renderer-client-id=27', '--time-ticks-at-unix-epoch=-1762741979575261', '--launch-time-ticks=472177583', '--ram-no-pressure-read-main-dll', '--metrics-shmem-handle=7276,i,14670443915251815439,10433502542359407983,2097152', '--field-trial-handle=2084,i,2157636088018029431,11675823757335468798,262144', '--variations-seed-version', '--trace-process-track-uuid=3190709011612001417', '--mojo-platform-channel-handle=7380', '/prefetch:1']","[popenfile(path='C:\\Program Files (x86)\\Microsoft\\Edge\\Application\\142.0.3595.53\\resources.pak', fd=-1), popenfile(path='C:\\Users\\vboxuser\\AppData\\Local\\Microsoft\\Edge\\User Data\\Subresource Filter\\Indexed Rules\\37\\10.34.0.81\\Ruleset Data', fd=-1), popenfile(path='C:\\Windows\\Fonts\\ariblk.ttf', fd=-1), popenfile(path='C:\\Windows\\Fonts\\timesi.ttf', fd=-1), popenfile(path='C:\\Program Files (x86)\\Microsoft\\Edge\\Application\\142.0.3595.53\\Locales\\en-US.pak', fd=-1), popenfile(path='C:\\Program Files (x86)\\Microsoft\\Edge\\Application\\142.0.3595.53\\msedge_100_percent.pak', fd=-1), popenfile(path='C:\\Program Files (x86)\\Microsoft\\Edge\\Application\\142.0.3595.53\\v8_context_snapshot.bin', fd=-1), popenfile(path='C:\\Windows\\Fonts\\arial.ttf', fd=-1), popenfile(path='C:\\Windows\\Fonts\\arialbd.ttf', fd=-1), popenfile(path='C:\\Windows\\Fonts\\timesbi.ttf', fd=-1), popenfile(path='C:\\Windows\\Fonts\\arialbi.ttf', fd=-1), popenfile(path='C:\\Users\\vboxuser\\AppData\\Local\\Temp\\109e4e7b-7aae-4eb5-87bf-fa8b886e5e0c.tmp', fd=-1), popenfile(path='C:\\Windows\\Fonts\\timesbd.ttf', fd=-1), popenfile(path='C:\\Program Files (x86)\\Microsoft\\Edge\\Application\\142.0.3595.53\\msedge_200_percent.pak', fd=-1), popenfile(path='C:\\Program Files (x86)\\Microsoft\\Edge\\Application\\142.0.3595.53\\icudtl.dat', fd=-1), popenfile(path='C:\\Windows\\Fonts\\ariali.ttf', fd=-1), popenfile(path='C:\\Windows\\Fonts\\times.ttf', fd=-1)]",0.0,8608,279,312,1327184,57664,0.125,0.1875,1455,0,48.56640625,25.3984375,benign
C:\Windows\System32\SearchProtocolHost.exe,SearchProtocolHost.exe,268,4,64.0,0.09441893490672792,"['C:\\Windows\\system32\\SearchProtocolHost.exe', 'Global\\UsGthrFltPipeMssGthrPipe_S-1-5-21-2696182530-2723310666-2558614599-10004_', 'Global\\UsGthrCtrlFltPipeMssGthrPipe_S-1-5-21-2696182530-2723310666-2558614599-10004', '1', '-2147483646', 'Software\\Microsoft\\Windows Search', 'Mozilla/4.0 (compatible; MSIE 6.0; Windows NT; MS Search 4.0 Robot)', 'C:\\ProgramData\\Microsoft\\Search\\Data\\Temp\\usgthrsvc', 'DownLevelDaemon', '1']",[],0.0,8724,0,0,0,0,0.0,0.046875,428,0,7.734375,1.69140625,benign
C:\Users\vboxuser\AppData\Local\Programs\Microsoft VS Code\Code.exe,Code.exe,384,30,32.0,1.5796573927880146,"['C:\\Users\\vboxuser\\AppData\\Local\\Programs\\Microsoft VS Code\\Code.exe', '--type=utility', '--utility-sub-type=node.mojom.NodeService', '--lang=en-US', '--service-sandbox-type=none', '--user-data-dir=C:\\Users\\vboxuser\\AppData\\Roaming\\Code', '--standard-schemes=vscode-webview,vscode-file', '--enable-sandbox', '--secure-schemes=vscode-webview,vscode-file', '--cors-schemes=vscode-webview,vscode-file', '--fetch-schemes=vscode-webview,vscode-file', '--service-worker-schemes=vscode-webview', '--code-cache-schemes=vscode-webview,vscode-file', '--field-trial-handle=1760,i,12191434948784122964,7287403267338234464,262144', '--enable-features=DocumentPolicyIncludeJSCallStacksInCrashReports,EarlyEstablishGpuChannel,EnableTransparentHwndEnlargement,EstablishGpuChannelAsync', '--disable-features=CalculateNativeWinOcclusion,FontationsLinuxSystemFonts,ScreenAIOCREnabled,SpareRendererForSitePerProcess,WinDelaySpellcheckServiceInit', '--variations-seed-version', '--mojo-platform-channel-handle=4576', '/prefetch:8']","[popenfile(path='C:\\Users\\vboxuser\\AppData\\Roaming\\Code\\logs\\20251109T213518\\ptyhost.log', fd=-1), popenfile(path='C:\\Users\\vboxuser\\AppData\\Local\\Programs\\Microsoft VS Code\\locales\\en-US.pak', fd=-1), popenfile(path='C:\\Windows\\System32\\en-US\\mswsock.dll.mui', fd=-1), popenfile(path='C:\\Users\\vboxuser\\AppData\\Local\\Programs\\Microsoft VS Code\\chrome_200_percent.pak', fd=-1), popenfile(path='C:\\Users\\vboxuser\\AppData\\Local\\Programs\\Microsoft VS Code\\v8_context_snapshot.bin', fd=-1), popenfile(path='C:\\Windows\\System32\\en-US\\KernelBase.dll.mui', fd=-1), popenfile(path='C:\\Users\\vboxuser\\AppData\\Local\\Programs\\Microsoft VS Code\\icudtl.dat', fd=-1), popenfile(path='C:\\Users\\vboxuser\\AppData\\Local\\Programs\\Microsoft VS Code\\resources.pak', fd=-1), popenfile(path='C:\\Users\\vboxuser\\AppData\\Local\\Programs\\Microsoft VS Code\\chrome_100_percent.pak', fd=-1)]",0.0,9096,2089,3011,2155538,10680667,2.09375,2.296875,46271,0,129.3984375,116.4609375,benign
C:\Program Files (x86)\Microsoft\Edge\Application\msedge.exe,msedge.exe,200,14,64.0,0.3482055872166299,"['C:\\Program Files (x86)\\Microsoft\\Edge\\Application\\msedge.exe', '--type=renderer', '--pdf-upsell-enabled', '--dma-cps-flags=2048', '--disable-gpu-compositing', '--video-capture-use-gpu-memory-buffer', '--lang=en-US', '--js-flags=--ms-user-locale=', '--device-scale-factor=1', '--num-raster-threads=2', '--enable-main-frame-before-activation', '--renderer-client-id=44', '--time-ticks-at-unix-epoch=-1762741979575261', '--launch-time-ticks=574044819', '--skip-read-main-dll', '--metrics-shmem-handle=6512,i,3272054378008989837,14284241568191579275,2097152', '--field-trial-handle=2084,i,2157636088018029431,11675823757335468798,262144', '--variations-seed-version', '--trace-process-track-uuid=3190709027541712850', '--mojo-platform-channel-handle=6420', '/prefetch:1']","[popenfile(path='C:\\Program Files (x86)\\Microsoft\\Edge\\Application\\142.0.3595.53\\resources.pak', fd=-1), popenfile(path='C:\\Users\\vboxuser\\AppData\\Local\\Microsoft\\Edge\\User Data\\Subresource Filter\\Indexed Rules\\37\\10.34.0.81\\Ruleset Data', fd=-1), popenfile(path='C:\\Program Files (x86)\\Microsoft\\Edge\\Application\\142.0.3595.53\\Locales\\en-US.pak', fd=-1), popenfile(path='C:\\Program Files (x86)\\Microsoft\\Edge\\Application\\142.0.3595.53\\msedge_100_percent.pak', fd=-1), popenfile(path='C:\\Program Files (x86)\\Microsoft\\Edge\\Application\\142.0.3595.53\\v8_context_snapshot.bin', fd=-1), popenfile(path='C:\\Users\\vboxuser\\AppData\\Local\\Temp\\cef6d86d-ab44-4c70-99dc-ad3ecadc2f99.tmp', fd=-1), popenfile(path='C:\\Program Files (x86)\\Microsoft\\Edge\\Application\\142.0.3595.53\\msedge_200_percent.pak', fd=-1), popenfile(path='C:\\Program Files (x86)\\Microsoft\\Edge\\Application\\142.0.3595.53\\icudtl.dat', fd=-1)]",0.0,9204,28,52,65120,8320,0.015625,0.046875,442,0,28.5234375,15.4453125,benign
C:\Windows\System32\svchost.exe,svchost.exe,212,8,,0.1256534815551657,,,0.0,9296,1,0,5957,0,0.015625,0.203125,127,0,10.29296875,2.52734375,benign
C:\Program Files (x86)\Microsoft\Edge\Application\msedge.exe,msedge.exe,284,13,32.0,0.255598732878819,"['C:\\Program Files (x86)\\Microsoft\\Edge\\Application\\msedge.exe', '--type=utility', '--utility-sub-type=audio.mojom.AudioService', '--lang=en-US', '--service-sandbox-type=audio', '--skip-read-main-dll', '--metrics-shmem-handle=7312,i,3370163342259137627,13564504949367138361,524288', '--field-trial-handle=2084,i,2157636088018029431,11675823757335468798,262144', '--variations-seed-version', '--trace-process-track-uuid=3190709023793545454', '--mojo-platform-channel-handle=7152', '/prefetch:8']","[popenfile(path='C:\\Program Files (x86)\\Microsoft\\Edge\\Application\\142.0.3595.53\\resources.pak', fd=-1), popenfile(path='C:\\Program Files (x86)\\Microsoft\\Edge\\Application\\142.0.3595.53\\Locales\\en-US.pak', fd=-1), popenfile(path='C:\\Program Files (x86)\\Microsoft\\Edge\\Application\\142.0.3595.53\\msedge_100_percent.pak', fd=-1), popenfile(path='C:\\Program Files (x86)\\Microsoft\\Edge\\Application\\142.0.3595.53\\v8_context_snapshot.bin', fd=-1), popenfile(path='C:\\Program Files (x86)\\Microsoft\\Edge\\Application\\142.0.3595.53\\msedge_200_percent.pak', fd=-1), popenfile(path='C:\\Program Files (x86)\\Microsoft\\Edge\\Application\\142.0.3595.53\\icudtl.dat', fd=-1)]",0.0,9344,2530,2702,24276,36840,0.71875,0.65625,5275,0,20.9375,8.75,benign
C:\Windows\System32\svchost.exe,svchost.exe,450,6,32.0,0.2553603012250142,"['C:\\Windows\\system32\\svchost.exe', '-k', 'UnistackSvcGroup']","[popenfile(path='C:\\Users\\vboxuser\\AppData\\Local\\Comms\\UnistoreDB\\tmp.edb', fd=-1), popenfile(path='C:\\Users\\vboxuser\\AppData\\Local\\Comms\\UnistoreDB\\store.jfm', fd=-1), popenfile(path='C:\\Users\\vboxuser\\AppData\\Local\\Comms\\UnistoreDB\\store.vol', fd=-1), popenfile(path='C:\\Windows\\System32\\en-US\\svchost.exe.mui', fd=-1), popenfile(path='C:\\Windows\\System32\\en-US\\ESENT.dll.mui', fd=-1), popenfile(path='C:\\Users\\vboxuser\\AppData\\Local\\Comms\\UnistoreDB\\USS.jtx', fd=-1)]",0.0,9348,123,40,13835323,450564,0.125,0.328125,3281,0,20.91796875,5.55859375,benign
C:\Users\vboxuser\AppData\Local\Python\pythoncore-3.14-64\python.exe,python.exe,143,7,32.0,0.8293606645948545,"['C:\\Users\\vboxuser\\AppData\\Local\\Python\\pythoncore-3.14-64\\python.exe', '.\\generate_data.py']","[popenfile(path='C:\\Windows\\System32\\en-US\\tzres.dll.mui', fd=-1), popenfile(path='C:\\Windows\\System32\\en-US\\KernelBase.dll.mui', fd=-1)]",0.0,9376,929,0,13620234,0,1.71875,9.9375,28809,0,67.9375,147.64453125,benign
C:\Windows\System32\svchost.exe,svchost.exe,149,9,,0.13967326279889197,,,0.0,9492,1,0,5624,0,0.015625,0.0625,262,0,11.44140625,1.9765625,benign
C:\Windows\System32\conhost.exe,conhost.exe,102,5,32.0,0.07243553642591904,"['\\\\?\\C:\\Windows\\system32\\conhost.exe', '--headless', '--width', '80', '--height', '30', '--signal', '0x5f0', '--server', '0x5ec']","[popenfile(path='C:\\Windows\\System32\\en-US\\Conhost.exe.mui', fd=-1)]",0.0,9588,2,2,0,113,0.0,0.03125,125,0,5.93359375,1.23046875,benign
C:\Windows\System32\conhost.exe,conhost.exe,107,5,32.0,0.07358000836418241,"['\\\\?\\C:\\Windows\\system32\\conhost.exe', '--headless', '--width', '89', '--height', '12', '--signal', '0x63c', '--server', '0x638']","[popenfile(path='C:\\Windows\\System32\\en-US\\Conhost.exe.mui', fd=-1)]",0.0,9604,36,46,62,1192,0.03125,0.0625,866,0,6.02734375,1.25390625,benign
C:\Windows\System32\svchost.exe,svchost.exe,217,4,,0.13614447432257992,,,0.0,9688,3,0,6752,0,0.046875,0.140625,88,0,11.15234375,2.609375,benign
C:\Windows\System32\WindowsPowerShell\v1.0\powershell.exe,powershell.exe,559,10,32.0,0.8435235048308638,"['C:\\Windows\\System32\\WindowsPowerShell\\v1.0\\powershell.exe', '-noexit', '-command', 'try { . ""c:\\Users\\vboxuser\\AppData\\Local\\Programs\\Microsoft VS Code\\resources\\app\\out\\vs\\workbench\\contrib\\terminal\\common\\scripts\\shellIntegration.ps1"" } catch {}']","[popenfile(path='C:\\Windows\\Microsoft.NET\\assembly\\GAC_MSIL\\Microsoft.PowerShell.Security\\v4.0_3.0.0.0__31bf3856ad364e35\\Microsoft.PowerShell.Security.dll', fd=-1), popenfile(path='C:\\Program Files\\WindowsPowerShell\\Modules\\PSReadline\\2.0.0\\Microsoft.PowerShell.PSReadline.dll', fd=-1), popenfile(path='C:\\Windows\\System32\\WindowsPowerShell\\v1.0\\en-US\\powershell.exe.mui', fd=-1), popenfile(path='C:\\Windows\\Microsoft.NET\\assembly\\GAC_MSIL\\Microsoft.CSharp\\v4.0_4.0.0.0__b03f5f7f11d50a3a\\Microsoft.CSharp.dll', fd=-1), popenfile(path='C:\\Windows\\Microsoft.NET\\assembly\\GAC_MSIL\\System.Numerics\\v4.0_4.0.0.0__b77a5c561934e089\\System.Numerics.dll', fd=-1), popenfile(path='C:\\Windows\\Microsoft.NET\\assembly\\GAC_MSIL\\Microsoft.PowerShell.Commands.Utility\\v4.0_3.0.0.0__31bf3856ad364e35\\Microsoft.PowerShell.Commands.Utility.dll', fd=-1), popenfile(path='C:\\Windows\\Microsoft.NET\\assembly\\GAC_MSIL\\System.Management.Automation\\v4.0_3.0.0.0__31bf3856ad364e35\\System.Management.Automation.dll', fd=-1), popenfile(path='C:\\Windows\\System32\\en-US\\KernelBase.dll.mui', fd=-1), popenfile(path='C:\\Windows\\System32\\en-US\\winnlsres.dll.mui', fd=-1), popenfile(path='C:\\Windows\\Microsoft.NET\\assembly\\GAC_MSIL\\Microsoft.PowerShell.ConsoleHost\\v4.0_3.0.0.0__31bf3856ad364e35\\Microsoft.PowerShell.ConsoleHost.dll', fd=-1), popenfile(path='C:\\Windows\\System32\\en-US\\crypt32.dll.mui', fd=-1), popenfile(path='C:\\Windows\\Microsoft.NET\\assembly\\GAC_MSIL\\Microsoft.Management.Infrastructure\\v4.0_1.0.0.0__31bf3856ad364e35\\Microsoft.Management.Infrastructure.dll', fd=-1)]",0.0,10056,138,2,471451,120,3.59375,2.5625,7137,0,69.09765625,55.87109375,benign
C:\Windows\System32\SgrmBroker.exe,SgrmBroker.exe,105,7,,0.08769516226943064,,,0.0,10188,3,0,83502,0,0.046875,0.109375,849,0,7.18359375,4.9453125,benign
